ISO-10303-21;
HEADER;
FILE_DESCRIPTION(('FreeCAD Model'),'2;1');
FILE_NAME('Open CASCADE Shape Model','2023-06-23T19:10:30',(''),(''),
  'Open CASCADE STEP processor 7.6','FreeCAD','Unknown');
FILE_SCHEMA((
'AP242_MANAGED_MODEL_BASED_3D_ENGINEERING_MIM_LF. {1 0 10303 442 1 1 4 
}'));
ENDSEC;
DATA;
#1 = APPLICATION_PROTOCOL_DEFINITION('international standard',
  'ap242_managed_model_based_3d_engineering',2013,#2);
#2 = APPLICATION_CONTEXT('Managed model based 3d engineering');
#3 = SHAPE_DEFINITION_REPRESENTATION(#4,#10);
#4 = PRODUCT_DEFINITION_SHAPE('','',#5);
#5 = PRODUCT_DEFINITION('design','',#6,#9);
#6 = PRODUCT_DEFINITION_FORMATION('','',#7);
#7 = PRODUCT('B2102USNG20C0001','B2102USNG20C0001','',(#8));
#8 = PRODUCT_CONTEXT('',#2,'mechanical');
#9 = PRODUCT_DEFINITION_CONTEXT('part definition',#2,'design');
#10 = SHAPE_REPRESENTATION('',(#11,#15,#19,#23,#27,#31,#35,#39,#43,#47,
    #51,#55,#59,#63,#67,#71,#75,#79),#83);
#11 = AXIS2_PLACEMENT_3D('',#12,#13,#14);
#12 = CARTESIAN_POINT('',(0.,0.,0.));
#13 = DIRECTION('',(0.,0.,1.));
#14 = DIRECTION('',(1.,0.,-0.));
#15 = AXIS2_PLACEMENT_3D('',#16,#17,#18);
#16 = CARTESIAN_POINT('',(0.,0.,0.));
#17 = DIRECTION('',(0.,0.,1.));
#18 = DIRECTION('',(1.,0.,0.));
#19 = AXIS2_PLACEMENT_3D('',#20,#21,#22);
#20 = CARTESIAN_POINT('',(0.,0.,0.));
#21 = DIRECTION('',(0.,0.,1.));
#22 = DIRECTION('',(1.,0.,0.));
#23 = AXIS2_PLACEMENT_3D('',#24,#25,#26);
#24 = CARTESIAN_POINT('',(0.,0.,0.));
#25 = DIRECTION('',(0.,0.,1.));
#26 = DIRECTION('',(-1.,0.,0.));
#27 = AXIS2_PLACEMENT_3D('',#28,#29,#30);
#28 = CARTESIAN_POINT('',(0.,0.,0.));
#29 = DIRECTION('',(0.,0.,1.));
#30 = DIRECTION('',(1.,0.,0.));
#31 = AXIS2_PLACEMENT_3D('',#32,#33,#34);
#32 = CARTESIAN_POINT('',(0.,0.,0.));
#33 = DIRECTION('',(0.,0.,1.));
#34 = DIRECTION('',(1.,0.,0.));
#35 = AXIS2_PLACEMENT_3D('',#36,#37,#38);
#36 = CARTESIAN_POINT('',(0.,0.,0.));
#37 = DIRECTION('',(0.,0.,1.));
#38 = DIRECTION('',(1.,0.,0.));
#39 = AXIS2_PLACEMENT_3D('',#40,#41,#42);
#40 = CARTESIAN_POINT('',(0.,0.,0.));
#41 = DIRECTION('',(0.,0.,1.));
#42 = DIRECTION('',(1.,0.,0.));
#43 = AXIS2_PLACEMENT_3D('',#44,#45,#46);
#44 = CARTESIAN_POINT('',(0.,0.,0.48));
#45 = DIRECTION('',(0.,0.,1.));
#46 = DIRECTION('',(1.,0.,0.));
#47 = AXIS2_PLACEMENT_3D('',#48,#49,#50);
#48 = CARTESIAN_POINT('',(0.,0.,0.));
#49 = DIRECTION('',(0.,0.,1.));
#50 = DIRECTION('',(1.,0.,0.));
#51 = AXIS2_PLACEMENT_3D('',#52,#53,#54);
#52 = CARTESIAN_POINT('',(0.4,0.6,0.));
#53 = DIRECTION('',(0.,0.,1.));
#54 = DIRECTION('',(1.,0.,0.));
#55 = AXIS2_PLACEMENT_3D('',#56,#57,#58);
#56 = CARTESIAN_POINT('',(0.,0.,0.48));
#57 = DIRECTION('',(0.,0.,1.));
#58 = DIRECTION('',(1.,0.,0.));
#59 = AXIS2_PLACEMENT_3D('',#60,#61,#62);
#60 = CARTESIAN_POINT('',(0.,0.,0.));
#61 = DIRECTION('',(0.,0.,-1.));
#62 = DIRECTION('',(-1.,0.,0.));
#63 = AXIS2_PLACEMENT_3D('',#64,#65,#66);
#64 = CARTESIAN_POINT('',(0.,0.,0.));
#65 = DIRECTION('',(0.,0.,1.));
#66 = DIRECTION('',(1.,0.,0.));
#67 = AXIS2_PLACEMENT_3D('',#68,#69,#70);
#68 = CARTESIAN_POINT('',(1.1,-1.1,0.));
#69 = DIRECTION('',(0.,-0.,1.));
#70 = DIRECTION('',(2.22044604925E-16,1.,0.));
#71 = AXIS2_PLACEMENT_3D('',#72,#73,#74);
#72 = CARTESIAN_POINT('',(-1.1,1.1,0.));
#73 = DIRECTION('',(-0.,0.,1.));
#74 = DIRECTION('',(2.22044604925E-16,-1.,0.));
#75 = AXIS2_PLACEMENT_3D('',#76,#77,#78);
#76 = CARTESIAN_POINT('',(0.,0.,0.));
#77 = DIRECTION('',(0.,0.,1.));
#78 = DIRECTION('',(-1.,0.,0.));
#79 = AXIS2_PLACEMENT_3D('',#80,#81,#82);
#80 = CARTESIAN_POINT('',(0.,0.,0.));
#81 = DIRECTION('',(0.,0.,1.));
#82 = DIRECTION('',(1.,0.,0.));
#83 = ( GEOMETRIC_REPRESENTATION_CONTEXT(3) 
GLOBAL_UNCERTAINTY_ASSIGNED_CONTEXT((#87)) GLOBAL_UNIT_ASSIGNED_CONTEXT(
(#84,#85,#86)) REPRESENTATION_CONTEXT('Context #1',
  '3D Context with UNIT and UNCERTAINTY') );
#84 = ( LENGTH_UNIT() NAMED_UNIT(*) SI_UNIT(.MILLI.,.METRE.) );
#85 = ( NAMED_UNIT(*) PLANE_ANGLE_UNIT() SI_UNIT($,.RADIAN.) );
#86 = ( NAMED_UNIT(*) SI_UNIT($,.STERADIAN.) SOLID_ANGLE_UNIT() );
#87 = UNCERTAINTY_MEASURE_WITH_UNIT(LENGTH_MEASURE(1.E-07),#84,
  'distance_accuracy_value','confusion accuracy');
#88 = PRODUCT_RELATED_PRODUCT_CATEGORY('part',$,(#7));
#89 = SHAPE_DEFINITION_REPRESENTATION(#90,#96);
#90 = PRODUCT_DEFINITION_SHAPE('','',#91);
#91 = PRODUCT_DEFINITION('design','',#92,#95);
#92 = PRODUCT_DEFINITION_FORMATION('','',#93);
#93 = PRODUCT('Body','Body','',(#94));
#94 = PRODUCT_CONTEXT('',#2,'mechanical');
#95 = PRODUCT_DEFINITION_CONTEXT('part definition',#2,'design');
#96 = ADVANCED_BREP_SHAPE_REPRESENTATION('',(#11,#97),#387);
#97 = MANIFOLD_SOLID_BREP('',#98);
#98 = CLOSED_SHELL('',(#99,#139,#172,#203,#236,#267,#300,#331,#355,#371)
  );
#99 = ADVANCED_FACE('',(#100),#134,.T.);
#100 = FACE_BOUND('',#101,.T.);
#101 = EDGE_LOOP('',(#102,#112,#120,#128));
#102 = ORIENTED_EDGE('',*,*,#103,.T.);
#103 = EDGE_CURVE('',#104,#106,#108,.T.);
#104 = VERTEX_POINT('',#105);
#105 = CARTESIAN_POINT('',(-0.27,1.6,5.E-02));
#106 = VERTEX_POINT('',#107);
#107 = CARTESIAN_POINT('',(-0.27,1.6,0.48));
#108 = LINE('',#109,#110);
#109 = CARTESIAN_POINT('',(-0.27,1.6,5.E-02));
#110 = VECTOR('',#111,1.);
#111 = DIRECTION('',(0.,0.,1.));
#112 = ORIENTED_EDGE('',*,*,#113,.T.);
#113 = EDGE_CURVE('',#106,#114,#116,.T.);
#114 = VERTEX_POINT('',#115);
#115 = CARTESIAN_POINT('',(0.27,1.6,0.48));
#116 = LINE('',#117,#118);
#117 = CARTESIAN_POINT('',(-0.27,1.6,0.48));
#118 = VECTOR('',#119,1.);
#119 = DIRECTION('',(1.,0.,0.));
#120 = ORIENTED_EDGE('',*,*,#121,.F.);
#121 = EDGE_CURVE('',#122,#114,#124,.T.);
#122 = VERTEX_POINT('',#123);
#123 = CARTESIAN_POINT('',(0.27,1.6,5.E-02));
#124 = LINE('',#125,#126);
#125 = CARTESIAN_POINT('',(0.27,1.6,5.E-02));
#126 = VECTOR('',#127,1.);
#127 = DIRECTION('',(0.,0.,1.));
#128 = ORIENTED_EDGE('',*,*,#129,.F.);
#129 = EDGE_CURVE('',#104,#122,#130,.T.);
#130 = LINE('',#131,#132);
#131 = CARTESIAN_POINT('',(-0.27,1.6,5.E-02));
#132 = VECTOR('',#133,1.);
#133 = DIRECTION('',(1.,0.,0.));
#134 = PLANE('',#135);
#135 = AXIS2_PLACEMENT_3D('',#136,#137,#138);
#136 = CARTESIAN_POINT('',(-0.27,1.6,5.E-02));
#137 = DIRECTION('',(0.,1.,0.));
#138 = DIRECTION('',(1.,0.,0.));
#139 = ADVANCED_FACE('',(#140),#167,.F.);
#140 = FACE_BOUND('',#141,.T.);
#141 = EDGE_LOOP('',(#142,#143,#152,#160));
#142 = ORIENTED_EDGE('',*,*,#121,.T.);
#143 = ORIENTED_EDGE('',*,*,#144,.T.);
#144 = EDGE_CURVE('',#114,#145,#147,.T.);
#145 = VERTEX_POINT('',#146);
#146 = CARTESIAN_POINT('',(0.5,1.37,0.48));
#147 = CIRCLE('',#148,0.23);
#148 = AXIS2_PLACEMENT_3D('',#149,#150,#151);
#149 = CARTESIAN_POINT('',(0.5,1.6,0.48));
#150 = DIRECTION('',(0.,0.,1.));
#151 = DIRECTION('',(1.,0.,0.));
#152 = ORIENTED_EDGE('',*,*,#153,.F.);
#153 = EDGE_CURVE('',#154,#145,#156,.T.);
#154 = VERTEX_POINT('',#155);
#155 = CARTESIAN_POINT('',(0.5,1.37,5.E-02));
#156 = LINE('',#157,#158);
#157 = CARTESIAN_POINT('',(0.5,1.37,5.E-02));
#158 = VECTOR('',#159,1.);
#159 = DIRECTION('',(0.,0.,1.));
#160 = ORIENTED_EDGE('',*,*,#161,.F.);
#161 = EDGE_CURVE('',#122,#154,#162,.T.);
#162 = CIRCLE('',#163,0.23);
#163 = AXIS2_PLACEMENT_3D('',#164,#165,#166);
#164 = CARTESIAN_POINT('',(0.5,1.6,5.E-02));
#165 = DIRECTION('',(0.,0.,1.));
#166 = DIRECTION('',(1.,0.,0.));
#167 = CYLINDRICAL_SURFACE('',#168,0.23);
#168 = AXIS2_PLACEMENT_3D('',#169,#170,#171);
#169 = CARTESIAN_POINT('',(0.5,1.6,5.E-02));
#170 = DIRECTION('',(-0.,-0.,-1.));
#171 = DIRECTION('',(1.,0.,0.));
#172 = ADVANCED_FACE('',(#173),#198,.T.);
#173 = FACE_BOUND('',#174,.T.);
#174 = EDGE_LOOP('',(#175,#176,#184,#192));
#175 = ORIENTED_EDGE('',*,*,#153,.T.);
#176 = ORIENTED_EDGE('',*,*,#177,.T.);
#177 = EDGE_CURVE('',#145,#178,#180,.T.);
#178 = VERTEX_POINT('',#179);
#179 = CARTESIAN_POINT('',(0.5,-1.37,0.48));
#180 = LINE('',#181,#182);
#181 = CARTESIAN_POINT('',(0.5,1.37,0.48));
#182 = VECTOR('',#183,1.);
#183 = DIRECTION('',(0.,-1.,0.));
#184 = ORIENTED_EDGE('',*,*,#185,.F.);
#185 = EDGE_CURVE('',#186,#178,#188,.T.);
#186 = VERTEX_POINT('',#187);
#187 = CARTESIAN_POINT('',(0.5,-1.37,5.E-02));
#188 = LINE('',#189,#190);
#189 = CARTESIAN_POINT('',(0.5,-1.37,5.E-02));
#190 = VECTOR('',#191,1.);
#191 = DIRECTION('',(0.,0.,1.));
#192 = ORIENTED_EDGE('',*,*,#193,.F.);
#193 = EDGE_CURVE('',#154,#186,#194,.T.);
#194 = LINE('',#195,#196);
#195 = CARTESIAN_POINT('',(0.5,1.37,5.E-02));
#196 = VECTOR('',#197,1.);
#197 = DIRECTION('',(0.,-1.,0.));
#198 = PLANE('',#199);
#199 = AXIS2_PLACEMENT_3D('',#200,#201,#202);
#200 = CARTESIAN_POINT('',(0.5,1.37,5.E-02));
#201 = DIRECTION('',(1.,0.,0.));
#202 = DIRECTION('',(0.,-1.,0.));
#203 = ADVANCED_FACE('',(#204),#231,.F.);
#204 = FACE_BOUND('',#205,.T.);
#205 = EDGE_LOOP('',(#206,#207,#216,#224));
#206 = ORIENTED_EDGE('',*,*,#185,.T.);
#207 = ORIENTED_EDGE('',*,*,#208,.T.);
#208 = EDGE_CURVE('',#178,#209,#211,.T.);
#209 = VERTEX_POINT('',#210);
#210 = CARTESIAN_POINT('',(0.27,-1.6,0.48));
#211 = CIRCLE('',#212,0.23);
#212 = AXIS2_PLACEMENT_3D('',#213,#214,#215);
#213 = CARTESIAN_POINT('',(0.5,-1.6,0.48));
#214 = DIRECTION('',(0.,0.,1.));
#215 = DIRECTION('',(1.,0.,0.));
#216 = ORIENTED_EDGE('',*,*,#217,.F.);
#217 = EDGE_CURVE('',#218,#209,#220,.T.);
#218 = VERTEX_POINT('',#219);
#219 = CARTESIAN_POINT('',(0.27,-1.6,5.E-02));
#220 = LINE('',#221,#222);
#221 = CARTESIAN_POINT('',(0.27,-1.6,5.E-02));
#222 = VECTOR('',#223,1.);
#223 = DIRECTION('',(0.,0.,1.));
#224 = ORIENTED_EDGE('',*,*,#225,.F.);
#225 = EDGE_CURVE('',#186,#218,#226,.T.);
#226 = CIRCLE('',#227,0.23);
#227 = AXIS2_PLACEMENT_3D('',#228,#229,#230);
#228 = CARTESIAN_POINT('',(0.5,-1.6,5.E-02));
#229 = DIRECTION('',(0.,0.,1.));
#230 = DIRECTION('',(1.,0.,0.));
#231 = CYLINDRICAL_SURFACE('',#232,0.23);
#232 = AXIS2_PLACEMENT_3D('',#233,#234,#235);
#233 = CARTESIAN_POINT('',(0.5,-1.6,5.E-02));
#234 = DIRECTION('',(-0.,-0.,-1.));
#235 = DIRECTION('',(1.,0.,0.));
#236 = ADVANCED_FACE('',(#237),#262,.T.);
#237 = FACE_BOUND('',#238,.T.);
#238 = EDGE_LOOP('',(#239,#240,#248,#256));
#239 = ORIENTED_EDGE('',*,*,#217,.T.);
#240 = ORIENTED_EDGE('',*,*,#241,.T.);
#241 = EDGE_CURVE('',#209,#242,#244,.T.);
#242 = VERTEX_POINT('',#243);
#243 = CARTESIAN_POINT('',(-0.27,-1.6,0.48));
#244 = LINE('',#245,#246);
#245 = CARTESIAN_POINT('',(0.27,-1.6,0.48));
#246 = VECTOR('',#247,1.);
#247 = DIRECTION('',(-1.,0.,0.));
#248 = ORIENTED_EDGE('',*,*,#249,.F.);
#249 = EDGE_CURVE('',#250,#242,#252,.T.);
#250 = VERTEX_POINT('',#251);
#251 = CARTESIAN_POINT('',(-0.27,-1.6,5.E-02));
#252 = LINE('',#253,#254);
#253 = CARTESIAN_POINT('',(-0.27,-1.6,5.E-02));
#254 = VECTOR('',#255,1.);
#255 = DIRECTION('',(0.,0.,1.));
#256 = ORIENTED_EDGE('',*,*,#257,.F.);
#257 = EDGE_CURVE('',#218,#250,#258,.T.);
#258 = LINE('',#259,#260);
#259 = CARTESIAN_POINT('',(0.27,-1.6,5.E-02));
#260 = VECTOR('',#261,1.);
#261 = DIRECTION('',(-1.,0.,0.));
#262 = PLANE('',#263);
#263 = AXIS2_PLACEMENT_3D('',#264,#265,#266);
#264 = CARTESIAN_POINT('',(0.27,-1.6,5.E-02));
#265 = DIRECTION('',(0.,-1.,0.));
#266 = DIRECTION('',(-1.,0.,0.));
#267 = ADVANCED_FACE('',(#268),#295,.F.);
#268 = FACE_BOUND('',#269,.T.);
#269 = EDGE_LOOP('',(#270,#271,#280,#288));
#270 = ORIENTED_EDGE('',*,*,#249,.T.);
#271 = ORIENTED_EDGE('',*,*,#272,.T.);
#272 = EDGE_CURVE('',#242,#273,#275,.T.);
#273 = VERTEX_POINT('',#274);
#274 = CARTESIAN_POINT('',(-0.5,-1.37,0.48));
#275 = CIRCLE('',#276,0.23);
#276 = AXIS2_PLACEMENT_3D('',#277,#278,#279);
#277 = CARTESIAN_POINT('',(-0.5,-1.6,0.48));
#278 = DIRECTION('',(0.,0.,1.));
#279 = DIRECTION('',(1.,0.,0.));
#280 = ORIENTED_EDGE('',*,*,#281,.F.);
#281 = EDGE_CURVE('',#282,#273,#284,.T.);
#282 = VERTEX_POINT('',#283);
#283 = CARTESIAN_POINT('',(-0.5,-1.37,5.E-02));
#284 = LINE('',#285,#286);
#285 = CARTESIAN_POINT('',(-0.5,-1.37,5.E-02));
#286 = VECTOR('',#287,1.);
#287 = DIRECTION('',(0.,0.,1.));
#288 = ORIENTED_EDGE('',*,*,#289,.F.);
#289 = EDGE_CURVE('',#250,#282,#290,.T.);
#290 = CIRCLE('',#291,0.23);
#291 = AXIS2_PLACEMENT_3D('',#292,#293,#294);
#292 = CARTESIAN_POINT('',(-0.5,-1.6,5.E-02));
#293 = DIRECTION('',(0.,0.,1.));
#294 = DIRECTION('',(1.,0.,0.));
#295 = CYLINDRICAL_SURFACE('',#296,0.23);
#296 = AXIS2_PLACEMENT_3D('',#297,#298,#299);
#297 = CARTESIAN_POINT('',(-0.5,-1.6,5.E-02));
#298 = DIRECTION('',(-0.,-0.,-1.));
#299 = DIRECTION('',(1.,0.,0.));
#300 = ADVANCED_FACE('',(#301),#326,.T.);
#301 = FACE_BOUND('',#302,.T.);
#302 = EDGE_LOOP('',(#303,#304,#312,#320));
#303 = ORIENTED_EDGE('',*,*,#281,.T.);
#304 = ORIENTED_EDGE('',*,*,#305,.T.);
#305 = EDGE_CURVE('',#273,#306,#308,.T.);
#306 = VERTEX_POINT('',#307);
#307 = CARTESIAN_POINT('',(-0.5,1.37,0.48));
#308 = LINE('',#309,#310);
#309 = CARTESIAN_POINT('',(-0.5,-1.37,0.48));
#310 = VECTOR('',#311,1.);
#311 = DIRECTION('',(0.,1.,0.));
#312 = ORIENTED_EDGE('',*,*,#313,.F.);
#313 = EDGE_CURVE('',#314,#306,#316,.T.);
#314 = VERTEX_POINT('',#315);
#315 = CARTESIAN_POINT('',(-0.5,1.37,5.E-02));
#316 = LINE('',#317,#318);
#317 = CARTESIAN_POINT('',(-0.5,1.37,5.E-02));
#318 = VECTOR('',#319,1.);
#319 = DIRECTION('',(0.,0.,1.));
#320 = ORIENTED_EDGE('',*,*,#321,.F.);
#321 = EDGE_CURVE('',#282,#314,#322,.T.);
#322 = LINE('',#323,#324);
#323 = CARTESIAN_POINT('',(-0.5,-1.37,5.E-02));
#324 = VECTOR('',#325,1.);
#325 = DIRECTION('',(0.,1.,0.));
#326 = PLANE('',#327);
#327 = AXIS2_PLACEMENT_3D('',#328,#329,#330);
#328 = CARTESIAN_POINT('',(-0.5,-1.37,5.E-02));
#329 = DIRECTION('',(-1.,0.,0.));
#330 = DIRECTION('',(0.,1.,0.));
#331 = ADVANCED_FACE('',(#332),#350,.F.);
#332 = FACE_BOUND('',#333,.T.);
#333 = EDGE_LOOP('',(#334,#335,#342,#343));
#334 = ORIENTED_EDGE('',*,*,#313,.T.);
#335 = ORIENTED_EDGE('',*,*,#336,.T.);
#336 = EDGE_CURVE('',#306,#106,#337,.T.);
#337 = CIRCLE('',#338,0.23);
#338 = AXIS2_PLACEMENT_3D('',#339,#340,#341);
#339 = CARTESIAN_POINT('',(-0.5,1.6,0.48));
#340 = DIRECTION('',(0.,0.,1.));
#341 = DIRECTION('',(1.,0.,0.));
#342 = ORIENTED_EDGE('',*,*,#103,.F.);
#343 = ORIENTED_EDGE('',*,*,#344,.F.);
#344 = EDGE_CURVE('',#314,#104,#345,.T.);
#345 = CIRCLE('',#346,0.23);
#346 = AXIS2_PLACEMENT_3D('',#347,#348,#349);
#347 = CARTESIAN_POINT('',(-0.5,1.6,5.E-02));
#348 = DIRECTION('',(0.,0.,1.));
#349 = DIRECTION('',(1.,0.,0.));
#350 = CYLINDRICAL_SURFACE('',#351,0.23);
#351 = AXIS2_PLACEMENT_3D('',#352,#353,#354);
#352 = CARTESIAN_POINT('',(-0.5,1.6,5.E-02));
#353 = DIRECTION('',(-0.,-0.,-1.));
#354 = DIRECTION('',(1.,0.,0.));
#355 = ADVANCED_FACE('',(#356),#366,.F.);
#356 = FACE_BOUND('',#357,.T.);
#357 = EDGE_LOOP('',(#358,#359,#360,#361,#362,#363,#364,#365));
#358 = ORIENTED_EDGE('',*,*,#129,.T.);
#359 = ORIENTED_EDGE('',*,*,#161,.T.);
#360 = ORIENTED_EDGE('',*,*,#193,.T.);
#361 = ORIENTED_EDGE('',*,*,#225,.T.);
#362 = ORIENTED_EDGE('',*,*,#257,.T.);
#363 = ORIENTED_EDGE('',*,*,#289,.T.);
#364 = ORIENTED_EDGE('',*,*,#321,.T.);
#365 = ORIENTED_EDGE('',*,*,#344,.T.);
#366 = PLANE('',#367);
#367 = AXIS2_PLACEMENT_3D('',#368,#369,#370);
#368 = CARTESIAN_POINT('',(-3.E-17,-3.E-17,5.E-02));
#369 = DIRECTION('',(0.,0.,1.));
#370 = DIRECTION('',(1.,0.,0.));
#371 = ADVANCED_FACE('',(#372),#382,.T.);
#372 = FACE_BOUND('',#373,.F.);
#373 = EDGE_LOOP('',(#374,#375,#376,#377,#378,#379,#380,#381));
#374 = ORIENTED_EDGE('',*,*,#113,.T.);
#375 = ORIENTED_EDGE('',*,*,#144,.T.);
#376 = ORIENTED_EDGE('',*,*,#177,.T.);
#377 = ORIENTED_EDGE('',*,*,#208,.T.);
#378 = ORIENTED_EDGE('',*,*,#241,.T.);
#379 = ORIENTED_EDGE('',*,*,#272,.T.);
#380 = ORIENTED_EDGE('',*,*,#305,.T.);
#381 = ORIENTED_EDGE('',*,*,#336,.T.);
#382 = PLANE('',#383);
#383 = AXIS2_PLACEMENT_3D('',#384,#385,#386);
#384 = CARTESIAN_POINT('',(-3.E-17,-3.E-17,0.48));
#385 = DIRECTION('',(0.,0.,1.));
#386 = DIRECTION('',(1.,0.,0.));
#387 = ( GEOMETRIC_REPRESENTATION_CONTEXT(3) 
GLOBAL_UNCERTAINTY_ASSIGNED_CONTEXT((#391)) GLOBAL_UNIT_ASSIGNED_CONTEXT
((#388,#389,#390)) REPRESENTATION_CONTEXT('Context #1',
  '3D Context with UNIT and UNCERTAINTY') );
#388 = ( LENGTH_UNIT() NAMED_UNIT(*) SI_UNIT(.MILLI.,.METRE.) );
#389 = ( NAMED_UNIT(*) PLANE_ANGLE_UNIT() SI_UNIT($,.RADIAN.) );
#390 = ( NAMED_UNIT(*) SI_UNIT($,.STERADIAN.) SOLID_ANGLE_UNIT() );
#391 = UNCERTAINTY_MEASURE_WITH_UNIT(LENGTH_MEASURE(1.E-07),#388,
  'distance_accuracy_value','confusion accuracy');
#392 = CONTEXT_DEPENDENT_SHAPE_REPRESENTATION(#393,#395);
#393 = ( REPRESENTATION_RELATIONSHIP('','',#96,#10) 
REPRESENTATION_RELATIONSHIP_WITH_TRANSFORMATION(#394) 
SHAPE_REPRESENTATION_RELATIONSHIP() );
#394 = ITEM_DEFINED_TRANSFORMATION('','',#11,#15);
#395 = PRODUCT_DEFINITION_SHAPE('Placement','Placement of an item',#396
  );
#396 = NEXT_ASSEMBLY_USAGE_OCCURRENCE('35','Body','',#5,#91,$);
#397 = PRODUCT_RELATED_PRODUCT_CATEGORY('part',$,(#93));
#398 = SHAPE_DEFINITION_REPRESENTATION(#399,#405);
#399 = PRODUCT_DEFINITION_SHAPE('','',#400);
#400 = PRODUCT_DEFINITION('design','',#401,#404);
#401 = PRODUCT_DEFINITION_FORMATION('','',#402);
#402 = PRODUCT('Body001','Body001','',(#403));
#403 = PRODUCT_CONTEXT('',#2,'mechanical');
#404 = PRODUCT_DEFINITION_CONTEXT('part definition',#2,'design');
#405 = ADVANCED_BREP_SHAPE_REPRESENTATION('',(#11,#406),#613);
#406 = MANIFOLD_SOLID_BREP('',#407);
#407 = CLOSED_SHELL('',(#408,#450,#499,#533,#567,#591,#602));
#408 = ADVANCED_FACE('',(#409),#445,.T.);
#409 = FACE_BOUND('',#410,.F.);
#410 = EDGE_LOOP('',(#411,#421,#430,#438));
#411 = ORIENTED_EDGE('',*,*,#412,.T.);
#412 = EDGE_CURVE('',#413,#415,#417,.T.);
#413 = VERTEX_POINT('',#414);
#414 = CARTESIAN_POINT('',(-0.3,1.E-15,1.5));
#415 = VERTEX_POINT('',#416);
#416 = CARTESIAN_POINT('',(0.3,1.E-15,1.5));
#417 = LINE('',#418,#419);
#418 = CARTESIAN_POINT('',(-0.45,7.6E-16,1.5));
#419 = VECTOR('',#420,1.);
#420 = DIRECTION('',(1.,-4.4E-16,3.9E-16));
#421 = ORIENTED_EDGE('',*,*,#422,.T.);
#422 = EDGE_CURVE('',#415,#423,#425,.T.);
#423 = VERTEX_POINT('',#424);
#424 = CARTESIAN_POINT('',(0.3,-1.,0.48));
#425 = CIRCLE('',#426,1.000196078431);
#426 = AXIS2_PLACEMENT_3D('',#427,#428,#429);
#427 = CARTESIAN_POINT('',(0.3,3.1E-16,0.499803921569));
#428 = DIRECTION('',(1.,-2.2E-16,5.6E-16));
#429 = DIRECTION('',(-5.6E-16,8.E-17,1.));
#430 = ORIENTED_EDGE('',*,*,#431,.F.);
#431 = EDGE_CURVE('',#432,#423,#434,.T.);
#432 = VERTEX_POINT('',#433);
#433 = CARTESIAN_POINT('',(-0.3,-1.,0.48));
#434 = LINE('',#435,#436);
#435 = CARTESIAN_POINT('',(-0.45,-1.,0.48));
#436 = VECTOR('',#437,1.);
#437 = DIRECTION('',(1.,-4.4E-16,3.9E-16));
#438 = ORIENTED_EDGE('',*,*,#439,.F.);
#439 = EDGE_CURVE('',#413,#432,#440,.T.);
#440 = CIRCLE('',#441,1.000196078431);
#441 = AXIS2_PLACEMENT_3D('',#442,#443,#444);
#442 = CARTESIAN_POINT('',(-0.3,4.7E-16,0.499803921569));
#443 = DIRECTION('',(1.,-2.2E-16,5.6E-16));
#444 = DIRECTION('',(-5.6E-16,2.6E-16,1.));
#445 = CYLINDRICAL_SURFACE('',#446,1.000196078431);
#446 = AXIS2_PLACEMENT_3D('',#447,#448,#449);
#447 = CARTESIAN_POINT('',(-0.45,3.7E-16,0.499803921569));
#448 = DIRECTION('',(-1.,2.2E-16,-5.6E-16));
#449 = DIRECTION('',(2.2E-16,1.,-5.6E-16));
#450 = ADVANCED_FACE('',(#451),#494,.F.);
#451 = FACE_BOUND('',#452,.F.);
#452 = EDGE_LOOP('',(#453,#454,#463,#471,#479,#487));
#453 = ORIENTED_EDGE('',*,*,#412,.F.);
#454 = ORIENTED_EDGE('',*,*,#455,.T.);
#455 = EDGE_CURVE('',#413,#456,#458,.T.);
#456 = VERTEX_POINT('',#457);
#457 = CARTESIAN_POINT('',(-0.45,1.E-15,1.35));
#458 = CIRCLE('',#459,0.15);
#459 = AXIS2_PLACEMENT_3D('',#460,#461,#462);
#460 = CARTESIAN_POINT('',(-0.3,7.5E-16,1.35));
#461 = DIRECTION('',(-4.4E-16,-1.,3.3E-16));
#462 = DIRECTION('',(-1.,4.4E-16,-1.1E-16));
#463 = ORIENTED_EDGE('',*,*,#464,.F.);
#464 = EDGE_CURVE('',#465,#456,#467,.T.);
#465 = VERTEX_POINT('',#466);
#466 = CARTESIAN_POINT('',(-0.45,0.,0.48));
#467 = LINE('',#468,#469);
#468 = CARTESIAN_POINT('',(-0.45,3.E-17,0.48));
#469 = VECTOR('',#470,1.);
#470 = DIRECTION('',(-3.3E-16,-1.1E-16,1.));
#471 = ORIENTED_EDGE('',*,*,#472,.T.);
#472 = EDGE_CURVE('',#465,#473,#475,.T.);
#473 = VERTEX_POINT('',#474);
#474 = CARTESIAN_POINT('',(0.45,0.,0.48));
#475 = LINE('',#476,#477);
#476 = CARTESIAN_POINT('',(-0.45,3.9E-16,0.48));
#477 = VECTOR('',#478,1.);
#478 = DIRECTION('',(1.,-4.4E-16,3.9E-16));
#479 = ORIENTED_EDGE('',*,*,#480,.T.);
#480 = EDGE_CURVE('',#473,#481,#483,.T.);
#481 = VERTEX_POINT('',#482);
#482 = CARTESIAN_POINT('',(0.45,0.,1.35));
#483 = LINE('',#484,#485);
#484 = CARTESIAN_POINT('',(0.45,-2.E-17,0.48));
#485 = VECTOR('',#486,1.);
#486 = DIRECTION('',(-3.3E-16,-1.1E-16,1.));
#487 = ORIENTED_EDGE('',*,*,#488,.F.);
#488 = EDGE_CURVE('',#415,#481,#489,.T.);
#489 = CIRCLE('',#490,0.15);
#490 = AXIS2_PLACEMENT_3D('',#491,#492,#493);
#491 = CARTESIAN_POINT('',(0.3,5.9E-16,1.35));
#492 = DIRECTION('',(4.4E-16,1.,-3.3E-16));
#493 = DIRECTION('',(-1.,4.4E-16,-1.1E-16));
#494 = PLANE('',#495);
#495 = AXIS2_PLACEMENT_3D('',#496,#497,#498);
#496 = CARTESIAN_POINT('',(-0.45,4.2E-16,0.48));
#497 = DIRECTION('',(-4.4E-16,-1.,3.3E-16));
#498 = DIRECTION('',(-5.6E-16,3.3E-16,1.));
#499 = ADVANCED_FACE('',(#500),#528,.T.);
#500 = FACE_BOUND('',#501,.F.);
#501 = EDGE_LOOP('',(#502,#503,#504,#521));
#502 = ORIENTED_EDGE('',*,*,#455,.F.);
#503 = ORIENTED_EDGE('',*,*,#439,.T.);
#504 = ORIENTED_EDGE('',*,*,#505,.T.);
#505 = EDGE_CURVE('',#432,#506,#508,.T.);
#506 = VERTEX_POINT('',#507);
#507 = CARTESIAN_POINT('',(-0.45,-0.84996539722,0.48));
#508 = B_SPLINE_CURVE_WITH_KNOTS('',6,(#509,#510,#511,#512,#513,#514,
    #515,#516,#517,#518,#519,#520),.UNSPECIFIED.,.F.,.F.,(7,5,7),(0.,
    0.502631839818,1.),.UNSPECIFIED.);
#509 = CARTESIAN_POINT('',(-0.3,-1.,0.48));
#510 = CARTESIAN_POINT('',(-0.319738306451,-1.,0.48));
#511 = CARTESIAN_POINT('',(-0.339477026933,-0.996882590632,0.48));
#512 = CARTESIAN_POINT('',(-0.358600119333,-0.990647462098,0.48));
#513 = CARTESIAN_POINT('',(-0.376492326013,-0.981457475506,0.48));
#514 = CARTESIAN_POINT('',(-0.392604785702,-0.969634827605,0.48));
#515 = CARTESIAN_POINT('',(-0.420257542757,-0.941746312807,0.48));
#516 = CARTESIAN_POINT('',(-0.431844515695,-0.925725611249,0.48));
#517 = CARTESIAN_POINT('',(-0.440844374783,-0.907978689209,0.48));
#518 = CARTESIAN_POINT('',(-0.446948225989,-0.889038772044,0.48));
#519 = CARTESIAN_POINT('',(-0.45,-0.869502022331,0.48));
#520 = CARTESIAN_POINT('',(-0.45,-0.84996539722,0.48));
#521 = ORIENTED_EDGE('',*,*,#522,.F.);
#522 = EDGE_CURVE('',#456,#506,#523,.T.);
#523 = CIRCLE('',#524,0.850196078431);
#524 = AXIS2_PLACEMENT_3D('',#525,#526,#527);
#525 = CARTESIAN_POINT('',(-0.45,5.E-16,0.499803921569));
#526 = DIRECTION('',(1.,-2.2E-16,5.6E-16));
#527 = DIRECTION('',(-5.6E-16,2.6E-16,1.));
#528 = TOROIDAL_SURFACE('',#529,0.850196078431,0.15);
#529 = AXIS2_PLACEMENT_3D('',#530,#531,#532);
#530 = CARTESIAN_POINT('',(-0.3,4.7E-16,0.499803921569));
#531 = DIRECTION('',(-1.,2.2E-16,-5.6E-16));
#532 = DIRECTION('',(-5.6E-16,2.6E-16,1.));
#533 = ADVANCED_FACE('',(#534),#562,.T.);
#534 = FACE_BOUND('',#535,.T.);
#535 = EDGE_LOOP('',(#536,#537,#538,#555));
#536 = ORIENTED_EDGE('',*,*,#488,.F.);
#537 = ORIENTED_EDGE('',*,*,#422,.T.);
#538 = ORIENTED_EDGE('',*,*,#539,.T.);
#539 = EDGE_CURVE('',#423,#540,#542,.T.);
#540 = VERTEX_POINT('',#541);
#541 = CARTESIAN_POINT('',(0.45,-0.84996539722,0.48));
#542 = B_SPLINE_CURVE_WITH_KNOTS('',6,(#543,#544,#545,#546,#547,#548,
    #549,#550,#551,#552,#553,#554),.UNSPECIFIED.,.F.,.F.,(7,5,7),(0.,
    0.502631839817,1.),.UNSPECIFIED.);
#543 = CARTESIAN_POINT('',(0.3,-1.,0.48));
#544 = CARTESIAN_POINT('',(0.319738306451,-1.,0.48));
#545 = CARTESIAN_POINT('',(0.339477026933,-0.996882590632,0.48));
#546 = CARTESIAN_POINT('',(0.358600119333,-0.990647462098,0.48));
#547 = CARTESIAN_POINT('',(0.376492326013,-0.981457475506,0.48));
#548 = CARTESIAN_POINT('',(0.392604785702,-0.969634827605,0.48));
#549 = CARTESIAN_POINT('',(0.420257542757,-0.941746312807,0.48));
#550 = CARTESIAN_POINT('',(0.431844515695,-0.925725611249,0.48));
#551 = CARTESIAN_POINT('',(0.440844374783,-0.907978689209,0.48));
#552 = CARTESIAN_POINT('',(0.446948225989,-0.889038772044,0.48));
#553 = CARTESIAN_POINT('',(0.45,-0.869502022331,0.48));
#554 = CARTESIAN_POINT('',(0.45,-0.84996539722,0.48));
#555 = ORIENTED_EDGE('',*,*,#556,.F.);
#556 = EDGE_CURVE('',#481,#540,#557,.T.);
#557 = CIRCLE('',#558,0.850196078431);
#558 = AXIS2_PLACEMENT_3D('',#559,#560,#561);
#559 = CARTESIAN_POINT('',(0.45,2.8E-16,0.499803921569));
#560 = DIRECTION('',(1.,-2.2E-16,5.6E-16));
#561 = DIRECTION('',(-5.6E-16,8.E-17,1.));
#562 = TOROIDAL_SURFACE('',#563,0.850196078431,0.15);
#563 = AXIS2_PLACEMENT_3D('',#564,#565,#566);
#564 = CARTESIAN_POINT('',(0.3,3.1E-16,0.499803921569));
#565 = DIRECTION('',(1.,-2.2E-16,5.6E-16));
#566 = DIRECTION('',(-5.6E-16,8.E-17,1.));
#567 = ADVANCED_FACE('',(#568),#586,.F.);
#568 = FACE_BOUND('',#569,.F.);
#569 = EDGE_LOOP('',(#570,#571,#572,#578,#579,#585));
#570 = ORIENTED_EDGE('',*,*,#431,.T.);
#571 = ORIENTED_EDGE('',*,*,#539,.T.);
#572 = ORIENTED_EDGE('',*,*,#573,.T.);
#573 = EDGE_CURVE('',#540,#473,#574,.T.);
#574 = LINE('',#575,#576);
#575 = CARTESIAN_POINT('',(0.45,-1.,0.48));
#576 = VECTOR('',#577,1.);
#577 = DIRECTION('',(-2.2E-16,1.,-3.3E-16));
#578 = ORIENTED_EDGE('',*,*,#472,.F.);
#579 = ORIENTED_EDGE('',*,*,#580,.F.);
#580 = EDGE_CURVE('',#506,#465,#581,.T.);
#581 = LINE('',#582,#583);
#582 = CARTESIAN_POINT('',(-0.45,-1.,0.48));
#583 = VECTOR('',#584,1.);
#584 = DIRECTION('',(-2.2E-16,1.,-3.3E-16));
#585 = ORIENTED_EDGE('',*,*,#505,.F.);
#586 = PLANE('',#587);
#587 = AXIS2_PLACEMENT_3D('',#588,#589,#590);
#588 = CARTESIAN_POINT('',(-0.45,-1.,0.48));
#589 = DIRECTION('',(-3.9E-16,5.6E-16,1.));
#590 = DIRECTION('',(2.2E-16,1.,-5.6E-16));
#591 = ADVANCED_FACE('',(#592),#597,.F.);
#592 = FACE_BOUND('',#593,.F.);
#593 = EDGE_LOOP('',(#594,#595,#596));
#594 = ORIENTED_EDGE('',*,*,#580,.T.);
#595 = ORIENTED_EDGE('',*,*,#464,.T.);
#596 = ORIENTED_EDGE('',*,*,#522,.T.);
#597 = PLANE('',#598);
#598 = AXIS2_PLACEMENT_3D('',#599,#600,#601);
#599 = CARTESIAN_POINT('',(-0.45,-0.413257231859,0.902174370071));
#600 = DIRECTION('',(1.,-4.4E-16,1.1E-16));
#601 = DIRECTION('',(-1.1E-16,-1.1E-16,1.));
#602 = ADVANCED_FACE('',(#603),#608,.T.);
#603 = FACE_BOUND('',#604,.T.);
#604 = EDGE_LOOP('',(#605,#606,#607));
#605 = ORIENTED_EDGE('',*,*,#573,.T.);
#606 = ORIENTED_EDGE('',*,*,#480,.T.);
#607 = ORIENTED_EDGE('',*,*,#556,.T.);
#608 = PLANE('',#609);
#609 = AXIS2_PLACEMENT_3D('',#610,#611,#612);
#610 = CARTESIAN_POINT('',(0.45,-0.413257231859,0.902174370071));
#611 = DIRECTION('',(1.,-4.4E-16,1.1E-16));
#612 = DIRECTION('',(-1.1E-16,-1.1E-16,1.));
#613 = ( GEOMETRIC_REPRESENTATION_CONTEXT(3) 
GLOBAL_UNCERTAINTY_ASSIGNED_CONTEXT((#617)) GLOBAL_UNIT_ASSIGNED_CONTEXT
((#614,#615,#616)) REPRESENTATION_CONTEXT('Context #1',
  '3D Context with UNIT and UNCERTAINTY') );
#614 = ( LENGTH_UNIT() NAMED_UNIT(*) SI_UNIT(.MILLI.,.METRE.) );
#615 = ( NAMED_UNIT(*) PLANE_ANGLE_UNIT() SI_UNIT($,.RADIAN.) );
#616 = ( NAMED_UNIT(*) SI_UNIT($,.STERADIAN.) SOLID_ANGLE_UNIT() );
#617 = UNCERTAINTY_MEASURE_WITH_UNIT(LENGTH_MEASURE(1.E-07),#614,
  'distance_accuracy_value','confusion accuracy');
#618 = CONTEXT_DEPENDENT_SHAPE_REPRESENTATION(#619,#621);
#619 = ( REPRESENTATION_RELATIONSHIP('','',#405,#10) 
REPRESENTATION_RELATIONSHIP_WITH_TRANSFORMATION(#620) 
SHAPE_REPRESENTATION_RELATIONSHIP() );
#620 = ITEM_DEFINED_TRANSFORMATION('','',#11,#19);
#621 = PRODUCT_DEFINITION_SHAPE('Placement','Placement of an item',#622
  );
#622 = NEXT_ASSEMBLY_USAGE_OCCURRENCE('36','Body001','',#5,#400,$);
#623 = PRODUCT_RELATED_PRODUCT_CATEGORY('part',$,(#402));
#624 = SHAPE_DEFINITION_REPRESENTATION(#625,#631);
#625 = PRODUCT_DEFINITION_SHAPE('','',#626);
#626 = PRODUCT_DEFINITION('design','',#627,#630);
#627 = PRODUCT_DEFINITION_FORMATION('','',#628);
#628 = PRODUCT('Body002','Body002','',(#629));
#629 = PRODUCT_CONTEXT('',#2,'mechanical');
#630 = PRODUCT_DEFINITION_CONTEXT('part definition',#2,'design');
#631 = ADVANCED_BREP_SHAPE_REPRESENTATION('',(#11,#632),#839);
#632 = MANIFOLD_SOLID_BREP('',#633);
#633 = CLOSED_SHELL('',(#634,#676,#725,#759,#793,#817,#828));
#634 = ADVANCED_FACE('',(#635),#671,.T.);
#635 = FACE_BOUND('',#636,.F.);
#636 = EDGE_LOOP('',(#637,#647,#656,#664));
#637 = ORIENTED_EDGE('',*,*,#638,.T.);
#638 = EDGE_CURVE('',#639,#641,#643,.T.);
#639 = VERTEX_POINT('',#640);
#640 = CARTESIAN_POINT('',(-0.3,1.E-15,1.5));
#641 = VERTEX_POINT('',#642);
#642 = CARTESIAN_POINT('',(0.3,1.E-15,1.5));
#643 = LINE('',#644,#645);
#644 = CARTESIAN_POINT('',(-0.45,7.6E-16,1.5));
#645 = VECTOR('',#646,1.);
#646 = DIRECTION('',(1.,-4.4E-16,3.9E-16));
#647 = ORIENTED_EDGE('',*,*,#648,.T.);
#648 = EDGE_CURVE('',#641,#649,#651,.T.);
#649 = VERTEX_POINT('',#650);
#650 = CARTESIAN_POINT('',(0.3,-1.,0.48));
#651 = CIRCLE('',#652,1.000196078431);
#652 = AXIS2_PLACEMENT_3D('',#653,#654,#655);
#653 = CARTESIAN_POINT('',(0.3,3.1E-16,0.499803921569));
#654 = DIRECTION('',(1.,-2.2E-16,5.6E-16));
#655 = DIRECTION('',(-5.6E-16,8.E-17,1.));
#656 = ORIENTED_EDGE('',*,*,#657,.F.);
#657 = EDGE_CURVE('',#658,#649,#660,.T.);
#658 = VERTEX_POINT('',#659);
#659 = CARTESIAN_POINT('',(-0.3,-1.,0.48));
#660 = LINE('',#661,#662);
#661 = CARTESIAN_POINT('',(-0.45,-1.,0.48));
#662 = VECTOR('',#663,1.);
#663 = DIRECTION('',(1.,-4.4E-16,3.9E-16));
#664 = ORIENTED_EDGE('',*,*,#665,.F.);
#665 = EDGE_CURVE('',#639,#658,#666,.T.);
#666 = CIRCLE('',#667,1.000196078431);
#667 = AXIS2_PLACEMENT_3D('',#668,#669,#670);
#668 = CARTESIAN_POINT('',(-0.3,4.7E-16,0.499803921569));
#669 = DIRECTION('',(1.,-2.2E-16,5.6E-16));
#670 = DIRECTION('',(-5.6E-16,2.6E-16,1.));
#671 = CYLINDRICAL_SURFACE('',#672,1.000196078431);
#672 = AXIS2_PLACEMENT_3D('',#673,#674,#675);
#673 = CARTESIAN_POINT('',(-0.45,3.7E-16,0.499803921569));
#674 = DIRECTION('',(-1.,2.2E-16,-5.6E-16));
#675 = DIRECTION('',(2.2E-16,1.,-5.6E-16));
#676 = ADVANCED_FACE('',(#677),#720,.F.);
#677 = FACE_BOUND('',#678,.F.);
#678 = EDGE_LOOP('',(#679,#680,#689,#697,#705,#713));
#679 = ORIENTED_EDGE('',*,*,#638,.F.);
#680 = ORIENTED_EDGE('',*,*,#681,.T.);
#681 = EDGE_CURVE('',#639,#682,#684,.T.);
#682 = VERTEX_POINT('',#683);
#683 = CARTESIAN_POINT('',(-0.45,1.E-15,1.35));
#684 = CIRCLE('',#685,0.15);
#685 = AXIS2_PLACEMENT_3D('',#686,#687,#688);
#686 = CARTESIAN_POINT('',(-0.3,7.5E-16,1.35));
#687 = DIRECTION('',(-4.4E-16,-1.,3.3E-16));
#688 = DIRECTION('',(-1.,4.4E-16,-1.1E-16));
#689 = ORIENTED_EDGE('',*,*,#690,.F.);
#690 = EDGE_CURVE('',#691,#682,#693,.T.);
#691 = VERTEX_POINT('',#692);
#692 = CARTESIAN_POINT('',(-0.45,0.,0.48));
#693 = LINE('',#694,#695);
#694 = CARTESIAN_POINT('',(-0.45,3.E-17,0.48));
#695 = VECTOR('',#696,1.);
#696 = DIRECTION('',(-3.3E-16,-1.1E-16,1.));
#697 = ORIENTED_EDGE('',*,*,#698,.T.);
#698 = EDGE_CURVE('',#691,#699,#701,.T.);
#699 = VERTEX_POINT('',#700);
#700 = CARTESIAN_POINT('',(0.45,0.,0.48));
#701 = LINE('',#702,#703);
#702 = CARTESIAN_POINT('',(-0.45,3.9E-16,0.48));
#703 = VECTOR('',#704,1.);
#704 = DIRECTION('',(1.,-4.4E-16,3.9E-16));
#705 = ORIENTED_EDGE('',*,*,#706,.T.);
#706 = EDGE_CURVE('',#699,#707,#709,.T.);
#707 = VERTEX_POINT('',#708);
#708 = CARTESIAN_POINT('',(0.45,0.,1.35));
#709 = LINE('',#710,#711);
#710 = CARTESIAN_POINT('',(0.45,-2.E-17,0.48));
#711 = VECTOR('',#712,1.);
#712 = DIRECTION('',(-3.3E-16,-1.1E-16,1.));
#713 = ORIENTED_EDGE('',*,*,#714,.F.);
#714 = EDGE_CURVE('',#641,#707,#715,.T.);
#715 = CIRCLE('',#716,0.15);
#716 = AXIS2_PLACEMENT_3D('',#717,#718,#719);
#717 = CARTESIAN_POINT('',(0.3,5.9E-16,1.35));
#718 = DIRECTION('',(4.4E-16,1.,-3.3E-16));
#719 = DIRECTION('',(-1.,4.4E-16,-1.1E-16));
#720 = PLANE('',#721);
#721 = AXIS2_PLACEMENT_3D('',#722,#723,#724);
#722 = CARTESIAN_POINT('',(-0.45,4.2E-16,0.48));
#723 = DIRECTION('',(-4.4E-16,-1.,3.3E-16));
#724 = DIRECTION('',(-5.6E-16,3.3E-16,1.));
#725 = ADVANCED_FACE('',(#726),#754,.T.);
#726 = FACE_BOUND('',#727,.F.);
#727 = EDGE_LOOP('',(#728,#729,#730,#747));
#728 = ORIENTED_EDGE('',*,*,#681,.F.);
#729 = ORIENTED_EDGE('',*,*,#665,.T.);
#730 = ORIENTED_EDGE('',*,*,#731,.T.);
#731 = EDGE_CURVE('',#658,#732,#734,.T.);
#732 = VERTEX_POINT('',#733);
#733 = CARTESIAN_POINT('',(-0.45,-0.84996539722,0.48));
#734 = B_SPLINE_CURVE_WITH_KNOTS('',6,(#735,#736,#737,#738,#739,#740,
    #741,#742,#743,#744,#745,#746),.UNSPECIFIED.,.F.,.F.,(7,5,7),(0.,
    0.502631839818,1.),.UNSPECIFIED.);
#735 = CARTESIAN_POINT('',(-0.3,-1.,0.48));
#736 = CARTESIAN_POINT('',(-0.319738306451,-1.,0.48));
#737 = CARTESIAN_POINT('',(-0.339477026933,-0.996882590632,0.48));
#738 = CARTESIAN_POINT('',(-0.358600119333,-0.990647462098,0.48));
#739 = CARTESIAN_POINT('',(-0.376492326013,-0.981457475506,0.48));
#740 = CARTESIAN_POINT('',(-0.392604785702,-0.969634827605,0.48));
#741 = CARTESIAN_POINT('',(-0.420257542757,-0.941746312807,0.48));
#742 = CARTESIAN_POINT('',(-0.431844515695,-0.925725611249,0.48));
#743 = CARTESIAN_POINT('',(-0.440844374783,-0.907978689209,0.48));
#744 = CARTESIAN_POINT('',(-0.446948225989,-0.889038772044,0.48));
#745 = CARTESIAN_POINT('',(-0.45,-0.869502022331,0.48));
#746 = CARTESIAN_POINT('',(-0.45,-0.84996539722,0.48));
#747 = ORIENTED_EDGE('',*,*,#748,.F.);
#748 = EDGE_CURVE('',#682,#732,#749,.T.);
#749 = CIRCLE('',#750,0.850196078431);
#750 = AXIS2_PLACEMENT_3D('',#751,#752,#753);
#751 = CARTESIAN_POINT('',(-0.45,5.E-16,0.499803921569));
#752 = DIRECTION('',(1.,-2.2E-16,5.6E-16));
#753 = DIRECTION('',(-5.6E-16,2.6E-16,1.));
#754 = TOROIDAL_SURFACE('',#755,0.850196078431,0.15);
#755 = AXIS2_PLACEMENT_3D('',#756,#757,#758);
#756 = CARTESIAN_POINT('',(-0.3,4.7E-16,0.499803921569));
#757 = DIRECTION('',(-1.,2.2E-16,-5.6E-16));
#758 = DIRECTION('',(-5.6E-16,2.6E-16,1.));
#759 = ADVANCED_FACE('',(#760),#788,.T.);
#760 = FACE_BOUND('',#761,.T.);
#761 = EDGE_LOOP('',(#762,#763,#764,#781));
#762 = ORIENTED_EDGE('',*,*,#714,.F.);
#763 = ORIENTED_EDGE('',*,*,#648,.T.);
#764 = ORIENTED_EDGE('',*,*,#765,.T.);
#765 = EDGE_CURVE('',#649,#766,#768,.T.);
#766 = VERTEX_POINT('',#767);
#767 = CARTESIAN_POINT('',(0.45,-0.84996539722,0.48));
#768 = B_SPLINE_CURVE_WITH_KNOTS('',6,(#769,#770,#771,#772,#773,#774,
    #775,#776,#777,#778,#779,#780),.UNSPECIFIED.,.F.,.F.,(7,5,7),(0.,
    0.502631839817,1.),.UNSPECIFIED.);
#769 = CARTESIAN_POINT('',(0.3,-1.,0.48));
#770 = CARTESIAN_POINT('',(0.319738306451,-1.,0.48));
#771 = CARTESIAN_POINT('',(0.339477026933,-0.996882590632,0.48));
#772 = CARTESIAN_POINT('',(0.358600119333,-0.990647462098,0.48));
#773 = CARTESIAN_POINT('',(0.376492326013,-0.981457475506,0.48));
#774 = CARTESIAN_POINT('',(0.392604785702,-0.969634827605,0.48));
#775 = CARTESIAN_POINT('',(0.420257542757,-0.941746312807,0.48));
#776 = CARTESIAN_POINT('',(0.431844515695,-0.925725611249,0.48));
#777 = CARTESIAN_POINT('',(0.440844374783,-0.907978689209,0.48));
#778 = CARTESIAN_POINT('',(0.446948225989,-0.889038772044,0.48));
#779 = CARTESIAN_POINT('',(0.45,-0.869502022331,0.48));
#780 = CARTESIAN_POINT('',(0.45,-0.84996539722,0.48));
#781 = ORIENTED_EDGE('',*,*,#782,.F.);
#782 = EDGE_CURVE('',#707,#766,#783,.T.);
#783 = CIRCLE('',#784,0.850196078431);
#784 = AXIS2_PLACEMENT_3D('',#785,#786,#787);
#785 = CARTESIAN_POINT('',(0.45,2.8E-16,0.499803921569));
#786 = DIRECTION('',(1.,-2.2E-16,5.6E-16));
#787 = DIRECTION('',(-5.6E-16,8.E-17,1.));
#788 = TOROIDAL_SURFACE('',#789,0.850196078431,0.15);
#789 = AXIS2_PLACEMENT_3D('',#790,#791,#792);
#790 = CARTESIAN_POINT('',(0.3,3.1E-16,0.499803921569));
#791 = DIRECTION('',(1.,-2.2E-16,5.6E-16));
#792 = DIRECTION('',(-5.6E-16,8.E-17,1.));
#793 = ADVANCED_FACE('',(#794),#812,.F.);
#794 = FACE_BOUND('',#795,.F.);
#795 = EDGE_LOOP('',(#796,#797,#798,#804,#805,#811));
#796 = ORIENTED_EDGE('',*,*,#657,.T.);
#797 = ORIENTED_EDGE('',*,*,#765,.T.);
#798 = ORIENTED_EDGE('',*,*,#799,.T.);
#799 = EDGE_CURVE('',#766,#699,#800,.T.);
#800 = LINE('',#801,#802);
#801 = CARTESIAN_POINT('',(0.45,-1.,0.48));
#802 = VECTOR('',#803,1.);
#803 = DIRECTION('',(-2.2E-16,1.,-3.3E-16));
#804 = ORIENTED_EDGE('',*,*,#698,.F.);
#805 = ORIENTED_EDGE('',*,*,#806,.F.);
#806 = EDGE_CURVE('',#732,#691,#807,.T.);
#807 = LINE('',#808,#809);
#808 = CARTESIAN_POINT('',(-0.45,-1.,0.48));
#809 = VECTOR('',#810,1.);
#810 = DIRECTION('',(-2.2E-16,1.,-3.3E-16));
#811 = ORIENTED_EDGE('',*,*,#731,.F.);
#812 = PLANE('',#813);
#813 = AXIS2_PLACEMENT_3D('',#814,#815,#816);
#814 = CARTESIAN_POINT('',(-0.45,-1.,0.48));
#815 = DIRECTION('',(-3.9E-16,5.6E-16,1.));
#816 = DIRECTION('',(2.2E-16,1.,-5.6E-16));
#817 = ADVANCED_FACE('',(#818),#823,.F.);
#818 = FACE_BOUND('',#819,.F.);
#819 = EDGE_LOOP('',(#820,#821,#822));
#820 = ORIENTED_EDGE('',*,*,#806,.T.);
#821 = ORIENTED_EDGE('',*,*,#690,.T.);
#822 = ORIENTED_EDGE('',*,*,#748,.T.);
#823 = PLANE('',#824);
#824 = AXIS2_PLACEMENT_3D('',#825,#826,#827);
#825 = CARTESIAN_POINT('',(-0.45,-0.413257231859,0.902174370071));
#826 = DIRECTION('',(1.,-4.4E-16,1.1E-16));
#827 = DIRECTION('',(-1.1E-16,-1.1E-16,1.));
#828 = ADVANCED_FACE('',(#829),#834,.T.);
#829 = FACE_BOUND('',#830,.T.);
#830 = EDGE_LOOP('',(#831,#832,#833));
#831 = ORIENTED_EDGE('',*,*,#799,.T.);
#832 = ORIENTED_EDGE('',*,*,#706,.T.);
#833 = ORIENTED_EDGE('',*,*,#782,.T.);
#834 = PLANE('',#835);
#835 = AXIS2_PLACEMENT_3D('',#836,#837,#838);
#836 = CARTESIAN_POINT('',(0.45,-0.413257231859,0.902174370071));
#837 = DIRECTION('',(1.,-4.4E-16,1.1E-16));
#838 = DIRECTION('',(-1.1E-16,-1.1E-16,1.));
#839 = ( GEOMETRIC_REPRESENTATION_CONTEXT(3) 
GLOBAL_UNCERTAINTY_ASSIGNED_CONTEXT((#843)) GLOBAL_UNIT_ASSIGNED_CONTEXT
((#840,#841,#842)) REPRESENTATION_CONTEXT('Context #1',
  '3D Context with UNIT and UNCERTAINTY') );
#840 = ( LENGTH_UNIT() NAMED_UNIT(*) SI_UNIT(.MILLI.,.METRE.) );
#841 = ( NAMED_UNIT(*) PLANE_ANGLE_UNIT() SI_UNIT($,.RADIAN.) );
#842 = ( NAMED_UNIT(*) SI_UNIT($,.STERADIAN.) SOLID_ANGLE_UNIT() );
#843 = UNCERTAINTY_MEASURE_WITH_UNIT(LENGTH_MEASURE(1.E-07),#840,
  'distance_accuracy_value','confusion accuracy');
#844 = CONTEXT_DEPENDENT_SHAPE_REPRESENTATION(#845,#847);
#845 = ( REPRESENTATION_RELATIONSHIP('','',#631,#10) 
REPRESENTATION_RELATIONSHIP_WITH_TRANSFORMATION(#846) 
SHAPE_REPRESENTATION_RELATIONSHIP() );
#846 = ITEM_DEFINED_TRANSFORMATION('','',#11,#23);
#847 = PRODUCT_DEFINITION_SHAPE('Placement','Placement of an item',#848
  );
#848 = NEXT_ASSEMBLY_USAGE_OCCURRENCE('37','Body002','',#5,#626,$);
#849 = PRODUCT_RELATED_PRODUCT_CATEGORY('part',$,(#628));
#850 = SHAPE_DEFINITION_REPRESENTATION(#851,#857);
#851 = PRODUCT_DEFINITION_SHAPE('','',#852);
#852 = PRODUCT_DEFINITION('design','',#853,#856);
#853 = PRODUCT_DEFINITION_FORMATION('','',#854);
#854 = PRODUCT('Body003','Body003','',(#855));
#855 = PRODUCT_CONTEXT('',#2,'mechanical');
#856 = PRODUCT_DEFINITION_CONTEXT('part definition',#2,'design');
#857 = ADVANCED_BREP_SHAPE_REPRESENTATION('',(#11,#858),#1078);
#858 = MANIFOLD_SOLID_BREP('',#859);
#859 = CLOSED_SHELL('',(#860,#900,#933,#964,#997,#1028,#1050,#1064));
#860 = ADVANCED_FACE('',(#861),#895,.T.);
#861 = FACE_BOUND('',#862,.T.);
#862 = EDGE_LOOP('',(#863,#873,#881,#889));
#863 = ORIENTED_EDGE('',*,*,#864,.T.);
#864 = EDGE_CURVE('',#865,#867,#869,.T.);
#865 = VERTEX_POINT('',#866);
#866 = CARTESIAN_POINT('',(0.5,-1.,0.));
#867 = VERTEX_POINT('',#868);
#868 = CARTESIAN_POINT('',(0.5,-1.,5.E-02));
#869 = LINE('',#870,#871);
#870 = CARTESIAN_POINT('',(0.5,-1.,0.));
#871 = VECTOR('',#872,1.);
#872 = DIRECTION('',(0.,0.,1.));
#873 = ORIENTED_EDGE('',*,*,#874,.T.);
#874 = EDGE_CURVE('',#867,#875,#877,.T.);
#875 = VERTEX_POINT('',#876);
#876 = CARTESIAN_POINT('',(0.5,-1.4,5.E-02));
#877 = LINE('',#878,#879);
#878 = CARTESIAN_POINT('',(0.5,-1.,5.E-02));
#879 = VECTOR('',#880,1.);
#880 = DIRECTION('',(0.,-1.,0.));
#881 = ORIENTED_EDGE('',*,*,#882,.F.);
#882 = EDGE_CURVE('',#883,#875,#885,.T.);
#883 = VERTEX_POINT('',#884);
#884 = CARTESIAN_POINT('',(0.5,-1.4,0.));
#885 = LINE('',#886,#887);
#886 = CARTESIAN_POINT('',(0.5,-1.4,0.));
#887 = VECTOR('',#888,1.);
#888 = DIRECTION('',(0.,0.,1.));
#889 = ORIENTED_EDGE('',*,*,#890,.F.);
#890 = EDGE_CURVE('',#865,#883,#891,.T.);
#891 = LINE('',#892,#893);
#892 = CARTESIAN_POINT('',(0.5,-1.,0.));
#893 = VECTOR('',#894,1.);
#894 = DIRECTION('',(0.,-1.,0.));
#895 = PLANE('',#896);
#896 = AXIS2_PLACEMENT_3D('',#897,#898,#899);
#897 = CARTESIAN_POINT('',(0.5,-1.,0.));
#898 = DIRECTION('',(1.,0.,0.));
#899 = DIRECTION('',(0.,-1.,0.));
#900 = ADVANCED_FACE('',(#901),#928,.F.);
#901 = FACE_BOUND('',#902,.T.);
#902 = EDGE_LOOP('',(#903,#904,#913,#921));
#903 = ORIENTED_EDGE('',*,*,#882,.T.);
#904 = ORIENTED_EDGE('',*,*,#905,.T.);
#905 = EDGE_CURVE('',#875,#906,#908,.T.);
#906 = VERTEX_POINT('',#907);
#907 = CARTESIAN_POINT('',(0.3,-1.6,5.E-02));
#908 = CIRCLE('',#909,0.2);
#909 = AXIS2_PLACEMENT_3D('',#910,#911,#912);
#910 = CARTESIAN_POINT('',(0.5,-1.6,5.E-02));
#911 = DIRECTION('',(0.,0.,1.));
#912 = DIRECTION('',(1.,0.,0.));
#913 = ORIENTED_EDGE('',*,*,#914,.F.);
#914 = EDGE_CURVE('',#915,#906,#917,.T.);
#915 = VERTEX_POINT('',#916);
#916 = CARTESIAN_POINT('',(0.3,-1.6,0.));
#917 = LINE('',#918,#919);
#918 = CARTESIAN_POINT('',(0.3,-1.6,0.));
#919 = VECTOR('',#920,1.);
#920 = DIRECTION('',(0.,0.,1.));
#921 = ORIENTED_EDGE('',*,*,#922,.F.);
#922 = EDGE_CURVE('',#883,#915,#923,.T.);
#923 = CIRCLE('',#924,0.2);
#924 = AXIS2_PLACEMENT_3D('',#925,#926,#927);
#925 = CARTESIAN_POINT('',(0.5,-1.6,0.));
#926 = DIRECTION('',(0.,0.,1.));
#927 = DIRECTION('',(1.,0.,0.));
#928 = CYLINDRICAL_SURFACE('',#929,0.2);
#929 = AXIS2_PLACEMENT_3D('',#930,#931,#932);
#930 = CARTESIAN_POINT('',(0.5,-1.6,0.));
#931 = DIRECTION('',(-0.,-0.,-1.));
#932 = DIRECTION('',(1.,0.,0.));
#933 = ADVANCED_FACE('',(#934),#959,.T.);
#934 = FACE_BOUND('',#935,.T.);
#935 = EDGE_LOOP('',(#936,#937,#945,#953));
#936 = ORIENTED_EDGE('',*,*,#914,.T.);
#937 = ORIENTED_EDGE('',*,*,#938,.T.);
#938 = EDGE_CURVE('',#906,#939,#941,.T.);
#939 = VERTEX_POINT('',#940);
#940 = CARTESIAN_POINT('',(-0.3,-1.6,5.E-02));
#941 = LINE('',#942,#943);
#942 = CARTESIAN_POINT('',(0.3,-1.6,5.E-02));
#943 = VECTOR('',#944,1.);
#944 = DIRECTION('',(-1.,0.,0.));
#945 = ORIENTED_EDGE('',*,*,#946,.F.);
#946 = EDGE_CURVE('',#947,#939,#949,.T.);
#947 = VERTEX_POINT('',#948);
#948 = CARTESIAN_POINT('',(-0.3,-1.6,0.));
#949 = LINE('',#950,#951);
#950 = CARTESIAN_POINT('',(-0.3,-1.6,0.));
#951 = VECTOR('',#952,1.);
#952 = DIRECTION('',(0.,0.,1.));
#953 = ORIENTED_EDGE('',*,*,#954,.F.);
#954 = EDGE_CURVE('',#915,#947,#955,.T.);
#955 = LINE('',#956,#957);
#956 = CARTESIAN_POINT('',(0.3,-1.6,0.));
#957 = VECTOR('',#958,1.);
#958 = DIRECTION('',(-1.,0.,0.));
#959 = PLANE('',#960);
#960 = AXIS2_PLACEMENT_3D('',#961,#962,#963);
#961 = CARTESIAN_POINT('',(0.3,-1.6,0.));
#962 = DIRECTION('',(0.,-1.,0.));
#963 = DIRECTION('',(-1.,0.,0.));
#964 = ADVANCED_FACE('',(#965),#992,.F.);
#965 = FACE_BOUND('',#966,.T.);
#966 = EDGE_LOOP('',(#967,#968,#977,#985));
#967 = ORIENTED_EDGE('',*,*,#946,.T.);
#968 = ORIENTED_EDGE('',*,*,#969,.T.);
#969 = EDGE_CURVE('',#939,#970,#972,.T.);
#970 = VERTEX_POINT('',#971);
#971 = CARTESIAN_POINT('',(-0.5,-1.4,5.E-02));
#972 = CIRCLE('',#973,0.2);
#973 = AXIS2_PLACEMENT_3D('',#974,#975,#976);
#974 = CARTESIAN_POINT('',(-0.5,-1.6,5.E-02));
#975 = DIRECTION('',(0.,0.,1.));
#976 = DIRECTION('',(1.,0.,0.));
#977 = ORIENTED_EDGE('',*,*,#978,.F.);
#978 = EDGE_CURVE('',#979,#970,#981,.T.);
#979 = VERTEX_POINT('',#980);
#980 = CARTESIAN_POINT('',(-0.5,-1.4,0.));
#981 = LINE('',#982,#983);
#982 = CARTESIAN_POINT('',(-0.5,-1.4,0.));
#983 = VECTOR('',#984,1.);
#984 = DIRECTION('',(0.,0.,1.));
#985 = ORIENTED_EDGE('',*,*,#986,.F.);
#986 = EDGE_CURVE('',#947,#979,#987,.T.);
#987 = CIRCLE('',#988,0.2);
#988 = AXIS2_PLACEMENT_3D('',#989,#990,#991);
#989 = CARTESIAN_POINT('',(-0.5,-1.6,0.));
#990 = DIRECTION('',(0.,0.,1.));
#991 = DIRECTION('',(1.,0.,0.));
#992 = CYLINDRICAL_SURFACE('',#993,0.2);
#993 = AXIS2_PLACEMENT_3D('',#994,#995,#996);
#994 = CARTESIAN_POINT('',(-0.5,-1.6,0.));
#995 = DIRECTION('',(-0.,-0.,-1.));
#996 = DIRECTION('',(1.,0.,0.));
#997 = ADVANCED_FACE('',(#998),#1023,.T.);
#998 = FACE_BOUND('',#999,.T.);
#999 = EDGE_LOOP('',(#1000,#1001,#1009,#1017));
#1000 = ORIENTED_EDGE('',*,*,#978,.T.);
#1001 = ORIENTED_EDGE('',*,*,#1002,.T.);
#1002 = EDGE_CURVE('',#970,#1003,#1005,.T.);
#1003 = VERTEX_POINT('',#1004);
#1004 = CARTESIAN_POINT('',(-0.5,-1.,5.E-02));
#1005 = LINE('',#1006,#1007);
#1006 = CARTESIAN_POINT('',(-0.5,-1.4,5.E-02));
#1007 = VECTOR('',#1008,1.);
#1008 = DIRECTION('',(0.,1.,0.));
#1009 = ORIENTED_EDGE('',*,*,#1010,.F.);
#1010 = EDGE_CURVE('',#1011,#1003,#1013,.T.);
#1011 = VERTEX_POINT('',#1012);
#1012 = CARTESIAN_POINT('',(-0.5,-1.,0.));
#1013 = LINE('',#1014,#1015);
#1014 = CARTESIAN_POINT('',(-0.5,-1.,0.));
#1015 = VECTOR('',#1016,1.);
#1016 = DIRECTION('',(0.,0.,1.));
#1017 = ORIENTED_EDGE('',*,*,#1018,.F.);
#1018 = EDGE_CURVE('',#979,#1011,#1019,.T.);
#1019 = LINE('',#1020,#1021);
#1020 = CARTESIAN_POINT('',(-0.5,-1.4,0.));
#1021 = VECTOR('',#1022,1.);
#1022 = DIRECTION('',(0.,1.,0.));
#1023 = PLANE('',#1024);
#1024 = AXIS2_PLACEMENT_3D('',#1025,#1026,#1027);
#1025 = CARTESIAN_POINT('',(-0.5,-1.4,0.));
#1026 = DIRECTION('',(-1.,0.,0.));
#1027 = DIRECTION('',(0.,1.,0.));
#1028 = ADVANCED_FACE('',(#1029),#1045,.T.);
#1029 = FACE_BOUND('',#1030,.T.);
#1030 = EDGE_LOOP('',(#1031,#1032,#1038,#1039));
#1031 = ORIENTED_EDGE('',*,*,#1010,.T.);
#1032 = ORIENTED_EDGE('',*,*,#1033,.T.);
#1033 = EDGE_CURVE('',#1003,#867,#1034,.T.);
#1034 = LINE('',#1035,#1036);
#1035 = CARTESIAN_POINT('',(-0.5,-1.,5.E-02));
#1036 = VECTOR('',#1037,1.);
#1037 = DIRECTION('',(1.,0.,0.));
#1038 = ORIENTED_EDGE('',*,*,#864,.F.);
#1039 = ORIENTED_EDGE('',*,*,#1040,.F.);
#1040 = EDGE_CURVE('',#1011,#865,#1041,.T.);
#1041 = LINE('',#1042,#1043);
#1042 = CARTESIAN_POINT('',(-0.5,-1.,0.));
#1043 = VECTOR('',#1044,1.);
#1044 = DIRECTION('',(1.,0.,0.));
#1045 = PLANE('',#1046);
#1046 = AXIS2_PLACEMENT_3D('',#1047,#1048,#1049);
#1047 = CARTESIAN_POINT('',(-0.5,-1.,0.));
#1048 = DIRECTION('',(0.,1.,0.));
#1049 = DIRECTION('',(1.,0.,0.));
#1050 = ADVANCED_FACE('',(#1051),#1059,.F.);
#1051 = FACE_BOUND('',#1052,.T.);
#1052 = EDGE_LOOP('',(#1053,#1054,#1055,#1056,#1057,#1058));
#1053 = ORIENTED_EDGE('',*,*,#890,.T.);
#1054 = ORIENTED_EDGE('',*,*,#922,.T.);
#1055 = ORIENTED_EDGE('',*,*,#954,.T.);
#1056 = ORIENTED_EDGE('',*,*,#986,.T.);
#1057 = ORIENTED_EDGE('',*,*,#1018,.T.);
#1058 = ORIENTED_EDGE('',*,*,#1040,.T.);
#1059 = PLANE('',#1060);
#1060 = AXIS2_PLACEMENT_3D('',#1061,#1062,#1063);
#1061 = CARTESIAN_POINT('',(-4.E-17,-1.269904214992,0.));
#1062 = DIRECTION('',(0.,0.,1.));
#1063 = DIRECTION('',(1.,0.,0.));
#1064 = ADVANCED_FACE('',(#1065),#1073,.T.);
#1065 = FACE_BOUND('',#1066,.F.);
#1066 = EDGE_LOOP('',(#1067,#1068,#1069,#1070,#1071,#1072));
#1067 = ORIENTED_EDGE('',*,*,#874,.T.);
#1068 = ORIENTED_EDGE('',*,*,#905,.T.);
#1069 = ORIENTED_EDGE('',*,*,#938,.T.);
#1070 = ORIENTED_EDGE('',*,*,#969,.T.);
#1071 = ORIENTED_EDGE('',*,*,#1002,.T.);
#1072 = ORIENTED_EDGE('',*,*,#1033,.T.);
#1073 = PLANE('',#1074);
#1074 = AXIS2_PLACEMENT_3D('',#1075,#1076,#1077);
#1075 = CARTESIAN_POINT('',(-4.E-17,-1.269904214992,5.E-02));
#1076 = DIRECTION('',(0.,0.,1.));
#1077 = DIRECTION('',(1.,0.,0.));
#1078 = ( GEOMETRIC_REPRESENTATION_CONTEXT(3) 
GLOBAL_UNCERTAINTY_ASSIGNED_CONTEXT((#1082)) 
GLOBAL_UNIT_ASSIGNED_CONTEXT((#1079,#1080,#1081)) REPRESENTATION_CONTEXT
('Context #1','3D Context with UNIT and UNCERTAINTY') );
#1079 = ( LENGTH_UNIT() NAMED_UNIT(*) SI_UNIT(.MILLI.,.METRE.) );
#1080 = ( NAMED_UNIT(*) PLANE_ANGLE_UNIT() SI_UNIT($,.RADIAN.) );
#1081 = ( NAMED_UNIT(*) SI_UNIT($,.STERADIAN.) SOLID_ANGLE_UNIT() );
#1082 = UNCERTAINTY_MEASURE_WITH_UNIT(LENGTH_MEASURE(1.E-07),#1079,
  'distance_accuracy_value','confusion accuracy');
#1083 = CONTEXT_DEPENDENT_SHAPE_REPRESENTATION(#1084,#1086);
#1084 = ( REPRESENTATION_RELATIONSHIP('','',#857,#10) 
REPRESENTATION_RELATIONSHIP_WITH_TRANSFORMATION(#1085) 
SHAPE_REPRESENTATION_RELATIONSHIP() );
#1085 = ITEM_DEFINED_TRANSFORMATION('','',#11,#27);
#1086 = PRODUCT_DEFINITION_SHAPE('Placement','Placement of an item',
  #1087);
#1087 = NEXT_ASSEMBLY_USAGE_OCCURRENCE('38','Body003','',#5,#852,$);
#1088 = PRODUCT_RELATED_PRODUCT_CATEGORY('part',$,(#854));
#1089 = SHAPE_DEFINITION_REPRESENTATION(#1090,#1096);
#1090 = PRODUCT_DEFINITION_SHAPE('','',#1091);
#1091 = PRODUCT_DEFINITION('design','',#1092,#1095);
#1092 = PRODUCT_DEFINITION_FORMATION('','',#1093);
#1093 = PRODUCT('Body004','Body004','',(#1094));
#1094 = PRODUCT_CONTEXT('',#2,'mechanical');
#1095 = PRODUCT_DEFINITION_CONTEXT('part definition',#2,'design');
#1096 = ADVANCED_BREP_SHAPE_REPRESENTATION('',(#11,#1097),#1348);
#1097 = MANIFOLD_SOLID_BREP('',#1098);
#1098 = CLOSED_SHELL('',(#1099,#1139,#1170,#1201,#1232,#1263,#1294,#1318
    ,#1333));
#1099 = ADVANCED_FACE('',(#1100),#1134,.T.);
#1100 = FACE_BOUND('',#1101,.T.);
#1101 = EDGE_LOOP('',(#1102,#1112,#1120,#1128));
#1102 = ORIENTED_EDGE('',*,*,#1103,.T.);
#1103 = EDGE_CURVE('',#1104,#1106,#1108,.T.);
#1104 = VERTEX_POINT('',#1105);
#1105 = CARTESIAN_POINT('',(-0.3,1.6,0.));
#1106 = VERTEX_POINT('',#1107);
#1107 = CARTESIAN_POINT('',(-0.3,1.6,5.E-02));
#1108 = LINE('',#1109,#1110);
#1109 = CARTESIAN_POINT('',(-0.3,1.6,0.));
#1110 = VECTOR('',#1111,1.);
#1111 = DIRECTION('',(0.,0.,1.));
#1112 = ORIENTED_EDGE('',*,*,#1113,.T.);
#1113 = EDGE_CURVE('',#1106,#1114,#1116,.T.);
#1114 = VERTEX_POINT('',#1115);
#1115 = CARTESIAN_POINT('',(-0.1,1.6,5.E-02));
#1116 = LINE('',#1117,#1118);
#1117 = CARTESIAN_POINT('',(-0.3,1.6,5.E-02));
#1118 = VECTOR('',#1119,1.);
#1119 = DIRECTION('',(1.,0.,0.));
#1120 = ORIENTED_EDGE('',*,*,#1121,.F.);
#1121 = EDGE_CURVE('',#1122,#1114,#1124,.T.);
#1122 = VERTEX_POINT('',#1123);
#1123 = CARTESIAN_POINT('',(-0.1,1.6,0.));
#1124 = LINE('',#1125,#1126);
#1125 = CARTESIAN_POINT('',(-0.1,1.6,0.));
#1126 = VECTOR('',#1127,1.);
#1127 = DIRECTION('',(0.,0.,1.));
#1128 = ORIENTED_EDGE('',*,*,#1129,.F.);
#1129 = EDGE_CURVE('',#1104,#1122,#1130,.T.);
#1130 = LINE('',#1131,#1132);
#1131 = CARTESIAN_POINT('',(-0.3,1.6,0.));
#1132 = VECTOR('',#1133,1.);
#1133 = DIRECTION('',(1.,0.,0.));
#1134 = PLANE('',#1135);
#1135 = AXIS2_PLACEMENT_3D('',#1136,#1137,#1138);
#1136 = CARTESIAN_POINT('',(-0.3,1.6,0.));
#1137 = DIRECTION('',(0.,1.,0.));
#1138 = DIRECTION('',(1.,0.,0.));
#1139 = ADVANCED_FACE('',(#1140),#1165,.T.);
#1140 = FACE_BOUND('',#1141,.T.);
#1141 = EDGE_LOOP('',(#1142,#1143,#1151,#1159));
#1142 = ORIENTED_EDGE('',*,*,#1121,.T.);
#1143 = ORIENTED_EDGE('',*,*,#1144,.T.);
#1144 = EDGE_CURVE('',#1114,#1145,#1147,.T.);
#1145 = VERTEX_POINT('',#1146);
#1146 = CARTESIAN_POINT('',(-0.1,0.3,5.E-02));
#1147 = LINE('',#1148,#1149);
#1148 = CARTESIAN_POINT('',(-1.E-01,1.6,5.E-02));
#1149 = VECTOR('',#1150,1.);
#1150 = DIRECTION('',(0.,-1.,0.));
#1151 = ORIENTED_EDGE('',*,*,#1152,.F.);
#1152 = EDGE_CURVE('',#1153,#1145,#1155,.T.);
#1153 = VERTEX_POINT('',#1154);
#1154 = CARTESIAN_POINT('',(-0.1,0.3,0.));
#1155 = LINE('',#1156,#1157);
#1156 = CARTESIAN_POINT('',(-0.1,0.3,0.));
#1157 = VECTOR('',#1158,1.);
#1158 = DIRECTION('',(0.,0.,1.));
#1159 = ORIENTED_EDGE('',*,*,#1160,.F.);
#1160 = EDGE_CURVE('',#1122,#1153,#1161,.T.);
#1161 = LINE('',#1162,#1163);
#1162 = CARTESIAN_POINT('',(-1.E-01,1.6,0.));
#1163 = VECTOR('',#1164,1.);
#1164 = DIRECTION('',(0.,-1.,0.));
#1165 = PLANE('',#1166);
#1166 = AXIS2_PLACEMENT_3D('',#1167,#1168,#1169);
#1167 = CARTESIAN_POINT('',(-1.E-01,1.6,0.));
#1168 = DIRECTION('',(1.,0.,0.));
#1169 = DIRECTION('',(0.,-1.,0.));
#1170 = ADVANCED_FACE('',(#1171),#1196,.T.);
#1171 = FACE_BOUND('',#1172,.T.);
#1172 = EDGE_LOOP('',(#1173,#1174,#1182,#1190));
#1173 = ORIENTED_EDGE('',*,*,#1152,.T.);
#1174 = ORIENTED_EDGE('',*,*,#1175,.T.);
#1175 = EDGE_CURVE('',#1145,#1176,#1178,.T.);
#1176 = VERTEX_POINT('',#1177);
#1177 = CARTESIAN_POINT('',(0.5,0.3,5.E-02));
#1178 = LINE('',#1179,#1180);
#1179 = CARTESIAN_POINT('',(-1.E-01,0.3,5.E-02));
#1180 = VECTOR('',#1181,1.);
#1181 = DIRECTION('',(1.,0.,0.));
#1182 = ORIENTED_EDGE('',*,*,#1183,.F.);
#1183 = EDGE_CURVE('',#1184,#1176,#1186,.T.);
#1184 = VERTEX_POINT('',#1185);
#1185 = CARTESIAN_POINT('',(0.5,0.3,0.));
#1186 = LINE('',#1187,#1188);
#1187 = CARTESIAN_POINT('',(0.5,0.3,0.));
#1188 = VECTOR('',#1189,1.);
#1189 = DIRECTION('',(0.,0.,1.));
#1190 = ORIENTED_EDGE('',*,*,#1191,.F.);
#1191 = EDGE_CURVE('',#1153,#1184,#1192,.T.);
#1192 = LINE('',#1193,#1194);
#1193 = CARTESIAN_POINT('',(-1.E-01,0.3,0.));
#1194 = VECTOR('',#1195,1.);
#1195 = DIRECTION('',(1.,0.,0.));
#1196 = PLANE('',#1197);
#1197 = AXIS2_PLACEMENT_3D('',#1198,#1199,#1200);
#1198 = CARTESIAN_POINT('',(-1.E-01,0.3,0.));
#1199 = DIRECTION('',(0.,1.,0.));
#1200 = DIRECTION('',(1.,0.,0.));
#1201 = ADVANCED_FACE('',(#1202),#1227,.T.);
#1202 = FACE_BOUND('',#1203,.T.);
#1203 = EDGE_LOOP('',(#1204,#1205,#1213,#1221));
#1204 = ORIENTED_EDGE('',*,*,#1183,.T.);
#1205 = ORIENTED_EDGE('',*,*,#1206,.T.);
#1206 = EDGE_CURVE('',#1176,#1207,#1209,.T.);
#1207 = VERTEX_POINT('',#1208);
#1208 = CARTESIAN_POINT('',(0.5,-0.3,5.E-02));
#1209 = LINE('',#1210,#1211);
#1210 = CARTESIAN_POINT('',(0.5,0.3,5.E-02));
#1211 = VECTOR('',#1212,1.);
#1212 = DIRECTION('',(0.,-1.,0.));
#1213 = ORIENTED_EDGE('',*,*,#1214,.F.);
#1214 = EDGE_CURVE('',#1215,#1207,#1217,.T.);
#1215 = VERTEX_POINT('',#1216);
#1216 = CARTESIAN_POINT('',(0.5,-0.3,0.));
#1217 = LINE('',#1218,#1219);
#1218 = CARTESIAN_POINT('',(0.5,-0.3,0.));
#1219 = VECTOR('',#1220,1.);
#1220 = DIRECTION('',(0.,0.,1.));
#1221 = ORIENTED_EDGE('',*,*,#1222,.F.);
#1222 = EDGE_CURVE('',#1184,#1215,#1223,.T.);
#1223 = LINE('',#1224,#1225);
#1224 = CARTESIAN_POINT('',(0.5,0.3,0.));
#1225 = VECTOR('',#1226,1.);
#1226 = DIRECTION('',(0.,-1.,0.));
#1227 = PLANE('',#1228);
#1228 = AXIS2_PLACEMENT_3D('',#1229,#1230,#1231);
#1229 = CARTESIAN_POINT('',(0.5,0.3,0.));
#1230 = DIRECTION('',(1.,0.,0.));
#1231 = DIRECTION('',(0.,-1.,0.));
#1232 = ADVANCED_FACE('',(#1233),#1258,.T.);
#1233 = FACE_BOUND('',#1234,.T.);
#1234 = EDGE_LOOP('',(#1235,#1236,#1244,#1252));
#1235 = ORIENTED_EDGE('',*,*,#1214,.T.);
#1236 = ORIENTED_EDGE('',*,*,#1237,.T.);
#1237 = EDGE_CURVE('',#1207,#1238,#1240,.T.);
#1238 = VERTEX_POINT('',#1239);
#1239 = CARTESIAN_POINT('',(-0.5,-0.3,5.E-02));
#1240 = LINE('',#1241,#1242);
#1241 = CARTESIAN_POINT('',(0.5,-0.3,5.E-02));
#1242 = VECTOR('',#1243,1.);
#1243 = DIRECTION('',(-1.,0.,0.));
#1244 = ORIENTED_EDGE('',*,*,#1245,.F.);
#1245 = EDGE_CURVE('',#1246,#1238,#1248,.T.);
#1246 = VERTEX_POINT('',#1247);
#1247 = CARTESIAN_POINT('',(-0.5,-0.3,0.));
#1248 = LINE('',#1249,#1250);
#1249 = CARTESIAN_POINT('',(-0.5,-0.3,0.));
#1250 = VECTOR('',#1251,1.);
#1251 = DIRECTION('',(0.,0.,1.));
#1252 = ORIENTED_EDGE('',*,*,#1253,.F.);
#1253 = EDGE_CURVE('',#1215,#1246,#1254,.T.);
#1254 = LINE('',#1255,#1256);
#1255 = CARTESIAN_POINT('',(0.5,-0.3,0.));
#1256 = VECTOR('',#1257,1.);
#1257 = DIRECTION('',(-1.,0.,0.));
#1258 = PLANE('',#1259);
#1259 = AXIS2_PLACEMENT_3D('',#1260,#1261,#1262);
#1260 = CARTESIAN_POINT('',(0.5,-0.3,0.));
#1261 = DIRECTION('',(0.,-1.,0.));
#1262 = DIRECTION('',(-1.,0.,0.));
#1263 = ADVANCED_FACE('',(#1264),#1289,.T.);
#1264 = FACE_BOUND('',#1265,.T.);
#1265 = EDGE_LOOP('',(#1266,#1267,#1275,#1283));
#1266 = ORIENTED_EDGE('',*,*,#1245,.T.);
#1267 = ORIENTED_EDGE('',*,*,#1268,.T.);
#1268 = EDGE_CURVE('',#1238,#1269,#1271,.T.);
#1269 = VERTEX_POINT('',#1270);
#1270 = CARTESIAN_POINT('',(-0.5,1.4,5.E-02));
#1271 = LINE('',#1272,#1273);
#1272 = CARTESIAN_POINT('',(-0.5,-0.3,5.E-02));
#1273 = VECTOR('',#1274,1.);
#1274 = DIRECTION('',(0.,1.,0.));
#1275 = ORIENTED_EDGE('',*,*,#1276,.F.);
#1276 = EDGE_CURVE('',#1277,#1269,#1279,.T.);
#1277 = VERTEX_POINT('',#1278);
#1278 = CARTESIAN_POINT('',(-0.5,1.4,0.));
#1279 = LINE('',#1280,#1281);
#1280 = CARTESIAN_POINT('',(-0.5,1.4,0.));
#1281 = VECTOR('',#1282,1.);
#1282 = DIRECTION('',(0.,0.,1.));
#1283 = ORIENTED_EDGE('',*,*,#1284,.F.);
#1284 = EDGE_CURVE('',#1246,#1277,#1285,.T.);
#1285 = LINE('',#1286,#1287);
#1286 = CARTESIAN_POINT('',(-0.5,-0.3,0.));
#1287 = VECTOR('',#1288,1.);
#1288 = DIRECTION('',(0.,1.,0.));
#1289 = PLANE('',#1290);
#1290 = AXIS2_PLACEMENT_3D('',#1291,#1292,#1293);
#1291 = CARTESIAN_POINT('',(-0.5,-0.3,0.));
#1292 = DIRECTION('',(-1.,0.,0.));
#1293 = DIRECTION('',(0.,1.,0.));
#1294 = ADVANCED_FACE('',(#1295),#1313,.F.);
#1295 = FACE_BOUND('',#1296,.T.);
#1296 = EDGE_LOOP('',(#1297,#1298,#1305,#1306));
#1297 = ORIENTED_EDGE('',*,*,#1276,.T.);
#1298 = ORIENTED_EDGE('',*,*,#1299,.T.);
#1299 = EDGE_CURVE('',#1269,#1106,#1300,.T.);
#1300 = CIRCLE('',#1301,0.2);
#1301 = AXIS2_PLACEMENT_3D('',#1302,#1303,#1304);
#1302 = CARTESIAN_POINT('',(-0.5,1.6,5.E-02));
#1303 = DIRECTION('',(0.,0.,1.));
#1304 = DIRECTION('',(1.,0.,0.));
#1305 = ORIENTED_EDGE('',*,*,#1103,.F.);
#1306 = ORIENTED_EDGE('',*,*,#1307,.F.);
#1307 = EDGE_CURVE('',#1277,#1104,#1308,.T.);
#1308 = CIRCLE('',#1309,0.2);
#1309 = AXIS2_PLACEMENT_3D('',#1310,#1311,#1312);
#1310 = CARTESIAN_POINT('',(-0.5,1.6,0.));
#1311 = DIRECTION('',(0.,0.,1.));
#1312 = DIRECTION('',(1.,0.,0.));
#1313 = CYLINDRICAL_SURFACE('',#1314,0.2);
#1314 = AXIS2_PLACEMENT_3D('',#1315,#1316,#1317);
#1315 = CARTESIAN_POINT('',(-0.5,1.6,0.));
#1316 = DIRECTION('',(-0.,-0.,-1.));
#1317 = DIRECTION('',(1.,0.,0.));
#1318 = ADVANCED_FACE('',(#1319),#1328,.F.);
#1319 = FACE_BOUND('',#1320,.T.);
#1320 = EDGE_LOOP('',(#1321,#1322,#1323,#1324,#1325,#1326,#1327));
#1321 = ORIENTED_EDGE('',*,*,#1129,.T.);
#1322 = ORIENTED_EDGE('',*,*,#1160,.T.);
#1323 = ORIENTED_EDGE('',*,*,#1191,.T.);
#1324 = ORIENTED_EDGE('',*,*,#1222,.T.);
#1325 = ORIENTED_EDGE('',*,*,#1253,.T.);
#1326 = ORIENTED_EDGE('',*,*,#1284,.T.);
#1327 = ORIENTED_EDGE('',*,*,#1307,.T.);
#1328 = PLANE('',#1329);
#1329 = AXIS2_PLACEMENT_3D('',#1330,#1331,#1332);
#1330 = CARTESIAN_POINT('',(-0.125495840323,0.495272655313,0.));
#1331 = DIRECTION('',(0.,0.,1.));
#1332 = DIRECTION('',(1.,0.,0.));
#1333 = ADVANCED_FACE('',(#1334),#1343,.T.);
#1334 = FACE_BOUND('',#1335,.F.);
#1335 = EDGE_LOOP('',(#1336,#1337,#1338,#1339,#1340,#1341,#1342));
#1336 = ORIENTED_EDGE('',*,*,#1113,.T.);
#1337 = ORIENTED_EDGE('',*,*,#1144,.T.);
#1338 = ORIENTED_EDGE('',*,*,#1175,.T.);
#1339 = ORIENTED_EDGE('',*,*,#1206,.T.);
#1340 = ORIENTED_EDGE('',*,*,#1237,.T.);
#1341 = ORIENTED_EDGE('',*,*,#1268,.T.);
#1342 = ORIENTED_EDGE('',*,*,#1299,.T.);
#1343 = PLANE('',#1344);
#1344 = AXIS2_PLACEMENT_3D('',#1345,#1346,#1347);
#1345 = CARTESIAN_POINT('',(-0.125495840323,0.495272655313,5.E-02));
#1346 = DIRECTION('',(0.,0.,1.));
#1347 = DIRECTION('',(1.,0.,0.));
#1348 = ( GEOMETRIC_REPRESENTATION_CONTEXT(3) 
GLOBAL_UNCERTAINTY_ASSIGNED_CONTEXT((#1352)) 
GLOBAL_UNIT_ASSIGNED_CONTEXT((#1349,#1350,#1351)) REPRESENTATION_CONTEXT
('Context #1','3D Context with UNIT and UNCERTAINTY') );
#1349 = ( LENGTH_UNIT() NAMED_UNIT(*) SI_UNIT(.MILLI.,.METRE.) );
#1350 = ( NAMED_UNIT(*) PLANE_ANGLE_UNIT() SI_UNIT($,.RADIAN.) );
#1351 = ( NAMED_UNIT(*) SI_UNIT($,.STERADIAN.) SOLID_ANGLE_UNIT() );
#1352 = UNCERTAINTY_MEASURE_WITH_UNIT(LENGTH_MEASURE(1.E-07),#1349,
  'distance_accuracy_value','confusion accuracy');
#1353 = CONTEXT_DEPENDENT_SHAPE_REPRESENTATION(#1354,#1356);
#1354 = ( REPRESENTATION_RELATIONSHIP('','',#1096,#10) 
REPRESENTATION_RELATIONSHIP_WITH_TRANSFORMATION(#1355) 
SHAPE_REPRESENTATION_RELATIONSHIP() );
#1355 = ITEM_DEFINED_TRANSFORMATION('','',#11,#31);
#1356 = PRODUCT_DEFINITION_SHAPE('Placement','Placement of an item',
  #1357);
#1357 = NEXT_ASSEMBLY_USAGE_OCCURRENCE('39','Body004','',#5,#1091,$);
#1358 = PRODUCT_RELATED_PRODUCT_CATEGORY('part',$,(#1093));
#1359 = SHAPE_DEFINITION_REPRESENTATION(#1360,#1366);
#1360 = PRODUCT_DEFINITION_SHAPE('','',#1361);
#1361 = PRODUCT_DEFINITION('design','',#1362,#1365);
#1362 = PRODUCT_DEFINITION_FORMATION('','',#1363);
#1363 = PRODUCT('Body005','Body005','',(#1364));
#1364 = PRODUCT_CONTEXT('',#2,'mechanical');
#1365 = PRODUCT_DEFINITION_CONTEXT('part definition',#2,'design');
#1366 = ADVANCED_BREP_SHAPE_REPRESENTATION('',(#11,#1367),#1552);
#1367 = MANIFOLD_SOLID_BREP('',#1368);
#1368 = CLOSED_SHELL('',(#1369,#1409,#1440,#1471,#1502,#1526,#1539));
#1369 = ADVANCED_FACE('',(#1370),#1404,.T.);
#1370 = FACE_BOUND('',#1371,.T.);
#1371 = EDGE_LOOP('',(#1372,#1382,#1390,#1398));
#1372 = ORIENTED_EDGE('',*,*,#1373,.T.);
#1373 = EDGE_CURVE('',#1374,#1376,#1378,.T.);
#1374 = VERTEX_POINT('',#1375);
#1375 = CARTESIAN_POINT('',(0.5,1.4,0.));
#1376 = VERTEX_POINT('',#1377);
#1377 = CARTESIAN_POINT('',(0.5,1.4,5.E-02));
#1378 = LINE('',#1379,#1380);
#1379 = CARTESIAN_POINT('',(0.5,1.4,0.));
#1380 = VECTOR('',#1381,1.);
#1381 = DIRECTION('',(0.,0.,1.));
#1382 = ORIENTED_EDGE('',*,*,#1383,.T.);
#1383 = EDGE_CURVE('',#1376,#1384,#1386,.T.);
#1384 = VERTEX_POINT('',#1385);
#1385 = CARTESIAN_POINT('',(0.5,1.,5.E-02));
#1386 = LINE('',#1387,#1388);
#1387 = CARTESIAN_POINT('',(0.5,1.4,5.E-02));
#1388 = VECTOR('',#1389,1.);
#1389 = DIRECTION('',(0.,-1.,0.));
#1390 = ORIENTED_EDGE('',*,*,#1391,.F.);
#1391 = EDGE_CURVE('',#1392,#1384,#1394,.T.);
#1392 = VERTEX_POINT('',#1393);
#1393 = CARTESIAN_POINT('',(0.5,1.,0.));
#1394 = LINE('',#1395,#1396);
#1395 = CARTESIAN_POINT('',(0.5,1.,0.));
#1396 = VECTOR('',#1397,1.);
#1397 = DIRECTION('',(0.,0.,1.));
#1398 = ORIENTED_EDGE('',*,*,#1399,.F.);
#1399 = EDGE_CURVE('',#1374,#1392,#1400,.T.);
#1400 = LINE('',#1401,#1402);
#1401 = CARTESIAN_POINT('',(0.5,1.4,0.));
#1402 = VECTOR('',#1403,1.);
#1403 = DIRECTION('',(0.,-1.,0.));
#1404 = PLANE('',#1405);
#1405 = AXIS2_PLACEMENT_3D('',#1406,#1407,#1408);
#1406 = CARTESIAN_POINT('',(0.5,1.4,0.));
#1407 = DIRECTION('',(1.,0.,0.));
#1408 = DIRECTION('',(0.,-1.,0.));
#1409 = ADVANCED_FACE('',(#1410),#1435,.T.);
#1410 = FACE_BOUND('',#1411,.T.);
#1411 = EDGE_LOOP('',(#1412,#1413,#1421,#1429));
#1412 = ORIENTED_EDGE('',*,*,#1391,.T.);
#1413 = ORIENTED_EDGE('',*,*,#1414,.T.);
#1414 = EDGE_CURVE('',#1384,#1415,#1417,.T.);
#1415 = VERTEX_POINT('',#1416);
#1416 = CARTESIAN_POINT('',(0.1,1.,5.E-02));
#1417 = LINE('',#1418,#1419);
#1418 = CARTESIAN_POINT('',(0.5,1.,5.E-02));
#1419 = VECTOR('',#1420,1.);
#1420 = DIRECTION('',(-1.,0.,0.));
#1421 = ORIENTED_EDGE('',*,*,#1422,.F.);
#1422 = EDGE_CURVE('',#1423,#1415,#1425,.T.);
#1423 = VERTEX_POINT('',#1424);
#1424 = CARTESIAN_POINT('',(0.1,1.,0.));
#1425 = LINE('',#1426,#1427);
#1426 = CARTESIAN_POINT('',(0.1,1.,0.));
#1427 = VECTOR('',#1428,1.);
#1428 = DIRECTION('',(0.,0.,1.));
#1429 = ORIENTED_EDGE('',*,*,#1430,.F.);
#1430 = EDGE_CURVE('',#1392,#1423,#1431,.T.);
#1431 = LINE('',#1432,#1433);
#1432 = CARTESIAN_POINT('',(0.5,1.,0.));
#1433 = VECTOR('',#1434,1.);
#1434 = DIRECTION('',(-1.,0.,0.));
#1435 = PLANE('',#1436);
#1436 = AXIS2_PLACEMENT_3D('',#1437,#1438,#1439);
#1437 = CARTESIAN_POINT('',(0.5,1.,0.));
#1438 = DIRECTION('',(0.,-1.,0.));
#1439 = DIRECTION('',(-1.,0.,0.));
#1440 = ADVANCED_FACE('',(#1441),#1466,.T.);
#1441 = FACE_BOUND('',#1442,.T.);
#1442 = EDGE_LOOP('',(#1443,#1444,#1452,#1460));
#1443 = ORIENTED_EDGE('',*,*,#1422,.T.);
#1444 = ORIENTED_EDGE('',*,*,#1445,.T.);
#1445 = EDGE_CURVE('',#1415,#1446,#1448,.T.);
#1446 = VERTEX_POINT('',#1447);
#1447 = CARTESIAN_POINT('',(0.1,1.6,5.E-02));
#1448 = LINE('',#1449,#1450);
#1449 = CARTESIAN_POINT('',(1.E-01,1.,5.E-02));
#1450 = VECTOR('',#1451,1.);
#1451 = DIRECTION('',(0.,1.,0.));
#1452 = ORIENTED_EDGE('',*,*,#1453,.F.);
#1453 = EDGE_CURVE('',#1454,#1446,#1456,.T.);
#1454 = VERTEX_POINT('',#1455);
#1455 = CARTESIAN_POINT('',(0.1,1.6,0.));
#1456 = LINE('',#1457,#1458);
#1457 = CARTESIAN_POINT('',(0.1,1.6,0.));
#1458 = VECTOR('',#1459,1.);
#1459 = DIRECTION('',(0.,0.,1.));
#1460 = ORIENTED_EDGE('',*,*,#1461,.F.);
#1461 = EDGE_CURVE('',#1423,#1454,#1462,.T.);
#1462 = LINE('',#1463,#1464);
#1463 = CARTESIAN_POINT('',(1.E-01,1.,0.));
#1464 = VECTOR('',#1465,1.);
#1465 = DIRECTION('',(0.,1.,0.));
#1466 = PLANE('',#1467);
#1467 = AXIS2_PLACEMENT_3D('',#1468,#1469,#1470);
#1468 = CARTESIAN_POINT('',(1.E-01,1.,0.));
#1469 = DIRECTION('',(-1.,0.,0.));
#1470 = DIRECTION('',(0.,1.,0.));
#1471 = ADVANCED_FACE('',(#1472),#1497,.T.);
#1472 = FACE_BOUND('',#1473,.T.);
#1473 = EDGE_LOOP('',(#1474,#1475,#1483,#1491));
#1474 = ORIENTED_EDGE('',*,*,#1453,.T.);
#1475 = ORIENTED_EDGE('',*,*,#1476,.T.);
#1476 = EDGE_CURVE('',#1446,#1477,#1479,.T.);
#1477 = VERTEX_POINT('',#1478);
#1478 = CARTESIAN_POINT('',(0.3,1.6,5.E-02));
#1479 = LINE('',#1480,#1481);
#1480 = CARTESIAN_POINT('',(1.E-01,1.6,5.E-02));
#1481 = VECTOR('',#1482,1.);
#1482 = DIRECTION('',(1.,0.,0.));
#1483 = ORIENTED_EDGE('',*,*,#1484,.F.);
#1484 = EDGE_CURVE('',#1485,#1477,#1487,.T.);
#1485 = VERTEX_POINT('',#1486);
#1486 = CARTESIAN_POINT('',(0.3,1.6,0.));
#1487 = LINE('',#1488,#1489);
#1488 = CARTESIAN_POINT('',(0.3,1.6,0.));
#1489 = VECTOR('',#1490,1.);
#1490 = DIRECTION('',(0.,0.,1.));
#1491 = ORIENTED_EDGE('',*,*,#1492,.F.);
#1492 = EDGE_CURVE('',#1454,#1485,#1493,.T.);
#1493 = LINE('',#1494,#1495);
#1494 = CARTESIAN_POINT('',(1.E-01,1.6,0.));
#1495 = VECTOR('',#1496,1.);
#1496 = DIRECTION('',(1.,0.,0.));
#1497 = PLANE('',#1498);
#1498 = AXIS2_PLACEMENT_3D('',#1499,#1500,#1501);
#1499 = CARTESIAN_POINT('',(1.E-01,1.6,0.));
#1500 = DIRECTION('',(0.,1.,0.));
#1501 = DIRECTION('',(1.,0.,0.));
#1502 = ADVANCED_FACE('',(#1503),#1521,.F.);
#1503 = FACE_BOUND('',#1504,.T.);
#1504 = EDGE_LOOP('',(#1505,#1506,#1513,#1514));
#1505 = ORIENTED_EDGE('',*,*,#1484,.T.);
#1506 = ORIENTED_EDGE('',*,*,#1507,.T.);
#1507 = EDGE_CURVE('',#1477,#1376,#1508,.T.);
#1508 = CIRCLE('',#1509,0.2);
#1509 = AXIS2_PLACEMENT_3D('',#1510,#1511,#1512);
#1510 = CARTESIAN_POINT('',(0.5,1.6,5.E-02));
#1511 = DIRECTION('',(0.,0.,1.));
#1512 = DIRECTION('',(1.,0.,0.));
#1513 = ORIENTED_EDGE('',*,*,#1373,.F.);
#1514 = ORIENTED_EDGE('',*,*,#1515,.F.);
#1515 = EDGE_CURVE('',#1485,#1374,#1516,.T.);
#1516 = CIRCLE('',#1517,0.2);
#1517 = AXIS2_PLACEMENT_3D('',#1518,#1519,#1520);
#1518 = CARTESIAN_POINT('',(0.5,1.6,0.));
#1519 = DIRECTION('',(0.,0.,1.));
#1520 = DIRECTION('',(1.,0.,0.));
#1521 = CYLINDRICAL_SURFACE('',#1522,0.2);
#1522 = AXIS2_PLACEMENT_3D('',#1523,#1524,#1525);
#1523 = CARTESIAN_POINT('',(0.5,1.6,0.));
#1524 = DIRECTION('',(-0.,-0.,-1.));
#1525 = DIRECTION('',(1.,0.,0.));
#1526 = ADVANCED_FACE('',(#1527),#1534,.F.);
#1527 = FACE_BOUND('',#1528,.T.);
#1528 = EDGE_LOOP('',(#1529,#1530,#1531,#1532,#1533));
#1529 = ORIENTED_EDGE('',*,*,#1399,.T.);
#1530 = ORIENTED_EDGE('',*,*,#1430,.T.);
#1531 = ORIENTED_EDGE('',*,*,#1461,.T.);
#1532 = ORIENTED_EDGE('',*,*,#1492,.T.);
#1533 = ORIENTED_EDGE('',*,*,#1515,.T.);
#1534 = PLANE('',#1535);
#1535 = AXIS2_PLACEMENT_3D('',#1536,#1537,#1538);
#1536 = CARTESIAN_POINT('',(0.280885172214,1.276205074427,0.));
#1537 = DIRECTION('',(0.,0.,1.));
#1538 = DIRECTION('',(1.,0.,0.));
#1539 = ADVANCED_FACE('',(#1540),#1547,.T.);
#1540 = FACE_BOUND('',#1541,.F.);
#1541 = EDGE_LOOP('',(#1542,#1543,#1544,#1545,#1546));
#1542 = ORIENTED_EDGE('',*,*,#1383,.T.);
#1543 = ORIENTED_EDGE('',*,*,#1414,.T.);
#1544 = ORIENTED_EDGE('',*,*,#1445,.T.);
#1545 = ORIENTED_EDGE('',*,*,#1476,.T.);
#1546 = ORIENTED_EDGE('',*,*,#1507,.T.);
#1547 = PLANE('',#1548);
#1548 = AXIS2_PLACEMENT_3D('',#1549,#1550,#1551);
#1549 = CARTESIAN_POINT('',(0.280885172214,1.276205074427,5.E-02));
#1550 = DIRECTION('',(0.,0.,1.));
#1551 = DIRECTION('',(1.,0.,0.));
#1552 = ( GEOMETRIC_REPRESENTATION_CONTEXT(3) 
GLOBAL_UNCERTAINTY_ASSIGNED_CONTEXT((#1556)) 
GLOBAL_UNIT_ASSIGNED_CONTEXT((#1553,#1554,#1555)) REPRESENTATION_CONTEXT
('Context #1','3D Context with UNIT and UNCERTAINTY') );
#1553 = ( LENGTH_UNIT() NAMED_UNIT(*) SI_UNIT(.MILLI.,.METRE.) );
#1554 = ( NAMED_UNIT(*) PLANE_ANGLE_UNIT() SI_UNIT($,.RADIAN.) );
#1555 = ( NAMED_UNIT(*) SI_UNIT($,.STERADIAN.) SOLID_ANGLE_UNIT() );
#1556 = UNCERTAINTY_MEASURE_WITH_UNIT(LENGTH_MEASURE(1.E-07),#1553,
  'distance_accuracy_value','confusion accuracy');
#1557 = CONTEXT_DEPENDENT_SHAPE_REPRESENTATION(#1558,#1560);
#1558 = ( REPRESENTATION_RELATIONSHIP('','',#1366,#10) 
REPRESENTATION_RELATIONSHIP_WITH_TRANSFORMATION(#1559) 
SHAPE_REPRESENTATION_RELATIONSHIP() );
#1559 = ITEM_DEFINED_TRANSFORMATION('','',#11,#35);
#1560 = PRODUCT_DEFINITION_SHAPE('Placement','Placement of an item',
  #1561);
#1561 = NEXT_ASSEMBLY_USAGE_OCCURRENCE('40','Body005','',#5,#1361,$);
#1562 = PRODUCT_RELATED_PRODUCT_CATEGORY('part',$,(#1363));
#1563 = SHAPE_DEFINITION_REPRESENTATION(#1564,#1570);
#1564 = PRODUCT_DEFINITION_SHAPE('','',#1565);
#1565 = PRODUCT_DEFINITION('design','',#1566,#1569);
#1566 = PRODUCT_DEFINITION_FORMATION('','',#1567);
#1567 = PRODUCT('Body006','Body006','',(#1568));
#1568 = PRODUCT_CONTEXT('',#2,'mechanical');
#1569 = PRODUCT_DEFINITION_CONTEXT('part definition',#2,'design');
#1570 = ADVANCED_BREP_SHAPE_REPRESENTATION('',(#11,#1571),#1787);
#1571 = MANIFOLD_SOLID_BREP('',#1572);
#1572 = CLOSED_SHELL('',(#1573,#1613,#1644,#1675,#1706,#1737,#1759,#1773
    ));
#1573 = ADVANCED_FACE('',(#1574),#1608,.T.);
#1574 = FACE_BOUND('',#1575,.T.);
#1575 = EDGE_LOOP('',(#1576,#1586,#1594,#1602));
#1576 = ORIENTED_EDGE('',*,*,#1577,.T.);
#1577 = EDGE_CURVE('',#1578,#1580,#1582,.T.);
#1578 = VERTEX_POINT('',#1579);
#1579 = CARTESIAN_POINT('',(-5.E-02,1.6,0.));
#1580 = VERTEX_POINT('',#1581);
#1581 = CARTESIAN_POINT('',(-5.E-02,1.6,5.E-02));
#1582 = LINE('',#1583,#1584);
#1583 = CARTESIAN_POINT('',(-5.E-02,1.6,0.));
#1584 = VECTOR('',#1585,1.);
#1585 = DIRECTION('',(0.,0.,1.));
#1586 = ORIENTED_EDGE('',*,*,#1587,.T.);
#1587 = EDGE_CURVE('',#1580,#1588,#1590,.T.);
#1588 = VERTEX_POINT('',#1589);
#1589 = CARTESIAN_POINT('',(5.E-02,1.6,5.E-02));
#1590 = LINE('',#1591,#1592);
#1591 = CARTESIAN_POINT('',(-5.E-02,1.6,5.E-02));
#1592 = VECTOR('',#1593,1.);
#1593 = DIRECTION('',(1.,0.,0.));
#1594 = ORIENTED_EDGE('',*,*,#1595,.F.);
#1595 = EDGE_CURVE('',#1596,#1588,#1598,.T.);
#1596 = VERTEX_POINT('',#1597);
#1597 = CARTESIAN_POINT('',(5.E-02,1.6,0.));
#1598 = LINE('',#1599,#1600);
#1599 = CARTESIAN_POINT('',(5.E-02,1.6,0.));
#1600 = VECTOR('',#1601,1.);
#1601 = DIRECTION('',(0.,0.,1.));
#1602 = ORIENTED_EDGE('',*,*,#1603,.F.);
#1603 = EDGE_CURVE('',#1578,#1596,#1604,.T.);
#1604 = LINE('',#1605,#1606);
#1605 = CARTESIAN_POINT('',(-5.E-02,1.6,0.));
#1606 = VECTOR('',#1607,1.);
#1607 = DIRECTION('',(1.,0.,0.));
#1608 = PLANE('',#1609);
#1609 = AXIS2_PLACEMENT_3D('',#1610,#1611,#1612);
#1610 = CARTESIAN_POINT('',(-5.E-02,1.6,0.));
#1611 = DIRECTION('',(0.,1.,0.));
#1612 = DIRECTION('',(1.,0.,0.));
#1613 = ADVANCED_FACE('',(#1614),#1639,.T.);
#1614 = FACE_BOUND('',#1615,.T.);
#1615 = EDGE_LOOP('',(#1616,#1617,#1625,#1633));
#1616 = ORIENTED_EDGE('',*,*,#1595,.T.);
#1617 = ORIENTED_EDGE('',*,*,#1618,.T.);
#1618 = EDGE_CURVE('',#1588,#1619,#1621,.T.);
#1619 = VERTEX_POINT('',#1620);
#1620 = CARTESIAN_POINT('',(5.E-02,0.8,5.E-02));
#1621 = LINE('',#1622,#1623);
#1622 = CARTESIAN_POINT('',(5.E-02,1.6,5.E-02));
#1623 = VECTOR('',#1624,1.);
#1624 = DIRECTION('',(0.,-1.,0.));
#1625 = ORIENTED_EDGE('',*,*,#1626,.F.);
#1626 = EDGE_CURVE('',#1627,#1619,#1629,.T.);
#1627 = VERTEX_POINT('',#1628);
#1628 = CARTESIAN_POINT('',(5.E-02,0.8,0.));
#1629 = LINE('',#1630,#1631);
#1630 = CARTESIAN_POINT('',(5.E-02,0.8,0.));
#1631 = VECTOR('',#1632,1.);
#1632 = DIRECTION('',(0.,0.,1.));
#1633 = ORIENTED_EDGE('',*,*,#1634,.F.);
#1634 = EDGE_CURVE('',#1596,#1627,#1635,.T.);
#1635 = LINE('',#1636,#1637);
#1636 = CARTESIAN_POINT('',(5.E-02,1.6,0.));
#1637 = VECTOR('',#1638,1.);
#1638 = DIRECTION('',(0.,-1.,0.));
#1639 = PLANE('',#1640);
#1640 = AXIS2_PLACEMENT_3D('',#1641,#1642,#1643);
#1641 = CARTESIAN_POINT('',(5.E-02,1.6,0.));
#1642 = DIRECTION('',(1.,0.,0.));
#1643 = DIRECTION('',(0.,-1.,0.));
#1644 = ADVANCED_FACE('',(#1645),#1670,.T.);
#1645 = FACE_BOUND('',#1646,.T.);
#1646 = EDGE_LOOP('',(#1647,#1648,#1656,#1664));
#1647 = ORIENTED_EDGE('',*,*,#1626,.T.);
#1648 = ORIENTED_EDGE('',*,*,#1649,.T.);
#1649 = EDGE_CURVE('',#1619,#1650,#1652,.T.);
#1650 = VERTEX_POINT('',#1651);
#1651 = CARTESIAN_POINT('',(0.5,0.8,5.E-02));
#1652 = LINE('',#1653,#1654);
#1653 = CARTESIAN_POINT('',(5.E-02,0.8,5.E-02));
#1654 = VECTOR('',#1655,1.);
#1655 = DIRECTION('',(1.,0.,0.));
#1656 = ORIENTED_EDGE('',*,*,#1657,.F.);
#1657 = EDGE_CURVE('',#1658,#1650,#1660,.T.);
#1658 = VERTEX_POINT('',#1659);
#1659 = CARTESIAN_POINT('',(0.5,0.8,0.));
#1660 = LINE('',#1661,#1662);
#1661 = CARTESIAN_POINT('',(0.5,0.8,0.));
#1662 = VECTOR('',#1663,1.);
#1663 = DIRECTION('',(0.,0.,1.));
#1664 = ORIENTED_EDGE('',*,*,#1665,.F.);
#1665 = EDGE_CURVE('',#1627,#1658,#1666,.T.);
#1666 = LINE('',#1667,#1668);
#1667 = CARTESIAN_POINT('',(5.E-02,0.8,0.));
#1668 = VECTOR('',#1669,1.);
#1669 = DIRECTION('',(1.,0.,0.));
#1670 = PLANE('',#1671);
#1671 = AXIS2_PLACEMENT_3D('',#1672,#1673,#1674);
#1672 = CARTESIAN_POINT('',(5.E-02,0.8,0.));
#1673 = DIRECTION('',(0.,1.,0.));
#1674 = DIRECTION('',(1.,0.,0.));
#1675 = ADVANCED_FACE('',(#1676),#1701,.T.);
#1676 = FACE_BOUND('',#1677,.T.);
#1677 = EDGE_LOOP('',(#1678,#1679,#1687,#1695));
#1678 = ORIENTED_EDGE('',*,*,#1657,.T.);
#1679 = ORIENTED_EDGE('',*,*,#1680,.T.);
#1680 = EDGE_CURVE('',#1650,#1681,#1683,.T.);
#1681 = VERTEX_POINT('',#1682);
#1682 = CARTESIAN_POINT('',(0.5,0.5,5.E-02));
#1683 = LINE('',#1684,#1685);
#1684 = CARTESIAN_POINT('',(0.5,0.8,5.E-02));
#1685 = VECTOR('',#1686,1.);
#1686 = DIRECTION('',(0.,-1.,0.));
#1687 = ORIENTED_EDGE('',*,*,#1688,.F.);
#1688 = EDGE_CURVE('',#1689,#1681,#1691,.T.);
#1689 = VERTEX_POINT('',#1690);
#1690 = CARTESIAN_POINT('',(0.5,0.5,0.));
#1691 = LINE('',#1692,#1693);
#1692 = CARTESIAN_POINT('',(0.5,0.5,0.));
#1693 = VECTOR('',#1694,1.);
#1694 = DIRECTION('',(0.,0.,1.));
#1695 = ORIENTED_EDGE('',*,*,#1696,.F.);
#1696 = EDGE_CURVE('',#1658,#1689,#1697,.T.);
#1697 = LINE('',#1698,#1699);
#1698 = CARTESIAN_POINT('',(0.5,0.8,0.));
#1699 = VECTOR('',#1700,1.);
#1700 = DIRECTION('',(0.,-1.,0.));
#1701 = PLANE('',#1702);
#1702 = AXIS2_PLACEMENT_3D('',#1703,#1704,#1705);
#1703 = CARTESIAN_POINT('',(0.5,0.8,0.));
#1704 = DIRECTION('',(1.,0.,0.));
#1705 = DIRECTION('',(0.,-1.,0.));
#1706 = ADVANCED_FACE('',(#1707),#1732,.T.);
#1707 = FACE_BOUND('',#1708,.T.);
#1708 = EDGE_LOOP('',(#1709,#1710,#1718,#1726));
#1709 = ORIENTED_EDGE('',*,*,#1688,.T.);
#1710 = ORIENTED_EDGE('',*,*,#1711,.T.);
#1711 = EDGE_CURVE('',#1681,#1712,#1714,.T.);
#1712 = VERTEX_POINT('',#1713);
#1713 = CARTESIAN_POINT('',(-5.E-02,0.5,5.E-02));
#1714 = LINE('',#1715,#1716);
#1715 = CARTESIAN_POINT('',(0.5,0.5,5.E-02));
#1716 = VECTOR('',#1717,1.);
#1717 = DIRECTION('',(-1.,0.,0.));
#1718 = ORIENTED_EDGE('',*,*,#1719,.F.);
#1719 = EDGE_CURVE('',#1720,#1712,#1722,.T.);
#1720 = VERTEX_POINT('',#1721);
#1721 = CARTESIAN_POINT('',(-5.E-02,0.5,0.));
#1722 = LINE('',#1723,#1724);
#1723 = CARTESIAN_POINT('',(-5.E-02,0.5,0.));
#1724 = VECTOR('',#1725,1.);
#1725 = DIRECTION('',(0.,0.,1.));
#1726 = ORIENTED_EDGE('',*,*,#1727,.F.);
#1727 = EDGE_CURVE('',#1689,#1720,#1728,.T.);
#1728 = LINE('',#1729,#1730);
#1729 = CARTESIAN_POINT('',(0.5,0.5,0.));
#1730 = VECTOR('',#1731,1.);
#1731 = DIRECTION('',(-1.,0.,0.));
#1732 = PLANE('',#1733);
#1733 = AXIS2_PLACEMENT_3D('',#1734,#1735,#1736);
#1734 = CARTESIAN_POINT('',(0.5,0.5,0.));
#1735 = DIRECTION('',(0.,-1.,0.));
#1736 = DIRECTION('',(-1.,0.,0.));
#1737 = ADVANCED_FACE('',(#1738),#1754,.T.);
#1738 = FACE_BOUND('',#1739,.T.);
#1739 = EDGE_LOOP('',(#1740,#1741,#1747,#1748));
#1740 = ORIENTED_EDGE('',*,*,#1719,.T.);
#1741 = ORIENTED_EDGE('',*,*,#1742,.T.);
#1742 = EDGE_CURVE('',#1712,#1580,#1743,.T.);
#1743 = LINE('',#1744,#1745);
#1744 = CARTESIAN_POINT('',(-5.E-02,0.5,5.E-02));
#1745 = VECTOR('',#1746,1.);
#1746 = DIRECTION('',(0.,1.,0.));
#1747 = ORIENTED_EDGE('',*,*,#1577,.F.);
#1748 = ORIENTED_EDGE('',*,*,#1749,.F.);
#1749 = EDGE_CURVE('',#1720,#1578,#1750,.T.);
#1750 = LINE('',#1751,#1752);
#1751 = CARTESIAN_POINT('',(-5.E-02,0.5,0.));
#1752 = VECTOR('',#1753,1.);
#1753 = DIRECTION('',(0.,1.,0.));
#1754 = PLANE('',#1755);
#1755 = AXIS2_PLACEMENT_3D('',#1756,#1757,#1758);
#1756 = CARTESIAN_POINT('',(-5.E-02,0.5,0.));
#1757 = DIRECTION('',(-1.,0.,0.));
#1758 = DIRECTION('',(0.,1.,0.));
#1759 = ADVANCED_FACE('',(#1760),#1768,.F.);
#1760 = FACE_BOUND('',#1761,.T.);
#1761 = EDGE_LOOP('',(#1762,#1763,#1764,#1765,#1766,#1767));
#1762 = ORIENTED_EDGE('',*,*,#1603,.T.);
#1763 = ORIENTED_EDGE('',*,*,#1634,.T.);
#1764 = ORIENTED_EDGE('',*,*,#1665,.T.);
#1765 = ORIENTED_EDGE('',*,*,#1696,.T.);
#1766 = ORIENTED_EDGE('',*,*,#1727,.T.);
#1767 = ORIENTED_EDGE('',*,*,#1749,.T.);
#1768 = PLANE('',#1769);
#1769 = AXIS2_PLACEMENT_3D('',#1770,#1771,#1772);
#1770 = CARTESIAN_POINT('',(0.115909090909,0.940909090909,0.));
#1771 = DIRECTION('',(0.,0.,1.));
#1772 = DIRECTION('',(1.,0.,0.));
#1773 = ADVANCED_FACE('',(#1774),#1782,.T.);
#1774 = FACE_BOUND('',#1775,.F.);
#1775 = EDGE_LOOP('',(#1776,#1777,#1778,#1779,#1780,#1781));
#1776 = ORIENTED_EDGE('',*,*,#1587,.T.);
#1777 = ORIENTED_EDGE('',*,*,#1618,.T.);
#1778 = ORIENTED_EDGE('',*,*,#1649,.T.);
#1779 = ORIENTED_EDGE('',*,*,#1680,.T.);
#1780 = ORIENTED_EDGE('',*,*,#1711,.T.);
#1781 = ORIENTED_EDGE('',*,*,#1742,.T.);
#1782 = PLANE('',#1783);
#1783 = AXIS2_PLACEMENT_3D('',#1784,#1785,#1786);
#1784 = CARTESIAN_POINT('',(0.115909090909,0.940909090909,5.E-02));
#1785 = DIRECTION('',(0.,0.,1.));
#1786 = DIRECTION('',(1.,0.,0.));
#1787 = ( GEOMETRIC_REPRESENTATION_CONTEXT(3) 
GLOBAL_UNCERTAINTY_ASSIGNED_CONTEXT((#1791)) 
GLOBAL_UNIT_ASSIGNED_CONTEXT((#1788,#1789,#1790)) REPRESENTATION_CONTEXT
('Context #1','3D Context with UNIT and UNCERTAINTY') );
#1788 = ( LENGTH_UNIT() NAMED_UNIT(*) SI_UNIT(.MILLI.,.METRE.) );
#1789 = ( NAMED_UNIT(*) PLANE_ANGLE_UNIT() SI_UNIT($,.RADIAN.) );
#1790 = ( NAMED_UNIT(*) SI_UNIT($,.STERADIAN.) SOLID_ANGLE_UNIT() );
#1791 = UNCERTAINTY_MEASURE_WITH_UNIT(LENGTH_MEASURE(1.E-07),#1788,
  'distance_accuracy_value','confusion accuracy');
#1792 = CONTEXT_DEPENDENT_SHAPE_REPRESENTATION(#1793,#1795);
#1793 = ( REPRESENTATION_RELATIONSHIP('','',#1570,#10) 
REPRESENTATION_RELATIONSHIP_WITH_TRANSFORMATION(#1794) 
SHAPE_REPRESENTATION_RELATIONSHIP() );
#1794 = ITEM_DEFINED_TRANSFORMATION('','',#11,#39);
#1795 = PRODUCT_DEFINITION_SHAPE('Placement','Placement of an item',
  #1796);
#1796 = NEXT_ASSEMBLY_USAGE_OCCURRENCE('41','Body006','',#5,#1565,$);
#1797 = PRODUCT_RELATED_PRODUCT_CATEGORY('part',$,(#1567));
#1798 = SHAPE_DEFINITION_REPRESENTATION(#1799,#1805);
#1799 = PRODUCT_DEFINITION_SHAPE('','',#1800);
#1800 = PRODUCT_DEFINITION('design','',#1801,#1804);
#1801 = PRODUCT_DEFINITION_FORMATION('','',#1802);
#1802 = PRODUCT('Body007','Body007','',(#1803));
#1803 = PRODUCT_CONTEXT('',#2,'mechanical');
#1804 = PRODUCT_DEFINITION_CONTEXT('part definition',#2,'design');
#1805 = ADVANCED_BREP_SHAPE_REPRESENTATION('',(#11,#1806),#2026);
#1806 = MANIFOLD_SOLID_BREP('',#1807);
#1807 = CLOSED_SHELL('',(#1808,#1848,#1881,#1912,#1945,#1976,#1998,#2012
    ));
#1808 = ADVANCED_FACE('',(#1809),#1843,.T.);
#1809 = FACE_BOUND('',#1810,.T.);
#1810 = EDGE_LOOP('',(#1811,#1821,#1829,#1837));
#1811 = ORIENTED_EDGE('',*,*,#1812,.T.);
#1812 = EDGE_CURVE('',#1813,#1815,#1817,.T.);
#1813 = VERTEX_POINT('',#1814);
#1814 = CARTESIAN_POINT('',(0.5,-1.,0.));
#1815 = VERTEX_POINT('',#1816);
#1816 = CARTESIAN_POINT('',(0.5,-1.,5.E-02));
#1817 = LINE('',#1818,#1819);
#1818 = CARTESIAN_POINT('',(0.5,-1.,0.));
#1819 = VECTOR('',#1820,1.);
#1820 = DIRECTION('',(0.,0.,1.));
#1821 = ORIENTED_EDGE('',*,*,#1822,.T.);
#1822 = EDGE_CURVE('',#1815,#1823,#1825,.T.);
#1823 = VERTEX_POINT('',#1824);
#1824 = CARTESIAN_POINT('',(0.5,-1.4,5.E-02));
#1825 = LINE('',#1826,#1827);
#1826 = CARTESIAN_POINT('',(0.5,-1.,5.E-02));
#1827 = VECTOR('',#1828,1.);
#1828 = DIRECTION('',(0.,-1.,0.));
#1829 = ORIENTED_EDGE('',*,*,#1830,.F.);
#1830 = EDGE_CURVE('',#1831,#1823,#1833,.T.);
#1831 = VERTEX_POINT('',#1832);
#1832 = CARTESIAN_POINT('',(0.5,-1.4,0.));
#1833 = LINE('',#1834,#1835);
#1834 = CARTESIAN_POINT('',(0.5,-1.4,0.));
#1835 = VECTOR('',#1836,1.);
#1836 = DIRECTION('',(0.,0.,1.));
#1837 = ORIENTED_EDGE('',*,*,#1838,.F.);
#1838 = EDGE_CURVE('',#1813,#1831,#1839,.T.);
#1839 = LINE('',#1840,#1841);
#1840 = CARTESIAN_POINT('',(0.5,-1.,0.));
#1841 = VECTOR('',#1842,1.);
#1842 = DIRECTION('',(0.,-1.,0.));
#1843 = PLANE('',#1844);
#1844 = AXIS2_PLACEMENT_3D('',#1845,#1846,#1847);
#1845 = CARTESIAN_POINT('',(0.5,-1.,0.));
#1846 = DIRECTION('',(1.,0.,0.));
#1847 = DIRECTION('',(0.,-1.,0.));
#1848 = ADVANCED_FACE('',(#1849),#1876,.F.);
#1849 = FACE_BOUND('',#1850,.T.);
#1850 = EDGE_LOOP('',(#1851,#1852,#1861,#1869));
#1851 = ORIENTED_EDGE('',*,*,#1830,.T.);
#1852 = ORIENTED_EDGE('',*,*,#1853,.T.);
#1853 = EDGE_CURVE('',#1823,#1854,#1856,.T.);
#1854 = VERTEX_POINT('',#1855);
#1855 = CARTESIAN_POINT('',(0.3,-1.6,5.E-02));
#1856 = CIRCLE('',#1857,0.2);
#1857 = AXIS2_PLACEMENT_3D('',#1858,#1859,#1860);
#1858 = CARTESIAN_POINT('',(0.5,-1.6,5.E-02));
#1859 = DIRECTION('',(0.,0.,1.));
#1860 = DIRECTION('',(1.,0.,0.));
#1861 = ORIENTED_EDGE('',*,*,#1862,.F.);
#1862 = EDGE_CURVE('',#1863,#1854,#1865,.T.);
#1863 = VERTEX_POINT('',#1864);
#1864 = CARTESIAN_POINT('',(0.3,-1.6,0.));
#1865 = LINE('',#1866,#1867);
#1866 = CARTESIAN_POINT('',(0.3,-1.6,0.));
#1867 = VECTOR('',#1868,1.);
#1868 = DIRECTION('',(0.,0.,1.));
#1869 = ORIENTED_EDGE('',*,*,#1870,.F.);
#1870 = EDGE_CURVE('',#1831,#1863,#1871,.T.);
#1871 = CIRCLE('',#1872,0.2);
#1872 = AXIS2_PLACEMENT_3D('',#1873,#1874,#1875);
#1873 = CARTESIAN_POINT('',(0.5,-1.6,0.));
#1874 = DIRECTION('',(0.,0.,1.));
#1875 = DIRECTION('',(1.,0.,0.));
#1876 = CYLINDRICAL_SURFACE('',#1877,0.2);
#1877 = AXIS2_PLACEMENT_3D('',#1878,#1879,#1880);
#1878 = CARTESIAN_POINT('',(0.5,-1.6,0.));
#1879 = DIRECTION('',(-0.,-0.,-1.));
#1880 = DIRECTION('',(1.,0.,0.));
#1881 = ADVANCED_FACE('',(#1882),#1907,.T.);
#1882 = FACE_BOUND('',#1883,.T.);
#1883 = EDGE_LOOP('',(#1884,#1885,#1893,#1901));
#1884 = ORIENTED_EDGE('',*,*,#1862,.T.);
#1885 = ORIENTED_EDGE('',*,*,#1886,.T.);
#1886 = EDGE_CURVE('',#1854,#1887,#1889,.T.);
#1887 = VERTEX_POINT('',#1888);
#1888 = CARTESIAN_POINT('',(-0.3,-1.6,5.E-02));
#1889 = LINE('',#1890,#1891);
#1890 = CARTESIAN_POINT('',(0.3,-1.6,5.E-02));
#1891 = VECTOR('',#1892,1.);
#1892 = DIRECTION('',(-1.,0.,0.));
#1893 = ORIENTED_EDGE('',*,*,#1894,.F.);
#1894 = EDGE_CURVE('',#1895,#1887,#1897,.T.);
#1895 = VERTEX_POINT('',#1896);
#1896 = CARTESIAN_POINT('',(-0.3,-1.6,0.));
#1897 = LINE('',#1898,#1899);
#1898 = CARTESIAN_POINT('',(-0.3,-1.6,0.));
#1899 = VECTOR('',#1900,1.);
#1900 = DIRECTION('',(0.,0.,1.));
#1901 = ORIENTED_EDGE('',*,*,#1902,.F.);
#1902 = EDGE_CURVE('',#1863,#1895,#1903,.T.);
#1903 = LINE('',#1904,#1905);
#1904 = CARTESIAN_POINT('',(0.3,-1.6,0.));
#1905 = VECTOR('',#1906,1.);
#1906 = DIRECTION('',(-1.,0.,0.));
#1907 = PLANE('',#1908);
#1908 = AXIS2_PLACEMENT_3D('',#1909,#1910,#1911);
#1909 = CARTESIAN_POINT('',(0.3,-1.6,0.));
#1910 = DIRECTION('',(0.,-1.,0.));
#1911 = DIRECTION('',(-1.,0.,0.));
#1912 = ADVANCED_FACE('',(#1913),#1940,.F.);
#1913 = FACE_BOUND('',#1914,.T.);
#1914 = EDGE_LOOP('',(#1915,#1916,#1925,#1933));
#1915 = ORIENTED_EDGE('',*,*,#1894,.T.);
#1916 = ORIENTED_EDGE('',*,*,#1917,.T.);
#1917 = EDGE_CURVE('',#1887,#1918,#1920,.T.);
#1918 = VERTEX_POINT('',#1919);
#1919 = CARTESIAN_POINT('',(-0.5,-1.4,5.E-02));
#1920 = CIRCLE('',#1921,0.2);
#1921 = AXIS2_PLACEMENT_3D('',#1922,#1923,#1924);
#1922 = CARTESIAN_POINT('',(-0.5,-1.6,5.E-02));
#1923 = DIRECTION('',(0.,0.,1.));
#1924 = DIRECTION('',(1.,0.,0.));
#1925 = ORIENTED_EDGE('',*,*,#1926,.F.);
#1926 = EDGE_CURVE('',#1927,#1918,#1929,.T.);
#1927 = VERTEX_POINT('',#1928);
#1928 = CARTESIAN_POINT('',(-0.5,-1.4,0.));
#1929 = LINE('',#1930,#1931);
#1930 = CARTESIAN_POINT('',(-0.5,-1.4,0.));
#1931 = VECTOR('',#1932,1.);
#1932 = DIRECTION('',(0.,0.,1.));
#1933 = ORIENTED_EDGE('',*,*,#1934,.F.);
#1934 = EDGE_CURVE('',#1895,#1927,#1935,.T.);
#1935 = CIRCLE('',#1936,0.2);
#1936 = AXIS2_PLACEMENT_3D('',#1937,#1938,#1939);
#1937 = CARTESIAN_POINT('',(-0.5,-1.6,0.));
#1938 = DIRECTION('',(0.,0.,1.));
#1939 = DIRECTION('',(1.,0.,0.));
#1940 = CYLINDRICAL_SURFACE('',#1941,0.2);
#1941 = AXIS2_PLACEMENT_3D('',#1942,#1943,#1944);
#1942 = CARTESIAN_POINT('',(-0.5,-1.6,0.));
#1943 = DIRECTION('',(-0.,-0.,-1.));
#1944 = DIRECTION('',(1.,0.,0.));
#1945 = ADVANCED_FACE('',(#1946),#1971,.T.);
#1946 = FACE_BOUND('',#1947,.T.);
#1947 = EDGE_LOOP('',(#1948,#1949,#1957,#1965));
#1948 = ORIENTED_EDGE('',*,*,#1926,.T.);
#1949 = ORIENTED_EDGE('',*,*,#1950,.T.);
#1950 = EDGE_CURVE('',#1918,#1951,#1953,.T.);
#1951 = VERTEX_POINT('',#1952);
#1952 = CARTESIAN_POINT('',(-0.5,-1.,5.E-02));
#1953 = LINE('',#1954,#1955);
#1954 = CARTESIAN_POINT('',(-0.5,-1.4,5.E-02));
#1955 = VECTOR('',#1956,1.);
#1956 = DIRECTION('',(0.,1.,0.));
#1957 = ORIENTED_EDGE('',*,*,#1958,.F.);
#1958 = EDGE_CURVE('',#1959,#1951,#1961,.T.);
#1959 = VERTEX_POINT('',#1960);
#1960 = CARTESIAN_POINT('',(-0.5,-1.,0.));
#1961 = LINE('',#1962,#1963);
#1962 = CARTESIAN_POINT('',(-0.5,-1.,0.));
#1963 = VECTOR('',#1964,1.);
#1964 = DIRECTION('',(0.,0.,1.));
#1965 = ORIENTED_EDGE('',*,*,#1966,.F.);
#1966 = EDGE_CURVE('',#1927,#1959,#1967,.T.);
#1967 = LINE('',#1968,#1969);
#1968 = CARTESIAN_POINT('',(-0.5,-1.4,0.));
#1969 = VECTOR('',#1970,1.);
#1970 = DIRECTION('',(0.,1.,0.));
#1971 = PLANE('',#1972);
#1972 = AXIS2_PLACEMENT_3D('',#1973,#1974,#1975);
#1973 = CARTESIAN_POINT('',(-0.5,-1.4,0.));
#1974 = DIRECTION('',(-1.,0.,0.));
#1975 = DIRECTION('',(0.,1.,0.));
#1976 = ADVANCED_FACE('',(#1977),#1993,.T.);
#1977 = FACE_BOUND('',#1978,.T.);
#1978 = EDGE_LOOP('',(#1979,#1980,#1986,#1987));
#1979 = ORIENTED_EDGE('',*,*,#1958,.T.);
#1980 = ORIENTED_EDGE('',*,*,#1981,.T.);
#1981 = EDGE_CURVE('',#1951,#1815,#1982,.T.);
#1982 = LINE('',#1983,#1984);
#1983 = CARTESIAN_POINT('',(-0.5,-1.,5.E-02));
#1984 = VECTOR('',#1985,1.);
#1985 = DIRECTION('',(1.,0.,0.));
#1986 = ORIENTED_EDGE('',*,*,#1812,.F.);
#1987 = ORIENTED_EDGE('',*,*,#1988,.F.);
#1988 = EDGE_CURVE('',#1959,#1813,#1989,.T.);
#1989 = LINE('',#1990,#1991);
#1990 = CARTESIAN_POINT('',(-0.5,-1.,0.));
#1991 = VECTOR('',#1992,1.);
#1992 = DIRECTION('',(1.,0.,0.));
#1993 = PLANE('',#1994);
#1994 = AXIS2_PLACEMENT_3D('',#1995,#1996,#1997);
#1995 = CARTESIAN_POINT('',(-0.5,-1.,0.));
#1996 = DIRECTION('',(0.,1.,0.));
#1997 = DIRECTION('',(1.,0.,0.));
#1998 = ADVANCED_FACE('',(#1999),#2007,.F.);
#1999 = FACE_BOUND('',#2000,.T.);
#2000 = EDGE_LOOP('',(#2001,#2002,#2003,#2004,#2005,#2006));
#2001 = ORIENTED_EDGE('',*,*,#1838,.T.);
#2002 = ORIENTED_EDGE('',*,*,#1870,.T.);
#2003 = ORIENTED_EDGE('',*,*,#1902,.T.);
#2004 = ORIENTED_EDGE('',*,*,#1934,.T.);
#2005 = ORIENTED_EDGE('',*,*,#1966,.T.);
#2006 = ORIENTED_EDGE('',*,*,#1988,.T.);
#2007 = PLANE('',#2008);
#2008 = AXIS2_PLACEMENT_3D('',#2009,#2010,#2011);
#2009 = CARTESIAN_POINT('',(-4.E-17,-1.269904214992,0.));
#2010 = DIRECTION('',(0.,0.,1.));
#2011 = DIRECTION('',(1.,0.,0.));
#2012 = ADVANCED_FACE('',(#2013),#2021,.T.);
#2013 = FACE_BOUND('',#2014,.F.);
#2014 = EDGE_LOOP('',(#2015,#2016,#2017,#2018,#2019,#2020));
#2015 = ORIENTED_EDGE('',*,*,#1822,.T.);
#2016 = ORIENTED_EDGE('',*,*,#1853,.T.);
#2017 = ORIENTED_EDGE('',*,*,#1886,.T.);
#2018 = ORIENTED_EDGE('',*,*,#1917,.T.);
#2019 = ORIENTED_EDGE('',*,*,#1950,.T.);
#2020 = ORIENTED_EDGE('',*,*,#1981,.T.);
#2021 = PLANE('',#2022);
#2022 = AXIS2_PLACEMENT_3D('',#2023,#2024,#2025);
#2023 = CARTESIAN_POINT('',(-4.E-17,-1.269904214992,5.E-02));
#2024 = DIRECTION('',(0.,0.,1.));
#2025 = DIRECTION('',(1.,0.,0.));
#2026 = ( GEOMETRIC_REPRESENTATION_CONTEXT(3) 
GLOBAL_UNCERTAINTY_ASSIGNED_CONTEXT((#2030)) 
GLOBAL_UNIT_ASSIGNED_CONTEXT((#2027,#2028,#2029)) REPRESENTATION_CONTEXT
('Context #1','3D Context with UNIT and UNCERTAINTY') );
#2027 = ( LENGTH_UNIT() NAMED_UNIT(*) SI_UNIT(.MILLI.,.METRE.) );
#2028 = ( NAMED_UNIT(*) PLANE_ANGLE_UNIT() SI_UNIT($,.RADIAN.) );
#2029 = ( NAMED_UNIT(*) SI_UNIT($,.STERADIAN.) SOLID_ANGLE_UNIT() );
#2030 = UNCERTAINTY_MEASURE_WITH_UNIT(LENGTH_MEASURE(1.E-07),#2027,
  'distance_accuracy_value','confusion accuracy');
#2031 = CONTEXT_DEPENDENT_SHAPE_REPRESENTATION(#2032,#2034);
#2032 = ( REPRESENTATION_RELATIONSHIP('','',#1805,#10) 
REPRESENTATION_RELATIONSHIP_WITH_TRANSFORMATION(#2033) 
SHAPE_REPRESENTATION_RELATIONSHIP() );
#2033 = ITEM_DEFINED_TRANSFORMATION('','',#11,#43);
#2034 = PRODUCT_DEFINITION_SHAPE('Placement','Placement of an item',
  #2035);
#2035 = NEXT_ASSEMBLY_USAGE_OCCURRENCE('42','Body007','',#5,#1800,$);
#2036 = PRODUCT_RELATED_PRODUCT_CATEGORY('part',$,(#1802));
#2037 = SHAPE_DEFINITION_REPRESENTATION(#2038,#2044);
#2038 = PRODUCT_DEFINITION_SHAPE('','',#2039);
#2039 = PRODUCT_DEFINITION('design','',#2040,#2043);
#2040 = PRODUCT_DEFINITION_FORMATION('','',#2041);
#2041 = PRODUCT('Body008','Body008','',(#2042));
#2042 = PRODUCT_CONTEXT('',#2,'mechanical');
#2043 = PRODUCT_DEFINITION_CONTEXT('part definition',#2,'design');
#2044 = ADVANCED_BREP_SHAPE_REPRESENTATION('',(#11,#2045),#2195);
#2045 = MANIFOLD_SOLID_BREP('',#2046);
#2046 = CLOSED_SHELL('',(#2047,#2087,#2118,#2149,#2171,#2183));
#2047 = ADVANCED_FACE('',(#2048),#2082,.T.);
#2048 = FACE_BOUND('',#2049,.T.);
#2049 = EDGE_LOOP('',(#2050,#2060,#2068,#2076));
#2050 = ORIENTED_EDGE('',*,*,#2051,.T.);
#2051 = EDGE_CURVE('',#2052,#2054,#2056,.T.);
#2052 = VERTEX_POINT('',#2053);
#2053 = CARTESIAN_POINT('',(-0.3,-0.2,0.48));
#2054 = VERTEX_POINT('',#2055);
#2055 = CARTESIAN_POINT('',(-0.3,-0.2,0.53));
#2056 = LINE('',#2057,#2058);
#2057 = CARTESIAN_POINT('',(-0.3,-0.2,0.48));
#2058 = VECTOR('',#2059,1.);
#2059 = DIRECTION('',(0.,0.,1.));
#2060 = ORIENTED_EDGE('',*,*,#2061,.T.);
#2061 = EDGE_CURVE('',#2054,#2062,#2064,.T.);
#2062 = VERTEX_POINT('',#2063);
#2063 = CARTESIAN_POINT('',(-0.1,-0.2,0.53));
#2064 = LINE('',#2065,#2066);
#2065 = CARTESIAN_POINT('',(-0.3,-0.2,0.53));
#2066 = VECTOR('',#2067,1.);
#2067 = DIRECTION('',(1.,0.,0.));
#2068 = ORIENTED_EDGE('',*,*,#2069,.F.);
#2069 = EDGE_CURVE('',#2070,#2062,#2072,.T.);
#2070 = VERTEX_POINT('',#2071);
#2071 = CARTESIAN_POINT('',(-0.1,-0.2,0.48));
#2072 = LINE('',#2073,#2074);
#2073 = CARTESIAN_POINT('',(-0.1,-0.2,0.48));
#2074 = VECTOR('',#2075,1.);
#2075 = DIRECTION('',(0.,0.,1.));
#2076 = ORIENTED_EDGE('',*,*,#2077,.F.);
#2077 = EDGE_CURVE('',#2052,#2070,#2078,.T.);
#2078 = LINE('',#2079,#2080);
#2079 = CARTESIAN_POINT('',(-0.3,-0.2,0.48));
#2080 = VECTOR('',#2081,1.);
#2081 = DIRECTION('',(1.,0.,0.));
#2082 = PLANE('',#2083);
#2083 = AXIS2_PLACEMENT_3D('',#2084,#2085,#2086);
#2084 = CARTESIAN_POINT('',(-0.3,-0.2,0.48));
#2085 = DIRECTION('',(0.,1.,0.));
#2086 = DIRECTION('',(1.,0.,0.));
#2087 = ADVANCED_FACE('',(#2088),#2113,.T.);
#2088 = FACE_BOUND('',#2089,.T.);
#2089 = EDGE_LOOP('',(#2090,#2091,#2099,#2107));
#2090 = ORIENTED_EDGE('',*,*,#2069,.T.);
#2091 = ORIENTED_EDGE('',*,*,#2092,.T.);
#2092 = EDGE_CURVE('',#2062,#2093,#2095,.T.);
#2093 = VERTEX_POINT('',#2094);
#2094 = CARTESIAN_POINT('',(-0.1,-0.4,0.53));
#2095 = LINE('',#2096,#2097);
#2096 = CARTESIAN_POINT('',(-0.1,-0.2,0.53));
#2097 = VECTOR('',#2098,1.);
#2098 = DIRECTION('',(0.,-1.,0.));
#2099 = ORIENTED_EDGE('',*,*,#2100,.F.);
#2100 = EDGE_CURVE('',#2101,#2093,#2103,.T.);
#2101 = VERTEX_POINT('',#2102);
#2102 = CARTESIAN_POINT('',(-0.1,-0.4,0.48));
#2103 = LINE('',#2104,#2105);
#2104 = CARTESIAN_POINT('',(-0.1,-0.4,0.48));
#2105 = VECTOR('',#2106,1.);
#2106 = DIRECTION('',(0.,0.,1.));
#2107 = ORIENTED_EDGE('',*,*,#2108,.F.);
#2108 = EDGE_CURVE('',#2070,#2101,#2109,.T.);
#2109 = LINE('',#2110,#2111);
#2110 = CARTESIAN_POINT('',(-0.1,-0.2,0.48));
#2111 = VECTOR('',#2112,1.);
#2112 = DIRECTION('',(0.,-1.,0.));
#2113 = PLANE('',#2114);
#2114 = AXIS2_PLACEMENT_3D('',#2115,#2116,#2117);
#2115 = CARTESIAN_POINT('',(-0.1,-0.2,0.48));
#2116 = DIRECTION('',(1.,0.,0.));
#2117 = DIRECTION('',(0.,-1.,0.));
#2118 = ADVANCED_FACE('',(#2119),#2144,.T.);
#2119 = FACE_BOUND('',#2120,.T.);
#2120 = EDGE_LOOP('',(#2121,#2122,#2130,#2138));
#2121 = ORIENTED_EDGE('',*,*,#2100,.T.);
#2122 = ORIENTED_EDGE('',*,*,#2123,.T.);
#2123 = EDGE_CURVE('',#2093,#2124,#2126,.T.);
#2124 = VERTEX_POINT('',#2125);
#2125 = CARTESIAN_POINT('',(-0.3,-0.4,0.53));
#2126 = LINE('',#2127,#2128);
#2127 = CARTESIAN_POINT('',(-0.1,-0.4,0.53));
#2128 = VECTOR('',#2129,1.);
#2129 = DIRECTION('',(-1.,0.,0.));
#2130 = ORIENTED_EDGE('',*,*,#2131,.F.);
#2131 = EDGE_CURVE('',#2132,#2124,#2134,.T.);
#2132 = VERTEX_POINT('',#2133);
#2133 = CARTESIAN_POINT('',(-0.3,-0.4,0.48));
#2134 = LINE('',#2135,#2136);
#2135 = CARTESIAN_POINT('',(-0.3,-0.4,0.48));
#2136 = VECTOR('',#2137,1.);
#2137 = DIRECTION('',(0.,0.,1.));
#2138 = ORIENTED_EDGE('',*,*,#2139,.F.);
#2139 = EDGE_CURVE('',#2101,#2132,#2140,.T.);
#2140 = LINE('',#2141,#2142);
#2141 = CARTESIAN_POINT('',(-0.1,-0.4,0.48));
#2142 = VECTOR('',#2143,1.);
#2143 = DIRECTION('',(-1.,0.,0.));
#2144 = PLANE('',#2145);
#2145 = AXIS2_PLACEMENT_3D('',#2146,#2147,#2148);
#2146 = CARTESIAN_POINT('',(-0.1,-0.4,0.48));
#2147 = DIRECTION('',(0.,-1.,0.));
#2148 = DIRECTION('',(-1.,0.,0.));
#2149 = ADVANCED_FACE('',(#2150),#2166,.T.);
#2150 = FACE_BOUND('',#2151,.T.);
#2151 = EDGE_LOOP('',(#2152,#2153,#2159,#2160));
#2152 = ORIENTED_EDGE('',*,*,#2131,.T.);
#2153 = ORIENTED_EDGE('',*,*,#2154,.T.);
#2154 = EDGE_CURVE('',#2124,#2054,#2155,.T.);
#2155 = LINE('',#2156,#2157);
#2156 = CARTESIAN_POINT('',(-0.3,-0.4,0.53));
#2157 = VECTOR('',#2158,1.);
#2158 = DIRECTION('',(0.,1.,0.));
#2159 = ORIENTED_EDGE('',*,*,#2051,.F.);
#2160 = ORIENTED_EDGE('',*,*,#2161,.F.);
#2161 = EDGE_CURVE('',#2132,#2052,#2162,.T.);
#2162 = LINE('',#2163,#2164);
#2163 = CARTESIAN_POINT('',(-0.3,-0.4,0.48));
#2164 = VECTOR('',#2165,1.);
#2165 = DIRECTION('',(0.,1.,0.));
#2166 = PLANE('',#2167);
#2167 = AXIS2_PLACEMENT_3D('',#2168,#2169,#2170);
#2168 = CARTESIAN_POINT('',(-0.3,-0.4,0.48));
#2169 = DIRECTION('',(-1.,0.,0.));
#2170 = DIRECTION('',(0.,1.,0.));
#2171 = ADVANCED_FACE('',(#2172),#2178,.F.);
#2172 = FACE_BOUND('',#2173,.T.);
#2173 = EDGE_LOOP('',(#2174,#2175,#2176,#2177));
#2174 = ORIENTED_EDGE('',*,*,#2077,.T.);
#2175 = ORIENTED_EDGE('',*,*,#2108,.T.);
#2176 = ORIENTED_EDGE('',*,*,#2139,.T.);
#2177 = ORIENTED_EDGE('',*,*,#2161,.T.);
#2178 = PLANE('',#2179);
#2179 = AXIS2_PLACEMENT_3D('',#2180,#2181,#2182);
#2180 = CARTESIAN_POINT('',(-0.2,-0.3,0.48));
#2181 = DIRECTION('',(0.,0.,1.));
#2182 = DIRECTION('',(1.,0.,0.));
#2183 = ADVANCED_FACE('',(#2184),#2190,.T.);
#2184 = FACE_BOUND('',#2185,.F.);
#2185 = EDGE_LOOP('',(#2186,#2187,#2188,#2189));
#2186 = ORIENTED_EDGE('',*,*,#2061,.T.);
#2187 = ORIENTED_EDGE('',*,*,#2092,.T.);
#2188 = ORIENTED_EDGE('',*,*,#2123,.T.);
#2189 = ORIENTED_EDGE('',*,*,#2154,.T.);
#2190 = PLANE('',#2191);
#2191 = AXIS2_PLACEMENT_3D('',#2192,#2193,#2194);
#2192 = CARTESIAN_POINT('',(-0.2,-0.3,0.53));
#2193 = DIRECTION('',(0.,0.,1.));
#2194 = DIRECTION('',(1.,0.,0.));
#2195 = ( GEOMETRIC_REPRESENTATION_CONTEXT(3) 
GLOBAL_UNCERTAINTY_ASSIGNED_CONTEXT((#2199)) 
GLOBAL_UNIT_ASSIGNED_CONTEXT((#2196,#2197,#2198)) REPRESENTATION_CONTEXT
('Context #1','3D Context with UNIT and UNCERTAINTY') );
#2196 = ( LENGTH_UNIT() NAMED_UNIT(*) SI_UNIT(.MILLI.,.METRE.) );
#2197 = ( NAMED_UNIT(*) PLANE_ANGLE_UNIT() SI_UNIT($,.RADIAN.) );
#2198 = ( NAMED_UNIT(*) SI_UNIT($,.STERADIAN.) SOLID_ANGLE_UNIT() );
#2199 = UNCERTAINTY_MEASURE_WITH_UNIT(LENGTH_MEASURE(1.E-07),#2196,
  'distance_accuracy_value','confusion accuracy');
#2200 = CONTEXT_DEPENDENT_SHAPE_REPRESENTATION(#2201,#2203);
#2201 = ( REPRESENTATION_RELATIONSHIP('','',#2044,#10) 
REPRESENTATION_RELATIONSHIP_WITH_TRANSFORMATION(#2202) 
SHAPE_REPRESENTATION_RELATIONSHIP() );
#2202 = ITEM_DEFINED_TRANSFORMATION('','',#11,#47);
#2203 = PRODUCT_DEFINITION_SHAPE('Placement','Placement of an item',
  #2204);
#2204 = NEXT_ASSEMBLY_USAGE_OCCURRENCE('43','Body008','',#5,#2039,$);
#2205 = PRODUCT_RELATED_PRODUCT_CATEGORY('part',$,(#2041));
#2206 = SHAPE_DEFINITION_REPRESENTATION(#2207,#2213);
#2207 = PRODUCT_DEFINITION_SHAPE('','',#2208);
#2208 = PRODUCT_DEFINITION('design','',#2209,#2212);
#2209 = PRODUCT_DEFINITION_FORMATION('','',#2210);
#2210 = PRODUCT('Body009','Body009','',(#2211));
#2211 = PRODUCT_CONTEXT('',#2,'mechanical');
#2212 = PRODUCT_DEFINITION_CONTEXT('part definition',#2,'design');
#2213 = ADVANCED_BREP_SHAPE_REPRESENTATION('',(#11,#2214),#2364);
#2214 = MANIFOLD_SOLID_BREP('',#2215);
#2215 = CLOSED_SHELL('',(#2216,#2256,#2287,#2318,#2340,#2352));
#2216 = ADVANCED_FACE('',(#2217),#2251,.T.);
#2217 = FACE_BOUND('',#2218,.T.);
#2218 = EDGE_LOOP('',(#2219,#2229,#2237,#2245));
#2219 = ORIENTED_EDGE('',*,*,#2220,.T.);
#2220 = EDGE_CURVE('',#2221,#2223,#2225,.T.);
#2221 = VERTEX_POINT('',#2222);
#2222 = CARTESIAN_POINT('',(-0.3,-0.2,0.48));
#2223 = VERTEX_POINT('',#2224);
#2224 = CARTESIAN_POINT('',(-0.3,-0.2,0.53));
#2225 = LINE('',#2226,#2227);
#2226 = CARTESIAN_POINT('',(-0.3,-0.2,0.48));
#2227 = VECTOR('',#2228,1.);
#2228 = DIRECTION('',(0.,0.,1.));
#2229 = ORIENTED_EDGE('',*,*,#2230,.T.);
#2230 = EDGE_CURVE('',#2223,#2231,#2233,.T.);
#2231 = VERTEX_POINT('',#2232);
#2232 = CARTESIAN_POINT('',(-0.1,-0.2,0.53));
#2233 = LINE('',#2234,#2235);
#2234 = CARTESIAN_POINT('',(-0.3,-0.2,0.53));
#2235 = VECTOR('',#2236,1.);
#2236 = DIRECTION('',(1.,0.,0.));
#2237 = ORIENTED_EDGE('',*,*,#2238,.F.);
#2238 = EDGE_CURVE('',#2239,#2231,#2241,.T.);
#2239 = VERTEX_POINT('',#2240);
#2240 = CARTESIAN_POINT('',(-0.1,-0.2,0.48));
#2241 = LINE('',#2242,#2243);
#2242 = CARTESIAN_POINT('',(-0.1,-0.2,0.48));
#2243 = VECTOR('',#2244,1.);
#2244 = DIRECTION('',(0.,0.,1.));
#2245 = ORIENTED_EDGE('',*,*,#2246,.F.);
#2246 = EDGE_CURVE('',#2221,#2239,#2247,.T.);
#2247 = LINE('',#2248,#2249);
#2248 = CARTESIAN_POINT('',(-0.3,-0.2,0.48));
#2249 = VECTOR('',#2250,1.);
#2250 = DIRECTION('',(1.,0.,0.));
#2251 = PLANE('',#2252);
#2252 = AXIS2_PLACEMENT_3D('',#2253,#2254,#2255);
#2253 = CARTESIAN_POINT('',(-0.3,-0.2,0.48));
#2254 = DIRECTION('',(0.,1.,0.));
#2255 = DIRECTION('',(1.,0.,0.));
#2256 = ADVANCED_FACE('',(#2257),#2282,.T.);
#2257 = FACE_BOUND('',#2258,.T.);
#2258 = EDGE_LOOP('',(#2259,#2260,#2268,#2276));
#2259 = ORIENTED_EDGE('',*,*,#2238,.T.);
#2260 = ORIENTED_EDGE('',*,*,#2261,.T.);
#2261 = EDGE_CURVE('',#2231,#2262,#2264,.T.);
#2262 = VERTEX_POINT('',#2263);
#2263 = CARTESIAN_POINT('',(-0.1,-0.4,0.53));
#2264 = LINE('',#2265,#2266);
#2265 = CARTESIAN_POINT('',(-0.1,-0.2,0.53));
#2266 = VECTOR('',#2267,1.);
#2267 = DIRECTION('',(0.,-1.,0.));
#2268 = ORIENTED_EDGE('',*,*,#2269,.F.);
#2269 = EDGE_CURVE('',#2270,#2262,#2272,.T.);
#2270 = VERTEX_POINT('',#2271);
#2271 = CARTESIAN_POINT('',(-0.1,-0.4,0.48));
#2272 = LINE('',#2273,#2274);
#2273 = CARTESIAN_POINT('',(-0.1,-0.4,0.48));
#2274 = VECTOR('',#2275,1.);
#2275 = DIRECTION('',(0.,0.,1.));
#2276 = ORIENTED_EDGE('',*,*,#2277,.F.);
#2277 = EDGE_CURVE('',#2239,#2270,#2278,.T.);
#2278 = LINE('',#2279,#2280);
#2279 = CARTESIAN_POINT('',(-0.1,-0.2,0.48));
#2280 = VECTOR('',#2281,1.);
#2281 = DIRECTION('',(0.,-1.,0.));
#2282 = PLANE('',#2283);
#2283 = AXIS2_PLACEMENT_3D('',#2284,#2285,#2286);
#2284 = CARTESIAN_POINT('',(-0.1,-0.2,0.48));
#2285 = DIRECTION('',(1.,0.,0.));
#2286 = DIRECTION('',(0.,-1.,0.));
#2287 = ADVANCED_FACE('',(#2288),#2313,.T.);
#2288 = FACE_BOUND('',#2289,.T.);
#2289 = EDGE_LOOP('',(#2290,#2291,#2299,#2307));
#2290 = ORIENTED_EDGE('',*,*,#2269,.T.);
#2291 = ORIENTED_EDGE('',*,*,#2292,.T.);
#2292 = EDGE_CURVE('',#2262,#2293,#2295,.T.);
#2293 = VERTEX_POINT('',#2294);
#2294 = CARTESIAN_POINT('',(-0.3,-0.4,0.53));
#2295 = LINE('',#2296,#2297);
#2296 = CARTESIAN_POINT('',(-0.1,-0.4,0.53));
#2297 = VECTOR('',#2298,1.);
#2298 = DIRECTION('',(-1.,0.,0.));
#2299 = ORIENTED_EDGE('',*,*,#2300,.F.);
#2300 = EDGE_CURVE('',#2301,#2293,#2303,.T.);
#2301 = VERTEX_POINT('',#2302);
#2302 = CARTESIAN_POINT('',(-0.3,-0.4,0.48));
#2303 = LINE('',#2304,#2305);
#2304 = CARTESIAN_POINT('',(-0.3,-0.4,0.48));
#2305 = VECTOR('',#2306,1.);
#2306 = DIRECTION('',(0.,0.,1.));
#2307 = ORIENTED_EDGE('',*,*,#2308,.F.);
#2308 = EDGE_CURVE('',#2270,#2301,#2309,.T.);
#2309 = LINE('',#2310,#2311);
#2310 = CARTESIAN_POINT('',(-0.1,-0.4,0.48));
#2311 = VECTOR('',#2312,1.);
#2312 = DIRECTION('',(-1.,0.,0.));
#2313 = PLANE('',#2314);
#2314 = AXIS2_PLACEMENT_3D('',#2315,#2316,#2317);
#2315 = CARTESIAN_POINT('',(-0.1,-0.4,0.48));
#2316 = DIRECTION('',(0.,-1.,0.));
#2317 = DIRECTION('',(-1.,0.,0.));
#2318 = ADVANCED_FACE('',(#2319),#2335,.T.);
#2319 = FACE_BOUND('',#2320,.T.);
#2320 = EDGE_LOOP('',(#2321,#2322,#2328,#2329));
#2321 = ORIENTED_EDGE('',*,*,#2300,.T.);
#2322 = ORIENTED_EDGE('',*,*,#2323,.T.);
#2323 = EDGE_CURVE('',#2293,#2223,#2324,.T.);
#2324 = LINE('',#2325,#2326);
#2325 = CARTESIAN_POINT('',(-0.3,-0.4,0.53));
#2326 = VECTOR('',#2327,1.);
#2327 = DIRECTION('',(0.,1.,0.));
#2328 = ORIENTED_EDGE('',*,*,#2220,.F.);
#2329 = ORIENTED_EDGE('',*,*,#2330,.F.);
#2330 = EDGE_CURVE('',#2301,#2221,#2331,.T.);
#2331 = LINE('',#2332,#2333);
#2332 = CARTESIAN_POINT('',(-0.3,-0.4,0.48));
#2333 = VECTOR('',#2334,1.);
#2334 = DIRECTION('',(0.,1.,0.));
#2335 = PLANE('',#2336);
#2336 = AXIS2_PLACEMENT_3D('',#2337,#2338,#2339);
#2337 = CARTESIAN_POINT('',(-0.3,-0.4,0.48));
#2338 = DIRECTION('',(-1.,0.,0.));
#2339 = DIRECTION('',(0.,1.,0.));
#2340 = ADVANCED_FACE('',(#2341),#2347,.F.);
#2341 = FACE_BOUND('',#2342,.T.);
#2342 = EDGE_LOOP('',(#2343,#2344,#2345,#2346));
#2343 = ORIENTED_EDGE('',*,*,#2246,.T.);
#2344 = ORIENTED_EDGE('',*,*,#2277,.T.);
#2345 = ORIENTED_EDGE('',*,*,#2308,.T.);
#2346 = ORIENTED_EDGE('',*,*,#2330,.T.);
#2347 = PLANE('',#2348);
#2348 = AXIS2_PLACEMENT_3D('',#2349,#2350,#2351);
#2349 = CARTESIAN_POINT('',(-0.2,-0.3,0.48));
#2350 = DIRECTION('',(0.,0.,1.));
#2351 = DIRECTION('',(1.,0.,0.));
#2352 = ADVANCED_FACE('',(#2353),#2359,.T.);
#2353 = FACE_BOUND('',#2354,.F.);
#2354 = EDGE_LOOP('',(#2355,#2356,#2357,#2358));
#2355 = ORIENTED_EDGE('',*,*,#2230,.T.);
#2356 = ORIENTED_EDGE('',*,*,#2261,.T.);
#2357 = ORIENTED_EDGE('',*,*,#2292,.T.);
#2358 = ORIENTED_EDGE('',*,*,#2323,.T.);
#2359 = PLANE('',#2360);
#2360 = AXIS2_PLACEMENT_3D('',#2361,#2362,#2363);
#2361 = CARTESIAN_POINT('',(-0.2,-0.3,0.53));
#2362 = DIRECTION('',(0.,0.,1.));
#2363 = DIRECTION('',(1.,0.,0.));
#2364 = ( GEOMETRIC_REPRESENTATION_CONTEXT(3) 
GLOBAL_UNCERTAINTY_ASSIGNED_CONTEXT((#2368)) 
GLOBAL_UNIT_ASSIGNED_CONTEXT((#2365,#2366,#2367)) REPRESENTATION_CONTEXT
('Context #1','3D Context with UNIT and UNCERTAINTY') );
#2365 = ( LENGTH_UNIT() NAMED_UNIT(*) SI_UNIT(.MILLI.,.METRE.) );
#2366 = ( NAMED_UNIT(*) PLANE_ANGLE_UNIT() SI_UNIT($,.RADIAN.) );
#2367 = ( NAMED_UNIT(*) SI_UNIT($,.STERADIAN.) SOLID_ANGLE_UNIT() );
#2368 = UNCERTAINTY_MEASURE_WITH_UNIT(LENGTH_MEASURE(1.E-07),#2365,
  'distance_accuracy_value','confusion accuracy');
#2369 = CONTEXT_DEPENDENT_SHAPE_REPRESENTATION(#2370,#2372);
#2370 = ( REPRESENTATION_RELATIONSHIP('','',#2213,#10) 
REPRESENTATION_RELATIONSHIP_WITH_TRANSFORMATION(#2371) 
SHAPE_REPRESENTATION_RELATIONSHIP() );
#2371 = ITEM_DEFINED_TRANSFORMATION('','',#11,#51);
#2372 = PRODUCT_DEFINITION_SHAPE('Placement','Placement of an item',
  #2373);
#2373 = NEXT_ASSEMBLY_USAGE_OCCURRENCE('44','Body009','',#5,#2208,$);
#2374 = PRODUCT_RELATED_PRODUCT_CATEGORY('part',$,(#2210));
#2375 = SHAPE_DEFINITION_REPRESENTATION(#2376,#2382);
#2376 = PRODUCT_DEFINITION_SHAPE('','',#2377);
#2377 = PRODUCT_DEFINITION('design','',#2378,#2381);
#2378 = PRODUCT_DEFINITION_FORMATION('','',#2379);
#2379 = PRODUCT('Body010','Body010','',(#2380));
#2380 = PRODUCT_CONTEXT('',#2,'mechanical');
#2381 = PRODUCT_DEFINITION_CONTEXT('part definition',#2,'design');
#2382 = ADVANCED_BREP_SHAPE_REPRESENTATION('',(#11,#2383),#2568);
#2383 = MANIFOLD_SOLID_BREP('',#2384);
#2384 = CLOSED_SHELL('',(#2385,#2425,#2456,#2487,#2518,#2542,#2555));
#2385 = ADVANCED_FACE('',(#2386),#2420,.T.);
#2386 = FACE_BOUND('',#2387,.T.);
#2387 = EDGE_LOOP('',(#2388,#2398,#2406,#2414));
#2388 = ORIENTED_EDGE('',*,*,#2389,.T.);
#2389 = EDGE_CURVE('',#2390,#2392,#2394,.T.);
#2390 = VERTEX_POINT('',#2391);
#2391 = CARTESIAN_POINT('',(0.5,1.4,0.));
#2392 = VERTEX_POINT('',#2393);
#2393 = CARTESIAN_POINT('',(0.5,1.4,5.E-02));
#2394 = LINE('',#2395,#2396);
#2395 = CARTESIAN_POINT('',(0.5,1.4,0.));
#2396 = VECTOR('',#2397,1.);
#2397 = DIRECTION('',(0.,0.,1.));
#2398 = ORIENTED_EDGE('',*,*,#2399,.T.);
#2399 = EDGE_CURVE('',#2392,#2400,#2402,.T.);
#2400 = VERTEX_POINT('',#2401);
#2401 = CARTESIAN_POINT('',(0.5,1.,5.E-02));
#2402 = LINE('',#2403,#2404);
#2403 = CARTESIAN_POINT('',(0.5,1.4,5.E-02));
#2404 = VECTOR('',#2405,1.);
#2405 = DIRECTION('',(0.,-1.,0.));
#2406 = ORIENTED_EDGE('',*,*,#2407,.F.);
#2407 = EDGE_CURVE('',#2408,#2400,#2410,.T.);
#2408 = VERTEX_POINT('',#2409);
#2409 = CARTESIAN_POINT('',(0.5,1.,0.));
#2410 = LINE('',#2411,#2412);
#2411 = CARTESIAN_POINT('',(0.5,1.,0.));
#2412 = VECTOR('',#2413,1.);
#2413 = DIRECTION('',(0.,0.,1.));
#2414 = ORIENTED_EDGE('',*,*,#2415,.F.);
#2415 = EDGE_CURVE('',#2390,#2408,#2416,.T.);
#2416 = LINE('',#2417,#2418);
#2417 = CARTESIAN_POINT('',(0.5,1.4,0.));
#2418 = VECTOR('',#2419,1.);
#2419 = DIRECTION('',(0.,-1.,0.));
#2420 = PLANE('',#2421);
#2421 = AXIS2_PLACEMENT_3D('',#2422,#2423,#2424);
#2422 = CARTESIAN_POINT('',(0.5,1.4,0.));
#2423 = DIRECTION('',(1.,0.,0.));
#2424 = DIRECTION('',(0.,-1.,0.));
#2425 = ADVANCED_FACE('',(#2426),#2451,.T.);
#2426 = FACE_BOUND('',#2427,.T.);
#2427 = EDGE_LOOP('',(#2428,#2429,#2437,#2445));
#2428 = ORIENTED_EDGE('',*,*,#2407,.T.);
#2429 = ORIENTED_EDGE('',*,*,#2430,.T.);
#2430 = EDGE_CURVE('',#2400,#2431,#2433,.T.);
#2431 = VERTEX_POINT('',#2432);
#2432 = CARTESIAN_POINT('',(0.1,1.,5.E-02));
#2433 = LINE('',#2434,#2435);
#2434 = CARTESIAN_POINT('',(0.5,1.,5.E-02));
#2435 = VECTOR('',#2436,1.);
#2436 = DIRECTION('',(-1.,0.,0.));
#2437 = ORIENTED_EDGE('',*,*,#2438,.F.);
#2438 = EDGE_CURVE('',#2439,#2431,#2441,.T.);
#2439 = VERTEX_POINT('',#2440);
#2440 = CARTESIAN_POINT('',(0.1,1.,0.));
#2441 = LINE('',#2442,#2443);
#2442 = CARTESIAN_POINT('',(0.1,1.,0.));
#2443 = VECTOR('',#2444,1.);
#2444 = DIRECTION('',(0.,0.,1.));
#2445 = ORIENTED_EDGE('',*,*,#2446,.F.);
#2446 = EDGE_CURVE('',#2408,#2439,#2447,.T.);
#2447 = LINE('',#2448,#2449);
#2448 = CARTESIAN_POINT('',(0.5,1.,0.));
#2449 = VECTOR('',#2450,1.);
#2450 = DIRECTION('',(-1.,0.,0.));
#2451 = PLANE('',#2452);
#2452 = AXIS2_PLACEMENT_3D('',#2453,#2454,#2455);
#2453 = CARTESIAN_POINT('',(0.5,1.,0.));
#2454 = DIRECTION('',(0.,-1.,0.));
#2455 = DIRECTION('',(-1.,0.,0.));
#2456 = ADVANCED_FACE('',(#2457),#2482,.T.);
#2457 = FACE_BOUND('',#2458,.T.);
#2458 = EDGE_LOOP('',(#2459,#2460,#2468,#2476));
#2459 = ORIENTED_EDGE('',*,*,#2438,.T.);
#2460 = ORIENTED_EDGE('',*,*,#2461,.T.);
#2461 = EDGE_CURVE('',#2431,#2462,#2464,.T.);
#2462 = VERTEX_POINT('',#2463);
#2463 = CARTESIAN_POINT('',(0.1,1.6,5.E-02));
#2464 = LINE('',#2465,#2466);
#2465 = CARTESIAN_POINT('',(1.E-01,1.,5.E-02));
#2466 = VECTOR('',#2467,1.);
#2467 = DIRECTION('',(0.,1.,0.));
#2468 = ORIENTED_EDGE('',*,*,#2469,.F.);
#2469 = EDGE_CURVE('',#2470,#2462,#2472,.T.);
#2470 = VERTEX_POINT('',#2471);
#2471 = CARTESIAN_POINT('',(0.1,1.6,0.));
#2472 = LINE('',#2473,#2474);
#2473 = CARTESIAN_POINT('',(0.1,1.6,0.));
#2474 = VECTOR('',#2475,1.);
#2475 = DIRECTION('',(0.,0.,1.));
#2476 = ORIENTED_EDGE('',*,*,#2477,.F.);
#2477 = EDGE_CURVE('',#2439,#2470,#2478,.T.);
#2478 = LINE('',#2479,#2480);
#2479 = CARTESIAN_POINT('',(1.E-01,1.,0.));
#2480 = VECTOR('',#2481,1.);
#2481 = DIRECTION('',(0.,1.,0.));
#2482 = PLANE('',#2483);
#2483 = AXIS2_PLACEMENT_3D('',#2484,#2485,#2486);
#2484 = CARTESIAN_POINT('',(1.E-01,1.,0.));
#2485 = DIRECTION('',(-1.,0.,0.));
#2486 = DIRECTION('',(0.,1.,0.));
#2487 = ADVANCED_FACE('',(#2488),#2513,.T.);
#2488 = FACE_BOUND('',#2489,.T.);
#2489 = EDGE_LOOP('',(#2490,#2491,#2499,#2507));
#2490 = ORIENTED_EDGE('',*,*,#2469,.T.);
#2491 = ORIENTED_EDGE('',*,*,#2492,.T.);
#2492 = EDGE_CURVE('',#2462,#2493,#2495,.T.);
#2493 = VERTEX_POINT('',#2494);
#2494 = CARTESIAN_POINT('',(0.3,1.6,5.E-02));
#2495 = LINE('',#2496,#2497);
#2496 = CARTESIAN_POINT('',(1.E-01,1.6,5.E-02));
#2497 = VECTOR('',#2498,1.);
#2498 = DIRECTION('',(1.,0.,0.));
#2499 = ORIENTED_EDGE('',*,*,#2500,.F.);
#2500 = EDGE_CURVE('',#2501,#2493,#2503,.T.);
#2501 = VERTEX_POINT('',#2502);
#2502 = CARTESIAN_POINT('',(0.3,1.6,0.));
#2503 = LINE('',#2504,#2505);
#2504 = CARTESIAN_POINT('',(0.3,1.6,0.));
#2505 = VECTOR('',#2506,1.);
#2506 = DIRECTION('',(0.,0.,1.));
#2507 = ORIENTED_EDGE('',*,*,#2508,.F.);
#2508 = EDGE_CURVE('',#2470,#2501,#2509,.T.);
#2509 = LINE('',#2510,#2511);
#2510 = CARTESIAN_POINT('',(1.E-01,1.6,0.));
#2511 = VECTOR('',#2512,1.);
#2512 = DIRECTION('',(1.,0.,0.));
#2513 = PLANE('',#2514);
#2514 = AXIS2_PLACEMENT_3D('',#2515,#2516,#2517);
#2515 = CARTESIAN_POINT('',(1.E-01,1.6,0.));
#2516 = DIRECTION('',(0.,1.,0.));
#2517 = DIRECTION('',(1.,0.,0.));
#2518 = ADVANCED_FACE('',(#2519),#2537,.F.);
#2519 = FACE_BOUND('',#2520,.T.);
#2520 = EDGE_LOOP('',(#2521,#2522,#2529,#2530));
#2521 = ORIENTED_EDGE('',*,*,#2500,.T.);
#2522 = ORIENTED_EDGE('',*,*,#2523,.T.);
#2523 = EDGE_CURVE('',#2493,#2392,#2524,.T.);
#2524 = CIRCLE('',#2525,0.2);
#2525 = AXIS2_PLACEMENT_3D('',#2526,#2527,#2528);
#2526 = CARTESIAN_POINT('',(0.5,1.6,5.E-02));
#2527 = DIRECTION('',(0.,0.,1.));
#2528 = DIRECTION('',(1.,0.,0.));
#2529 = ORIENTED_EDGE('',*,*,#2389,.F.);
#2530 = ORIENTED_EDGE('',*,*,#2531,.F.);
#2531 = EDGE_CURVE('',#2501,#2390,#2532,.T.);
#2532 = CIRCLE('',#2533,0.2);
#2533 = AXIS2_PLACEMENT_3D('',#2534,#2535,#2536);
#2534 = CARTESIAN_POINT('',(0.5,1.6,0.));
#2535 = DIRECTION('',(0.,0.,1.));
#2536 = DIRECTION('',(1.,0.,0.));
#2537 = CYLINDRICAL_SURFACE('',#2538,0.2);
#2538 = AXIS2_PLACEMENT_3D('',#2539,#2540,#2541);
#2539 = CARTESIAN_POINT('',(0.5,1.6,0.));
#2540 = DIRECTION('',(-0.,-0.,-1.));
#2541 = DIRECTION('',(1.,0.,0.));
#2542 = ADVANCED_FACE('',(#2543),#2550,.F.);
#2543 = FACE_BOUND('',#2544,.T.);
#2544 = EDGE_LOOP('',(#2545,#2546,#2547,#2548,#2549));
#2545 = ORIENTED_EDGE('',*,*,#2415,.T.);
#2546 = ORIENTED_EDGE('',*,*,#2446,.T.);
#2547 = ORIENTED_EDGE('',*,*,#2477,.T.);
#2548 = ORIENTED_EDGE('',*,*,#2508,.T.);
#2549 = ORIENTED_EDGE('',*,*,#2531,.T.);
#2550 = PLANE('',#2551);
#2551 = AXIS2_PLACEMENT_3D('',#2552,#2553,#2554);
#2552 = CARTESIAN_POINT('',(0.280885172214,1.276205074427,0.));
#2553 = DIRECTION('',(0.,0.,1.));
#2554 = DIRECTION('',(1.,0.,0.));
#2555 = ADVANCED_FACE('',(#2556),#2563,.T.);
#2556 = FACE_BOUND('',#2557,.F.);
#2557 = EDGE_LOOP('',(#2558,#2559,#2560,#2561,#2562));
#2558 = ORIENTED_EDGE('',*,*,#2399,.T.);
#2559 = ORIENTED_EDGE('',*,*,#2430,.T.);
#2560 = ORIENTED_EDGE('',*,*,#2461,.T.);
#2561 = ORIENTED_EDGE('',*,*,#2492,.T.);
#2562 = ORIENTED_EDGE('',*,*,#2523,.T.);
#2563 = PLANE('',#2564);
#2564 = AXIS2_PLACEMENT_3D('',#2565,#2566,#2567);
#2565 = CARTESIAN_POINT('',(0.280885172214,1.276205074427,5.E-02));
#2566 = DIRECTION('',(0.,0.,1.));
#2567 = DIRECTION('',(1.,0.,0.));
#2568 = ( GEOMETRIC_REPRESENTATION_CONTEXT(3) 
GLOBAL_UNCERTAINTY_ASSIGNED_CONTEXT((#2572)) 
GLOBAL_UNIT_ASSIGNED_CONTEXT((#2569,#2570,#2571)) REPRESENTATION_CONTEXT
('Context #1','3D Context with UNIT and UNCERTAINTY') );
#2569 = ( LENGTH_UNIT() NAMED_UNIT(*) SI_UNIT(.MILLI.,.METRE.) );
#2570 = ( NAMED_UNIT(*) PLANE_ANGLE_UNIT() SI_UNIT($,.RADIAN.) );
#2571 = ( NAMED_UNIT(*) SI_UNIT($,.STERADIAN.) SOLID_ANGLE_UNIT() );
#2572 = UNCERTAINTY_MEASURE_WITH_UNIT(LENGTH_MEASURE(1.E-07),#2569,
  'distance_accuracy_value','confusion accuracy');
#2573 = CONTEXT_DEPENDENT_SHAPE_REPRESENTATION(#2574,#2576);
#2574 = ( REPRESENTATION_RELATIONSHIP('','',#2382,#10) 
REPRESENTATION_RELATIONSHIP_WITH_TRANSFORMATION(#2575) 
SHAPE_REPRESENTATION_RELATIONSHIP() );
#2575 = ITEM_DEFINED_TRANSFORMATION('','',#11,#55);
#2576 = PRODUCT_DEFINITION_SHAPE('Placement','Placement of an item',
  #2577);
#2577 = NEXT_ASSEMBLY_USAGE_OCCURRENCE('45','Body010','',#5,#2377,$);
#2578 = PRODUCT_RELATED_PRODUCT_CATEGORY('part',$,(#2379));
#2579 = SHAPE_DEFINITION_REPRESENTATION(#2580,#2586);
#2580 = PRODUCT_DEFINITION_SHAPE('','',#2581);
#2581 = PRODUCT_DEFINITION('design','',#2582,#2585);
#2582 = PRODUCT_DEFINITION_FORMATION('','',#2583);
#2583 = PRODUCT('Body011','Body011','',(#2584));
#2584 = PRODUCT_CONTEXT('',#2,'mechanical');
#2585 = PRODUCT_DEFINITION_CONTEXT('part definition',#2,'design');
#2586 = ADVANCED_BREP_SHAPE_REPRESENTATION('',(#11,#2587),#2772);
#2587 = MANIFOLD_SOLID_BREP('',#2588);
#2588 = CLOSED_SHELL('',(#2589,#2629,#2660,#2691,#2722,#2746,#2759));
#2589 = ADVANCED_FACE('',(#2590),#2624,.T.);
#2590 = FACE_BOUND('',#2591,.T.);
#2591 = EDGE_LOOP('',(#2592,#2602,#2610,#2618));
#2592 = ORIENTED_EDGE('',*,*,#2593,.T.);
#2593 = EDGE_CURVE('',#2594,#2596,#2598,.T.);
#2594 = VERTEX_POINT('',#2595);
#2595 = CARTESIAN_POINT('',(0.5,1.4,-0.53));
#2596 = VERTEX_POINT('',#2597);
#2597 = CARTESIAN_POINT('',(0.5,1.4,-0.48));
#2598 = LINE('',#2599,#2600);
#2599 = CARTESIAN_POINT('',(0.5,1.4,-0.53));
#2600 = VECTOR('',#2601,1.);
#2601 = DIRECTION('',(0.,0.,1.));
#2602 = ORIENTED_EDGE('',*,*,#2603,.T.);
#2603 = EDGE_CURVE('',#2596,#2604,#2606,.T.);
#2604 = VERTEX_POINT('',#2605);
#2605 = CARTESIAN_POINT('',(0.5,1.,-0.48));
#2606 = LINE('',#2607,#2608);
#2607 = CARTESIAN_POINT('',(0.5,1.4,-0.48));
#2608 = VECTOR('',#2609,1.);
#2609 = DIRECTION('',(0.,-1.,0.));
#2610 = ORIENTED_EDGE('',*,*,#2611,.F.);
#2611 = EDGE_CURVE('',#2612,#2604,#2614,.T.);
#2612 = VERTEX_POINT('',#2613);
#2613 = CARTESIAN_POINT('',(0.5,1.,-0.53));
#2614 = LINE('',#2615,#2616);
#2615 = CARTESIAN_POINT('',(0.5,1.,-0.53));
#2616 = VECTOR('',#2617,1.);
#2617 = DIRECTION('',(0.,0.,1.));
#2618 = ORIENTED_EDGE('',*,*,#2619,.F.);
#2619 = EDGE_CURVE('',#2594,#2612,#2620,.T.);
#2620 = LINE('',#2621,#2622);
#2621 = CARTESIAN_POINT('',(0.5,1.4,-0.53));
#2622 = VECTOR('',#2623,1.);
#2623 = DIRECTION('',(0.,-1.,0.));
#2624 = PLANE('',#2625);
#2625 = AXIS2_PLACEMENT_3D('',#2626,#2627,#2628);
#2626 = CARTESIAN_POINT('',(0.5,1.4,-0.53));
#2627 = DIRECTION('',(1.,0.,0.));
#2628 = DIRECTION('',(0.,-1.,0.));
#2629 = ADVANCED_FACE('',(#2630),#2655,.T.);
#2630 = FACE_BOUND('',#2631,.T.);
#2631 = EDGE_LOOP('',(#2632,#2633,#2641,#2649));
#2632 = ORIENTED_EDGE('',*,*,#2611,.T.);
#2633 = ORIENTED_EDGE('',*,*,#2634,.T.);
#2634 = EDGE_CURVE('',#2604,#2635,#2637,.T.);
#2635 = VERTEX_POINT('',#2636);
#2636 = CARTESIAN_POINT('',(0.1,1.,-0.48));
#2637 = LINE('',#2638,#2639);
#2638 = CARTESIAN_POINT('',(0.5,1.,-0.48));
#2639 = VECTOR('',#2640,1.);
#2640 = DIRECTION('',(-1.,0.,0.));
#2641 = ORIENTED_EDGE('',*,*,#2642,.F.);
#2642 = EDGE_CURVE('',#2643,#2635,#2645,.T.);
#2643 = VERTEX_POINT('',#2644);
#2644 = CARTESIAN_POINT('',(0.1,1.,-0.53));
#2645 = LINE('',#2646,#2647);
#2646 = CARTESIAN_POINT('',(0.1,1.,-0.53));
#2647 = VECTOR('',#2648,1.);
#2648 = DIRECTION('',(0.,0.,1.));
#2649 = ORIENTED_EDGE('',*,*,#2650,.F.);
#2650 = EDGE_CURVE('',#2612,#2643,#2651,.T.);
#2651 = LINE('',#2652,#2653);
#2652 = CARTESIAN_POINT('',(0.5,1.,-0.53));
#2653 = VECTOR('',#2654,1.);
#2654 = DIRECTION('',(-1.,0.,0.));
#2655 = PLANE('',#2656);
#2656 = AXIS2_PLACEMENT_3D('',#2657,#2658,#2659);
#2657 = CARTESIAN_POINT('',(0.5,1.,-0.53));
#2658 = DIRECTION('',(0.,-1.,0.));
#2659 = DIRECTION('',(-1.,0.,0.));
#2660 = ADVANCED_FACE('',(#2661),#2686,.T.);
#2661 = FACE_BOUND('',#2662,.T.);
#2662 = EDGE_LOOP('',(#2663,#2664,#2672,#2680));
#2663 = ORIENTED_EDGE('',*,*,#2642,.T.);
#2664 = ORIENTED_EDGE('',*,*,#2665,.T.);
#2665 = EDGE_CURVE('',#2635,#2666,#2668,.T.);
#2666 = VERTEX_POINT('',#2667);
#2667 = CARTESIAN_POINT('',(0.1,1.6,-0.48));
#2668 = LINE('',#2669,#2670);
#2669 = CARTESIAN_POINT('',(1.E-01,1.,-0.48));
#2670 = VECTOR('',#2671,1.);
#2671 = DIRECTION('',(0.,1.,0.));
#2672 = ORIENTED_EDGE('',*,*,#2673,.F.);
#2673 = EDGE_CURVE('',#2674,#2666,#2676,.T.);
#2674 = VERTEX_POINT('',#2675);
#2675 = CARTESIAN_POINT('',(0.1,1.6,-0.53));
#2676 = LINE('',#2677,#2678);
#2677 = CARTESIAN_POINT('',(0.1,1.6,-0.53));
#2678 = VECTOR('',#2679,1.);
#2679 = DIRECTION('',(0.,0.,1.));
#2680 = ORIENTED_EDGE('',*,*,#2681,.F.);
#2681 = EDGE_CURVE('',#2643,#2674,#2682,.T.);
#2682 = LINE('',#2683,#2684);
#2683 = CARTESIAN_POINT('',(1.E-01,1.,-0.53));
#2684 = VECTOR('',#2685,1.);
#2685 = DIRECTION('',(0.,1.,0.));
#2686 = PLANE('',#2687);
#2687 = AXIS2_PLACEMENT_3D('',#2688,#2689,#2690);
#2688 = CARTESIAN_POINT('',(1.E-01,1.,-0.53));
#2689 = DIRECTION('',(-1.,0.,0.));
#2690 = DIRECTION('',(0.,1.,0.));
#2691 = ADVANCED_FACE('',(#2692),#2717,.T.);
#2692 = FACE_BOUND('',#2693,.T.);
#2693 = EDGE_LOOP('',(#2694,#2695,#2703,#2711));
#2694 = ORIENTED_EDGE('',*,*,#2673,.T.);
#2695 = ORIENTED_EDGE('',*,*,#2696,.T.);
#2696 = EDGE_CURVE('',#2666,#2697,#2699,.T.);
#2697 = VERTEX_POINT('',#2698);
#2698 = CARTESIAN_POINT('',(0.3,1.6,-0.48));
#2699 = LINE('',#2700,#2701);
#2700 = CARTESIAN_POINT('',(1.E-01,1.6,-0.48));
#2701 = VECTOR('',#2702,1.);
#2702 = DIRECTION('',(1.,0.,0.));
#2703 = ORIENTED_EDGE('',*,*,#2704,.F.);
#2704 = EDGE_CURVE('',#2705,#2697,#2707,.T.);
#2705 = VERTEX_POINT('',#2706);
#2706 = CARTESIAN_POINT('',(0.3,1.6,-0.53));
#2707 = LINE('',#2708,#2709);
#2708 = CARTESIAN_POINT('',(0.3,1.6,-0.53));
#2709 = VECTOR('',#2710,1.);
#2710 = DIRECTION('',(0.,0.,1.));
#2711 = ORIENTED_EDGE('',*,*,#2712,.F.);
#2712 = EDGE_CURVE('',#2674,#2705,#2713,.T.);
#2713 = LINE('',#2714,#2715);
#2714 = CARTESIAN_POINT('',(1.E-01,1.6,-0.53));
#2715 = VECTOR('',#2716,1.);
#2716 = DIRECTION('',(1.,0.,0.));
#2717 = PLANE('',#2718);
#2718 = AXIS2_PLACEMENT_3D('',#2719,#2720,#2721);
#2719 = CARTESIAN_POINT('',(1.E-01,1.6,-0.53));
#2720 = DIRECTION('',(0.,1.,0.));
#2721 = DIRECTION('',(1.,0.,0.));
#2722 = ADVANCED_FACE('',(#2723),#2741,.F.);
#2723 = FACE_BOUND('',#2724,.T.);
#2724 = EDGE_LOOP('',(#2725,#2726,#2733,#2734));
#2725 = ORIENTED_EDGE('',*,*,#2704,.T.);
#2726 = ORIENTED_EDGE('',*,*,#2727,.T.);
#2727 = EDGE_CURVE('',#2697,#2596,#2728,.T.);
#2728 = CIRCLE('',#2729,0.2);
#2729 = AXIS2_PLACEMENT_3D('',#2730,#2731,#2732);
#2730 = CARTESIAN_POINT('',(0.5,1.6,-0.48));
#2731 = DIRECTION('',(0.,0.,1.));
#2732 = DIRECTION('',(1.,0.,0.));
#2733 = ORIENTED_EDGE('',*,*,#2593,.F.);
#2734 = ORIENTED_EDGE('',*,*,#2735,.F.);
#2735 = EDGE_CURVE('',#2705,#2594,#2736,.T.);
#2736 = CIRCLE('',#2737,0.2);
#2737 = AXIS2_PLACEMENT_3D('',#2738,#2739,#2740);
#2738 = CARTESIAN_POINT('',(0.5,1.6,-0.53));
#2739 = DIRECTION('',(0.,0.,1.));
#2740 = DIRECTION('',(1.,0.,0.));
#2741 = CYLINDRICAL_SURFACE('',#2742,0.2);
#2742 = AXIS2_PLACEMENT_3D('',#2743,#2744,#2745);
#2743 = CARTESIAN_POINT('',(0.5,1.6,-0.53));
#2744 = DIRECTION('',(-0.,-0.,-1.));
#2745 = DIRECTION('',(1.,0.,0.));
#2746 = ADVANCED_FACE('',(#2747),#2754,.F.);
#2747 = FACE_BOUND('',#2748,.T.);
#2748 = EDGE_LOOP('',(#2749,#2750,#2751,#2752,#2753));
#2749 = ORIENTED_EDGE('',*,*,#2619,.T.);
#2750 = ORIENTED_EDGE('',*,*,#2650,.T.);
#2751 = ORIENTED_EDGE('',*,*,#2681,.T.);
#2752 = ORIENTED_EDGE('',*,*,#2712,.T.);
#2753 = ORIENTED_EDGE('',*,*,#2735,.T.);
#2754 = PLANE('',#2755);
#2755 = AXIS2_PLACEMENT_3D('',#2756,#2757,#2758);
#2756 = CARTESIAN_POINT('',(0.280885172214,1.276205074427,-0.53));
#2757 = DIRECTION('',(0.,0.,1.));
#2758 = DIRECTION('',(1.,0.,0.));
#2759 = ADVANCED_FACE('',(#2760),#2767,.T.);
#2760 = FACE_BOUND('',#2761,.F.);
#2761 = EDGE_LOOP('',(#2762,#2763,#2764,#2765,#2766));
#2762 = ORIENTED_EDGE('',*,*,#2603,.T.);
#2763 = ORIENTED_EDGE('',*,*,#2634,.T.);
#2764 = ORIENTED_EDGE('',*,*,#2665,.T.);
#2765 = ORIENTED_EDGE('',*,*,#2696,.T.);
#2766 = ORIENTED_EDGE('',*,*,#2727,.T.);
#2767 = PLANE('',#2768);
#2768 = AXIS2_PLACEMENT_3D('',#2769,#2770,#2771);
#2769 = CARTESIAN_POINT('',(0.280885172214,1.276205074427,-0.48));
#2770 = DIRECTION('',(0.,0.,1.));
#2771 = DIRECTION('',(1.,0.,0.));
#2772 = ( GEOMETRIC_REPRESENTATION_CONTEXT(3) 
GLOBAL_UNCERTAINTY_ASSIGNED_CONTEXT((#2776)) 
GLOBAL_UNIT_ASSIGNED_CONTEXT((#2773,#2774,#2775)) REPRESENTATION_CONTEXT
('Context #1','3D Context with UNIT and UNCERTAINTY') );
#2773 = ( LENGTH_UNIT() NAMED_UNIT(*) SI_UNIT(.MILLI.,.METRE.) );
#2774 = ( NAMED_UNIT(*) PLANE_ANGLE_UNIT() SI_UNIT($,.RADIAN.) );
#2775 = ( NAMED_UNIT(*) SI_UNIT($,.STERADIAN.) SOLID_ANGLE_UNIT() );
#2776 = UNCERTAINTY_MEASURE_WITH_UNIT(LENGTH_MEASURE(1.E-07),#2773,
  'distance_accuracy_value','confusion accuracy');
#2777 = CONTEXT_DEPENDENT_SHAPE_REPRESENTATION(#2778,#2780);
#2778 = ( REPRESENTATION_RELATIONSHIP('','',#2586,#10) 
REPRESENTATION_RELATIONSHIP_WITH_TRANSFORMATION(#2779) 
SHAPE_REPRESENTATION_RELATIONSHIP() );
#2779 = ITEM_DEFINED_TRANSFORMATION('','',#11,#59);
#2780 = PRODUCT_DEFINITION_SHAPE('Placement','Placement of an item',
  #2781);
#2781 = NEXT_ASSEMBLY_USAGE_OCCURRENCE('46','Body011','',#5,#2581,$);
#2782 = PRODUCT_RELATED_PRODUCT_CATEGORY('part',$,(#2583));
#2783 = SHAPE_DEFINITION_REPRESENTATION(#2784,#2790);
#2784 = PRODUCT_DEFINITION_SHAPE('','',#2785);
#2785 = PRODUCT_DEFINITION('design','',#2786,#2789);
#2786 = PRODUCT_DEFINITION_FORMATION('','',#2787);
#2787 = PRODUCT('Body012','Body012','',(#2788));
#2788 = PRODUCT_CONTEXT('',#2,'mechanical');
#2789 = PRODUCT_DEFINITION_CONTEXT('part definition',#2,'design');
#2790 = ADVANCED_BREP_SHAPE_REPRESENTATION('',(#11,#2791),#2945);
#2791 = MANIFOLD_SOLID_BREP('',#2792);
#2792 = CLOSED_SHELL('',(#2793,#2833,#2866,#2897,#2921,#2933));
#2793 = ADVANCED_FACE('',(#2794),#2828,.T.);
#2794 = FACE_BOUND('',#2795,.T.);
#2795 = EDGE_LOOP('',(#2796,#2806,#2814,#2822));
#2796 = ORIENTED_EDGE('',*,*,#2797,.T.);
#2797 = EDGE_CURVE('',#2798,#2800,#2802,.T.);
#2798 = VERTEX_POINT('',#2799);
#2799 = CARTESIAN_POINT('',(-0.5,1.37,5.E-02));
#2800 = VERTEX_POINT('',#2801);
#2801 = CARTESIAN_POINT('',(-0.5,1.37,0.48));
#2802 = LINE('',#2803,#2804);
#2803 = CARTESIAN_POINT('',(-0.5,1.37,5.E-02));
#2804 = VECTOR('',#2805,1.);
#2805 = DIRECTION('',(0.,0.,1.));
#2806 = ORIENTED_EDGE('',*,*,#2807,.T.);
#2807 = EDGE_CURVE('',#2800,#2808,#2810,.T.);
#2808 = VERTEX_POINT('',#2809);
#2809 = CARTESIAN_POINT('',(-0.5,1.4,0.48));
#2810 = LINE('',#2811,#2812);
#2811 = CARTESIAN_POINT('',(-0.5,1.37,0.48));
#2812 = VECTOR('',#2813,1.);
#2813 = DIRECTION('',(0.,1.,0.));
#2814 = ORIENTED_EDGE('',*,*,#2815,.F.);
#2815 = EDGE_CURVE('',#2816,#2808,#2818,.T.);
#2816 = VERTEX_POINT('',#2817);
#2817 = CARTESIAN_POINT('',(-0.5,1.4,5.E-02));
#2818 = LINE('',#2819,#2820);
#2819 = CARTESIAN_POINT('',(-0.5,1.4,5.E-02));
#2820 = VECTOR('',#2821,1.);
#2821 = DIRECTION('',(0.,0.,1.));
#2822 = ORIENTED_EDGE('',*,*,#2823,.F.);
#2823 = EDGE_CURVE('',#2798,#2816,#2824,.T.);
#2824 = LINE('',#2825,#2826);
#2825 = CARTESIAN_POINT('',(-0.5,1.37,5.E-02));
#2826 = VECTOR('',#2827,1.);
#2827 = DIRECTION('',(0.,1.,0.));
#2828 = PLANE('',#2829);
#2829 = AXIS2_PLACEMENT_3D('',#2830,#2831,#2832);
#2830 = CARTESIAN_POINT('',(-0.5,1.37,5.E-02));
#2831 = DIRECTION('',(-1.,0.,0.));
#2832 = DIRECTION('',(0.,1.,0.));
#2833 = ADVANCED_FACE('',(#2834),#2861,.F.);
#2834 = FACE_BOUND('',#2835,.T.);
#2835 = EDGE_LOOP('',(#2836,#2837,#2846,#2854));
#2836 = ORIENTED_EDGE('',*,*,#2815,.T.);
#2837 = ORIENTED_EDGE('',*,*,#2838,.T.);
#2838 = EDGE_CURVE('',#2808,#2839,#2841,.T.);
#2839 = VERTEX_POINT('',#2840);
#2840 = CARTESIAN_POINT('',(-0.3,1.6,0.48));
#2841 = CIRCLE('',#2842,0.2);
#2842 = AXIS2_PLACEMENT_3D('',#2843,#2844,#2845);
#2843 = CARTESIAN_POINT('',(-0.5,1.6,0.48));
#2844 = DIRECTION('',(0.,0.,1.));
#2845 = DIRECTION('',(1.,0.,0.));
#2846 = ORIENTED_EDGE('',*,*,#2847,.F.);
#2847 = EDGE_CURVE('',#2848,#2839,#2850,.T.);
#2848 = VERTEX_POINT('',#2849);
#2849 = CARTESIAN_POINT('',(-0.3,1.6,5.E-02));
#2850 = LINE('',#2851,#2852);
#2851 = CARTESIAN_POINT('',(-0.3,1.6,5.E-02));
#2852 = VECTOR('',#2853,1.);
#2853 = DIRECTION('',(0.,0.,1.));
#2854 = ORIENTED_EDGE('',*,*,#2855,.F.);
#2855 = EDGE_CURVE('',#2816,#2848,#2856,.T.);
#2856 = CIRCLE('',#2857,0.2);
#2857 = AXIS2_PLACEMENT_3D('',#2858,#2859,#2860);
#2858 = CARTESIAN_POINT('',(-0.5,1.6,5.E-02));
#2859 = DIRECTION('',(0.,0.,1.));
#2860 = DIRECTION('',(1.,0.,0.));
#2861 = CYLINDRICAL_SURFACE('',#2862,0.2);
#2862 = AXIS2_PLACEMENT_3D('',#2863,#2864,#2865);
#2863 = CARTESIAN_POINT('',(-0.5,1.6,5.E-02));
#2864 = DIRECTION('',(-0.,-0.,-1.));
#2865 = DIRECTION('',(1.,0.,0.));
#2866 = ADVANCED_FACE('',(#2867),#2892,.T.);
#2867 = FACE_BOUND('',#2868,.T.);
#2868 = EDGE_LOOP('',(#2869,#2870,#2878,#2886));
#2869 = ORIENTED_EDGE('',*,*,#2847,.T.);
#2870 = ORIENTED_EDGE('',*,*,#2871,.T.);
#2871 = EDGE_CURVE('',#2839,#2872,#2874,.T.);
#2872 = VERTEX_POINT('',#2873);
#2873 = CARTESIAN_POINT('',(-0.27,1.6,0.48));
#2874 = LINE('',#2875,#2876);
#2875 = CARTESIAN_POINT('',(-0.3,1.6,0.48));
#2876 = VECTOR('',#2877,1.);
#2877 = DIRECTION('',(1.,0.,0.));
#2878 = ORIENTED_EDGE('',*,*,#2879,.F.);
#2879 = EDGE_CURVE('',#2880,#2872,#2882,.T.);
#2880 = VERTEX_POINT('',#2881);
#2881 = CARTESIAN_POINT('',(-0.27,1.6,5.E-02));
#2882 = LINE('',#2883,#2884);
#2883 = CARTESIAN_POINT('',(-0.27,1.6,5.E-02));
#2884 = VECTOR('',#2885,1.);
#2885 = DIRECTION('',(0.,0.,1.));
#2886 = ORIENTED_EDGE('',*,*,#2887,.F.);
#2887 = EDGE_CURVE('',#2848,#2880,#2888,.T.);
#2888 = LINE('',#2889,#2890);
#2889 = CARTESIAN_POINT('',(-0.3,1.6,5.E-02));
#2890 = VECTOR('',#2891,1.);
#2891 = DIRECTION('',(1.,0.,0.));
#2892 = PLANE('',#2893);
#2893 = AXIS2_PLACEMENT_3D('',#2894,#2895,#2896);
#2894 = CARTESIAN_POINT('',(-0.3,1.6,5.E-02));
#2895 = DIRECTION('',(0.,1.,0.));
#2896 = DIRECTION('',(1.,0.,0.));
#2897 = ADVANCED_FACE('',(#2898),#2916,.T.);
#2898 = FACE_BOUND('',#2899,.F.);
#2899 = EDGE_LOOP('',(#2900,#2901,#2908,#2909));
#2900 = ORIENTED_EDGE('',*,*,#2797,.T.);
#2901 = ORIENTED_EDGE('',*,*,#2902,.T.);
#2902 = EDGE_CURVE('',#2800,#2872,#2903,.T.);
#2903 = CIRCLE('',#2904,0.23);
#2904 = AXIS2_PLACEMENT_3D('',#2905,#2906,#2907);
#2905 = CARTESIAN_POINT('',(-0.5,1.6,0.48));
#2906 = DIRECTION('',(0.,0.,1.));
#2907 = DIRECTION('',(1.,0.,0.));
#2908 = ORIENTED_EDGE('',*,*,#2879,.F.);
#2909 = ORIENTED_EDGE('',*,*,#2910,.F.);
#2910 = EDGE_CURVE('',#2798,#2880,#2911,.T.);
#2911 = CIRCLE('',#2912,0.23);
#2912 = AXIS2_PLACEMENT_3D('',#2913,#2914,#2915);
#2913 = CARTESIAN_POINT('',(-0.5,1.6,5.E-02));
#2914 = DIRECTION('',(0.,0.,1.));
#2915 = DIRECTION('',(1.,0.,0.));
#2916 = CYLINDRICAL_SURFACE('',#2917,0.23);
#2917 = AXIS2_PLACEMENT_3D('',#2918,#2919,#2920);
#2918 = CARTESIAN_POINT('',(-0.5,1.6,5.E-02));
#2919 = DIRECTION('',(-0.,-0.,-1.));
#2920 = DIRECTION('',(1.,0.,0.));
#2921 = ADVANCED_FACE('',(#2922),#2928,.F.);
#2922 = FACE_BOUND('',#2923,.T.);
#2923 = EDGE_LOOP('',(#2924,#2925,#2926,#2927));
#2924 = ORIENTED_EDGE('',*,*,#2823,.T.);
#2925 = ORIENTED_EDGE('',*,*,#2855,.T.);
#2926 = ORIENTED_EDGE('',*,*,#2887,.T.);
#2927 = ORIENTED_EDGE('',*,*,#2910,.F.);
#2928 = PLANE('',#2929);
#2929 = AXIS2_PLACEMENT_3D('',#2930,#2931,#2932);
#2930 = CARTESIAN_POINT('',(-0.36783360393,1.46783360393,5.E-02));
#2931 = DIRECTION('',(0.,0.,1.));
#2932 = DIRECTION('',(1.,0.,0.));
#2933 = ADVANCED_FACE('',(#2934),#2940,.T.);
#2934 = FACE_BOUND('',#2935,.F.);
#2935 = EDGE_LOOP('',(#2936,#2937,#2938,#2939));
#2936 = ORIENTED_EDGE('',*,*,#2807,.T.);
#2937 = ORIENTED_EDGE('',*,*,#2838,.T.);
#2938 = ORIENTED_EDGE('',*,*,#2871,.T.);
#2939 = ORIENTED_EDGE('',*,*,#2902,.F.);
#2940 = PLANE('',#2941);
#2941 = AXIS2_PLACEMENT_3D('',#2942,#2943,#2944);
#2942 = CARTESIAN_POINT('',(-0.36783360393,1.46783360393,0.48));
#2943 = DIRECTION('',(0.,0.,1.));
#2944 = DIRECTION('',(1.,0.,0.));
#2945 = ( GEOMETRIC_REPRESENTATION_CONTEXT(3) 
GLOBAL_UNCERTAINTY_ASSIGNED_CONTEXT((#2949)) 
GLOBAL_UNIT_ASSIGNED_CONTEXT((#2946,#2947,#2948)) REPRESENTATION_CONTEXT
('Context #1','3D Context with UNIT and UNCERTAINTY') );
#2946 = ( LENGTH_UNIT() NAMED_UNIT(*) SI_UNIT(.MILLI.,.METRE.) );
#2947 = ( NAMED_UNIT(*) PLANE_ANGLE_UNIT() SI_UNIT($,.RADIAN.) );
#2948 = ( NAMED_UNIT(*) SI_UNIT($,.STERADIAN.) SOLID_ANGLE_UNIT() );
#2949 = UNCERTAINTY_MEASURE_WITH_UNIT(LENGTH_MEASURE(1.E-07),#2946,
  'distance_accuracy_value','confusion accuracy');
#2950 = CONTEXT_DEPENDENT_SHAPE_REPRESENTATION(#2951,#2953);
#2951 = ( REPRESENTATION_RELATIONSHIP('','',#2790,#10) 
REPRESENTATION_RELATIONSHIP_WITH_TRANSFORMATION(#2952) 
SHAPE_REPRESENTATION_RELATIONSHIP() );
#2952 = ITEM_DEFINED_TRANSFORMATION('','',#11,#63);
#2953 = PRODUCT_DEFINITION_SHAPE('Placement','Placement of an item',
  #2954);
#2954 = NEXT_ASSEMBLY_USAGE_OCCURRENCE('47','Body012','',#5,#2785,$);
#2955 = PRODUCT_RELATED_PRODUCT_CATEGORY('part',$,(#2787));
#2956 = SHAPE_DEFINITION_REPRESENTATION(#2957,#2963);
#2957 = PRODUCT_DEFINITION_SHAPE('','',#2958);
#2958 = PRODUCT_DEFINITION('design','',#2959,#2962);
#2959 = PRODUCT_DEFINITION_FORMATION('','',#2960);
#2960 = PRODUCT('Body013','Body013','',(#2961));
#2961 = PRODUCT_CONTEXT('',#2,'mechanical');
#2962 = PRODUCT_DEFINITION_CONTEXT('part definition',#2,'design');
#2963 = ADVANCED_BREP_SHAPE_REPRESENTATION('',(#11,#2964),#3118);
#2964 = MANIFOLD_SOLID_BREP('',#2965);
#2965 = CLOSED_SHELL('',(#2966,#3006,#3039,#3070,#3094,#3106));
#2966 = ADVANCED_FACE('',(#2967),#3001,.T.);
#2967 = FACE_BOUND('',#2968,.T.);
#2968 = EDGE_LOOP('',(#2969,#2979,#2987,#2995));
#2969 = ORIENTED_EDGE('',*,*,#2970,.T.);
#2970 = EDGE_CURVE('',#2971,#2973,#2975,.T.);
#2971 = VERTEX_POINT('',#2972);
#2972 = CARTESIAN_POINT('',(-0.5,1.37,5.E-02));
#2973 = VERTEX_POINT('',#2974);
#2974 = CARTESIAN_POINT('',(-0.5,1.37,0.48));
#2975 = LINE('',#2976,#2977);
#2976 = CARTESIAN_POINT('',(-0.5,1.37,5.E-02));
#2977 = VECTOR('',#2978,1.);
#2978 = DIRECTION('',(0.,0.,1.));
#2979 = ORIENTED_EDGE('',*,*,#2980,.T.);
#2980 = EDGE_CURVE('',#2973,#2981,#2983,.T.);
#2981 = VERTEX_POINT('',#2982);
#2982 = CARTESIAN_POINT('',(-0.5,1.4,0.48));
#2983 = LINE('',#2984,#2985);
#2984 = CARTESIAN_POINT('',(-0.5,1.37,0.48));
#2985 = VECTOR('',#2986,1.);
#2986 = DIRECTION('',(0.,1.,0.));
#2987 = ORIENTED_EDGE('',*,*,#2988,.F.);
#2988 = EDGE_CURVE('',#2989,#2981,#2991,.T.);
#2989 = VERTEX_POINT('',#2990);
#2990 = CARTESIAN_POINT('',(-0.5,1.4,5.E-02));
#2991 = LINE('',#2992,#2993);
#2992 = CARTESIAN_POINT('',(-0.5,1.4,5.E-02));
#2993 = VECTOR('',#2994,1.);
#2994 = DIRECTION('',(0.,0.,1.));
#2995 = ORIENTED_EDGE('',*,*,#2996,.F.);
#2996 = EDGE_CURVE('',#2971,#2989,#2997,.T.);
#2997 = LINE('',#2998,#2999);
#2998 = CARTESIAN_POINT('',(-0.5,1.37,5.E-02));
#2999 = VECTOR('',#3000,1.);
#3000 = DIRECTION('',(0.,1.,0.));
#3001 = PLANE('',#3002);
#3002 = AXIS2_PLACEMENT_3D('',#3003,#3004,#3005);
#3003 = CARTESIAN_POINT('',(-0.5,1.37,5.E-02));
#3004 = DIRECTION('',(-1.,0.,0.));
#3005 = DIRECTION('',(0.,1.,0.));
#3006 = ADVANCED_FACE('',(#3007),#3034,.F.);
#3007 = FACE_BOUND('',#3008,.T.);
#3008 = EDGE_LOOP('',(#3009,#3010,#3019,#3027));
#3009 = ORIENTED_EDGE('',*,*,#2988,.T.);
#3010 = ORIENTED_EDGE('',*,*,#3011,.T.);
#3011 = EDGE_CURVE('',#2981,#3012,#3014,.T.);
#3012 = VERTEX_POINT('',#3013);
#3013 = CARTESIAN_POINT('',(-0.3,1.6,0.48));
#3014 = CIRCLE('',#3015,0.2);
#3015 = AXIS2_PLACEMENT_3D('',#3016,#3017,#3018);
#3016 = CARTESIAN_POINT('',(-0.5,1.6,0.48));
#3017 = DIRECTION('',(0.,0.,1.));
#3018 = DIRECTION('',(1.,0.,0.));
#3019 = ORIENTED_EDGE('',*,*,#3020,.F.);
#3020 = EDGE_CURVE('',#3021,#3012,#3023,.T.);
#3021 = VERTEX_POINT('',#3022);
#3022 = CARTESIAN_POINT('',(-0.3,1.6,5.E-02));
#3023 = LINE('',#3024,#3025);
#3024 = CARTESIAN_POINT('',(-0.3,1.6,5.E-02));
#3025 = VECTOR('',#3026,1.);
#3026 = DIRECTION('',(0.,0.,1.));
#3027 = ORIENTED_EDGE('',*,*,#3028,.F.);
#3028 = EDGE_CURVE('',#2989,#3021,#3029,.T.);
#3029 = CIRCLE('',#3030,0.2);
#3030 = AXIS2_PLACEMENT_3D('',#3031,#3032,#3033);
#3031 = CARTESIAN_POINT('',(-0.5,1.6,5.E-02));
#3032 = DIRECTION('',(0.,0.,1.));
#3033 = DIRECTION('',(1.,0.,0.));
#3034 = CYLINDRICAL_SURFACE('',#3035,0.2);
#3035 = AXIS2_PLACEMENT_3D('',#3036,#3037,#3038);
#3036 = CARTESIAN_POINT('',(-0.5,1.6,5.E-02));
#3037 = DIRECTION('',(-0.,-0.,-1.));
#3038 = DIRECTION('',(1.,0.,0.));
#3039 = ADVANCED_FACE('',(#3040),#3065,.T.);
#3040 = FACE_BOUND('',#3041,.T.);
#3041 = EDGE_LOOP('',(#3042,#3043,#3051,#3059));
#3042 = ORIENTED_EDGE('',*,*,#3020,.T.);
#3043 = ORIENTED_EDGE('',*,*,#3044,.T.);
#3044 = EDGE_CURVE('',#3012,#3045,#3047,.T.);
#3045 = VERTEX_POINT('',#3046);
#3046 = CARTESIAN_POINT('',(-0.27,1.6,0.48));
#3047 = LINE('',#3048,#3049);
#3048 = CARTESIAN_POINT('',(-0.3,1.6,0.48));
#3049 = VECTOR('',#3050,1.);
#3050 = DIRECTION('',(1.,0.,0.));
#3051 = ORIENTED_EDGE('',*,*,#3052,.F.);
#3052 = EDGE_CURVE('',#3053,#3045,#3055,.T.);
#3053 = VERTEX_POINT('',#3054);
#3054 = CARTESIAN_POINT('',(-0.27,1.6,5.E-02));
#3055 = LINE('',#3056,#3057);
#3056 = CARTESIAN_POINT('',(-0.27,1.6,5.E-02));
#3057 = VECTOR('',#3058,1.);
#3058 = DIRECTION('',(0.,0.,1.));
#3059 = ORIENTED_EDGE('',*,*,#3060,.F.);
#3060 = EDGE_CURVE('',#3021,#3053,#3061,.T.);
#3061 = LINE('',#3062,#3063);
#3062 = CARTESIAN_POINT('',(-0.3,1.6,5.E-02));
#3063 = VECTOR('',#3064,1.);
#3064 = DIRECTION('',(1.,0.,0.));
#3065 = PLANE('',#3066);
#3066 = AXIS2_PLACEMENT_3D('',#3067,#3068,#3069);
#3067 = CARTESIAN_POINT('',(-0.3,1.6,5.E-02));
#3068 = DIRECTION('',(0.,1.,0.));
#3069 = DIRECTION('',(1.,0.,0.));
#3070 = ADVANCED_FACE('',(#3071),#3089,.T.);
#3071 = FACE_BOUND('',#3072,.F.);
#3072 = EDGE_LOOP('',(#3073,#3074,#3081,#3082));
#3073 = ORIENTED_EDGE('',*,*,#2970,.T.);
#3074 = ORIENTED_EDGE('',*,*,#3075,.T.);
#3075 = EDGE_CURVE('',#2973,#3045,#3076,.T.);
#3076 = CIRCLE('',#3077,0.23);
#3077 = AXIS2_PLACEMENT_3D('',#3078,#3079,#3080);
#3078 = CARTESIAN_POINT('',(-0.5,1.6,0.48));
#3079 = DIRECTION('',(0.,0.,1.));
#3080 = DIRECTION('',(1.,0.,0.));
#3081 = ORIENTED_EDGE('',*,*,#3052,.F.);
#3082 = ORIENTED_EDGE('',*,*,#3083,.F.);
#3083 = EDGE_CURVE('',#2971,#3053,#3084,.T.);
#3084 = CIRCLE('',#3085,0.23);
#3085 = AXIS2_PLACEMENT_3D('',#3086,#3087,#3088);
#3086 = CARTESIAN_POINT('',(-0.5,1.6,5.E-02));
#3087 = DIRECTION('',(0.,0.,1.));
#3088 = DIRECTION('',(1.,0.,0.));
#3089 = CYLINDRICAL_SURFACE('',#3090,0.23);
#3090 = AXIS2_PLACEMENT_3D('',#3091,#3092,#3093);
#3091 = CARTESIAN_POINT('',(-0.5,1.6,5.E-02));
#3092 = DIRECTION('',(-0.,-0.,-1.));
#3093 = DIRECTION('',(1.,0.,0.));
#3094 = ADVANCED_FACE('',(#3095),#3101,.F.);
#3095 = FACE_BOUND('',#3096,.T.);
#3096 = EDGE_LOOP('',(#3097,#3098,#3099,#3100));
#3097 = ORIENTED_EDGE('',*,*,#2996,.T.);
#3098 = ORIENTED_EDGE('',*,*,#3028,.T.);
#3099 = ORIENTED_EDGE('',*,*,#3060,.T.);
#3100 = ORIENTED_EDGE('',*,*,#3083,.F.);
#3101 = PLANE('',#3102);
#3102 = AXIS2_PLACEMENT_3D('',#3103,#3104,#3105);
#3103 = CARTESIAN_POINT('',(-0.36783360393,1.46783360393,5.E-02));
#3104 = DIRECTION('',(0.,0.,1.));
#3105 = DIRECTION('',(1.,0.,0.));
#3106 = ADVANCED_FACE('',(#3107),#3113,.T.);
#3107 = FACE_BOUND('',#3108,.F.);
#3108 = EDGE_LOOP('',(#3109,#3110,#3111,#3112));
#3109 = ORIENTED_EDGE('',*,*,#2980,.T.);
#3110 = ORIENTED_EDGE('',*,*,#3011,.T.);
#3111 = ORIENTED_EDGE('',*,*,#3044,.T.);
#3112 = ORIENTED_EDGE('',*,*,#3075,.F.);
#3113 = PLANE('',#3114);
#3114 = AXIS2_PLACEMENT_3D('',#3115,#3116,#3117);
#3115 = CARTESIAN_POINT('',(-0.36783360393,1.46783360393,0.48));
#3116 = DIRECTION('',(0.,0.,1.));
#3117 = DIRECTION('',(1.,0.,0.));
#3118 = ( GEOMETRIC_REPRESENTATION_CONTEXT(3) 
GLOBAL_UNCERTAINTY_ASSIGNED_CONTEXT((#3122)) 
GLOBAL_UNIT_ASSIGNED_CONTEXT((#3119,#3120,#3121)) REPRESENTATION_CONTEXT
('Context #1','3D Context with UNIT and UNCERTAINTY') );
#3119 = ( LENGTH_UNIT() NAMED_UNIT(*) SI_UNIT(.MILLI.,.METRE.) );
#3120 = ( NAMED_UNIT(*) PLANE_ANGLE_UNIT() SI_UNIT($,.RADIAN.) );
#3121 = ( NAMED_UNIT(*) SI_UNIT($,.STERADIAN.) SOLID_ANGLE_UNIT() );
#3122 = UNCERTAINTY_MEASURE_WITH_UNIT(LENGTH_MEASURE(1.E-07),#3119,
  'distance_accuracy_value','confusion accuracy');
#3123 = CONTEXT_DEPENDENT_SHAPE_REPRESENTATION(#3124,#3126);
#3124 = ( REPRESENTATION_RELATIONSHIP('','',#2963,#10) 
REPRESENTATION_RELATIONSHIP_WITH_TRANSFORMATION(#3125) 
SHAPE_REPRESENTATION_RELATIONSHIP() );
#3125 = ITEM_DEFINED_TRANSFORMATION('','',#11,#67);
#3126 = PRODUCT_DEFINITION_SHAPE('Placement','Placement of an item',
  #3127);
#3127 = NEXT_ASSEMBLY_USAGE_OCCURRENCE('48','Body013','',#5,#2958,$);
#3128 = PRODUCT_RELATED_PRODUCT_CATEGORY('part',$,(#2960));
#3129 = SHAPE_DEFINITION_REPRESENTATION(#3130,#3136);
#3130 = PRODUCT_DEFINITION_SHAPE('','',#3131);
#3131 = PRODUCT_DEFINITION('design','',#3132,#3135);
#3132 = PRODUCT_DEFINITION_FORMATION('','',#3133);
#3133 = PRODUCT('Body014','Body014','',(#3134));
#3134 = PRODUCT_CONTEXT('',#2,'mechanical');
#3135 = PRODUCT_DEFINITION_CONTEXT('part definition',#2,'design');
#3136 = ADVANCED_BREP_SHAPE_REPRESENTATION('',(#11,#3137),#3291);
#3137 = MANIFOLD_SOLID_BREP('',#3138);
#3138 = CLOSED_SHELL('',(#3139,#3179,#3212,#3243,#3267,#3279));
#3139 = ADVANCED_FACE('',(#3140),#3174,.T.);
#3140 = FACE_BOUND('',#3141,.T.);
#3141 = EDGE_LOOP('',(#3142,#3152,#3160,#3168));
#3142 = ORIENTED_EDGE('',*,*,#3143,.T.);
#3143 = EDGE_CURVE('',#3144,#3146,#3148,.T.);
#3144 = VERTEX_POINT('',#3145);
#3145 = CARTESIAN_POINT('',(-0.5,1.37,5.E-02));
#3146 = VERTEX_POINT('',#3147);
#3147 = CARTESIAN_POINT('',(-0.5,1.37,0.48));
#3148 = LINE('',#3149,#3150);
#3149 = CARTESIAN_POINT('',(-0.5,1.37,5.E-02));
#3150 = VECTOR('',#3151,1.);
#3151 = DIRECTION('',(0.,0.,1.));
#3152 = ORIENTED_EDGE('',*,*,#3153,.T.);
#3153 = EDGE_CURVE('',#3146,#3154,#3156,.T.);
#3154 = VERTEX_POINT('',#3155);
#3155 = CARTESIAN_POINT('',(-0.5,1.4,0.48));
#3156 = LINE('',#3157,#3158);
#3157 = CARTESIAN_POINT('',(-0.5,1.37,0.48));
#3158 = VECTOR('',#3159,1.);
#3159 = DIRECTION('',(0.,1.,0.));
#3160 = ORIENTED_EDGE('',*,*,#3161,.F.);
#3161 = EDGE_CURVE('',#3162,#3154,#3164,.T.);
#3162 = VERTEX_POINT('',#3163);
#3163 = CARTESIAN_POINT('',(-0.5,1.4,5.E-02));
#3164 = LINE('',#3165,#3166);
#3165 = CARTESIAN_POINT('',(-0.5,1.4,5.E-02));
#3166 = VECTOR('',#3167,1.);
#3167 = DIRECTION('',(0.,0.,1.));
#3168 = ORIENTED_EDGE('',*,*,#3169,.F.);
#3169 = EDGE_CURVE('',#3144,#3162,#3170,.T.);
#3170 = LINE('',#3171,#3172);
#3171 = CARTESIAN_POINT('',(-0.5,1.37,5.E-02));
#3172 = VECTOR('',#3173,1.);
#3173 = DIRECTION('',(0.,1.,0.));
#3174 = PLANE('',#3175);
#3175 = AXIS2_PLACEMENT_3D('',#3176,#3177,#3178);
#3176 = CARTESIAN_POINT('',(-0.5,1.37,5.E-02));
#3177 = DIRECTION('',(-1.,0.,0.));
#3178 = DIRECTION('',(0.,1.,0.));
#3179 = ADVANCED_FACE('',(#3180),#3207,.F.);
#3180 = FACE_BOUND('',#3181,.T.);
#3181 = EDGE_LOOP('',(#3182,#3183,#3192,#3200));
#3182 = ORIENTED_EDGE('',*,*,#3161,.T.);
#3183 = ORIENTED_EDGE('',*,*,#3184,.T.);
#3184 = EDGE_CURVE('',#3154,#3185,#3187,.T.);
#3185 = VERTEX_POINT('',#3186);
#3186 = CARTESIAN_POINT('',(-0.3,1.6,0.48));
#3187 = CIRCLE('',#3188,0.2);
#3188 = AXIS2_PLACEMENT_3D('',#3189,#3190,#3191);
#3189 = CARTESIAN_POINT('',(-0.5,1.6,0.48));
#3190 = DIRECTION('',(0.,0.,1.));
#3191 = DIRECTION('',(1.,0.,0.));
#3192 = ORIENTED_EDGE('',*,*,#3193,.F.);
#3193 = EDGE_CURVE('',#3194,#3185,#3196,.T.);
#3194 = VERTEX_POINT('',#3195);
#3195 = CARTESIAN_POINT('',(-0.3,1.6,5.E-02));
#3196 = LINE('',#3197,#3198);
#3197 = CARTESIAN_POINT('',(-0.3,1.6,5.E-02));
#3198 = VECTOR('',#3199,1.);
#3199 = DIRECTION('',(0.,0.,1.));
#3200 = ORIENTED_EDGE('',*,*,#3201,.F.);
#3201 = EDGE_CURVE('',#3162,#3194,#3202,.T.);
#3202 = CIRCLE('',#3203,0.2);
#3203 = AXIS2_PLACEMENT_3D('',#3204,#3205,#3206);
#3204 = CARTESIAN_POINT('',(-0.5,1.6,5.E-02));
#3205 = DIRECTION('',(0.,0.,1.));
#3206 = DIRECTION('',(1.,0.,0.));
#3207 = CYLINDRICAL_SURFACE('',#3208,0.2);
#3208 = AXIS2_PLACEMENT_3D('',#3209,#3210,#3211);
#3209 = CARTESIAN_POINT('',(-0.5,1.6,5.E-02));
#3210 = DIRECTION('',(-0.,-0.,-1.));
#3211 = DIRECTION('',(1.,0.,0.));
#3212 = ADVANCED_FACE('',(#3213),#3238,.T.);
#3213 = FACE_BOUND('',#3214,.T.);
#3214 = EDGE_LOOP('',(#3215,#3216,#3224,#3232));
#3215 = ORIENTED_EDGE('',*,*,#3193,.T.);
#3216 = ORIENTED_EDGE('',*,*,#3217,.T.);
#3217 = EDGE_CURVE('',#3185,#3218,#3220,.T.);
#3218 = VERTEX_POINT('',#3219);
#3219 = CARTESIAN_POINT('',(-0.27,1.6,0.48));
#3220 = LINE('',#3221,#3222);
#3221 = CARTESIAN_POINT('',(-0.3,1.6,0.48));
#3222 = VECTOR('',#3223,1.);
#3223 = DIRECTION('',(1.,0.,0.));
#3224 = ORIENTED_EDGE('',*,*,#3225,.F.);
#3225 = EDGE_CURVE('',#3226,#3218,#3228,.T.);
#3226 = VERTEX_POINT('',#3227);
#3227 = CARTESIAN_POINT('',(-0.27,1.6,5.E-02));
#3228 = LINE('',#3229,#3230);
#3229 = CARTESIAN_POINT('',(-0.27,1.6,5.E-02));
#3230 = VECTOR('',#3231,1.);
#3231 = DIRECTION('',(0.,0.,1.));
#3232 = ORIENTED_EDGE('',*,*,#3233,.F.);
#3233 = EDGE_CURVE('',#3194,#3226,#3234,.T.);
#3234 = LINE('',#3235,#3236);
#3235 = CARTESIAN_POINT('',(-0.3,1.6,5.E-02));
#3236 = VECTOR('',#3237,1.);
#3237 = DIRECTION('',(1.,0.,0.));
#3238 = PLANE('',#3239);
#3239 = AXIS2_PLACEMENT_3D('',#3240,#3241,#3242);
#3240 = CARTESIAN_POINT('',(-0.3,1.6,5.E-02));
#3241 = DIRECTION('',(0.,1.,0.));
#3242 = DIRECTION('',(1.,0.,0.));
#3243 = ADVANCED_FACE('',(#3244),#3262,.T.);
#3244 = FACE_BOUND('',#3245,.F.);
#3245 = EDGE_LOOP('',(#3246,#3247,#3254,#3255));
#3246 = ORIENTED_EDGE('',*,*,#3143,.T.);
#3247 = ORIENTED_EDGE('',*,*,#3248,.T.);
#3248 = EDGE_CURVE('',#3146,#3218,#3249,.T.);
#3249 = CIRCLE('',#3250,0.23);
#3250 = AXIS2_PLACEMENT_3D('',#3251,#3252,#3253);
#3251 = CARTESIAN_POINT('',(-0.5,1.6,0.48));
#3252 = DIRECTION('',(0.,0.,1.));
#3253 = DIRECTION('',(1.,0.,0.));
#3254 = ORIENTED_EDGE('',*,*,#3225,.F.);
#3255 = ORIENTED_EDGE('',*,*,#3256,.F.);
#3256 = EDGE_CURVE('',#3144,#3226,#3257,.T.);
#3257 = CIRCLE('',#3258,0.23);
#3258 = AXIS2_PLACEMENT_3D('',#3259,#3260,#3261);
#3259 = CARTESIAN_POINT('',(-0.5,1.6,5.E-02));
#3260 = DIRECTION('',(0.,0.,1.));
#3261 = DIRECTION('',(1.,0.,0.));
#3262 = CYLINDRICAL_SURFACE('',#3263,0.23);
#3263 = AXIS2_PLACEMENT_3D('',#3264,#3265,#3266);
#3264 = CARTESIAN_POINT('',(-0.5,1.6,5.E-02));
#3265 = DIRECTION('',(-0.,-0.,-1.));
#3266 = DIRECTION('',(1.,0.,0.));
#3267 = ADVANCED_FACE('',(#3268),#3274,.F.);
#3268 = FACE_BOUND('',#3269,.T.);
#3269 = EDGE_LOOP('',(#3270,#3271,#3272,#3273));
#3270 = ORIENTED_EDGE('',*,*,#3169,.T.);
#3271 = ORIENTED_EDGE('',*,*,#3201,.T.);
#3272 = ORIENTED_EDGE('',*,*,#3233,.T.);
#3273 = ORIENTED_EDGE('',*,*,#3256,.F.);
#3274 = PLANE('',#3275);
#3275 = AXIS2_PLACEMENT_3D('',#3276,#3277,#3278);
#3276 = CARTESIAN_POINT('',(-0.36783360393,1.46783360393,5.E-02));
#3277 = DIRECTION('',(0.,0.,1.));
#3278 = DIRECTION('',(1.,0.,0.));
#3279 = ADVANCED_FACE('',(#3280),#3286,.T.);
#3280 = FACE_BOUND('',#3281,.F.);
#3281 = EDGE_LOOP('',(#3282,#3283,#3284,#3285));
#3282 = ORIENTED_EDGE('',*,*,#3153,.T.);
#3283 = ORIENTED_EDGE('',*,*,#3184,.T.);
#3284 = ORIENTED_EDGE('',*,*,#3217,.T.);
#3285 = ORIENTED_EDGE('',*,*,#3248,.F.);
#3286 = PLANE('',#3287);
#3287 = AXIS2_PLACEMENT_3D('',#3288,#3289,#3290);
#3288 = CARTESIAN_POINT('',(-0.36783360393,1.46783360393,0.48));
#3289 = DIRECTION('',(0.,0.,1.));
#3290 = DIRECTION('',(1.,0.,0.));
#3291 = ( GEOMETRIC_REPRESENTATION_CONTEXT(3) 
GLOBAL_UNCERTAINTY_ASSIGNED_CONTEXT((#3295)) 
GLOBAL_UNIT_ASSIGNED_CONTEXT((#3292,#3293,#3294)) REPRESENTATION_CONTEXT
('Context #1','3D Context with UNIT and UNCERTAINTY') );
#3292 = ( LENGTH_UNIT() NAMED_UNIT(*) SI_UNIT(.MILLI.,.METRE.) );
#3293 = ( NAMED_UNIT(*) PLANE_ANGLE_UNIT() SI_UNIT($,.RADIAN.) );
#3294 = ( NAMED_UNIT(*) SI_UNIT($,.STERADIAN.) SOLID_ANGLE_UNIT() );
#3295 = UNCERTAINTY_MEASURE_WITH_UNIT(LENGTH_MEASURE(1.E-07),#3292,
  'distance_accuracy_value','confusion accuracy');
#3296 = CONTEXT_DEPENDENT_SHAPE_REPRESENTATION(#3297,#3299);
#3297 = ( REPRESENTATION_RELATIONSHIP('','',#3136,#10) 
REPRESENTATION_RELATIONSHIP_WITH_TRANSFORMATION(#3298) 
SHAPE_REPRESENTATION_RELATIONSHIP() );
#3298 = ITEM_DEFINED_TRANSFORMATION('','',#11,#71);
#3299 = PRODUCT_DEFINITION_SHAPE('Placement','Placement of an item',
  #3300);
#3300 = NEXT_ASSEMBLY_USAGE_OCCURRENCE('49','Body014','',#5,#3131,$);
#3301 = PRODUCT_RELATED_PRODUCT_CATEGORY('part',$,(#3133));
#3302 = SHAPE_DEFINITION_REPRESENTATION(#3303,#3309);
#3303 = PRODUCT_DEFINITION_SHAPE('','',#3304);
#3304 = PRODUCT_DEFINITION('design','',#3305,#3308);
#3305 = PRODUCT_DEFINITION_FORMATION('','',#3306);
#3306 = PRODUCT('Body015','Body015','',(#3307));
#3307 = PRODUCT_CONTEXT('',#2,'mechanical');
#3308 = PRODUCT_DEFINITION_CONTEXT('part definition',#2,'design');
#3309 = ADVANCED_BREP_SHAPE_REPRESENTATION('',(#11,#3310),#3464);
#3310 = MANIFOLD_SOLID_BREP('',#3311);
#3311 = CLOSED_SHELL('',(#3312,#3352,#3385,#3416,#3440,#3452));
#3312 = ADVANCED_FACE('',(#3313),#3347,.T.);
#3313 = FACE_BOUND('',#3314,.T.);
#3314 = EDGE_LOOP('',(#3315,#3325,#3333,#3341));
#3315 = ORIENTED_EDGE('',*,*,#3316,.T.);
#3316 = EDGE_CURVE('',#3317,#3319,#3321,.T.);
#3317 = VERTEX_POINT('',#3318);
#3318 = CARTESIAN_POINT('',(-0.5,1.37,5.E-02));
#3319 = VERTEX_POINT('',#3320);
#3320 = CARTESIAN_POINT('',(-0.5,1.37,0.48));
#3321 = LINE('',#3322,#3323);
#3322 = CARTESIAN_POINT('',(-0.5,1.37,5.E-02));
#3323 = VECTOR('',#3324,1.);
#3324 = DIRECTION('',(0.,0.,1.));
#3325 = ORIENTED_EDGE('',*,*,#3326,.T.);
#3326 = EDGE_CURVE('',#3319,#3327,#3329,.T.);
#3327 = VERTEX_POINT('',#3328);
#3328 = CARTESIAN_POINT('',(-0.5,1.4,0.48));
#3329 = LINE('',#3330,#3331);
#3330 = CARTESIAN_POINT('',(-0.5,1.37,0.48));
#3331 = VECTOR('',#3332,1.);
#3332 = DIRECTION('',(0.,1.,0.));
#3333 = ORIENTED_EDGE('',*,*,#3334,.F.);
#3334 = EDGE_CURVE('',#3335,#3327,#3337,.T.);
#3335 = VERTEX_POINT('',#3336);
#3336 = CARTESIAN_POINT('',(-0.5,1.4,5.E-02));
#3337 = LINE('',#3338,#3339);
#3338 = CARTESIAN_POINT('',(-0.5,1.4,5.E-02));
#3339 = VECTOR('',#3340,1.);
#3340 = DIRECTION('',(0.,0.,1.));
#3341 = ORIENTED_EDGE('',*,*,#3342,.F.);
#3342 = EDGE_CURVE('',#3317,#3335,#3343,.T.);
#3343 = LINE('',#3344,#3345);
#3344 = CARTESIAN_POINT('',(-0.5,1.37,5.E-02));
#3345 = VECTOR('',#3346,1.);
#3346 = DIRECTION('',(0.,1.,0.));
#3347 = PLANE('',#3348);
#3348 = AXIS2_PLACEMENT_3D('',#3349,#3350,#3351);
#3349 = CARTESIAN_POINT('',(-0.5,1.37,5.E-02));
#3350 = DIRECTION('',(-1.,0.,0.));
#3351 = DIRECTION('',(0.,1.,0.));
#3352 = ADVANCED_FACE('',(#3353),#3380,.F.);
#3353 = FACE_BOUND('',#3354,.T.);
#3354 = EDGE_LOOP('',(#3355,#3356,#3365,#3373));
#3355 = ORIENTED_EDGE('',*,*,#3334,.T.);
#3356 = ORIENTED_EDGE('',*,*,#3357,.T.);
#3357 = EDGE_CURVE('',#3327,#3358,#3360,.T.);
#3358 = VERTEX_POINT('',#3359);
#3359 = CARTESIAN_POINT('',(-0.3,1.6,0.48));
#3360 = CIRCLE('',#3361,0.2);
#3361 = AXIS2_PLACEMENT_3D('',#3362,#3363,#3364);
#3362 = CARTESIAN_POINT('',(-0.5,1.6,0.48));
#3363 = DIRECTION('',(0.,0.,1.));
#3364 = DIRECTION('',(1.,0.,0.));
#3365 = ORIENTED_EDGE('',*,*,#3366,.F.);
#3366 = EDGE_CURVE('',#3367,#3358,#3369,.T.);
#3367 = VERTEX_POINT('',#3368);
#3368 = CARTESIAN_POINT('',(-0.3,1.6,5.E-02));
#3369 = LINE('',#3370,#3371);
#3370 = CARTESIAN_POINT('',(-0.3,1.6,5.E-02));
#3371 = VECTOR('',#3372,1.);
#3372 = DIRECTION('',(0.,0.,1.));
#3373 = ORIENTED_EDGE('',*,*,#3374,.F.);
#3374 = EDGE_CURVE('',#3335,#3367,#3375,.T.);
#3375 = CIRCLE('',#3376,0.2);
#3376 = AXIS2_PLACEMENT_3D('',#3377,#3378,#3379);
#3377 = CARTESIAN_POINT('',(-0.5,1.6,5.E-02));
#3378 = DIRECTION('',(0.,0.,1.));
#3379 = DIRECTION('',(1.,0.,0.));
#3380 = CYLINDRICAL_SURFACE('',#3381,0.2);
#3381 = AXIS2_PLACEMENT_3D('',#3382,#3383,#3384);
#3382 = CARTESIAN_POINT('',(-0.5,1.6,5.E-02));
#3383 = DIRECTION('',(-0.,-0.,-1.));
#3384 = DIRECTION('',(1.,0.,0.));
#3385 = ADVANCED_FACE('',(#3386),#3411,.T.);
#3386 = FACE_BOUND('',#3387,.T.);
#3387 = EDGE_LOOP('',(#3388,#3389,#3397,#3405));
#3388 = ORIENTED_EDGE('',*,*,#3366,.T.);
#3389 = ORIENTED_EDGE('',*,*,#3390,.T.);
#3390 = EDGE_CURVE('',#3358,#3391,#3393,.T.);
#3391 = VERTEX_POINT('',#3392);
#3392 = CARTESIAN_POINT('',(-0.27,1.6,0.48));
#3393 = LINE('',#3394,#3395);
#3394 = CARTESIAN_POINT('',(-0.3,1.6,0.48));
#3395 = VECTOR('',#3396,1.);
#3396 = DIRECTION('',(1.,0.,0.));
#3397 = ORIENTED_EDGE('',*,*,#3398,.F.);
#3398 = EDGE_CURVE('',#3399,#3391,#3401,.T.);
#3399 = VERTEX_POINT('',#3400);
#3400 = CARTESIAN_POINT('',(-0.27,1.6,5.E-02));
#3401 = LINE('',#3402,#3403);
#3402 = CARTESIAN_POINT('',(-0.27,1.6,5.E-02));
#3403 = VECTOR('',#3404,1.);
#3404 = DIRECTION('',(0.,0.,1.));
#3405 = ORIENTED_EDGE('',*,*,#3406,.F.);
#3406 = EDGE_CURVE('',#3367,#3399,#3407,.T.);
#3407 = LINE('',#3408,#3409);
#3408 = CARTESIAN_POINT('',(-0.3,1.6,5.E-02));
#3409 = VECTOR('',#3410,1.);
#3410 = DIRECTION('',(1.,0.,0.));
#3411 = PLANE('',#3412);
#3412 = AXIS2_PLACEMENT_3D('',#3413,#3414,#3415);
#3413 = CARTESIAN_POINT('',(-0.3,1.6,5.E-02));
#3414 = DIRECTION('',(0.,1.,0.));
#3415 = DIRECTION('',(1.,0.,0.));
#3416 = ADVANCED_FACE('',(#3417),#3435,.T.);
#3417 = FACE_BOUND('',#3418,.F.);
#3418 = EDGE_LOOP('',(#3419,#3420,#3427,#3428));
#3419 = ORIENTED_EDGE('',*,*,#3316,.T.);
#3420 = ORIENTED_EDGE('',*,*,#3421,.T.);
#3421 = EDGE_CURVE('',#3319,#3391,#3422,.T.);
#3422 = CIRCLE('',#3423,0.23);
#3423 = AXIS2_PLACEMENT_3D('',#3424,#3425,#3426);
#3424 = CARTESIAN_POINT('',(-0.5,1.6,0.48));
#3425 = DIRECTION('',(0.,0.,1.));
#3426 = DIRECTION('',(1.,0.,0.));
#3427 = ORIENTED_EDGE('',*,*,#3398,.F.);
#3428 = ORIENTED_EDGE('',*,*,#3429,.F.);
#3429 = EDGE_CURVE('',#3317,#3399,#3430,.T.);
#3430 = CIRCLE('',#3431,0.23);
#3431 = AXIS2_PLACEMENT_3D('',#3432,#3433,#3434);
#3432 = CARTESIAN_POINT('',(-0.5,1.6,5.E-02));
#3433 = DIRECTION('',(0.,0.,1.));
#3434 = DIRECTION('',(1.,0.,0.));
#3435 = CYLINDRICAL_SURFACE('',#3436,0.23);
#3436 = AXIS2_PLACEMENT_3D('',#3437,#3438,#3439);
#3437 = CARTESIAN_POINT('',(-0.5,1.6,5.E-02));
#3438 = DIRECTION('',(-0.,-0.,-1.));
#3439 = DIRECTION('',(1.,0.,0.));
#3440 = ADVANCED_FACE('',(#3441),#3447,.F.);
#3441 = FACE_BOUND('',#3442,.T.);
#3442 = EDGE_LOOP('',(#3443,#3444,#3445,#3446));
#3443 = ORIENTED_EDGE('',*,*,#3342,.T.);
#3444 = ORIENTED_EDGE('',*,*,#3374,.T.);
#3445 = ORIENTED_EDGE('',*,*,#3406,.T.);
#3446 = ORIENTED_EDGE('',*,*,#3429,.F.);
#3447 = PLANE('',#3448);
#3448 = AXIS2_PLACEMENT_3D('',#3449,#3450,#3451);
#3449 = CARTESIAN_POINT('',(-0.36783360393,1.46783360393,5.E-02));
#3450 = DIRECTION('',(0.,0.,1.));
#3451 = DIRECTION('',(1.,0.,0.));
#3452 = ADVANCED_FACE('',(#3453),#3459,.T.);
#3453 = FACE_BOUND('',#3454,.F.);
#3454 = EDGE_LOOP('',(#3455,#3456,#3457,#3458));
#3455 = ORIENTED_EDGE('',*,*,#3326,.T.);
#3456 = ORIENTED_EDGE('',*,*,#3357,.T.);
#3457 = ORIENTED_EDGE('',*,*,#3390,.T.);
#3458 = ORIENTED_EDGE('',*,*,#3421,.F.);
#3459 = PLANE('',#3460);
#3460 = AXIS2_PLACEMENT_3D('',#3461,#3462,#3463);
#3461 = CARTESIAN_POINT('',(-0.36783360393,1.46783360393,0.48));
#3462 = DIRECTION('',(0.,0.,1.));
#3463 = DIRECTION('',(1.,0.,0.));
#3464 = ( GEOMETRIC_REPRESENTATION_CONTEXT(3) 
GLOBAL_UNCERTAINTY_ASSIGNED_CONTEXT((#3468)) 
GLOBAL_UNIT_ASSIGNED_CONTEXT((#3465,#3466,#3467)) REPRESENTATION_CONTEXT
('Context #1','3D Context with UNIT and UNCERTAINTY') );
#3465 = ( LENGTH_UNIT() NAMED_UNIT(*) SI_UNIT(.MILLI.,.METRE.) );
#3466 = ( NAMED_UNIT(*) PLANE_ANGLE_UNIT() SI_UNIT($,.RADIAN.) );
#3467 = ( NAMED_UNIT(*) SI_UNIT($,.STERADIAN.) SOLID_ANGLE_UNIT() );
#3468 = UNCERTAINTY_MEASURE_WITH_UNIT(LENGTH_MEASURE(1.E-07),#3465,
  'distance_accuracy_value','confusion accuracy');
#3469 = CONTEXT_DEPENDENT_SHAPE_REPRESENTATION(#3470,#3472);
#3470 = ( REPRESENTATION_RELATIONSHIP('','',#3309,#10) 
REPRESENTATION_RELATIONSHIP_WITH_TRANSFORMATION(#3471) 
SHAPE_REPRESENTATION_RELATIONSHIP() );
#3471 = ITEM_DEFINED_TRANSFORMATION('','',#11,#75);
#3472 = PRODUCT_DEFINITION_SHAPE('Placement','Placement of an item',
  #3473);
#3473 = NEXT_ASSEMBLY_USAGE_OCCURRENCE('50','Body015','',#5,#3304,$);
#3474 = PRODUCT_RELATED_PRODUCT_CATEGORY('part',$,(#3306));
#3475 = SHAPE_DEFINITION_REPRESENTATION(#3476,#3482);
#3476 = PRODUCT_DEFINITION_SHAPE('','',#3477);
#3477 = PRODUCT_DEFINITION('design','',#3478,#3481);
#3478 = PRODUCT_DEFINITION_FORMATION('','',#3479);
#3479 = PRODUCT('Body016','Body016','',(#3480));
#3480 = PRODUCT_CONTEXT('',#2,'mechanical');
#3481 = PRODUCT_DEFINITION_CONTEXT('part definition',#2,'design');
#3482 = ADVANCED_BREP_SHAPE_REPRESENTATION('',(#11,#3483),#3633);
#3483 = MANIFOLD_SOLID_BREP('',#3484);
#3484 = CLOSED_SHELL('',(#3485,#3525,#3556,#3587,#3609,#3621));
#3485 = ADVANCED_FACE('',(#3486),#3520,.T.);
#3486 = FACE_BOUND('',#3487,.T.);
#3487 = EDGE_LOOP('',(#3488,#3498,#3506,#3514));
#3488 = ORIENTED_EDGE('',*,*,#3489,.T.);
#3489 = EDGE_CURVE('',#3490,#3492,#3494,.T.);
#3490 = VERTEX_POINT('',#3491);
#3491 = CARTESIAN_POINT('',(-2.5E-02,1.6,0.48));
#3492 = VERTEX_POINT('',#3493);
#3493 = CARTESIAN_POINT('',(-2.5E-02,1.6,0.51));
#3494 = LINE('',#3495,#3496);
#3495 = CARTESIAN_POINT('',(-2.5E-02,1.6,0.48));
#3496 = VECTOR('',#3497,1.);
#3497 = DIRECTION('',(0.,0.,1.));
#3498 = ORIENTED_EDGE('',*,*,#3499,.T.);
#3499 = EDGE_CURVE('',#3492,#3500,#3502,.T.);
#3500 = VERTEX_POINT('',#3501);
#3501 = CARTESIAN_POINT('',(2.5E-02,1.6,0.51));
#3502 = LINE('',#3503,#3504);
#3503 = CARTESIAN_POINT('',(-2.5E-02,1.6,0.51));
#3504 = VECTOR('',#3505,1.);
#3505 = DIRECTION('',(1.,0.,0.));
#3506 = ORIENTED_EDGE('',*,*,#3507,.F.);
#3507 = EDGE_CURVE('',#3508,#3500,#3510,.T.);
#3508 = VERTEX_POINT('',#3509);
#3509 = CARTESIAN_POINT('',(2.5E-02,1.6,0.48));
#3510 = LINE('',#3511,#3512);
#3511 = CARTESIAN_POINT('',(2.5E-02,1.6,0.48));
#3512 = VECTOR('',#3513,1.);
#3513 = DIRECTION('',(0.,0.,1.));
#3514 = ORIENTED_EDGE('',*,*,#3515,.F.);
#3515 = EDGE_CURVE('',#3490,#3508,#3516,.T.);
#3516 = LINE('',#3517,#3518);
#3517 = CARTESIAN_POINT('',(-2.5E-02,1.6,0.48));
#3518 = VECTOR('',#3519,1.);
#3519 = DIRECTION('',(1.,0.,0.));
#3520 = PLANE('',#3521);
#3521 = AXIS2_PLACEMENT_3D('',#3522,#3523,#3524);
#3522 = CARTESIAN_POINT('',(-2.5E-02,1.6,0.48));
#3523 = DIRECTION('',(0.,1.,0.));
#3524 = DIRECTION('',(1.,0.,0.));
#3525 = ADVANCED_FACE('',(#3526),#3551,.T.);
#3526 = FACE_BOUND('',#3527,.T.);
#3527 = EDGE_LOOP('',(#3528,#3529,#3537,#3545));
#3528 = ORIENTED_EDGE('',*,*,#3507,.T.);
#3529 = ORIENTED_EDGE('',*,*,#3530,.T.);
#3530 = EDGE_CURVE('',#3500,#3531,#3533,.T.);
#3531 = VERTEX_POINT('',#3532);
#3532 = CARTESIAN_POINT('',(2.5E-02,1.05,0.51));
#3533 = LINE('',#3534,#3535);
#3534 = CARTESIAN_POINT('',(2.5E-02,1.6,0.51));
#3535 = VECTOR('',#3536,1.);
#3536 = DIRECTION('',(0.,-1.,0.));
#3537 = ORIENTED_EDGE('',*,*,#3538,.F.);
#3538 = EDGE_CURVE('',#3539,#3531,#3541,.T.);
#3539 = VERTEX_POINT('',#3540);
#3540 = CARTESIAN_POINT('',(2.5E-02,1.05,0.48));
#3541 = LINE('',#3542,#3543);
#3542 = CARTESIAN_POINT('',(2.5E-02,1.05,0.48));
#3543 = VECTOR('',#3544,1.);
#3544 = DIRECTION('',(0.,0.,1.));
#3545 = ORIENTED_EDGE('',*,*,#3546,.F.);
#3546 = EDGE_CURVE('',#3508,#3539,#3547,.T.);
#3547 = LINE('',#3548,#3549);
#3548 = CARTESIAN_POINT('',(2.5E-02,1.6,0.48));
#3549 = VECTOR('',#3550,1.);
#3550 = DIRECTION('',(0.,-1.,0.));
#3551 = PLANE('',#3552);
#3552 = AXIS2_PLACEMENT_3D('',#3553,#3554,#3555);
#3553 = CARTESIAN_POINT('',(2.5E-02,1.6,0.48));
#3554 = DIRECTION('',(1.,0.,0.));
#3555 = DIRECTION('',(0.,-1.,0.));
#3556 = ADVANCED_FACE('',(#3557),#3582,.T.);
#3557 = FACE_BOUND('',#3558,.T.);
#3558 = EDGE_LOOP('',(#3559,#3560,#3568,#3576));
#3559 = ORIENTED_EDGE('',*,*,#3538,.T.);
#3560 = ORIENTED_EDGE('',*,*,#3561,.T.);
#3561 = EDGE_CURVE('',#3531,#3562,#3564,.T.);
#3562 = VERTEX_POINT('',#3563);
#3563 = CARTESIAN_POINT('',(-2.5E-02,1.05,0.51));
#3564 = LINE('',#3565,#3566);
#3565 = CARTESIAN_POINT('',(2.5E-02,1.05,0.51));
#3566 = VECTOR('',#3567,1.);
#3567 = DIRECTION('',(-1.,0.,0.));
#3568 = ORIENTED_EDGE('',*,*,#3569,.F.);
#3569 = EDGE_CURVE('',#3570,#3562,#3572,.T.);
#3570 = VERTEX_POINT('',#3571);
#3571 = CARTESIAN_POINT('',(-2.5E-02,1.05,0.48));
#3572 = LINE('',#3573,#3574);
#3573 = CARTESIAN_POINT('',(-2.5E-02,1.05,0.48));
#3574 = VECTOR('',#3575,1.);
#3575 = DIRECTION('',(0.,0.,1.));
#3576 = ORIENTED_EDGE('',*,*,#3577,.F.);
#3577 = EDGE_CURVE('',#3539,#3570,#3578,.T.);
#3578 = LINE('',#3579,#3580);
#3579 = CARTESIAN_POINT('',(2.5E-02,1.05,0.48));
#3580 = VECTOR('',#3581,1.);
#3581 = DIRECTION('',(-1.,0.,0.));
#3582 = PLANE('',#3583);
#3583 = AXIS2_PLACEMENT_3D('',#3584,#3585,#3586);
#3584 = CARTESIAN_POINT('',(2.5E-02,1.05,0.48));
#3585 = DIRECTION('',(0.,-1.,0.));
#3586 = DIRECTION('',(-1.,0.,0.));
#3587 = ADVANCED_FACE('',(#3588),#3604,.T.);
#3588 = FACE_BOUND('',#3589,.T.);
#3589 = EDGE_LOOP('',(#3590,#3591,#3597,#3598));
#3590 = ORIENTED_EDGE('',*,*,#3569,.T.);
#3591 = ORIENTED_EDGE('',*,*,#3592,.T.);
#3592 = EDGE_CURVE('',#3562,#3492,#3593,.T.);
#3593 = LINE('',#3594,#3595);
#3594 = CARTESIAN_POINT('',(-2.5E-02,1.05,0.51));
#3595 = VECTOR('',#3596,1.);
#3596 = DIRECTION('',(0.,1.,0.));
#3597 = ORIENTED_EDGE('',*,*,#3489,.F.);
#3598 = ORIENTED_EDGE('',*,*,#3599,.F.);
#3599 = EDGE_CURVE('',#3570,#3490,#3600,.T.);
#3600 = LINE('',#3601,#3602);
#3601 = CARTESIAN_POINT('',(-2.5E-02,1.05,0.48));
#3602 = VECTOR('',#3603,1.);
#3603 = DIRECTION('',(0.,1.,0.));
#3604 = PLANE('',#3605);
#3605 = AXIS2_PLACEMENT_3D('',#3606,#3607,#3608);
#3606 = CARTESIAN_POINT('',(-2.5E-02,1.05,0.48));
#3607 = DIRECTION('',(-1.,0.,0.));
#3608 = DIRECTION('',(0.,1.,0.));
#3609 = ADVANCED_FACE('',(#3610),#3616,.F.);
#3610 = FACE_BOUND('',#3611,.T.);
#3611 = EDGE_LOOP('',(#3612,#3613,#3614,#3615));
#3612 = ORIENTED_EDGE('',*,*,#3515,.T.);
#3613 = ORIENTED_EDGE('',*,*,#3546,.T.);
#3614 = ORIENTED_EDGE('',*,*,#3577,.T.);
#3615 = ORIENTED_EDGE('',*,*,#3599,.T.);
#3616 = PLANE('',#3617);
#3617 = AXIS2_PLACEMENT_3D('',#3618,#3619,#3620);
#3618 = CARTESIAN_POINT('',(0.,1.325,0.48));
#3619 = DIRECTION('',(0.,0.,1.));
#3620 = DIRECTION('',(1.,0.,0.));
#3621 = ADVANCED_FACE('',(#3622),#3628,.T.);
#3622 = FACE_BOUND('',#3623,.F.);
#3623 = EDGE_LOOP('',(#3624,#3625,#3626,#3627));
#3624 = ORIENTED_EDGE('',*,*,#3499,.T.);
#3625 = ORIENTED_EDGE('',*,*,#3530,.T.);
#3626 = ORIENTED_EDGE('',*,*,#3561,.T.);
#3627 = ORIENTED_EDGE('',*,*,#3592,.T.);
#3628 = PLANE('',#3629);
#3629 = AXIS2_PLACEMENT_3D('',#3630,#3631,#3632);
#3630 = CARTESIAN_POINT('',(0.,1.325,0.51));
#3631 = DIRECTION('',(0.,0.,1.));
#3632 = DIRECTION('',(1.,0.,0.));
#3633 = ( GEOMETRIC_REPRESENTATION_CONTEXT(3) 
GLOBAL_UNCERTAINTY_ASSIGNED_CONTEXT((#3637)) 
GLOBAL_UNIT_ASSIGNED_CONTEXT((#3634,#3635,#3636)) REPRESENTATION_CONTEXT
('Context #1','3D Context with UNIT and UNCERTAINTY') );
#3634 = ( LENGTH_UNIT() NAMED_UNIT(*) SI_UNIT(.MILLI.,.METRE.) );
#3635 = ( NAMED_UNIT(*) PLANE_ANGLE_UNIT() SI_UNIT($,.RADIAN.) );
#3636 = ( NAMED_UNIT(*) SI_UNIT($,.STERADIAN.) SOLID_ANGLE_UNIT() );
#3637 = UNCERTAINTY_MEASURE_WITH_UNIT(LENGTH_MEASURE(1.E-07),#3634,
  'distance_accuracy_value','confusion accuracy');
#3638 = CONTEXT_DEPENDENT_SHAPE_REPRESENTATION(#3639,#3641);
#3639 = ( REPRESENTATION_RELATIONSHIP('','',#3482,#10) 
REPRESENTATION_RELATIONSHIP_WITH_TRANSFORMATION(#3640) 
SHAPE_REPRESENTATION_RELATIONSHIP() );
#3640 = ITEM_DEFINED_TRANSFORMATION('','',#11,#79);
#3641 = PRODUCT_DEFINITION_SHAPE('Placement','Placement of an item',
  #3642);
#3642 = NEXT_ASSEMBLY_USAGE_OCCURRENCE('51','Body016','',#5,#3477,$);
#3643 = PRODUCT_RELATED_PRODUCT_CATEGORY('part',$,(#3479));
#3644 = MECHANICAL_DESIGN_GEOMETRIC_PRESENTATION_REPRESENTATION('',(
    #3645),#2195);
#3645 = STYLED_ITEM('color',(#3646),#2045);
#3646 = PRESENTATION_STYLE_ASSIGNMENT((#3647,#3653));
#3647 = SURFACE_STYLE_USAGE(.BOTH.,#3648);
#3648 = SURFACE_SIDE_STYLE('',(#3649));
#3649 = SURFACE_STYLE_FILL_AREA(#3650);
#3650 = FILL_AREA_STYLE('',(#3651));
#3651 = FILL_AREA_STYLE_COLOUR('',#3652);
#3652 = COLOUR_RGB('',0.207843135047,0.207843135047,0.207843135047);
#3653 = CURVE_STYLE('',#3654,POSITIVE_LENGTH_MEASURE(0.1),#3655);
#3654 = DRAUGHTING_PRE_DEFINED_CURVE_FONT('continuous');
#3655 = COLOUR_RGB('',9.803921802644E-02,9.803921802644E-02,
  9.803921802644E-02);
#3656 = MECHANICAL_DESIGN_GEOMETRIC_PRESENTATION_REPRESENTATION('',(
    #3657),#2364);
#3657 = STYLED_ITEM('color',(#3658),#2214);
#3658 = PRESENTATION_STYLE_ASSIGNMENT((#3659,#3664));
#3659 = SURFACE_STYLE_USAGE(.BOTH.,#3660);
#3660 = SURFACE_SIDE_STYLE('',(#3661));
#3661 = SURFACE_STYLE_FILL_AREA(#3662);
#3662 = FILL_AREA_STYLE('',(#3663));
#3663 = FILL_AREA_STYLE_COLOUR('',#3652);
#3664 = CURVE_STYLE('',#3665,POSITIVE_LENGTH_MEASURE(0.1),#3655);
#3665 = DRAUGHTING_PRE_DEFINED_CURVE_FONT('continuous');
#3666 = MECHANICAL_DESIGN_GEOMETRIC_PRESENTATION_REPRESENTATION('',(
    #3667),#1552);
#3667 = STYLED_ITEM('color',(#3668),#1367);
#3668 = PRESENTATION_STYLE_ASSIGNMENT((#3669,#3675));
#3669 = SURFACE_STYLE_USAGE(.BOTH.,#3670);
#3670 = SURFACE_SIDE_STYLE('',(#3671));
#3671 = SURFACE_STYLE_FILL_AREA(#3672);
#3672 = FILL_AREA_STYLE('',(#3673));
#3673 = FILL_AREA_STYLE_COLOUR('',#3674);
#3674 = COLOUR_RGB('',1.,0.800000010877,0.);
#3675 = CURVE_STYLE('',#3676,POSITIVE_LENGTH_MEASURE(0.1),#3655);
#3676 = DRAUGHTING_PRE_DEFINED_CURVE_FONT('continuous');
#3677 = MECHANICAL_DESIGN_GEOMETRIC_PRESENTATION_REPRESENTATION('',(
    #3678),#3464);
#3678 = STYLED_ITEM('color',(#3679),#3310);
#3679 = PRESENTATION_STYLE_ASSIGNMENT((#3680,#3685));
#3680 = SURFACE_STYLE_USAGE(.BOTH.,#3681);
#3681 = SURFACE_SIDE_STYLE('',(#3682));
#3682 = SURFACE_STYLE_FILL_AREA(#3683);
#3683 = FILL_AREA_STYLE('',(#3684));
#3684 = FILL_AREA_STYLE_COLOUR('',#3674);
#3685 = CURVE_STYLE('',#3686,POSITIVE_LENGTH_MEASURE(0.1),#3655);
#3686 = DRAUGHTING_PRE_DEFINED_CURVE_FONT('continuous');
#3687 = MECHANICAL_DESIGN_GEOMETRIC_PRESENTATION_REPRESENTATION('',(
    #3688),#387);
#3688 = STYLED_ITEM('color',(#3689),#97);
#3689 = PRESENTATION_STYLE_ASSIGNMENT((#3690,#3696));
#3690 = SURFACE_STYLE_USAGE(.BOTH.,#3691);
#3691 = SURFACE_SIDE_STYLE('',(#3692));
#3692 = SURFACE_STYLE_FILL_AREA(#3693);
#3693 = FILL_AREA_STYLE('',(#3694));
#3694 = FILL_AREA_STYLE_COLOUR('',#3695);
#3695 = COLOUR_RGB('',0.800000010877,0.800000010877,0.800000010877);
#3696 = CURVE_STYLE('',#3697,POSITIVE_LENGTH_MEASURE(0.1),#3655);
#3697 = DRAUGHTING_PRE_DEFINED_CURVE_FONT('continuous');
#3698 = MECHANICAL_DESIGN_GEOMETRIC_PRESENTATION_REPRESENTATION('',(
    #3699),#2026);
#3699 = STYLED_ITEM('color',(#3700),#1806);
#3700 = PRESENTATION_STYLE_ASSIGNMENT((#3701,#3706));
#3701 = SURFACE_STYLE_USAGE(.BOTH.,#3702);
#3702 = SURFACE_SIDE_STYLE('',(#3703));
#3703 = SURFACE_STYLE_FILL_AREA(#3704);
#3704 = FILL_AREA_STYLE('',(#3705));
#3705 = FILL_AREA_STYLE_COLOUR('',#3674);
#3706 = CURVE_STYLE('',#3707,POSITIVE_LENGTH_MEASURE(0.1),#3655);
#3707 = DRAUGHTING_PRE_DEFINED_CURVE_FONT('continuous');
#3708 = MECHANICAL_DESIGN_GEOMETRIC_PRESENTATION_REPRESENTATION('',(
    #3709),#1078);
#3709 = STYLED_ITEM('color',(#3710),#858);
#3710 = PRESENTATION_STYLE_ASSIGNMENT((#3711,#3716));
#3711 = SURFACE_STYLE_USAGE(.BOTH.,#3712);
#3712 = SURFACE_SIDE_STYLE('',(#3713));
#3713 = SURFACE_STYLE_FILL_AREA(#3714);
#3714 = FILL_AREA_STYLE('',(#3715));
#3715 = FILL_AREA_STYLE_COLOUR('',#3674);
#3716 = CURVE_STYLE('',#3717,POSITIVE_LENGTH_MEASURE(0.1),#3655);
#3717 = DRAUGHTING_PRE_DEFINED_CURVE_FONT('continuous');
#3718 = MECHANICAL_DESIGN_GEOMETRIC_PRESENTATION_REPRESENTATION('',(
    #3719),#1787);
#3719 = STYLED_ITEM('color',(#3720),#1571);
#3720 = PRESENTATION_STYLE_ASSIGNMENT((#3721,#3727));
#3721 = SURFACE_STYLE_USAGE(.BOTH.,#3722);
#3722 = SURFACE_SIDE_STYLE('',(#3723));
#3723 = SURFACE_STYLE_FILL_AREA(#3724);
#3724 = FILL_AREA_STYLE('',(#3725));
#3725 = FILL_AREA_STYLE_COLOUR('',#3726);
#3726 = COLOUR_RGB('',0.,0.333333345507,0.);
#3727 = CURVE_STYLE('',#3728,POSITIVE_LENGTH_MEASURE(0.1),#3655);
#3728 = DRAUGHTING_PRE_DEFINED_CURVE_FONT('continuous');
#3729 = MECHANICAL_DESIGN_GEOMETRIC_PRESENTATION_REPRESENTATION('',(
    #3730),#613);
#3730 = STYLED_ITEM('color',(#3731),#406);
#3731 = PRESENTATION_STYLE_ASSIGNMENT((#3732,#3740));
#3732 = SURFACE_STYLE_USAGE(.BOTH.,#3733);
#3733 = SURFACE_SIDE_STYLE('',(#3734,#3738));
#3734 = SURFACE_STYLE_FILL_AREA(#3735);
#3735 = FILL_AREA_STYLE('',(#3736));
#3736 = FILL_AREA_STYLE_COLOUR('',#3737);
#3737 = COLOUR_RGB('',0.,0.956862747054,0.);
#3738 = SURFACE_STYLE_RENDERING_WITH_PROPERTIES(.NORMAL_SHADING.,#3737,(
    #3739));
#3739 = SURFACE_STYLE_TRANSPARENT(0.5);
#3740 = CURVE_STYLE('',#3741,POSITIVE_LENGTH_MEASURE(0.1),#3655);
#3741 = DRAUGHTING_PRE_DEFINED_CURVE_FONT('continuous');
#3742 = MECHANICAL_DESIGN_GEOMETRIC_PRESENTATION_REPRESENTATION('',(
    #3743),#1348);
#3743 = STYLED_ITEM('color',(#3744),#1097);
#3744 = PRESENTATION_STYLE_ASSIGNMENT((#3745,#3750));
#3745 = SURFACE_STYLE_USAGE(.BOTH.,#3746);
#3746 = SURFACE_SIDE_STYLE('',(#3747));
#3747 = SURFACE_STYLE_FILL_AREA(#3748);
#3748 = FILL_AREA_STYLE('',(#3749));
#3749 = FILL_AREA_STYLE_COLOUR('',#3674);
#3750 = CURVE_STYLE('',#3751,POSITIVE_LENGTH_MEASURE(0.1),#3655);
#3751 = DRAUGHTING_PRE_DEFINED_CURVE_FONT('continuous');
#3752 = MECHANICAL_DESIGN_GEOMETRIC_PRESENTATION_REPRESENTATION('',(
    #3753),#2945);
#3753 = STYLED_ITEM('color',(#3754),#2791);
#3754 = PRESENTATION_STYLE_ASSIGNMENT((#3755,#3760));
#3755 = SURFACE_STYLE_USAGE(.BOTH.,#3756);
#3756 = SURFACE_SIDE_STYLE('',(#3757));
#3757 = SURFACE_STYLE_FILL_AREA(#3758);
#3758 = FILL_AREA_STYLE('',(#3759));
#3759 = FILL_AREA_STYLE_COLOUR('',#3674);
#3760 = CURVE_STYLE('',#3761,POSITIVE_LENGTH_MEASURE(0.1),#3655);
#3761 = DRAUGHTING_PRE_DEFINED_CURVE_FONT('continuous');
#3762 = MECHANICAL_DESIGN_GEOMETRIC_PRESENTATION_REPRESENTATION('',(
    #3763),#3118);
#3763 = STYLED_ITEM('color',(#3764),#2964);
#3764 = PRESENTATION_STYLE_ASSIGNMENT((#3765,#3770));
#3765 = SURFACE_STYLE_USAGE(.BOTH.,#3766);
#3766 = SURFACE_SIDE_STYLE('',(#3767));
#3767 = SURFACE_STYLE_FILL_AREA(#3768);
#3768 = FILL_AREA_STYLE('',(#3769));
#3769 = FILL_AREA_STYLE_COLOUR('',#3674);
#3770 = CURVE_STYLE('',#3771,POSITIVE_LENGTH_MEASURE(0.1),#3655);
#3771 = DRAUGHTING_PRE_DEFINED_CURVE_FONT('continuous');
#3772 = MECHANICAL_DESIGN_GEOMETRIC_PRESENTATION_REPRESENTATION('',(
    #3773),#2568);
#3773 = STYLED_ITEM('color',(#3774),#2383);
#3774 = PRESENTATION_STYLE_ASSIGNMENT((#3775,#3780));
#3775 = SURFACE_STYLE_USAGE(.BOTH.,#3776);
#3776 = SURFACE_SIDE_STYLE('',(#3777));
#3777 = SURFACE_STYLE_FILL_AREA(#3778);
#3778 = FILL_AREA_STYLE('',(#3779));
#3779 = FILL_AREA_STYLE_COLOUR('',#3674);
#3780 = CURVE_STYLE('',#3781,POSITIVE_LENGTH_MEASURE(0.1),#3655);
#3781 = DRAUGHTING_PRE_DEFINED_CURVE_FONT('continuous');
#3782 = MECHANICAL_DESIGN_GEOMETRIC_PRESENTATION_REPRESENTATION('',(
    #3783),#3633);
#3783 = STYLED_ITEM('color',(#3784),#3483);
#3784 = PRESENTATION_STYLE_ASSIGNMENT((#3785,#3790));
#3785 = SURFACE_STYLE_USAGE(.BOTH.,#3786);
#3786 = SURFACE_SIDE_STYLE('',(#3787));
#3787 = SURFACE_STYLE_FILL_AREA(#3788);
#3788 = FILL_AREA_STYLE('',(#3789));
#3789 = FILL_AREA_STYLE_COLOUR('',#3726);
#3790 = CURVE_STYLE('',#3791,POSITIVE_LENGTH_MEASURE(0.1),#3655);
#3791 = DRAUGHTING_PRE_DEFINED_CURVE_FONT('continuous');
#3792 = MECHANICAL_DESIGN_GEOMETRIC_PRESENTATION_REPRESENTATION('',(
    #3793),#839);
#3793 = STYLED_ITEM('color',(#3794),#632);
#3794 = PRESENTATION_STYLE_ASSIGNMENT((#3795,#3803));
#3795 = SURFACE_STYLE_USAGE(.BOTH.,#3796);
#3796 = SURFACE_SIDE_STYLE('',(#3797,#3801));
#3797 = SURFACE_STYLE_FILL_AREA(#3798);
#3798 = FILL_AREA_STYLE('',(#3799));
#3799 = FILL_AREA_STYLE_COLOUR('',#3800);
#3800 = COLOUR_RGB('',0.956862747054,0.,0.);
#3801 = SURFACE_STYLE_RENDERING_WITH_PROPERTIES(.NORMAL_SHADING.,#3800,(
    #3802));
#3802 = SURFACE_STYLE_TRANSPARENT(0.5);
#3803 = CURVE_STYLE('',#3804,POSITIVE_LENGTH_MEASURE(0.1),#3655);
#3804 = DRAUGHTING_PRE_DEFINED_CURVE_FONT('continuous');
#3805 = MECHANICAL_DESIGN_GEOMETRIC_PRESENTATION_REPRESENTATION('',(
    #3806),#3291);
#3806 = STYLED_ITEM('color',(#3807),#3137);
#3807 = PRESENTATION_STYLE_ASSIGNMENT((#3808,#3813));
#3808 = SURFACE_STYLE_USAGE(.BOTH.,#3809);
#3809 = SURFACE_SIDE_STYLE('',(#3810));
#3810 = SURFACE_STYLE_FILL_AREA(#3811);
#3811 = FILL_AREA_STYLE('',(#3812));
#3812 = FILL_AREA_STYLE_COLOUR('',#3674);
#3813 = CURVE_STYLE('',#3814,POSITIVE_LENGTH_MEASURE(0.1),#3655);
#3814 = DRAUGHTING_PRE_DEFINED_CURVE_FONT('continuous');
#3815 = MECHANICAL_DESIGN_GEOMETRIC_PRESENTATION_REPRESENTATION('',(
    #3816),#2772);
#3816 = STYLED_ITEM('color',(#3817),#2587);
#3817 = PRESENTATION_STYLE_ASSIGNMENT((#3818,#3823));
#3818 = SURFACE_STYLE_USAGE(.BOTH.,#3819);
#3819 = SURFACE_SIDE_STYLE('',(#3820));
#3820 = SURFACE_STYLE_FILL_AREA(#3821);
#3821 = FILL_AREA_STYLE('',(#3822));
#3822 = FILL_AREA_STYLE_COLOUR('',#3674);
#3823 = CURVE_STYLE('',#3824,POSITIVE_LENGTH_MEASURE(0.1),#3655);
#3824 = DRAUGHTING_PRE_DEFINED_CURVE_FONT('continuous');
ENDSEC;
END-ISO-10303-21;
