ISO-10303-21;
HEADER;
FILE_DESCRIPTION(('FreeCAD Model'),'2;1');
FILE_NAME('Open CASCADE Shape Model','2026-07-22T21:07:32',('Author'),(
    ''),'Open CASCADE STEP processor 7.8','FreeCAD','Unknown');
FILE_SCHEMA(('AUTOMOTIVE_DESIGN { 1 0 10303 214 1 1 1 1 }'));
ENDSEC;
DATA;
#1 = APPLICATION_PROTOCOL_DEFINITION('international standard',
  'automotive_design',2000,#2);
#2 = APPLICATION_CONTEXT(
  'core data for automotive mechanical design processes');
#3 = SHAPE_DEFINITION_REPRESENTATION(#4,#10);
#4 = PRODUCT_DEFINITION_SHAPE('','',#5);
#5 = PRODUCT_DEFINITION('design','',#6,#9);
#6 = PRODUCT_DEFINITION_FORMATION('','',#7);
#7 = PRODUCT('SMA-SMD_HJ-SMA716','SMA-SMD_HJ-SMA716','',(#8));
#8 = PRODUCT_CONTEXT('',#2,'mechanical');
#9 = PRODUCT_DEFINITION_CONTEXT('part definition',#2,'design');
#10 = ADVANCED_BREP_SHAPE_REPRESENTATION('',(#11,#15),#8134);
#11 = AXIS2_PLACEMENT_3D('',#12,#13,#14);
#12 = CARTESIAN_POINT('',(0.,0.,0.));
#13 = DIRECTION('',(0.,0.,1.));
#14 = DIRECTION('',(1.,0.,-0.));
#15 = MANIFOLD_SOLID_BREP('',#16);
#16 = CLOSED_SHELL('',(#17,#68,#112,#149,#191,#233,#275,#307,#349,#391,
    #423,#455,#511,#567,#623,#679,#735,#791,#847,#903,#959,#1015,#1071,
    #1127,#1165,#1203,#1241,#1279,#1317,#1355,#1393,#1431,#1469,#1507,
    #1545,#1581,#2087,#2264,#5269,#5287,#5311,#5335,#5352,#5374,#5394,
    #5412,#5432,#5450,#5476,#5488,#5506,#5526,#5550,#5560,#5572,#5603,
    #5627,#5651,#5668,#5680,#5711,#5735,#5759,#5776,#5788,#5819,#5843,
    #5867,#5884,#5896,#5927,#5951,#5975,#5992,#6004,#6016,#6034,#6054,
    #6073,#6089,#6101,#6132,#6156,#6180,#6204,#6228,#6252,#6276,#6293,
    #6367,#6398,#6422,#6460,#6484,#6522,#6539,#6570,#6594,#6618,#6692,
    #6759,#6846,#6877,#6951,#7025,#7049,#7066,#7097,#7121,#7145,#7169,
    #7193,#7217,#7241,#7265,#7289,#7313,#7337,#7354,#7374,#7405,#7455,
    #7529,#7603,#7653,#7677,#7727,#7801,#7875,#7918,#7936,#7967,#7991,
    #8015,#8039,#8063,#8080,#8094,#8108,#8121));
#17 = ADVANCED_FACE('',(#18),#63,.T.);
#18 = FACE_BOUND('',#19,.T.);
#19 = EDGE_LOOP('',(#20,#31,#39,#48,#57));
#20 = ORIENTED_EDGE('',*,*,#21,.F.);
#21 = EDGE_CURVE('',#22,#24,#26,.T.);
#22 = VERTEX_POINT('',#23);
#23 = CARTESIAN_POINT('',(4.898587196589E-17,6.65,6.6));
#24 = VERTEX_POINT('',#25);
#25 = CARTESIAN_POINT('',(0.,6.65,5.9));
#26 = CIRCLE('',#27,0.35);
#27 = AXIS2_PLACEMENT_3D('',#28,#29,#30);
#28 = CARTESIAN_POINT('',(0.,6.65,6.25));
#29 = DIRECTION('',(0.,1.,3.491481338843E-15));
#30 = DIRECTION('',(0.,3.491481338843E-15,-1.));
#31 = ORIENTED_EDGE('',*,*,#32,.T.);
#32 = EDGE_CURVE('',#22,#33,#35,.T.);
#33 = VERTEX_POINT('',#34);
#34 = CARTESIAN_POINT('',(5.510910596163E-17,6.55,6.7));
#35 = LINE('',#36,#37);
#36 = CARTESIAN_POINT('',(5.510910596163E-17,6.55,6.7));
#37 = VECTOR('',#38,1.);
#38 = DIRECTION('',(8.659560562355E-17,-0.707106781187,0.707106781187));
#39 = ORIENTED_EDGE('',*,*,#40,.F.);
#40 = EDGE_CURVE('',#41,#33,#43,.T.);
#41 = VERTEX_POINT('',#42);
#42 = CARTESIAN_POINT('',(0.45,6.55,6.25));
#43 = CIRCLE('',#44,0.45);
#44 = AXIS2_PLACEMENT_3D('',#45,#46,#47);
#45 = CARTESIAN_POINT('',(0.,6.55,6.25));
#46 = DIRECTION('',(0.,-1.,-8.673617379884E-15));
#47 = DIRECTION('',(0.,8.673617379884E-15,-1.));
#48 = ORIENTED_EDGE('',*,*,#49,.F.);
#49 = EDGE_CURVE('',#50,#41,#52,.T.);
#50 = VERTEX_POINT('',#51);
#51 = CARTESIAN_POINT('',(0.,6.55,5.8));
#52 = CIRCLE('',#53,0.45);
#53 = AXIS2_PLACEMENT_3D('',#54,#55,#56);
#54 = CARTESIAN_POINT('',(0.,6.55,6.25));
#55 = DIRECTION('',(0.,-1.,-8.673617379884E-15));
#56 = DIRECTION('',(0.,8.673617379884E-15,-1.));
#57 = ORIENTED_EDGE('',*,*,#58,.F.);
#58 = EDGE_CURVE('',#24,#50,#59,.T.);
#59 = LINE('',#60,#61);
#60 = CARTESIAN_POINT('',(0.,6.55,5.8));
#61 = VECTOR('',#62,1.);
#62 = DIRECTION('',(0.,-0.707106781187,-0.707106781187));
#63 = CONICAL_SURFACE('',#64,0.45,0.785398163397);
#64 = AXIS2_PLACEMENT_3D('',#65,#66,#67);
#65 = CARTESIAN_POINT('',(0.,6.55,6.25));
#66 = DIRECTION('',(-0.,-1.,-8.673617379884E-15));
#67 = DIRECTION('',(0.,8.673617379884E-15,-1.));
#68 = ADVANCED_FACE('',(#69),#107,.F.);
#69 = FACE_BOUND('',#70,.F.);
#70 = EDGE_LOOP('',(#71,#82,#91,#100));
#71 = ORIENTED_EDGE('',*,*,#72,.T.);
#72 = EDGE_CURVE('',#73,#75,#77,.T.);
#73 = VERTEX_POINT('',#74);
#74 = CARTESIAN_POINT('',(-0.45,2.75,6.25));
#75 = VERTEX_POINT('',#76);
#76 = CARTESIAN_POINT('',(-0.65,2.55,6.25));
#77 = CIRCLE('',#78,0.2);
#78 = AXIS2_PLACEMENT_3D('',#79,#80,#81);
#79 = CARTESIAN_POINT('',(-0.65,2.75,6.25));
#80 = DIRECTION('',(0.,3.491481338843E-15,-1.));
#81 = DIRECTION('',(0.,1.,3.491481338843E-15));
#82 = ORIENTED_EDGE('',*,*,#83,.T.);
#83 = EDGE_CURVE('',#75,#84,#86,.T.);
#84 = VERTEX_POINT('',#85);
#85 = CARTESIAN_POINT('',(0.65,2.55,6.25));
#86 = CIRCLE('',#87,0.65);
#87 = AXIS2_PLACEMENT_3D('',#88,#89,#90);
#88 = CARTESIAN_POINT('',(0.,2.55,6.25));
#89 = DIRECTION('',(-0.,-1.,-3.491481338843E-15));
#90 = DIRECTION('',(-1.,0.,0.));
#91 = ORIENTED_EDGE('',*,*,#92,.F.);
#92 = EDGE_CURVE('',#93,#84,#95,.T.);
#93 = VERTEX_POINT('',#94);
#94 = CARTESIAN_POINT('',(0.45,2.75,6.25));
#95 = CIRCLE('',#96,0.2);
#96 = AXIS2_PLACEMENT_3D('',#97,#98,#99);
#97 = CARTESIAN_POINT('',(0.65,2.75,6.25));
#98 = DIRECTION('',(-1.224646799147E-16,-3.491481338843E-15,1.));
#99 = DIRECTION('',(-1.035227434755E-31,-1.,-3.491481338843E-15));
#100 = ORIENTED_EDGE('',*,*,#101,.T.);
#101 = EDGE_CURVE('',#93,#73,#102,.T.);
#102 = CIRCLE('',#103,0.45);
#103 = AXIS2_PLACEMENT_3D('',#104,#105,#106);
#104 = CARTESIAN_POINT('',(0.,2.75,6.25));
#105 = DIRECTION('',(0.,1.,3.491481338843E-15));
#106 = DIRECTION('',(-1.,0.,0.));
#107 = TOROIDAL_SURFACE('',#108,0.65,0.2);
#108 = AXIS2_PLACEMENT_3D('',#109,#110,#111);
#109 = CARTESIAN_POINT('',(0.,2.75,6.25));
#110 = DIRECTION('',(0.,1.,3.491481338843E-15));
#111 = DIRECTION('',(-1.,0.,0.));
#112 = ADVANCED_FACE('',(#113),#144,.T.);
#113 = FACE_BOUND('',#114,.T.);
#114 = EDGE_LOOP('',(#115,#116,#125,#131,#138));
#115 = ORIENTED_EDGE('',*,*,#40,.T.);
#116 = ORIENTED_EDGE('',*,*,#117,.T.);
#117 = EDGE_CURVE('',#33,#118,#120,.T.);
#118 = VERTEX_POINT('',#119);
#119 = CARTESIAN_POINT('',(-0.45,6.55,6.25));
#120 = CIRCLE('',#121,0.45);
#121 = AXIS2_PLACEMENT_3D('',#122,#123,#124);
#122 = CARTESIAN_POINT('',(0.,6.55,6.25));
#123 = DIRECTION('',(0.,-1.,-8.673617379884E-15));
#124 = DIRECTION('',(0.,8.673617379884E-15,-1.));
#125 = ORIENTED_EDGE('',*,*,#126,.T.);
#126 = EDGE_CURVE('',#118,#73,#127,.T.);
#127 = LINE('',#128,#129);
#128 = CARTESIAN_POINT('',(-0.45,7.922792206136,6.25));
#129 = VECTOR('',#130,1.);
#130 = DIRECTION('',(0.,-1.,-3.491481338843E-15));
#131 = ORIENTED_EDGE('',*,*,#132,.T.);
#132 = EDGE_CURVE('',#73,#93,#133,.T.);
#133 = CIRCLE('',#134,0.45);
#134 = AXIS2_PLACEMENT_3D('',#135,#136,#137);
#135 = CARTESIAN_POINT('',(0.,2.75,6.25));
#136 = DIRECTION('',(0.,1.,3.491481338843E-15));
#137 = DIRECTION('',(-1.,0.,0.));
#138 = ORIENTED_EDGE('',*,*,#139,.F.);
#139 = EDGE_CURVE('',#41,#93,#140,.T.);
#140 = LINE('',#141,#142);
#141 = CARTESIAN_POINT('',(0.45,7.922792206136,6.25));
#142 = VECTOR('',#143,1.);
#143 = DIRECTION('',(0.,-1.,-3.491481338843E-15));
#144 = CYLINDRICAL_SURFACE('',#145,0.45);
#145 = AXIS2_PLACEMENT_3D('',#146,#147,#148);
#146 = CARTESIAN_POINT('',(0.,7.922792206136,6.25));
#147 = DIRECTION('',(0.,-1.,-3.491481338843E-15));
#148 = DIRECTION('',(1.,0.,0.));
#149 = ADVANCED_FACE('',(#150),#186,.F.);
#150 = FACE_BOUND('',#151,.F.);
#151 = EDGE_LOOP('',(#152,#162,#171,#179));
#152 = ORIENTED_EDGE('',*,*,#153,.T.);
#153 = EDGE_CURVE('',#154,#156,#158,.T.);
#154 = VERTEX_POINT('',#155);
#155 = CARTESIAN_POINT('',(-2.,2.55,6.25));
#156 = VERTEX_POINT('',#157);
#157 = CARTESIAN_POINT('',(-2.,2.75,6.25));
#158 = LINE('',#159,#160);
#159 = CARTESIAN_POINT('',(-2.,2.55,6.25));
#160 = VECTOR('',#161,1.);
#161 = DIRECTION('',(-0.,1.,3.491481338843E-15));
#162 = ORIENTED_EDGE('',*,*,#163,.F.);
#163 = EDGE_CURVE('',#164,#156,#166,.T.);
#164 = VERTEX_POINT('',#165);
#165 = CARTESIAN_POINT('',(2.,2.75,6.25));
#166 = CIRCLE('',#167,2.);
#167 = AXIS2_PLACEMENT_3D('',#168,#169,#170);
#168 = CARTESIAN_POINT('',(0.,2.75,6.25));
#169 = DIRECTION('',(0.,1.,3.491481338843E-15));
#170 = DIRECTION('',(-1.,0.,0.));
#171 = ORIENTED_EDGE('',*,*,#172,.F.);
#172 = EDGE_CURVE('',#173,#164,#175,.T.);
#173 = VERTEX_POINT('',#174);
#174 = CARTESIAN_POINT('',(2.,2.55,6.25));
#175 = LINE('',#176,#177);
#176 = CARTESIAN_POINT('',(2.,2.55,6.25));
#177 = VECTOR('',#178,1.);
#178 = DIRECTION('',(-0.,1.,3.491481338843E-15));
#179 = ORIENTED_EDGE('',*,*,#180,.T.);
#180 = EDGE_CURVE('',#173,#154,#181,.T.);
#181 = CIRCLE('',#182,2.);
#182 = AXIS2_PLACEMENT_3D('',#183,#184,#185);
#183 = CARTESIAN_POINT('',(0.,2.55,6.25));
#184 = DIRECTION('',(0.,1.,3.491481338843E-15));
#185 = DIRECTION('',(-1.,0.,0.));
#186 = CYLINDRICAL_SURFACE('',#187,2.);
#187 = AXIS2_PLACEMENT_3D('',#188,#189,#190);
#188 = CARTESIAN_POINT('',(0.,2.55,6.25));
#189 = DIRECTION('',(-0.,1.,3.491481338843E-15));
#190 = DIRECTION('',(-1.,0.,-0.));
#191 = ADVANCED_FACE('',(#192),#228,.T.);
#192 = FACE_BOUND('',#193,.T.);
#193 = EDGE_LOOP('',(#194,#205,#213,#222));
#194 = ORIENTED_EDGE('',*,*,#195,.F.);
#195 = EDGE_CURVE('',#196,#198,#200,.T.);
#196 = VERTEX_POINT('',#197);
#197 = CARTESIAN_POINT('',(2.65,0.95,6.25));
#198 = VERTEX_POINT('',#199);
#199 = CARTESIAN_POINT('',(-2.65,0.95,6.25));
#200 = CIRCLE('',#201,2.65);
#201 = AXIS2_PLACEMENT_3D('',#202,#203,#204);
#202 = CARTESIAN_POINT('',(0.,0.95,6.25));
#203 = DIRECTION('',(0.,-1.,-3.491481338843E-15));
#204 = DIRECTION('',(1.,0.,0.));
#205 = ORIENTED_EDGE('',*,*,#206,.T.);
#206 = EDGE_CURVE('',#196,#207,#209,.T.);
#207 = VERTEX_POINT('',#208);
#208 = CARTESIAN_POINT('',(2.85,1.15,6.25));
#209 = LINE('',#210,#211);
#210 = CARTESIAN_POINT('',(2.65,0.95,6.25));
#211 = VECTOR('',#212,1.);
#212 = DIRECTION('',(0.707106781187,0.707106781187,2.555445736706E-15));
#213 = ORIENTED_EDGE('',*,*,#214,.F.);
#214 = EDGE_CURVE('',#215,#207,#217,.T.);
#215 = VERTEX_POINT('',#216);
#216 = CARTESIAN_POINT('',(-2.85,1.15,6.25));
#217 = CIRCLE('',#218,2.85);
#218 = AXIS2_PLACEMENT_3D('',#219,#220,#221);
#219 = CARTESIAN_POINT('',(0.,1.15,6.25));
#220 = DIRECTION('',(-0.,1.,3.491481338843E-15));
#221 = DIRECTION('',(1.,0.,0.));
#222 = ORIENTED_EDGE('',*,*,#223,.F.);
#223 = EDGE_CURVE('',#198,#215,#224,.T.);
#224 = LINE('',#225,#226);
#225 = CARTESIAN_POINT('',(-2.65,0.95,6.25));
#226 = VECTOR('',#227,1.);
#227 = DIRECTION('',(-0.707106781187,0.707106781187,2.468850131082E-15)
  );
#228 = CONICAL_SURFACE('',#229,2.65,0.785398163397);
#229 = AXIS2_PLACEMENT_3D('',#230,#231,#232);
#230 = CARTESIAN_POINT('',(0.,0.95,6.25));
#231 = DIRECTION('',(0.,1.,3.491481338843E-15));
#232 = DIRECTION('',(-1.,0.,0.));
#233 = ADVANCED_FACE('',(#234),#270,.F.);
#234 = FACE_BOUND('',#235,.F.);
#235 = EDGE_LOOP('',(#236,#246,#255,#263));
#236 = ORIENTED_EDGE('',*,*,#237,.T.);
#237 = EDGE_CURVE('',#238,#240,#242,.T.);
#238 = VERTEX_POINT('',#239);
#239 = CARTESIAN_POINT('',(0.5,-7.65,6.25));
#240 = VERTEX_POINT('',#241);
#241 = CARTESIAN_POINT('',(0.7,-7.85,6.25));
#242 = LINE('',#243,#244);
#243 = CARTESIAN_POINT('',(0.5,-7.65,6.25));
#244 = VECTOR('',#245,1.);
#245 = DIRECTION('',(0.707106781187,-0.707106781187,-2.468850131082E-15)
  );
#246 = ORIENTED_EDGE('',*,*,#247,.T.);
#247 = EDGE_CURVE('',#240,#248,#250,.T.);
#248 = VERTEX_POINT('',#249);
#249 = CARTESIAN_POINT('',(-0.7,-7.85,6.25));
#250 = CIRCLE('',#251,0.7);
#251 = AXIS2_PLACEMENT_3D('',#252,#253,#254);
#252 = CARTESIAN_POINT('',(0.,-7.85,6.25));
#253 = DIRECTION('',(-0.,1.,3.491481338843E-15));
#254 = DIRECTION('',(1.,0.,0.));
#255 = ORIENTED_EDGE('',*,*,#256,.F.);
#256 = EDGE_CURVE('',#257,#248,#259,.T.);
#257 = VERTEX_POINT('',#258);
#258 = CARTESIAN_POINT('',(-0.5,-7.65,6.25));
#259 = LINE('',#260,#261);
#260 = CARTESIAN_POINT('',(-0.5,-7.65,6.25));
#261 = VECTOR('',#262,1.);
#262 = DIRECTION('',(-0.707106781187,-0.707106781187,-2.382254525459E-15
    ));
#263 = ORIENTED_EDGE('',*,*,#264,.T.);
#264 = EDGE_CURVE('',#257,#238,#265,.T.);
#265 = CIRCLE('',#266,0.5);
#266 = AXIS2_PLACEMENT_3D('',#267,#268,#269);
#267 = CARTESIAN_POINT('',(0.,-7.65,6.25));
#268 = DIRECTION('',(0.,-1.,-3.491481338843E-15));
#269 = DIRECTION('',(1.,0.,0.));
#270 = CONICAL_SURFACE('',#271,0.5,0.785398163397);
#271 = AXIS2_PLACEMENT_3D('',#272,#273,#274);
#272 = CARTESIAN_POINT('',(0.,-7.65,6.25));
#273 = DIRECTION('',(0.,-1.,-3.491481338843E-15));
#274 = DIRECTION('',(1.,0.,0.));
#275 = ADVANCED_FACE('',(#276),#302,.F.);
#276 = FACE_BOUND('',#277,.F.);
#277 = EDGE_LOOP('',(#278,#286,#287,#295));
#278 = ORIENTED_EDGE('',*,*,#279,.T.);
#279 = EDGE_CURVE('',#280,#238,#282,.T.);
#280 = VERTEX_POINT('',#281);
#281 = CARTESIAN_POINT('',(0.5,-4.85,6.25));
#282 = LINE('',#283,#284);
#283 = CARTESIAN_POINT('',(0.5,-4.85,6.25));
#284 = VECTOR('',#285,1.);
#285 = DIRECTION('',(0.,-1.,-3.491481338843E-15));
#286 = ORIENTED_EDGE('',*,*,#264,.F.);
#287 = ORIENTED_EDGE('',*,*,#288,.F.);
#288 = EDGE_CURVE('',#289,#257,#291,.T.);
#289 = VERTEX_POINT('',#290);
#290 = CARTESIAN_POINT('',(-0.5,-4.85,6.25));
#291 = LINE('',#292,#293);
#292 = CARTESIAN_POINT('',(-0.5,-4.85,6.25));
#293 = VECTOR('',#294,1.);
#294 = DIRECTION('',(0.,-1.,-3.491481338843E-15));
#295 = ORIENTED_EDGE('',*,*,#296,.T.);
#296 = EDGE_CURVE('',#289,#280,#297,.T.);
#297 = CIRCLE('',#298,0.5);
#298 = AXIS2_PLACEMENT_3D('',#299,#300,#301);
#299 = CARTESIAN_POINT('',(0.,-4.85,6.25));
#300 = DIRECTION('',(0.,-1.,-3.491481338843E-15));
#301 = DIRECTION('',(1.,0.,0.));
#302 = CYLINDRICAL_SURFACE('',#303,0.5);
#303 = AXIS2_PLACEMENT_3D('',#304,#305,#306);
#304 = CARTESIAN_POINT('',(0.,-4.85,6.25));
#305 = DIRECTION('',(0.,-1.,-3.491481338843E-15));
#306 = DIRECTION('',(1.,0.,0.));
#307 = ADVANCED_FACE('',(#308),#344,.F.);
#308 = FACE_BOUND('',#309,.F.);
#309 = EDGE_LOOP('',(#310,#320,#329,#337));
#310 = ORIENTED_EDGE('',*,*,#311,.T.);
#311 = EDGE_CURVE('',#312,#314,#316,.T.);
#312 = VERTEX_POINT('',#313);
#313 = CARTESIAN_POINT('',(2.25,-7.85,6.25));
#314 = VERTEX_POINT('',#315);
#315 = CARTESIAN_POINT('',(2.25,-9.85,6.25));
#316 = LINE('',#317,#318);
#317 = CARTESIAN_POINT('',(2.25,-7.85,6.25));
#318 = VECTOR('',#319,1.);
#319 = DIRECTION('',(0.,-1.,-3.491481338843E-15));
#320 = ORIENTED_EDGE('',*,*,#321,.F.);
#321 = EDGE_CURVE('',#322,#314,#324,.T.);
#322 = VERTEX_POINT('',#323);
#323 = CARTESIAN_POINT('',(-2.25,-9.85,6.25));
#324 = CIRCLE('',#325,2.25);
#325 = AXIS2_PLACEMENT_3D('',#326,#327,#328);
#326 = CARTESIAN_POINT('',(0.,-9.85,6.25));
#327 = DIRECTION('',(0.,-1.,-3.491481338843E-15));
#328 = DIRECTION('',(1.,0.,0.));
#329 = ORIENTED_EDGE('',*,*,#330,.F.);
#330 = EDGE_CURVE('',#331,#322,#333,.T.);
#331 = VERTEX_POINT('',#332);
#332 = CARTESIAN_POINT('',(-2.25,-7.85,6.25));
#333 = LINE('',#334,#335);
#334 = CARTESIAN_POINT('',(-2.25,-7.85,6.25));
#335 = VECTOR('',#336,1.);
#336 = DIRECTION('',(0.,-1.,-3.491481338843E-15));
#337 = ORIENTED_EDGE('',*,*,#338,.T.);
#338 = EDGE_CURVE('',#331,#312,#339,.T.);
#339 = CIRCLE('',#340,2.25);
#340 = AXIS2_PLACEMENT_3D('',#341,#342,#343);
#341 = CARTESIAN_POINT('',(0.,-7.85,6.25));
#342 = DIRECTION('',(0.,-1.,-3.491481338843E-15));
#343 = DIRECTION('',(1.,0.,0.));
#344 = CYLINDRICAL_SURFACE('',#345,2.25);
#345 = AXIS2_PLACEMENT_3D('',#346,#347,#348);
#346 = CARTESIAN_POINT('',(0.,-7.85,6.25));
#347 = DIRECTION('',(0.,-1.,-3.491481338843E-15));
#348 = DIRECTION('',(1.,0.,0.));
#349 = ADVANCED_FACE('',(#350),#386,.T.);
#350 = FACE_BOUND('',#351,.T.);
#351 = EDGE_LOOP('',(#352,#363,#371,#380));
#352 = ORIENTED_EDGE('',*,*,#353,.F.);
#353 = EDGE_CURVE('',#354,#356,#358,.T.);
#354 = VERTEX_POINT('',#355);
#355 = CARTESIAN_POINT('',(2.475,-9.85,6.25));
#356 = VERTEX_POINT('',#357);
#357 = CARTESIAN_POINT('',(-2.475,-9.85,6.25));
#358 = CIRCLE('',#359,2.475);
#359 = AXIS2_PLACEMENT_3D('',#360,#361,#362);
#360 = CARTESIAN_POINT('',(0.,-9.85,6.25));
#361 = DIRECTION('',(0.,-1.,-3.491481338843E-15));
#362 = DIRECTION('',(1.,0.,0.));
#363 = ORIENTED_EDGE('',*,*,#364,.T.);
#364 = EDGE_CURVE('',#354,#365,#367,.T.);
#365 = VERTEX_POINT('',#366);
#366 = CARTESIAN_POINT('',(2.675,-9.65,6.25));
#367 = LINE('',#368,#369);
#368 = CARTESIAN_POINT('',(2.475,-9.85,6.25));
#369 = VECTOR('',#370,1.);
#370 = DIRECTION('',(0.707106781187,0.707106781187,2.555445736706E-15));
#371 = ORIENTED_EDGE('',*,*,#372,.F.);
#372 = EDGE_CURVE('',#373,#365,#375,.T.);
#373 = VERTEX_POINT('',#374);
#374 = CARTESIAN_POINT('',(-2.675,-9.65,6.25));
#375 = CIRCLE('',#376,2.675);
#376 = AXIS2_PLACEMENT_3D('',#377,#378,#379);
#377 = CARTESIAN_POINT('',(0.,-9.65,6.25));
#378 = DIRECTION('',(-0.,1.,3.491481338843E-15));
#379 = DIRECTION('',(1.,0.,0.));
#380 = ORIENTED_EDGE('',*,*,#381,.F.);
#381 = EDGE_CURVE('',#356,#373,#382,.T.);
#382 = LINE('',#383,#384);
#383 = CARTESIAN_POINT('',(-2.475,-9.85,6.25));
#384 = VECTOR('',#385,1.);
#385 = DIRECTION('',(-0.707106781187,0.707106781187,2.468850131082E-15)
  );
#386 = CONICAL_SURFACE('',#387,2.475,0.785398163397);
#387 = AXIS2_PLACEMENT_3D('',#388,#389,#390);
#388 = CARTESIAN_POINT('',(0.,-9.85,6.25));
#389 = DIRECTION('',(0.,1.,3.491481338843E-15));
#390 = DIRECTION('',(-1.,0.,0.));
#391 = ADVANCED_FACE('',(#392),#418,.T.);
#392 = FACE_BOUND('',#393,.T.);
#393 = EDGE_LOOP('',(#394,#405,#411,#412));
#394 = ORIENTED_EDGE('',*,*,#395,.T.);
#395 = EDGE_CURVE('',#396,#398,#400,.T.);
#396 = VERTEX_POINT('',#397);
#397 = CARTESIAN_POINT('',(2.675,-8.85,6.25));
#398 = VERTEX_POINT('',#399);
#399 = CARTESIAN_POINT('',(-2.675,-8.85,6.25));
#400 = CIRCLE('',#401,2.675);
#401 = AXIS2_PLACEMENT_3D('',#402,#403,#404);
#402 = CARTESIAN_POINT('',(0.,-8.85,6.25));
#403 = DIRECTION('',(0.,-1.,-3.491481338843E-15));
#404 = DIRECTION('',(1.,0.,0.));
#405 = ORIENTED_EDGE('',*,*,#406,.T.);
#406 = EDGE_CURVE('',#398,#373,#407,.T.);
#407 = LINE('',#408,#409);
#408 = CARTESIAN_POINT('',(-2.675,-8.85,6.25));
#409 = VECTOR('',#410,1.);
#410 = DIRECTION('',(0.,-1.,-3.491481338843E-15));
#411 = ORIENTED_EDGE('',*,*,#372,.T.);
#412 = ORIENTED_EDGE('',*,*,#413,.F.);
#413 = EDGE_CURVE('',#396,#365,#414,.T.);
#414 = LINE('',#415,#416);
#415 = CARTESIAN_POINT('',(2.675,-8.85,6.25));
#416 = VECTOR('',#417,1.);
#417 = DIRECTION('',(0.,-1.,-3.491481338843E-15));
#418 = CYLINDRICAL_SURFACE('',#419,2.675);
#419 = AXIS2_PLACEMENT_3D('',#420,#421,#422);
#420 = CARTESIAN_POINT('',(0.,-8.85,6.25));
#421 = DIRECTION('',(0.,-1.,-3.491481338843E-15));
#422 = DIRECTION('',(1.,0.,0.));
#423 = ADVANCED_FACE('',(#424),#450,.T.);
#424 = FACE_BOUND('',#425,.T.);
#425 = EDGE_LOOP('',(#426,#437,#443,#444));
#426 = ORIENTED_EDGE('',*,*,#427,.F.);
#427 = EDGE_CURVE('',#428,#430,#432,.T.);
#428 = VERTEX_POINT('',#429);
#429 = CARTESIAN_POINT('',(2.65,0.15,6.25));
#430 = VERTEX_POINT('',#431);
#431 = CARTESIAN_POINT('',(-2.65,0.15,6.25));
#432 = CIRCLE('',#433,2.65);
#433 = AXIS2_PLACEMENT_3D('',#434,#435,#436);
#434 = CARTESIAN_POINT('',(0.,0.15,6.25));
#435 = DIRECTION('',(0.,-1.,-3.491481338843E-15));
#436 = DIRECTION('',(1.,0.,0.));
#437 = ORIENTED_EDGE('',*,*,#438,.T.);
#438 = EDGE_CURVE('',#428,#196,#439,.T.);
#439 = LINE('',#440,#441);
#440 = CARTESIAN_POINT('',(2.65,0.15,6.25));
#441 = VECTOR('',#442,1.);
#442 = DIRECTION('',(0.,1.,3.491481338843E-15));
#443 = ORIENTED_EDGE('',*,*,#195,.T.);
#444 = ORIENTED_EDGE('',*,*,#445,.F.);
#445 = EDGE_CURVE('',#430,#198,#446,.T.);
#446 = LINE('',#447,#448);
#447 = CARTESIAN_POINT('',(-2.65,0.15,6.25));
#448 = VECTOR('',#449,1.);
#449 = DIRECTION('',(0.,1.,3.491481338843E-15));
#450 = CYLINDRICAL_SURFACE('',#451,2.65);
#451 = AXIS2_PLACEMENT_3D('',#452,#453,#454);
#452 = CARTESIAN_POINT('',(0.,0.15,6.25));
#453 = DIRECTION('',(0.,1.,3.491481338843E-15));
#454 = DIRECTION('',(-1.,0.,0.));
#455 = ADVANCED_FACE('',(#456),#506,.T.);
#456 = FACE_BOUND('',#457,.T.);
#457 = EDGE_LOOP('',(#458,#476,#484,#500));
#458 = ORIENTED_EDGE('',*,*,#459,.F.);
#459 = EDGE_CURVE('',#460,#462,#464,.T.);
#460 = VERTEX_POINT('',#461);
#461 = CARTESIAN_POINT('',(3.,-8.724822469684,6.25));
#462 = VERTEX_POINT('',#463);
#463 = CARTESIAN_POINT('',(-3.,-8.349822469684,6.25));
#464 = ( BOUNDED_CURVE() B_SPLINE_CURVE(2,(#465,#466,#467,#468,#469,#470
    ,#471,#472,#473,#474,#475),.UNSPECIFIED.,.F.,.F.) 
B_SPLINE_CURVE_WITH_KNOTS((3,2,2,2,2,3),(0.420021636841,0.425,0.43,0.435
,0.44,0.440021636841),.UNSPECIFIED.) CURVE() 
GEOMETRIC_REPRESENTATION_ITEM() RATIONAL_B_SPLINE_CURVE((0.999278235616,
    0.924148069197,0.99993414411,0.923818689603,0.99993414411,
    0.923818689603,0.99993414411,0.923818689603,0.99993414411,
0.999604764517,0.999278235616)) REPRESENTATION_ITEM('') );
#465 = CARTESIAN_POINT('',(3.,-8.724822469684,6.25));
#466 = CARTESIAN_POINT('',(3.,-8.678103178813,7.486822345032));
#467 = CARTESIAN_POINT('',(2.128336861118,-8.631447658818,8.364280540895
    ));
#468 = CARTESIAN_POINT('',(1.252573186418,-8.584572658818,9.245866534068
    ));
#469 = CARTESIAN_POINT('',(9.939319348723E-03,-8.537697658818,
    9.249983534943));
#470 = CARTESIAN_POINT('',(-1.232694547721,-8.490822658818,
    9.254100535818));
#471 = CARTESIAN_POINT('',(-2.114280540895,-8.443947658818,
    8.378336861118));
#472 = CARTESIAN_POINT('',(-2.995866534068,-8.397072658818,
    7.502573186418));
#473 = CARTESIAN_POINT('',(-2.999983534943,-8.350197658818,
    6.259939319349));
#474 = CARTESIAN_POINT('',(-3.,-8.35001019237,6.254969673312));
#475 = CARTESIAN_POINT('',(-3.,-8.349822469684,6.25));
#476 = ORIENTED_EDGE('',*,*,#477,.T.);
#477 = EDGE_CURVE('',#460,#478,#480,.T.);
#478 = VERTEX_POINT('',#479);
#479 = CARTESIAN_POINT('',(3.,-8.475177530316,6.25));
#480 = LINE('',#481,#482);
#481 = CARTESIAN_POINT('',(3.,-9.85,6.25));
#482 = VECTOR('',#483,1.);
#483 = DIRECTION('',(-0.,1.,3.491481338843E-15));
#484 = ORIENTED_EDGE('',*,*,#485,.T.);
#485 = EDGE_CURVE('',#478,#486,#488,.T.);
#486 = VERTEX_POINT('',#487);
#487 = CARTESIAN_POINT('',(-3.,-8.100177530316,6.25));
#488 = ( BOUNDED_CURVE() B_SPLINE_CURVE(2,(#489,#490,#491,#492,#493,#494
    ,#495,#496,#497,#498,#499),.UNSPECIFIED.,.F.,.F.) 
B_SPLINE_CURVE_WITH_KNOTS((3,2,2,2,2,3),(0.459978363159,0.46,0.465,0.47,
0.475,0.479978363159),.UNSPECIFIED.) CURVE() 
GEOMETRIC_REPRESENTATION_ITEM() RATIONAL_B_SPLINE_CURVE((0.999278235616,
    0.999604764517,0.99993414411,0.923818689603,0.99993414411,
    0.923818689603,0.99993414411,0.923818689603,0.99993414411,
0.924148069197,0.999278235616)) REPRESENTATION_ITEM('') );
#489 = CARTESIAN_POINT('',(3.,-8.475177530316,6.25));
#490 = CARTESIAN_POINT('',(3.,-8.47498980763,6.254969673312));
#491 = CARTESIAN_POINT('',(2.999983534943,-8.474802341182,6.259939319349
    ));
#492 = CARTESIAN_POINT('',(2.995866534068,-8.427927341182,7.502573186418
    ));
#493 = CARTESIAN_POINT('',(2.114280540895,-8.381052341182,8.378336861118
    ));
#494 = CARTESIAN_POINT('',(1.232694547721,-8.334177341182,9.254100535818
    ));
#495 = CARTESIAN_POINT('',(-9.939319348763E-03,-8.287302341182,
    9.249983534943));
#496 = CARTESIAN_POINT('',(-1.252573186418,-8.240427341182,
    9.245866534068));
#497 = CARTESIAN_POINT('',(-2.128336861118,-8.193552341182,
    8.364280540894));
#498 = CARTESIAN_POINT('',(-3.,-8.146896821187,7.486822345032));
#499 = CARTESIAN_POINT('',(-3.,-8.100177530316,6.25));
#500 = ORIENTED_EDGE('',*,*,#501,.F.);
#501 = EDGE_CURVE('',#462,#486,#502,.T.);
#502 = LINE('',#503,#504);
#503 = CARTESIAN_POINT('',(-3.,-9.85,6.25));
#504 = VECTOR('',#505,1.);
#505 = DIRECTION('',(-0.,1.,3.491481338843E-15));
#506 = CYLINDRICAL_SURFACE('',#507,3.);
#507 = AXIS2_PLACEMENT_3D('',#508,#509,#510);
#508 = CARTESIAN_POINT('',(0.,-9.85,6.25));
#509 = DIRECTION('',(-0.,1.,3.491481338843E-15));
#510 = DIRECTION('',(-1.,0.,-0.));
#511 = ADVANCED_FACE('',(#512),#562,.T.);
#512 = FACE_BOUND('',#513,.T.);
#513 = EDGE_LOOP('',(#514,#532,#540,#556));
#514 = ORIENTED_EDGE('',*,*,#515,.F.);
#515 = EDGE_CURVE('',#516,#518,#520,.T.);
#516 = VERTEX_POINT('',#517);
#517 = CARTESIAN_POINT('',(3.,-7.974822469684,6.25));
#518 = VERTEX_POINT('',#519);
#519 = CARTESIAN_POINT('',(-3.,-7.599822469684,6.25));
#520 = ( BOUNDED_CURVE() B_SPLINE_CURVE(2,(#521,#522,#523,#524,#525,#526
    ,#527,#528,#529,#530,#531),.UNSPECIFIED.,.F.,.F.) 
B_SPLINE_CURVE_WITH_KNOTS((3,2,2,2,2,3),(0.460021636841,0.465,0.47,0.475
,0.48,0.480021636841),.UNSPECIFIED.) CURVE() 
GEOMETRIC_REPRESENTATION_ITEM() RATIONAL_B_SPLINE_CURVE((0.999278235616,
    0.924148069197,0.99993414411,0.923818689603,0.99993414411,
    0.923818689603,0.99993414411,0.923818689603,0.99993414411,
0.999604764517,0.999278235616)) REPRESENTATION_ITEM('') );
#521 = CARTESIAN_POINT('',(3.,-7.974822469684,6.25));
#522 = CARTESIAN_POINT('',(3.,-7.928103178813,7.486822345032));
#523 = CARTESIAN_POINT('',(2.128336861118,-7.881447658818,8.364280540895
    ));
#524 = CARTESIAN_POINT('',(1.252573186418,-7.834572658818,9.245866534068
    ));
#525 = CARTESIAN_POINT('',(9.939319348723E-03,-7.787697658818,
    9.249983534943));
#526 = CARTESIAN_POINT('',(-1.232694547721,-7.740822658818,
    9.254100535818));
#527 = CARTESIAN_POINT('',(-2.114280540895,-7.693947658818,
    8.378336861118));
#528 = CARTESIAN_POINT('',(-2.995866534068,-7.647072658818,
    7.502573186418));
#529 = CARTESIAN_POINT('',(-2.999983534943,-7.600197658818,
    6.259939319349));
#530 = CARTESIAN_POINT('',(-3.,-7.60001019237,6.254969673312));
#531 = CARTESIAN_POINT('',(-3.,-7.599822469684,6.25));
#532 = ORIENTED_EDGE('',*,*,#533,.T.);
#533 = EDGE_CURVE('',#516,#534,#536,.T.);
#534 = VERTEX_POINT('',#535);
#535 = CARTESIAN_POINT('',(3.,-7.725177530316,6.25));
#536 = LINE('',#537,#538);
#537 = CARTESIAN_POINT('',(3.,-9.85,6.25));
#538 = VECTOR('',#539,1.);
#539 = DIRECTION('',(-0.,1.,3.491481338843E-15));
#540 = ORIENTED_EDGE('',*,*,#541,.T.);
#541 = EDGE_CURVE('',#534,#542,#544,.T.);
#542 = VERTEX_POINT('',#543);
#543 = CARTESIAN_POINT('',(-3.,-7.350177530316,6.25));
#544 = ( BOUNDED_CURVE() B_SPLINE_CURVE(2,(#545,#546,#547,#548,#549,#550
    ,#551,#552,#553,#554,#555),.UNSPECIFIED.,.F.,.F.) 
B_SPLINE_CURVE_WITH_KNOTS((3,2,2,2,2,3),(0.499978363159,0.5,0.505,0.51,
0.515,0.519978363159),.UNSPECIFIED.) CURVE() 
GEOMETRIC_REPRESENTATION_ITEM() RATIONAL_B_SPLINE_CURVE((0.999278235616,
    0.999604764517,0.99993414411,0.923818689603,0.99993414411,
    0.923818689603,0.99993414411,0.923818689603,0.99993414411,
0.924148069197,0.999278235616)) REPRESENTATION_ITEM('') );
#545 = CARTESIAN_POINT('',(3.,-7.725177530316,6.25));
#546 = CARTESIAN_POINT('',(3.,-7.72498980763,6.254969673312));
#547 = CARTESIAN_POINT('',(2.999983534943,-7.724802341182,6.259939319349
    ));
#548 = CARTESIAN_POINT('',(2.995866534068,-7.677927341182,7.502573186418
    ));
#549 = CARTESIAN_POINT('',(2.114280540895,-7.631052341182,8.378336861118
    ));
#550 = CARTESIAN_POINT('',(1.232694547721,-7.584177341182,9.254100535818
    ));
#551 = CARTESIAN_POINT('',(-9.939319348763E-03,-7.537302341182,
    9.249983534943));
#552 = CARTESIAN_POINT('',(-1.252573186418,-7.490427341182,
    9.245866534068));
#553 = CARTESIAN_POINT('',(-2.128336861118,-7.443552341182,
    8.364280540894));
#554 = CARTESIAN_POINT('',(-3.,-7.396896821187,7.486822345032));
#555 = CARTESIAN_POINT('',(-3.,-7.350177530316,6.25));
#556 = ORIENTED_EDGE('',*,*,#557,.F.);
#557 = EDGE_CURVE('',#518,#542,#558,.T.);
#558 = LINE('',#559,#560);
#559 = CARTESIAN_POINT('',(-3.,-9.85,6.25));
#560 = VECTOR('',#561,1.);
#561 = DIRECTION('',(-0.,1.,3.491481338843E-15));
#562 = CYLINDRICAL_SURFACE('',#563,3.);
#563 = AXIS2_PLACEMENT_3D('',#564,#565,#566);
#564 = CARTESIAN_POINT('',(0.,-9.85,6.25));
#565 = DIRECTION('',(-0.,1.,3.491481338843E-15));
#566 = DIRECTION('',(-1.,0.,-0.));
#567 = ADVANCED_FACE('',(#568),#618,.T.);
#568 = FACE_BOUND('',#569,.T.);
#569 = EDGE_LOOP('',(#570,#588,#596,#612));
#570 = ORIENTED_EDGE('',*,*,#571,.F.);
#571 = EDGE_CURVE('',#572,#574,#576,.T.);
#572 = VERTEX_POINT('',#573);
#573 = CARTESIAN_POINT('',(3.,-7.224822469684,6.25));
#574 = VERTEX_POINT('',#575);
#575 = CARTESIAN_POINT('',(-3.,-6.849822469684,6.25));
#576 = ( BOUNDED_CURVE() B_SPLINE_CURVE(2,(#577,#578,#579,#580,#581,#582
    ,#583,#584,#585,#586,#587),.UNSPECIFIED.,.F.,.F.) 
B_SPLINE_CURVE_WITH_KNOTS((3,2,2,2,2,3),(0.500021636841,0.505,0.51,0.515
,0.52,0.520021636841),.UNSPECIFIED.) CURVE() 
GEOMETRIC_REPRESENTATION_ITEM() RATIONAL_B_SPLINE_CURVE((0.999278235616,
    0.924148069197,0.99993414411,0.923818689603,0.99993414411,
    0.923818689603,0.99993414411,0.923818689603,0.99993414411,
0.999604764517,0.999278235616)) REPRESENTATION_ITEM('') );
#577 = CARTESIAN_POINT('',(3.,-7.224822469684,6.25));
#578 = CARTESIAN_POINT('',(3.,-7.178103178813,7.486822345032));
#579 = CARTESIAN_POINT('',(2.128336861118,-7.131447658818,8.364280540895
    ));
#580 = CARTESIAN_POINT('',(1.252573186418,-7.084572658818,9.245866534068
    ));
#581 = CARTESIAN_POINT('',(9.939319348723E-03,-7.037697658818,
    9.249983534943));
#582 = CARTESIAN_POINT('',(-1.232694547721,-6.990822658818,
    9.254100535818));
#583 = CARTESIAN_POINT('',(-2.114280540895,-6.943947658818,
    8.378336861118));
#584 = CARTESIAN_POINT('',(-2.995866534068,-6.897072658818,
    7.502573186418));
#585 = CARTESIAN_POINT('',(-2.999983534943,-6.850197658818,
    6.259939319349));
#586 = CARTESIAN_POINT('',(-3.,-6.85001019237,6.254969673312));
#587 = CARTESIAN_POINT('',(-3.,-6.849822469684,6.25));
#588 = ORIENTED_EDGE('',*,*,#589,.T.);
#589 = EDGE_CURVE('',#572,#590,#592,.T.);
#590 = VERTEX_POINT('',#591);
#591 = CARTESIAN_POINT('',(3.,-6.975177530316,6.25));
#592 = LINE('',#593,#594);
#593 = CARTESIAN_POINT('',(3.,-9.85,6.25));
#594 = VECTOR('',#595,1.);
#595 = DIRECTION('',(-0.,1.,3.491481338843E-15));
#596 = ORIENTED_EDGE('',*,*,#597,.T.);
#597 = EDGE_CURVE('',#590,#598,#600,.T.);
#598 = VERTEX_POINT('',#599);
#599 = CARTESIAN_POINT('',(-3.,-6.600177530316,6.25));
#600 = ( BOUNDED_CURVE() B_SPLINE_CURVE(2,(#601,#602,#603,#604,#605,#606
    ,#607,#608,#609,#610,#611),.UNSPECIFIED.,.F.,.F.) 
B_SPLINE_CURVE_WITH_KNOTS((3,2,2,2,2,3),(0.539978363159,0.54,0.545,0.55,
0.555,0.559978363159),.UNSPECIFIED.) CURVE() 
GEOMETRIC_REPRESENTATION_ITEM() RATIONAL_B_SPLINE_CURVE((0.999278235616,
    0.999604764517,0.99993414411,0.923818689603,0.99993414411,
    0.923818689603,0.99993414411,0.923818689603,0.99993414411,
0.924148069197,0.999278235616)) REPRESENTATION_ITEM('') );
#601 = CARTESIAN_POINT('',(3.,-6.975177530316,6.25));
#602 = CARTESIAN_POINT('',(3.,-6.97498980763,6.254969673312));
#603 = CARTESIAN_POINT('',(2.999983534943,-6.974802341182,6.259939319349
    ));
#604 = CARTESIAN_POINT('',(2.995866534068,-6.927927341182,7.502573186418
    ));
#605 = CARTESIAN_POINT('',(2.114280540895,-6.881052341182,8.378336861118
    ));
#606 = CARTESIAN_POINT('',(1.232694547721,-6.834177341182,9.254100535818
    ));
#607 = CARTESIAN_POINT('',(-9.939319348763E-03,-6.787302341182,
    9.249983534943));
#608 = CARTESIAN_POINT('',(-1.252573186418,-6.740427341182,
    9.245866534068));
#609 = CARTESIAN_POINT('',(-2.128336861118,-6.693552341182,
    8.364280540894));
#610 = CARTESIAN_POINT('',(-3.,-6.646896821187,7.486822345032));
#611 = CARTESIAN_POINT('',(-3.,-6.600177530316,6.25));
#612 = ORIENTED_EDGE('',*,*,#613,.F.);
#613 = EDGE_CURVE('',#574,#598,#614,.T.);
#614 = LINE('',#615,#616);
#615 = CARTESIAN_POINT('',(-3.,-9.85,6.25));
#616 = VECTOR('',#617,1.);
#617 = DIRECTION('',(-0.,1.,3.491481338843E-15));
#618 = CYLINDRICAL_SURFACE('',#619,3.);
#619 = AXIS2_PLACEMENT_3D('',#620,#621,#622);
#620 = CARTESIAN_POINT('',(0.,-9.85,6.25));
#621 = DIRECTION('',(-0.,1.,3.491481338843E-15));
#622 = DIRECTION('',(-1.,0.,-0.));
#623 = ADVANCED_FACE('',(#624),#674,.T.);
#624 = FACE_BOUND('',#625,.T.);
#625 = EDGE_LOOP('',(#626,#644,#652,#668));
#626 = ORIENTED_EDGE('',*,*,#627,.F.);
#627 = EDGE_CURVE('',#628,#630,#632,.T.);
#628 = VERTEX_POINT('',#629);
#629 = CARTESIAN_POINT('',(3.,-6.474822469684,6.25));
#630 = VERTEX_POINT('',#631);
#631 = CARTESIAN_POINT('',(-3.,-6.099822469684,6.25));
#632 = ( BOUNDED_CURVE() B_SPLINE_CURVE(2,(#633,#634,#635,#636,#637,#638
    ,#639,#640,#641,#642,#643),.UNSPECIFIED.,.F.,.F.) 
B_SPLINE_CURVE_WITH_KNOTS((3,2,2,2,2,3),(0.540021636841,0.545,0.55,0.555
,0.56,0.560021636841),.UNSPECIFIED.) CURVE() 
GEOMETRIC_REPRESENTATION_ITEM() RATIONAL_B_SPLINE_CURVE((0.999278235616,
    0.924148069197,0.99993414411,0.923818689603,0.99993414411,
    0.923818689603,0.99993414411,0.923818689603,0.99993414411,
0.999604764517,0.999278235616)) REPRESENTATION_ITEM('') );
#633 = CARTESIAN_POINT('',(3.,-6.474822469684,6.25));
#634 = CARTESIAN_POINT('',(3.,-6.428103178813,7.486822345032));
#635 = CARTESIAN_POINT('',(2.128336861118,-6.381447658818,8.364280540895
    ));
#636 = CARTESIAN_POINT('',(1.252573186418,-6.334572658818,9.245866534068
    ));
#637 = CARTESIAN_POINT('',(9.939319348723E-03,-6.287697658818,
    9.249983534943));
#638 = CARTESIAN_POINT('',(-1.232694547721,-6.240822658818,
    9.254100535818));
#639 = CARTESIAN_POINT('',(-2.114280540895,-6.193947658818,
    8.378336861118));
#640 = CARTESIAN_POINT('',(-2.995866534068,-6.147072658818,
    7.502573186418));
#641 = CARTESIAN_POINT('',(-2.999983534943,-6.100197658818,
    6.259939319349));
#642 = CARTESIAN_POINT('',(-3.,-6.10001019237,6.254969673312));
#643 = CARTESIAN_POINT('',(-3.,-6.099822469684,6.25));
#644 = ORIENTED_EDGE('',*,*,#645,.T.);
#645 = EDGE_CURVE('',#628,#646,#648,.T.);
#646 = VERTEX_POINT('',#647);
#647 = CARTESIAN_POINT('',(3.,-6.225177530316,6.25));
#648 = LINE('',#649,#650);
#649 = CARTESIAN_POINT('',(3.,-9.85,6.25));
#650 = VECTOR('',#651,1.);
#651 = DIRECTION('',(-0.,1.,3.491481338843E-15));
#652 = ORIENTED_EDGE('',*,*,#653,.T.);
#653 = EDGE_CURVE('',#646,#654,#656,.T.);
#654 = VERTEX_POINT('',#655);
#655 = CARTESIAN_POINT('',(-3.,-5.850177530316,6.25));
#656 = ( BOUNDED_CURVE() B_SPLINE_CURVE(2,(#657,#658,#659,#660,#661,#662
    ,#663,#664,#665,#666,#667),.UNSPECIFIED.,.F.,.F.) 
B_SPLINE_CURVE_WITH_KNOTS((3,2,2,2,2,3),(0.579978363159,0.58,0.585,0.59,
0.595,0.599978363159),.UNSPECIFIED.) CURVE() 
GEOMETRIC_REPRESENTATION_ITEM() RATIONAL_B_SPLINE_CURVE((0.999278235616,
    0.999604764517,0.99993414411,0.923818689603,0.99993414411,
    0.923818689603,0.99993414411,0.923818689603,0.99993414411,
0.924148069197,0.999278235616)) REPRESENTATION_ITEM('') );
#657 = CARTESIAN_POINT('',(3.,-6.225177530316,6.25));
#658 = CARTESIAN_POINT('',(3.,-6.22498980763,6.254969673312));
#659 = CARTESIAN_POINT('',(2.999983534943,-6.224802341182,6.259939319349
    ));
#660 = CARTESIAN_POINT('',(2.995866534068,-6.177927341182,7.502573186418
    ));
#661 = CARTESIAN_POINT('',(2.114280540895,-6.131052341182,8.378336861118
    ));
#662 = CARTESIAN_POINT('',(1.232694547721,-6.084177341182,9.254100535818
    ));
#663 = CARTESIAN_POINT('',(-9.939319348763E-03,-6.037302341182,
    9.249983534943));
#664 = CARTESIAN_POINT('',(-1.252573186418,-5.990427341182,
    9.245866534068));
#665 = CARTESIAN_POINT('',(-2.128336861118,-5.943552341182,
    8.364280540894));
#666 = CARTESIAN_POINT('',(-3.,-5.896896821187,7.486822345032));
#667 = CARTESIAN_POINT('',(-3.,-5.850177530316,6.25));
#668 = ORIENTED_EDGE('',*,*,#669,.F.);
#669 = EDGE_CURVE('',#630,#654,#670,.T.);
#670 = LINE('',#671,#672);
#671 = CARTESIAN_POINT('',(-3.,-9.85,6.25));
#672 = VECTOR('',#673,1.);
#673 = DIRECTION('',(-0.,1.,3.491481338843E-15));
#674 = CYLINDRICAL_SURFACE('',#675,3.);
#675 = AXIS2_PLACEMENT_3D('',#676,#677,#678);
#676 = CARTESIAN_POINT('',(0.,-9.85,6.25));
#677 = DIRECTION('',(-0.,1.,3.491481338843E-15));
#678 = DIRECTION('',(-1.,0.,-0.));
#679 = ADVANCED_FACE('',(#680),#730,.T.);
#680 = FACE_BOUND('',#681,.T.);
#681 = EDGE_LOOP('',(#682,#700,#708,#724));
#682 = ORIENTED_EDGE('',*,*,#683,.F.);
#683 = EDGE_CURVE('',#684,#686,#688,.T.);
#684 = VERTEX_POINT('',#685);
#685 = CARTESIAN_POINT('',(3.,-5.724822469684,6.25));
#686 = VERTEX_POINT('',#687);
#687 = CARTESIAN_POINT('',(-3.,-5.349822469684,6.25));
#688 = ( BOUNDED_CURVE() B_SPLINE_CURVE(2,(#689,#690,#691,#692,#693,#694
    ,#695,#696,#697,#698,#699),.UNSPECIFIED.,.F.,.F.) 
B_SPLINE_CURVE_WITH_KNOTS((3,2,2,2,2,3),(0.580021636841,0.585,0.59,0.595
,0.6,0.600021636841),.UNSPECIFIED.) CURVE() 
GEOMETRIC_REPRESENTATION_ITEM() RATIONAL_B_SPLINE_CURVE((0.999278235616,
    0.924148069197,0.99993414411,0.923818689603,0.99993414411,
    0.923818689603,0.99993414411,0.923818689603,0.99993414411,
0.999604764517,0.999278235616)) REPRESENTATION_ITEM('') );
#689 = CARTESIAN_POINT('',(3.,-5.724822469684,6.25));
#690 = CARTESIAN_POINT('',(3.,-5.678103178813,7.486822345032));
#691 = CARTESIAN_POINT('',(2.128336861118,-5.631447658818,8.364280540895
    ));
#692 = CARTESIAN_POINT('',(1.252573186418,-5.584572658818,9.245866534068
    ));
#693 = CARTESIAN_POINT('',(9.939319348723E-03,-5.537697658818,
    9.249983534943));
#694 = CARTESIAN_POINT('',(-1.232694547721,-5.490822658818,
    9.254100535818));
#695 = CARTESIAN_POINT('',(-2.114280540895,-5.443947658818,
    8.378336861118));
#696 = CARTESIAN_POINT('',(-2.995866534068,-5.397072658818,
    7.502573186418));
#697 = CARTESIAN_POINT('',(-2.999983534943,-5.350197658818,
    6.259939319349));
#698 = CARTESIAN_POINT('',(-3.,-5.35001019237,6.254969673312));
#699 = CARTESIAN_POINT('',(-3.,-5.349822469684,6.25));
#700 = ORIENTED_EDGE('',*,*,#701,.T.);
#701 = EDGE_CURVE('',#684,#702,#704,.T.);
#702 = VERTEX_POINT('',#703);
#703 = CARTESIAN_POINT('',(3.,-5.475177530316,6.25));
#704 = LINE('',#705,#706);
#705 = CARTESIAN_POINT('',(3.,-9.85,6.25));
#706 = VECTOR('',#707,1.);
#707 = DIRECTION('',(-0.,1.,3.491481338843E-15));
#708 = ORIENTED_EDGE('',*,*,#709,.T.);
#709 = EDGE_CURVE('',#702,#710,#712,.T.);
#710 = VERTEX_POINT('',#711);
#711 = CARTESIAN_POINT('',(-3.,-5.100177530316,6.25));
#712 = ( BOUNDED_CURVE() B_SPLINE_CURVE(2,(#713,#714,#715,#716,#717,#718
    ,#719,#720,#721,#722,#723),.UNSPECIFIED.,.F.,.F.) 
B_SPLINE_CURVE_WITH_KNOTS((3,2,2,2,2,3),(0.619978363159,0.62,0.625,0.63,
0.635,0.639978363159),.UNSPECIFIED.) CURVE() 
GEOMETRIC_REPRESENTATION_ITEM() RATIONAL_B_SPLINE_CURVE((0.999278235616,
    0.999604764517,0.99993414411,0.923818689603,0.99993414411,
    0.923818689603,0.99993414411,0.923818689603,0.99993414411,
0.924148069197,0.999278235616)) REPRESENTATION_ITEM('') );
#713 = CARTESIAN_POINT('',(3.,-5.475177530316,6.25));
#714 = CARTESIAN_POINT('',(3.,-5.47498980763,6.254969673312));
#715 = CARTESIAN_POINT('',(2.999983534943,-5.474802341182,6.259939319349
    ));
#716 = CARTESIAN_POINT('',(2.995866534068,-5.427927341182,7.502573186418
    ));
#717 = CARTESIAN_POINT('',(2.114280540895,-5.381052341182,8.378336861118
    ));
#718 = CARTESIAN_POINT('',(1.232694547721,-5.334177341182,9.254100535818
    ));
#719 = CARTESIAN_POINT('',(-9.939319348763E-03,-5.287302341182,
    9.249983534943));
#720 = CARTESIAN_POINT('',(-1.252573186418,-5.240427341182,
    9.245866534068));
#721 = CARTESIAN_POINT('',(-2.128336861118,-5.193552341182,
    8.364280540894));
#722 = CARTESIAN_POINT('',(-3.,-5.146896821187,7.486822345032));
#723 = CARTESIAN_POINT('',(-3.,-5.100177530316,6.25));
#724 = ORIENTED_EDGE('',*,*,#725,.F.);
#725 = EDGE_CURVE('',#686,#710,#726,.T.);
#726 = LINE('',#727,#728);
#727 = CARTESIAN_POINT('',(-3.,-9.85,6.25));
#728 = VECTOR('',#729,1.);
#729 = DIRECTION('',(-0.,1.,3.491481338843E-15));
#730 = CYLINDRICAL_SURFACE('',#731,3.);
#731 = AXIS2_PLACEMENT_3D('',#732,#733,#734);
#732 = CARTESIAN_POINT('',(0.,-9.85,6.25));
#733 = DIRECTION('',(-0.,1.,3.491481338843E-15));
#734 = DIRECTION('',(-1.,0.,-0.));
#735 = ADVANCED_FACE('',(#736),#786,.T.);
#736 = FACE_BOUND('',#737,.T.);
#737 = EDGE_LOOP('',(#738,#756,#764,#780));
#738 = ORIENTED_EDGE('',*,*,#739,.F.);
#739 = EDGE_CURVE('',#740,#742,#744,.T.);
#740 = VERTEX_POINT('',#741);
#741 = CARTESIAN_POINT('',(3.,-4.974822469684,6.25));
#742 = VERTEX_POINT('',#743);
#743 = CARTESIAN_POINT('',(-3.,-4.599822469684,6.25));
#744 = ( BOUNDED_CURVE() B_SPLINE_CURVE(2,(#745,#746,#747,#748,#749,#750
    ,#751,#752,#753,#754,#755),.UNSPECIFIED.,.F.,.F.) 
B_SPLINE_CURVE_WITH_KNOTS((3,2,2,2,2,3),(0.620021636841,0.625,0.63,0.635
,0.64,0.640021636841),.UNSPECIFIED.) CURVE() 
GEOMETRIC_REPRESENTATION_ITEM() RATIONAL_B_SPLINE_CURVE((0.999278235616,
    0.924148069197,0.99993414411,0.923818689603,0.99993414411,
    0.923818689603,0.99993414411,0.923818689603,0.99993414411,
0.999604764517,0.999278235616)) REPRESENTATION_ITEM('') );
#745 = CARTESIAN_POINT('',(3.,-4.974822469684,6.25));
#746 = CARTESIAN_POINT('',(3.,-4.928103178813,7.486822345032));
#747 = CARTESIAN_POINT('',(2.128336861118,-4.881447658818,8.364280540895
    ));
#748 = CARTESIAN_POINT('',(1.252573186418,-4.834572658818,9.245866534068
    ));
#749 = CARTESIAN_POINT('',(9.939319348723E-03,-4.787697658818,
    9.249983534943));
#750 = CARTESIAN_POINT('',(-1.232694547721,-4.740822658818,
    9.254100535818));
#751 = CARTESIAN_POINT('',(-2.114280540895,-4.693947658818,
    8.378336861118));
#752 = CARTESIAN_POINT('',(-2.995866534068,-4.647072658818,
    7.502573186418));
#753 = CARTESIAN_POINT('',(-2.999983534943,-4.600197658818,
    6.259939319349));
#754 = CARTESIAN_POINT('',(-3.,-4.60001019237,6.254969673312));
#755 = CARTESIAN_POINT('',(-3.,-4.599822469684,6.25));
#756 = ORIENTED_EDGE('',*,*,#757,.T.);
#757 = EDGE_CURVE('',#740,#758,#760,.T.);
#758 = VERTEX_POINT('',#759);
#759 = CARTESIAN_POINT('',(3.,-4.725177530316,6.25));
#760 = LINE('',#761,#762);
#761 = CARTESIAN_POINT('',(3.,-9.85,6.25));
#762 = VECTOR('',#763,1.);
#763 = DIRECTION('',(-0.,1.,3.491481338843E-15));
#764 = ORIENTED_EDGE('',*,*,#765,.T.);
#765 = EDGE_CURVE('',#758,#766,#768,.T.);
#766 = VERTEX_POINT('',#767);
#767 = CARTESIAN_POINT('',(-3.,-4.350177530316,6.25));
#768 = ( BOUNDED_CURVE() B_SPLINE_CURVE(2,(#769,#770,#771,#772,#773,#774
    ,#775,#776,#777,#778,#779),.UNSPECIFIED.,.F.,.F.) 
B_SPLINE_CURVE_WITH_KNOTS((3,2,2,2,2,3),(0.659978363159,0.66,0.665,0.67,
0.675,0.679978363159),.UNSPECIFIED.) CURVE() 
GEOMETRIC_REPRESENTATION_ITEM() RATIONAL_B_SPLINE_CURVE((0.999278235616,
    0.999604764517,0.99993414411,0.923818689603,0.99993414411,
    0.923818689603,0.99993414411,0.923818689603,0.99993414411,
0.924148069197,0.999278235616)) REPRESENTATION_ITEM('') );
#769 = CARTESIAN_POINT('',(3.,-4.725177530316,6.25));
#770 = CARTESIAN_POINT('',(3.,-4.72498980763,6.254969673312));
#771 = CARTESIAN_POINT('',(2.999983534943,-4.724802341182,6.259939319349
    ));
#772 = CARTESIAN_POINT('',(2.995866534068,-4.677927341182,7.502573186418
    ));
#773 = CARTESIAN_POINT('',(2.114280540895,-4.631052341182,8.378336861118
    ));
#774 = CARTESIAN_POINT('',(1.232694547721,-4.584177341182,9.254100535818
    ));
#775 = CARTESIAN_POINT('',(-9.939319348763E-03,-4.537302341182,
    9.249983534943));
#776 = CARTESIAN_POINT('',(-1.252573186418,-4.490427341182,
    9.245866534068));
#777 = CARTESIAN_POINT('',(-2.128336861118,-4.443552341182,
    8.364280540894));
#778 = CARTESIAN_POINT('',(-3.,-4.396896821187,7.486822345032));
#779 = CARTESIAN_POINT('',(-3.,-4.350177530316,6.25));
#780 = ORIENTED_EDGE('',*,*,#781,.F.);
#781 = EDGE_CURVE('',#742,#766,#782,.T.);
#782 = LINE('',#783,#784);
#783 = CARTESIAN_POINT('',(-3.,-9.85,6.25));
#784 = VECTOR('',#785,1.);
#785 = DIRECTION('',(-0.,1.,3.491481338843E-15));
#786 = CYLINDRICAL_SURFACE('',#787,3.);
#787 = AXIS2_PLACEMENT_3D('',#788,#789,#790);
#788 = CARTESIAN_POINT('',(0.,-9.85,6.25));
#789 = DIRECTION('',(-0.,1.,3.491481338843E-15));
#790 = DIRECTION('',(-1.,0.,-0.));
#791 = ADVANCED_FACE('',(#792),#842,.T.);
#792 = FACE_BOUND('',#793,.T.);
#793 = EDGE_LOOP('',(#794,#812,#820,#836));
#794 = ORIENTED_EDGE('',*,*,#795,.F.);
#795 = EDGE_CURVE('',#796,#798,#800,.T.);
#796 = VERTEX_POINT('',#797);
#797 = CARTESIAN_POINT('',(3.,-4.224822469684,6.25));
#798 = VERTEX_POINT('',#799);
#799 = CARTESIAN_POINT('',(-3.,-3.849822469684,6.25));
#800 = ( BOUNDED_CURVE() B_SPLINE_CURVE(2,(#801,#802,#803,#804,#805,#806
    ,#807,#808,#809,#810,#811),.UNSPECIFIED.,.F.,.F.) 
B_SPLINE_CURVE_WITH_KNOTS((3,2,2,2,2,3),(0.660021636841,0.665,0.67,0.675
,0.68,0.680021636841),.UNSPECIFIED.) CURVE() 
GEOMETRIC_REPRESENTATION_ITEM() RATIONAL_B_SPLINE_CURVE((0.999278235616,
    0.924148069197,0.99993414411,0.923818689603,0.99993414411,
    0.923818689603,0.99993414411,0.923818689603,0.99993414411,
0.999604764517,0.999278235616)) REPRESENTATION_ITEM('') );
#801 = CARTESIAN_POINT('',(3.,-4.224822469684,6.25));
#802 = CARTESIAN_POINT('',(3.,-4.178103178813,7.486822345032));
#803 = CARTESIAN_POINT('',(2.128336861118,-4.131447658818,8.364280540895
    ));
#804 = CARTESIAN_POINT('',(1.252573186418,-4.084572658818,9.245866534068
    ));
#805 = CARTESIAN_POINT('',(9.939319348723E-03,-4.037697658818,
    9.249983534943));
#806 = CARTESIAN_POINT('',(-1.232694547721,-3.990822658818,
    9.254100535818));
#807 = CARTESIAN_POINT('',(-2.114280540895,-3.943947658818,
    8.378336861118));
#808 = CARTESIAN_POINT('',(-2.995866534068,-3.897072658818,
    7.502573186418));
#809 = CARTESIAN_POINT('',(-2.999983534943,-3.850197658818,
    6.259939319349));
#810 = CARTESIAN_POINT('',(-3.,-3.85001019237,6.254969673312));
#811 = CARTESIAN_POINT('',(-3.,-3.849822469684,6.25));
#812 = ORIENTED_EDGE('',*,*,#813,.T.);
#813 = EDGE_CURVE('',#796,#814,#816,.T.);
#814 = VERTEX_POINT('',#815);
#815 = CARTESIAN_POINT('',(3.,-3.975177530316,6.25));
#816 = LINE('',#817,#818);
#817 = CARTESIAN_POINT('',(3.,-9.85,6.25));
#818 = VECTOR('',#819,1.);
#819 = DIRECTION('',(-0.,1.,3.491481338843E-15));
#820 = ORIENTED_EDGE('',*,*,#821,.T.);
#821 = EDGE_CURVE('',#814,#822,#824,.T.);
#822 = VERTEX_POINT('',#823);
#823 = CARTESIAN_POINT('',(-3.,-3.600177530316,6.25));
#824 = ( BOUNDED_CURVE() B_SPLINE_CURVE(2,(#825,#826,#827,#828,#829,#830
    ,#831,#832,#833,#834,#835),.UNSPECIFIED.,.F.,.F.) 
B_SPLINE_CURVE_WITH_KNOTS((3,2,2,2,2,3),(0.699978363159,0.7,0.705,0.71,
0.715,0.719978363159),.UNSPECIFIED.) CURVE() 
GEOMETRIC_REPRESENTATION_ITEM() RATIONAL_B_SPLINE_CURVE((0.999278235616,
    0.999604764517,0.99993414411,0.923818689603,0.99993414411,
    0.923818689603,0.99993414411,0.923818689603,0.99993414411,
0.924148069197,0.999278235616)) REPRESENTATION_ITEM('') );
#825 = CARTESIAN_POINT('',(3.,-3.975177530316,6.25));
#826 = CARTESIAN_POINT('',(3.,-3.97498980763,6.254969673312));
#827 = CARTESIAN_POINT('',(2.999983534943,-3.974802341182,6.259939319349
    ));
#828 = CARTESIAN_POINT('',(2.995866534068,-3.927927341182,7.502573186418
    ));
#829 = CARTESIAN_POINT('',(2.114280540895,-3.881052341182,8.378336861118
    ));
#830 = CARTESIAN_POINT('',(1.232694547721,-3.834177341182,9.254100535818
    ));
#831 = CARTESIAN_POINT('',(-9.939319348763E-03,-3.787302341182,
    9.249983534943));
#832 = CARTESIAN_POINT('',(-1.252573186418,-3.740427341182,
    9.245866534068));
#833 = CARTESIAN_POINT('',(-2.128336861118,-3.693552341182,
    8.364280540894));
#834 = CARTESIAN_POINT('',(-3.,-3.646896821187,7.486822345032));
#835 = CARTESIAN_POINT('',(-3.,-3.600177530316,6.25));
#836 = ORIENTED_EDGE('',*,*,#837,.F.);
#837 = EDGE_CURVE('',#798,#822,#838,.T.);
#838 = LINE('',#839,#840);
#839 = CARTESIAN_POINT('',(-3.,-9.85,6.25));
#840 = VECTOR('',#841,1.);
#841 = DIRECTION('',(-0.,1.,3.491481338843E-15));
#842 = CYLINDRICAL_SURFACE('',#843,3.);
#843 = AXIS2_PLACEMENT_3D('',#844,#845,#846);
#844 = CARTESIAN_POINT('',(0.,-9.85,6.25));
#845 = DIRECTION('',(-0.,1.,3.491481338843E-15));
#846 = DIRECTION('',(-1.,0.,-0.));
#847 = ADVANCED_FACE('',(#848),#898,.T.);
#848 = FACE_BOUND('',#849,.T.);
#849 = EDGE_LOOP('',(#850,#868,#876,#892));
#850 = ORIENTED_EDGE('',*,*,#851,.F.);
#851 = EDGE_CURVE('',#852,#854,#856,.T.);
#852 = VERTEX_POINT('',#853);
#853 = CARTESIAN_POINT('',(3.,-3.474822469684,6.25));
#854 = VERTEX_POINT('',#855);
#855 = CARTESIAN_POINT('',(-3.,-3.099822469684,6.25));
#856 = ( BOUNDED_CURVE() B_SPLINE_CURVE(2,(#857,#858,#859,#860,#861,#862
    ,#863,#864,#865,#866,#867),.UNSPECIFIED.,.F.,.F.) 
B_SPLINE_CURVE_WITH_KNOTS((3,2,2,2,2,3),(0.700021636841,0.705,0.71,0.715
,0.72,0.720021636841),.UNSPECIFIED.) CURVE() 
GEOMETRIC_REPRESENTATION_ITEM() RATIONAL_B_SPLINE_CURVE((0.999278235616,
    0.924148069197,0.99993414411,0.923818689603,0.99993414411,
    0.923818689603,0.99993414411,0.923818689603,0.99993414411,
0.999604764517,0.999278235616)) REPRESENTATION_ITEM('') );
#857 = CARTESIAN_POINT('',(3.,-3.474822469684,6.25));
#858 = CARTESIAN_POINT('',(3.,-3.428103178813,7.486822345032));
#859 = CARTESIAN_POINT('',(2.128336861118,-3.381447658818,8.364280540895
    ));
#860 = CARTESIAN_POINT('',(1.252573186418,-3.334572658818,9.245866534068
    ));
#861 = CARTESIAN_POINT('',(9.939319348723E-03,-3.287697658818,
    9.249983534943));
#862 = CARTESIAN_POINT('',(-1.232694547721,-3.240822658818,
    9.254100535818));
#863 = CARTESIAN_POINT('',(-2.114280540895,-3.193947658818,
    8.378336861118));
#864 = CARTESIAN_POINT('',(-2.995866534068,-3.147072658818,
    7.502573186418));
#865 = CARTESIAN_POINT('',(-2.999983534943,-3.100197658818,
    6.259939319349));
#866 = CARTESIAN_POINT('',(-3.,-3.10001019237,6.254969673312));
#867 = CARTESIAN_POINT('',(-3.,-3.099822469684,6.25));
#868 = ORIENTED_EDGE('',*,*,#869,.T.);
#869 = EDGE_CURVE('',#852,#870,#872,.T.);
#870 = VERTEX_POINT('',#871);
#871 = CARTESIAN_POINT('',(3.,-3.225177530316,6.25));
#872 = LINE('',#873,#874);
#873 = CARTESIAN_POINT('',(3.,-9.85,6.25));
#874 = VECTOR('',#875,1.);
#875 = DIRECTION('',(-0.,1.,3.491481338843E-15));
#876 = ORIENTED_EDGE('',*,*,#877,.T.);
#877 = EDGE_CURVE('',#870,#878,#880,.T.);
#878 = VERTEX_POINT('',#879);
#879 = CARTESIAN_POINT('',(-3.,-2.850177530316,6.25));
#880 = ( BOUNDED_CURVE() B_SPLINE_CURVE(2,(#881,#882,#883,#884,#885,#886
    ,#887,#888,#889,#890,#891),.UNSPECIFIED.,.F.,.F.) 
B_SPLINE_CURVE_WITH_KNOTS((3,2,2,2,2,3),(0.739978363159,0.74,0.745,0.75,
0.755,0.759978363159),.UNSPECIFIED.) CURVE() 
GEOMETRIC_REPRESENTATION_ITEM() RATIONAL_B_SPLINE_CURVE((0.999278235616,
    0.999604764517,0.99993414411,0.923818689603,0.99993414411,
    0.923818689603,0.99993414411,0.923818689603,0.99993414411,
0.924148069197,0.999278235616)) REPRESENTATION_ITEM('') );
#881 = CARTESIAN_POINT('',(3.,-3.225177530316,6.25));
#882 = CARTESIAN_POINT('',(3.,-3.22498980763,6.254969673312));
#883 = CARTESIAN_POINT('',(2.999983534943,-3.224802341182,6.259939319349
    ));
#884 = CARTESIAN_POINT('',(2.995866534068,-3.177927341182,7.502573186418
    ));
#885 = CARTESIAN_POINT('',(2.114280540895,-3.131052341182,8.378336861118
    ));
#886 = CARTESIAN_POINT('',(1.232694547721,-3.084177341182,9.254100535818
    ));
#887 = CARTESIAN_POINT('',(-9.939319348763E-03,-3.037302341182,
    9.249983534943));
#888 = CARTESIAN_POINT('',(-1.252573186418,-2.990427341182,
    9.245866534068));
#889 = CARTESIAN_POINT('',(-2.128336861118,-2.943552341182,
    8.364280540895));
#890 = CARTESIAN_POINT('',(-3.,-2.896896821187,7.486822345032));
#891 = CARTESIAN_POINT('',(-3.,-2.850177530316,6.25));
#892 = ORIENTED_EDGE('',*,*,#893,.F.);
#893 = EDGE_CURVE('',#854,#878,#894,.T.);
#894 = LINE('',#895,#896);
#895 = CARTESIAN_POINT('',(-3.,-9.85,6.25));
#896 = VECTOR('',#897,1.);
#897 = DIRECTION('',(-0.,1.,3.491481338843E-15));
#898 = CYLINDRICAL_SURFACE('',#899,3.);
#899 = AXIS2_PLACEMENT_3D('',#900,#901,#902);
#900 = CARTESIAN_POINT('',(0.,-9.85,6.25));
#901 = DIRECTION('',(-0.,1.,3.491481338843E-15));
#902 = DIRECTION('',(-1.,0.,-0.));
#903 = ADVANCED_FACE('',(#904),#954,.T.);
#904 = FACE_BOUND('',#905,.T.);
#905 = EDGE_LOOP('',(#906,#924,#932,#948));
#906 = ORIENTED_EDGE('',*,*,#907,.F.);
#907 = EDGE_CURVE('',#908,#910,#912,.T.);
#908 = VERTEX_POINT('',#909);
#909 = CARTESIAN_POINT('',(3.,-2.724822469684,6.25));
#910 = VERTEX_POINT('',#911);
#911 = CARTESIAN_POINT('',(-3.,-2.349822469684,6.25));
#912 = ( BOUNDED_CURVE() B_SPLINE_CURVE(2,(#913,#914,#915,#916,#917,#918
    ,#919,#920,#921,#922,#923),.UNSPECIFIED.,.F.,.F.) 
B_SPLINE_CURVE_WITH_KNOTS((3,2,2,2,2,3),(0.740021636841,0.745,0.75,0.755
,0.76,0.760021636841),.UNSPECIFIED.) CURVE() 
GEOMETRIC_REPRESENTATION_ITEM() RATIONAL_B_SPLINE_CURVE((0.999278235616,
    0.924148069197,0.99993414411,0.923818689603,0.99993414411,
    0.923818689603,0.99993414411,0.923818689603,0.99993414411,
0.999604764517,0.999278235616)) REPRESENTATION_ITEM('') );
#913 = CARTESIAN_POINT('',(3.,-2.724822469684,6.25));
#914 = CARTESIAN_POINT('',(3.,-2.678103178813,7.486822345032));
#915 = CARTESIAN_POINT('',(2.128336861118,-2.631447658818,8.364280540895
    ));
#916 = CARTESIAN_POINT('',(1.252573186418,-2.584572658818,9.245866534068
    ));
#917 = CARTESIAN_POINT('',(9.939319348723E-03,-2.537697658818,
    9.249983534943));
#918 = CARTESIAN_POINT('',(-1.232694547721,-2.490822658818,
    9.254100535818));
#919 = CARTESIAN_POINT('',(-2.114280540895,-2.443947658818,
    8.378336861118));
#920 = CARTESIAN_POINT('',(-2.995866534068,-2.397072658818,
    7.502573186418));
#921 = CARTESIAN_POINT('',(-2.999983534943,-2.350197658818,
    6.259939319349));
#922 = CARTESIAN_POINT('',(-3.,-2.35001019237,6.254969673312));
#923 = CARTESIAN_POINT('',(-3.,-2.349822469684,6.25));
#924 = ORIENTED_EDGE('',*,*,#925,.T.);
#925 = EDGE_CURVE('',#908,#926,#928,.T.);
#926 = VERTEX_POINT('',#927);
#927 = CARTESIAN_POINT('',(3.,-2.475177530316,6.25));
#928 = LINE('',#929,#930);
#929 = CARTESIAN_POINT('',(3.,-9.85,6.25));
#930 = VECTOR('',#931,1.);
#931 = DIRECTION('',(-0.,1.,3.491481338843E-15));
#932 = ORIENTED_EDGE('',*,*,#933,.T.);
#933 = EDGE_CURVE('',#926,#934,#936,.T.);
#934 = VERTEX_POINT('',#935);
#935 = CARTESIAN_POINT('',(-3.,-2.100177530316,6.25));
#936 = ( BOUNDED_CURVE() B_SPLINE_CURVE(2,(#937,#938,#939,#940,#941,#942
    ,#943,#944,#945,#946,#947),.UNSPECIFIED.,.F.,.F.) 
B_SPLINE_CURVE_WITH_KNOTS((3,2,2,2,2,3),(0.779978363159,0.78,0.785,0.79,
0.795,0.799978363159),.UNSPECIFIED.) CURVE() 
GEOMETRIC_REPRESENTATION_ITEM() RATIONAL_B_SPLINE_CURVE((0.999278235616,
    0.999604764517,0.99993414411,0.923818689603,0.99993414411,
    0.923818689603,0.99993414411,0.923818689603,0.99993414411,
0.924148069197,0.999278235616)) REPRESENTATION_ITEM('') );
#937 = CARTESIAN_POINT('',(3.,-2.475177530316,6.25));
#938 = CARTESIAN_POINT('',(3.,-2.47498980763,6.254969673312));
#939 = CARTESIAN_POINT('',(2.999983534943,-2.474802341182,6.259939319349
    ));
#940 = CARTESIAN_POINT('',(2.995866534068,-2.427927341182,7.502573186418
    ));
#941 = CARTESIAN_POINT('',(2.114280540895,-2.381052341182,8.378336861118
    ));
#942 = CARTESIAN_POINT('',(1.232694547721,-2.334177341182,9.254100535818
    ));
#943 = CARTESIAN_POINT('',(-9.939319348763E-03,-2.287302341182,
    9.249983534943));
#944 = CARTESIAN_POINT('',(-1.252573186418,-2.240427341182,
    9.245866534068));
#945 = CARTESIAN_POINT('',(-2.128336861118,-2.193552341182,
    8.364280540895));
#946 = CARTESIAN_POINT('',(-3.,-2.146896821187,7.486822345032));
#947 = CARTESIAN_POINT('',(-3.,-2.100177530316,6.25));
#948 = ORIENTED_EDGE('',*,*,#949,.F.);
#949 = EDGE_CURVE('',#910,#934,#950,.T.);
#950 = LINE('',#951,#952);
#951 = CARTESIAN_POINT('',(-3.,-9.85,6.25));
#952 = VECTOR('',#953,1.);
#953 = DIRECTION('',(-0.,1.,3.491481338843E-15));
#954 = CYLINDRICAL_SURFACE('',#955,3.);
#955 = AXIS2_PLACEMENT_3D('',#956,#957,#958);
#956 = CARTESIAN_POINT('',(0.,-9.85,6.25));
#957 = DIRECTION('',(-0.,1.,3.491481338843E-15));
#958 = DIRECTION('',(-1.,0.,-0.));
#959 = ADVANCED_FACE('',(#960),#1010,.T.);
#960 = FACE_BOUND('',#961,.T.);
#961 = EDGE_LOOP('',(#962,#980,#988,#1004));
#962 = ORIENTED_EDGE('',*,*,#963,.F.);
#963 = EDGE_CURVE('',#964,#966,#968,.T.);
#964 = VERTEX_POINT('',#965);
#965 = CARTESIAN_POINT('',(3.,-1.974822469684,6.25));
#966 = VERTEX_POINT('',#967);
#967 = CARTESIAN_POINT('',(-3.,-1.599822469684,6.25));
#968 = ( BOUNDED_CURVE() B_SPLINE_CURVE(2,(#969,#970,#971,#972,#973,#974
    ,#975,#976,#977,#978,#979),.UNSPECIFIED.,.F.,.F.) 
B_SPLINE_CURVE_WITH_KNOTS((3,2,2,2,2,3),(0.780021636841,0.785,0.79,0.795
,0.8,0.800021636841),.UNSPECIFIED.) CURVE() 
GEOMETRIC_REPRESENTATION_ITEM() RATIONAL_B_SPLINE_CURVE((0.999278235616,
    0.924148069197,0.99993414411,0.923818689603,0.99993414411,
    0.923818689603,0.99993414411,0.923818689603,0.99993414411,
0.999604764517,0.999278235616)) REPRESENTATION_ITEM('') );
#969 = CARTESIAN_POINT('',(3.,-1.974822469684,6.25));
#970 = CARTESIAN_POINT('',(3.,-1.928103178813,7.486822345032));
#971 = CARTESIAN_POINT('',(2.128336861118,-1.881447658818,8.364280540895
    ));
#972 = CARTESIAN_POINT('',(1.252573186418,-1.834572658818,9.245866534068
    ));
#973 = CARTESIAN_POINT('',(9.939319348723E-03,-1.787697658818,
    9.249983534943));
#974 = CARTESIAN_POINT('',(-1.232694547721,-1.740822658818,
    9.254100535818));
#975 = CARTESIAN_POINT('',(-2.114280540895,-1.693947658818,
    8.378336861118));
#976 = CARTESIAN_POINT('',(-2.995866534068,-1.647072658818,
    7.502573186418));
#977 = CARTESIAN_POINT('',(-2.999983534943,-1.600197658818,
    6.259939319349));
#978 = CARTESIAN_POINT('',(-3.,-1.60001019237,6.254969673312));
#979 = CARTESIAN_POINT('',(-3.,-1.599822469684,6.25));
#980 = ORIENTED_EDGE('',*,*,#981,.T.);
#981 = EDGE_CURVE('',#964,#982,#984,.T.);
#982 = VERTEX_POINT('',#983);
#983 = CARTESIAN_POINT('',(3.,-1.725177530316,6.25));
#984 = LINE('',#985,#986);
#985 = CARTESIAN_POINT('',(3.,-9.85,6.25));
#986 = VECTOR('',#987,1.);
#987 = DIRECTION('',(-0.,1.,3.491481338843E-15));
#988 = ORIENTED_EDGE('',*,*,#989,.T.);
#989 = EDGE_CURVE('',#982,#990,#992,.T.);
#990 = VERTEX_POINT('',#991);
#991 = CARTESIAN_POINT('',(-3.,-1.350177530316,6.25));
#992 = ( BOUNDED_CURVE() B_SPLINE_CURVE(2,(#993,#994,#995,#996,#997,#998
    ,#999,#1000,#1001,#1002,#1003),.UNSPECIFIED.,.F.,.F.) 
B_SPLINE_CURVE_WITH_KNOTS((3,2,2,2,2,3),(0.819978363159,0.82,0.825,0.83,
0.835,0.839978363159),.UNSPECIFIED.) CURVE() 
GEOMETRIC_REPRESENTATION_ITEM() RATIONAL_B_SPLINE_CURVE((0.999278235616,
    0.999604764517,0.99993414411,0.923818689603,0.99993414411,
    0.923818689603,0.99993414411,0.923818689603,0.99993414411,
0.924148069197,0.999278235616)) REPRESENTATION_ITEM('') );
#993 = CARTESIAN_POINT('',(3.,-1.725177530316,6.25));
#994 = CARTESIAN_POINT('',(3.,-1.72498980763,6.254969673312));
#995 = CARTESIAN_POINT('',(2.999983534943,-1.724802341182,6.259939319349
    ));
#996 = CARTESIAN_POINT('',(2.995866534068,-1.677927341182,7.502573186418
    ));
#997 = CARTESIAN_POINT('',(2.114280540895,-1.631052341182,8.378336861118
    ));
#998 = CARTESIAN_POINT('',(1.232694547721,-1.584177341182,9.254100535818
    ));
#999 = CARTESIAN_POINT('',(-9.939319348763E-03,-1.537302341182,
    9.249983534943));
#1000 = CARTESIAN_POINT('',(-1.252573186418,-1.490427341182,
    9.245866534068));
#1001 = CARTESIAN_POINT('',(-2.128336861118,-1.443552341182,
    8.364280540895));
#1002 = CARTESIAN_POINT('',(-3.,-1.396896821187,7.486822345032));
#1003 = CARTESIAN_POINT('',(-3.,-1.350177530316,6.25));
#1004 = ORIENTED_EDGE('',*,*,#1005,.F.);
#1005 = EDGE_CURVE('',#966,#990,#1006,.T.);
#1006 = LINE('',#1007,#1008);
#1007 = CARTESIAN_POINT('',(-3.,-9.85,6.25));
#1008 = VECTOR('',#1009,1.);
#1009 = DIRECTION('',(-0.,1.,3.491481338843E-15));
#1010 = CYLINDRICAL_SURFACE('',#1011,3.);
#1011 = AXIS2_PLACEMENT_3D('',#1012,#1013,#1014);
#1012 = CARTESIAN_POINT('',(0.,-9.85,6.25));
#1013 = DIRECTION('',(-0.,1.,3.491481338843E-15));
#1014 = DIRECTION('',(-1.,0.,-0.));
#1015 = ADVANCED_FACE('',(#1016),#1066,.T.);
#1016 = FACE_BOUND('',#1017,.T.);
#1017 = EDGE_LOOP('',(#1018,#1036,#1044,#1060));
#1018 = ORIENTED_EDGE('',*,*,#1019,.F.);
#1019 = EDGE_CURVE('',#1020,#1022,#1024,.T.);
#1020 = VERTEX_POINT('',#1021);
#1021 = CARTESIAN_POINT('',(3.,-1.224822469684,6.25));
#1022 = VERTEX_POINT('',#1023);
#1023 = CARTESIAN_POINT('',(-3.,-0.849822469684,6.25));
#1024 = ( BOUNDED_CURVE() B_SPLINE_CURVE(2,(#1025,#1026,#1027,#1028,
    #1029,#1030,#1031,#1032,#1033,#1034,#1035),.UNSPECIFIED.,.F.,.F.) 
B_SPLINE_CURVE_WITH_KNOTS((3,2,2,2,2,3),(0.820021636841,0.825,0.83,0.835
,0.84,0.840021636841),.UNSPECIFIED.) CURVE() 
GEOMETRIC_REPRESENTATION_ITEM() RATIONAL_B_SPLINE_CURVE((0.999278235616,
    0.924148069197,0.99993414411,0.923818689603,0.99993414411,
    0.923818689603,0.99993414411,0.923818689603,0.99993414411,
0.999604764517,0.999278235616)) REPRESENTATION_ITEM('') );
#1025 = CARTESIAN_POINT('',(3.,-1.224822469684,6.25));
#1026 = CARTESIAN_POINT('',(3.,-1.178103178813,7.486822345032));
#1027 = CARTESIAN_POINT('',(2.128336861118,-1.131447658818,
    8.364280540895));
#1028 = CARTESIAN_POINT('',(1.252573186418,-1.084572658818,
    9.245866534068));
#1029 = CARTESIAN_POINT('',(9.939319348723E-03,-1.037697658818,
    9.249983534943));
#1030 = CARTESIAN_POINT('',(-1.232694547721,-0.990822658818,
    9.254100535818));
#1031 = CARTESIAN_POINT('',(-2.114280540895,-0.943947658818,
    8.378336861118));
#1032 = CARTESIAN_POINT('',(-2.995866534068,-0.897072658818,
    7.502573186418));
#1033 = CARTESIAN_POINT('',(-2.999983534943,-0.850197658818,
    6.259939319349));
#1034 = CARTESIAN_POINT('',(-3.,-0.85001019237,6.254969673312));
#1035 = CARTESIAN_POINT('',(-3.,-0.849822469684,6.25));
#1036 = ORIENTED_EDGE('',*,*,#1037,.T.);
#1037 = EDGE_CURVE('',#1020,#1038,#1040,.T.);
#1038 = VERTEX_POINT('',#1039);
#1039 = CARTESIAN_POINT('',(3.,-0.975177530316,6.25));
#1040 = LINE('',#1041,#1042);
#1041 = CARTESIAN_POINT('',(3.,-9.85,6.25));
#1042 = VECTOR('',#1043,1.);
#1043 = DIRECTION('',(-0.,1.,3.491481338843E-15));
#1044 = ORIENTED_EDGE('',*,*,#1045,.T.);
#1045 = EDGE_CURVE('',#1038,#1046,#1048,.T.);
#1046 = VERTEX_POINT('',#1047);
#1047 = CARTESIAN_POINT('',(-3.,-0.600177530316,6.25));
#1048 = ( BOUNDED_CURVE() B_SPLINE_CURVE(2,(#1049,#1050,#1051,#1052,
    #1053,#1054,#1055,#1056,#1057,#1058,#1059),.UNSPECIFIED.,.F.,.F.) 
B_SPLINE_CURVE_WITH_KNOTS((3,2,2,2,2,3),(0.859978363159,0.86,0.865,0.87,
0.875,0.879978363159),.UNSPECIFIED.) CURVE() 
GEOMETRIC_REPRESENTATION_ITEM() RATIONAL_B_SPLINE_CURVE((0.999278235616,
    0.999604764517,0.99993414411,0.923818689603,0.99993414411,
    0.923818689603,0.99993414411,0.923818689603,0.99993414411,
0.924148069197,0.999278235616)) REPRESENTATION_ITEM('') );
#1049 = CARTESIAN_POINT('',(3.,-0.975177530316,6.25));
#1050 = CARTESIAN_POINT('',(3.,-0.97498980763,6.254969673312));
#1051 = CARTESIAN_POINT('',(2.999983534943,-0.974802341182,
    6.259939319349));
#1052 = CARTESIAN_POINT('',(2.995866534068,-0.927927341182,
    7.502573186418));
#1053 = CARTESIAN_POINT('',(2.114280540895,-0.881052341182,
    8.378336861118));
#1054 = CARTESIAN_POINT('',(1.232694547721,-0.834177341182,
    9.254100535818));
#1055 = CARTESIAN_POINT('',(-9.939319348763E-03,-0.787302341182,
    9.249983534943));
#1056 = CARTESIAN_POINT('',(-1.252573186418,-0.740427341182,
    9.245866534068));
#1057 = CARTESIAN_POINT('',(-2.128336861118,-0.693552341182,
    8.364280540895));
#1058 = CARTESIAN_POINT('',(-3.,-0.646896821187,7.486822345032));
#1059 = CARTESIAN_POINT('',(-3.,-0.600177530316,6.25));
#1060 = ORIENTED_EDGE('',*,*,#1061,.F.);
#1061 = EDGE_CURVE('',#1022,#1046,#1062,.T.);
#1062 = LINE('',#1063,#1064);
#1063 = CARTESIAN_POINT('',(-3.,-9.85,6.25));
#1064 = VECTOR('',#1065,1.);
#1065 = DIRECTION('',(-0.,1.,3.491481338843E-15));
#1066 = CYLINDRICAL_SURFACE('',#1067,3.);
#1067 = AXIS2_PLACEMENT_3D('',#1068,#1069,#1070);
#1068 = CARTESIAN_POINT('',(0.,-9.85,6.25));
#1069 = DIRECTION('',(-0.,1.,3.491481338843E-15));
#1070 = DIRECTION('',(-1.,0.,-0.));
#1071 = ADVANCED_FACE('',(#1072),#1122,.T.);
#1072 = FACE_BOUND('',#1073,.T.);
#1073 = EDGE_LOOP('',(#1074,#1092,#1100,#1116));
#1074 = ORIENTED_EDGE('',*,*,#1075,.F.);
#1075 = EDGE_CURVE('',#1076,#1078,#1080,.T.);
#1076 = VERTEX_POINT('',#1077);
#1077 = CARTESIAN_POINT('',(3.,-0.474822469684,6.25));
#1078 = VERTEX_POINT('',#1079);
#1079 = CARTESIAN_POINT('',(-3.,-9.982246968362E-02,6.25));
#1080 = ( BOUNDED_CURVE() B_SPLINE_CURVE(2,(#1081,#1082,#1083,#1084,
    #1085,#1086,#1087,#1088,#1089,#1090,#1091),.UNSPECIFIED.,.F.,.F.) 
B_SPLINE_CURVE_WITH_KNOTS((3,2,2,2,2,3),(0.860021636841,0.865,0.87,0.875
,0.88,0.880021636841),.UNSPECIFIED.) CURVE() 
GEOMETRIC_REPRESENTATION_ITEM() RATIONAL_B_SPLINE_CURVE((0.999278235616,
    0.924148069197,0.99993414411,0.923818689603,0.99993414411,
    0.923818689603,0.99993414411,0.923818689603,0.99993414411,
0.999604764517,0.999278235616)) REPRESENTATION_ITEM('') );
#1081 = CARTESIAN_POINT('',(3.,-0.474822469684,6.25));
#1082 = CARTESIAN_POINT('',(3.,-0.428103178813,7.486822345032));
#1083 = CARTESIAN_POINT('',(2.128336861118,-0.381447658818,
    8.364280540895));
#1084 = CARTESIAN_POINT('',(1.252573186418,-0.334572658818,
    9.245866534068));
#1085 = CARTESIAN_POINT('',(9.939319348723E-03,-0.287697658818,
    9.249983534943));
#1086 = CARTESIAN_POINT('',(-1.232694547721,-0.240822658818,
    9.254100535818));
#1087 = CARTESIAN_POINT('',(-2.114280540895,-0.193947658818,
    8.378336861118));
#1088 = CARTESIAN_POINT('',(-2.995866534068,-0.147072658818,
    7.502573186418));
#1089 = CARTESIAN_POINT('',(-2.999983534943,-0.100197658818,
    6.259939319349));
#1090 = CARTESIAN_POINT('',(-3.,-0.10001019237,6.254969673312));
#1091 = CARTESIAN_POINT('',(-3.,-9.982246968362E-02,6.25));
#1092 = ORIENTED_EDGE('',*,*,#1093,.T.);
#1093 = EDGE_CURVE('',#1076,#1094,#1096,.T.);
#1094 = VERTEX_POINT('',#1095);
#1095 = CARTESIAN_POINT('',(3.,-0.225177530316,6.25));
#1096 = LINE('',#1097,#1098);
#1097 = CARTESIAN_POINT('',(3.,-9.85,6.25));
#1098 = VECTOR('',#1099,1.);
#1099 = DIRECTION('',(-0.,1.,3.491481338843E-15));
#1100 = ORIENTED_EDGE('',*,*,#1101,.T.);
#1101 = EDGE_CURVE('',#1094,#1102,#1104,.T.);
#1102 = VERTEX_POINT('',#1103);
#1103 = CARTESIAN_POINT('',(-3.,0.149822469684,6.25));
#1104 = ( BOUNDED_CURVE() B_SPLINE_CURVE(2,(#1105,#1106,#1107,#1108,
    #1109,#1110,#1111,#1112,#1113,#1114,#1115),.UNSPECIFIED.,.F.,.F.) 
B_SPLINE_CURVE_WITH_KNOTS((3,2,2,2,2,3),(0.899978363159,0.9,0.905,0.91,
0.915,0.919978363159),.UNSPECIFIED.) CURVE() 
GEOMETRIC_REPRESENTATION_ITEM() RATIONAL_B_SPLINE_CURVE((0.999278235616,
    0.999604764517,0.99993414411,0.923818689603,0.99993414411,
    0.923818689603,0.99993414411,0.923818689603,0.99993414411,
0.924148069197,0.999278235616)) REPRESENTATION_ITEM('') );
#1105 = CARTESIAN_POINT('',(3.,-0.225177530316,6.25));
#1106 = CARTESIAN_POINT('',(3.,-0.22498980763,6.254969673312));
#1107 = CARTESIAN_POINT('',(2.999983534943,-0.224802341182,
    6.259939319349));
#1108 = CARTESIAN_POINT('',(2.995866534068,-0.177927341182,
    7.502573186418));
#1109 = CARTESIAN_POINT('',(2.114280540895,-0.131052341182,
    8.378336861118));
#1110 = CARTESIAN_POINT('',(1.232694547721,-8.417734118157E-02,
    9.254100535818));
#1111 = CARTESIAN_POINT('',(-9.939319348763E-03,-3.730234118157E-02,
    9.249983534943));
#1112 = CARTESIAN_POINT('',(-1.252573186418,9.572658818429E-03,
    9.245866534068));
#1113 = CARTESIAN_POINT('',(-2.128336861118,5.644765881843E-02,
    8.364280540895));
#1114 = CARTESIAN_POINT('',(-3.,0.103103178813,7.486822345032));
#1115 = CARTESIAN_POINT('',(-3.,0.149822469684,6.25));
#1116 = ORIENTED_EDGE('',*,*,#1117,.F.);
#1117 = EDGE_CURVE('',#1078,#1102,#1118,.T.);
#1118 = LINE('',#1119,#1120);
#1119 = CARTESIAN_POINT('',(-3.,-9.85,6.25));
#1120 = VECTOR('',#1121,1.);
#1121 = DIRECTION('',(-0.,1.,3.491481338843E-15));
#1122 = CYLINDRICAL_SURFACE('',#1123,3.);
#1123 = AXIS2_PLACEMENT_3D('',#1124,#1125,#1126);
#1124 = CARTESIAN_POINT('',(0.,-9.85,6.25));
#1125 = DIRECTION('',(-0.,1.,3.491481338843E-15));
#1126 = DIRECTION('',(-1.,0.,-0.));
#1127 = ADVANCED_FACE('',(#1128),#1160,.T.);
#1128 = FACE_BOUND('',#1129,.T.);
#1129 = EDGE_LOOP('',(#1130,#1131,#1145,#1146));
#1130 = ORIENTED_EDGE('',*,*,#533,.F.);
#1131 = ORIENTED_EDGE('',*,*,#1132,.F.);
#1132 = EDGE_CURVE('',#462,#516,#1133,.T.);
#1133 = ( BOUNDED_CURVE() B_SPLINE_CURVE(2,(#1134,#1135,#1136,#1137,
    #1138,#1139,#1140,#1141,#1142,#1143,#1144),.UNSPECIFIED.,.F.,.F.) 
B_SPLINE_CURVE_WITH_KNOTS((3,2,2,2,2,3),(0.440021636841,0.445,0.45,0.455
,0.46,0.460021636841),.UNSPECIFIED.) CURVE() 
GEOMETRIC_REPRESENTATION_ITEM() RATIONAL_B_SPLINE_CURVE((0.999278235616,
    0.924148069197,0.99993414411,0.923818689603,0.99993414411,
    0.923818689603,0.99993414411,0.923818689603,0.99993414411,
0.999604764517,0.999278235616)) REPRESENTATION_ITEM('') );
#1134 = CARTESIAN_POINT('',(-3.,-8.349822469684,6.25));
#1135 = CARTESIAN_POINT('',(-3.,-8.303103178813,5.013177654968));
#1136 = CARTESIAN_POINT('',(-2.128336861118,-8.256447658818,
    4.135719459105));
#1137 = CARTESIAN_POINT('',(-1.252573186418,-8.209572658818,
    3.254133465932));
#1138 = CARTESIAN_POINT('',(-9.939319348722E-03,-8.162697658818,
    3.250016465057));
#1139 = CARTESIAN_POINT('',(1.232694547721,-8.115822658818,
    3.245899464182));
#1140 = CARTESIAN_POINT('',(2.114280540895,-8.068947658818,
    4.121663138882));
#1141 = CARTESIAN_POINT('',(2.995866534068,-8.022072658818,
    4.997426813582));
#1142 = CARTESIAN_POINT('',(2.999983534943,-7.975197658818,
    6.240060680651));
#1143 = CARTESIAN_POINT('',(3.,-7.97501019237,6.245030326688));
#1144 = CARTESIAN_POINT('',(3.,-7.974822469684,6.25));
#1145 = ORIENTED_EDGE('',*,*,#501,.T.);
#1146 = ORIENTED_EDGE('',*,*,#1147,.T.);
#1147 = EDGE_CURVE('',#486,#534,#1148,.T.);
#1148 = ( BOUNDED_CURVE() B_SPLINE_CURVE(2,(#1149,#1150,#1151,#1152,
    #1153,#1154,#1155,#1156,#1157,#1158,#1159),.UNSPECIFIED.,.F.,.F.) 
B_SPLINE_CURVE_WITH_KNOTS((3,2,2,2,2,3),(0.479978363159,0.48,0.485,0.49,
0.495,0.499978363159),.UNSPECIFIED.) CURVE() 
GEOMETRIC_REPRESENTATION_ITEM() RATIONAL_B_SPLINE_CURVE((0.999278235616,
    0.999604764517,0.99993414411,0.923818689603,0.99993414411,
    0.923818689603,0.99993414411,0.923818689603,0.99993414411,
0.924148069197,0.999278235616)) REPRESENTATION_ITEM('') );
#1149 = CARTESIAN_POINT('',(-3.,-8.100177530316,6.25));
#1150 = CARTESIAN_POINT('',(-3.,-8.09998980763,6.245030326688));
#1151 = CARTESIAN_POINT('',(-2.999983534943,-8.099802341182,
    6.240060680651));
#1152 = CARTESIAN_POINT('',(-2.995866534068,-8.052927341182,
    4.997426813582));
#1153 = CARTESIAN_POINT('',(-2.114280540895,-8.006052341182,
    4.121663138882));
#1154 = CARTESIAN_POINT('',(-1.232694547721,-7.959177341182,
    3.245899464182));
#1155 = CARTESIAN_POINT('',(9.939319348764E-03,-7.912302341182,
    3.250016465057));
#1156 = CARTESIAN_POINT('',(1.252573186418,-7.865427341182,
    3.254133465932));
#1157 = CARTESIAN_POINT('',(2.128336861118,-7.818552341182,
    4.135719459105));
#1158 = CARTESIAN_POINT('',(3.,-7.771896821187,5.013177654968));
#1159 = CARTESIAN_POINT('',(3.,-7.725177530316,6.25));
#1160 = CYLINDRICAL_SURFACE('',#1161,3.);
#1161 = AXIS2_PLACEMENT_3D('',#1162,#1163,#1164);
#1162 = CARTESIAN_POINT('',(0.,-9.85,6.25));
#1163 = DIRECTION('',(-0.,1.,3.491481338843E-15));
#1164 = DIRECTION('',(-1.,0.,-0.));
#1165 = ADVANCED_FACE('',(#1166),#1198,.T.);
#1166 = FACE_BOUND('',#1167,.T.);
#1167 = EDGE_LOOP('',(#1168,#1169,#1183,#1184));
#1168 = ORIENTED_EDGE('',*,*,#589,.F.);
#1169 = ORIENTED_EDGE('',*,*,#1170,.F.);
#1170 = EDGE_CURVE('',#518,#572,#1171,.T.);
#1171 = ( BOUNDED_CURVE() B_SPLINE_CURVE(2,(#1172,#1173,#1174,#1175,
    #1176,#1177,#1178,#1179,#1180,#1181,#1182),.UNSPECIFIED.,.F.,.F.) 
B_SPLINE_CURVE_WITH_KNOTS((3,2,2,2,2,3),(0.480021636841,0.485,0.49,0.495
,0.5,0.500021636841),.UNSPECIFIED.) CURVE() 
GEOMETRIC_REPRESENTATION_ITEM() RATIONAL_B_SPLINE_CURVE((0.999278235616,
    0.924148069197,0.99993414411,0.923818689603,0.99993414411,
    0.923818689603,0.99993414411,0.923818689603,0.99993414411,
0.999604764517,0.999278235616)) REPRESENTATION_ITEM('') );
#1172 = CARTESIAN_POINT('',(-3.,-7.599822469684,6.25));
#1173 = CARTESIAN_POINT('',(-3.,-7.553103178813,5.013177654968));
#1174 = CARTESIAN_POINT('',(-2.128336861118,-7.506447658818,
    4.135719459105));
#1175 = CARTESIAN_POINT('',(-1.252573186418,-7.459572658818,
    3.254133465932));
#1176 = CARTESIAN_POINT('',(-9.939319348722E-03,-7.412697658818,
    3.250016465057));
#1177 = CARTESIAN_POINT('',(1.232694547721,-7.365822658818,
    3.245899464182));
#1178 = CARTESIAN_POINT('',(2.114280540895,-7.318947658818,
    4.121663138882));
#1179 = CARTESIAN_POINT('',(2.995866534068,-7.272072658818,
    4.997426813582));
#1180 = CARTESIAN_POINT('',(2.999983534943,-7.225197658818,
    6.240060680651));
#1181 = CARTESIAN_POINT('',(3.,-7.22501019237,6.245030326688));
#1182 = CARTESIAN_POINT('',(3.,-7.224822469684,6.25));
#1183 = ORIENTED_EDGE('',*,*,#557,.T.);
#1184 = ORIENTED_EDGE('',*,*,#1185,.T.);
#1185 = EDGE_CURVE('',#542,#590,#1186,.T.);
#1186 = ( BOUNDED_CURVE() B_SPLINE_CURVE(2,(#1187,#1188,#1189,#1190,
    #1191,#1192,#1193,#1194,#1195,#1196,#1197),.UNSPECIFIED.,.F.,.F.) 
B_SPLINE_CURVE_WITH_KNOTS((3,2,2,2,2,3),(0.519978363159,0.52,0.525,0.53,
0.535,0.539978363159),.UNSPECIFIED.) CURVE() 
GEOMETRIC_REPRESENTATION_ITEM() RATIONAL_B_SPLINE_CURVE((0.999278235616,
    0.999604764517,0.99993414411,0.923818689603,0.99993414411,
    0.923818689603,0.99993414411,0.923818689603,0.99993414411,
0.924148069197,0.999278235616)) REPRESENTATION_ITEM('') );
#1187 = CARTESIAN_POINT('',(-3.,-7.350177530316,6.25));
#1188 = CARTESIAN_POINT('',(-3.,-7.34998980763,6.245030326688));
#1189 = CARTESIAN_POINT('',(-2.999983534943,-7.349802341182,
    6.240060680651));
#1190 = CARTESIAN_POINT('',(-2.995866534068,-7.302927341182,
    4.997426813582));
#1191 = CARTESIAN_POINT('',(-2.114280540895,-7.256052341182,
    4.121663138882));
#1192 = CARTESIAN_POINT('',(-1.232694547721,-7.209177341182,
    3.245899464182));
#1193 = CARTESIAN_POINT('',(9.939319348764E-03,-7.162302341182,
    3.250016465057));
#1194 = CARTESIAN_POINT('',(1.252573186418,-7.115427341182,
    3.254133465932));
#1195 = CARTESIAN_POINT('',(2.128336861118,-7.068552341182,
    4.135719459105));
#1196 = CARTESIAN_POINT('',(3.,-7.021896821187,5.013177654968));
#1197 = CARTESIAN_POINT('',(3.,-6.975177530316,6.25));
#1198 = CYLINDRICAL_SURFACE('',#1199,3.);
#1199 = AXIS2_PLACEMENT_3D('',#1200,#1201,#1202);
#1200 = CARTESIAN_POINT('',(0.,-9.85,6.25));
#1201 = DIRECTION('',(-0.,1.,3.491481338843E-15));
#1202 = DIRECTION('',(-1.,0.,-0.));
#1203 = ADVANCED_FACE('',(#1204),#1236,.T.);
#1204 = FACE_BOUND('',#1205,.T.);
#1205 = EDGE_LOOP('',(#1206,#1207,#1221,#1222));
#1206 = ORIENTED_EDGE('',*,*,#645,.F.);
#1207 = ORIENTED_EDGE('',*,*,#1208,.F.);
#1208 = EDGE_CURVE('',#574,#628,#1209,.T.);
#1209 = ( BOUNDED_CURVE() B_SPLINE_CURVE(2,(#1210,#1211,#1212,#1213,
    #1214,#1215,#1216,#1217,#1218,#1219,#1220),.UNSPECIFIED.,.F.,.F.) 
B_SPLINE_CURVE_WITH_KNOTS((3,2,2,2,2,3),(0.520021636841,0.525,0.53,0.535
,0.54,0.540021636841),.UNSPECIFIED.) CURVE() 
GEOMETRIC_REPRESENTATION_ITEM() RATIONAL_B_SPLINE_CURVE((0.999278235616,
    0.924148069197,0.99993414411,0.923818689603,0.99993414411,
    0.923818689603,0.99993414411,0.923818689603,0.99993414411,
0.999604764517,0.999278235616)) REPRESENTATION_ITEM('') );
#1210 = CARTESIAN_POINT('',(-3.,-6.849822469684,6.25));
#1211 = CARTESIAN_POINT('',(-3.,-6.803103178813,5.013177654968));
#1212 = CARTESIAN_POINT('',(-2.128336861118,-6.756447658818,
    4.135719459105));
#1213 = CARTESIAN_POINT('',(-1.252573186418,-6.709572658818,
    3.254133465932));
#1214 = CARTESIAN_POINT('',(-9.939319348722E-03,-6.662697658818,
    3.250016465057));
#1215 = CARTESIAN_POINT('',(1.232694547721,-6.615822658818,
    3.245899464182));
#1216 = CARTESIAN_POINT('',(2.114280540895,-6.568947658818,
    4.121663138882));
#1217 = CARTESIAN_POINT('',(2.995866534068,-6.522072658818,
    4.997426813582));
#1218 = CARTESIAN_POINT('',(2.999983534943,-6.475197658818,
    6.240060680651));
#1219 = CARTESIAN_POINT('',(3.,-6.47501019237,6.245030326688));
#1220 = CARTESIAN_POINT('',(3.,-6.474822469684,6.25));
#1221 = ORIENTED_EDGE('',*,*,#613,.T.);
#1222 = ORIENTED_EDGE('',*,*,#1223,.T.);
#1223 = EDGE_CURVE('',#598,#646,#1224,.T.);
#1224 = ( BOUNDED_CURVE() B_SPLINE_CURVE(2,(#1225,#1226,#1227,#1228,
    #1229,#1230,#1231,#1232,#1233,#1234,#1235),.UNSPECIFIED.,.F.,.F.) 
B_SPLINE_CURVE_WITH_KNOTS((3,2,2,2,2,3),(0.559978363159,0.56,0.565,0.57,
0.575,0.579978363159),.UNSPECIFIED.) CURVE() 
GEOMETRIC_REPRESENTATION_ITEM() RATIONAL_B_SPLINE_CURVE((0.999278235616,
    0.999604764517,0.99993414411,0.923818689603,0.99993414411,
    0.923818689603,0.99993414411,0.923818689603,0.99993414411,
0.924148069197,0.999278235616)) REPRESENTATION_ITEM('') );
#1225 = CARTESIAN_POINT('',(-3.,-6.600177530316,6.25));
#1226 = CARTESIAN_POINT('',(-3.,-6.59998980763,6.245030326688));
#1227 = CARTESIAN_POINT('',(-2.999983534943,-6.599802341182,
    6.240060680651));
#1228 = CARTESIAN_POINT('',(-2.995866534068,-6.552927341182,
    4.997426813582));
#1229 = CARTESIAN_POINT('',(-2.114280540895,-6.506052341182,
    4.121663138882));
#1230 = CARTESIAN_POINT('',(-1.232694547721,-6.459177341182,
    3.245899464182));
#1231 = CARTESIAN_POINT('',(9.939319348764E-03,-6.412302341182,
    3.250016465057));
#1232 = CARTESIAN_POINT('',(1.252573186418,-6.365427341182,
    3.254133465932));
#1233 = CARTESIAN_POINT('',(2.128336861118,-6.318552341182,
    4.135719459105));
#1234 = CARTESIAN_POINT('',(3.,-6.271896821187,5.013177654968));
#1235 = CARTESIAN_POINT('',(3.,-6.225177530316,6.25));
#1236 = CYLINDRICAL_SURFACE('',#1237,3.);
#1237 = AXIS2_PLACEMENT_3D('',#1238,#1239,#1240);
#1238 = CARTESIAN_POINT('',(0.,-9.85,6.25));
#1239 = DIRECTION('',(-0.,1.,3.491481338843E-15));
#1240 = DIRECTION('',(-1.,0.,-0.));
#1241 = ADVANCED_FACE('',(#1242),#1274,.T.);
#1242 = FACE_BOUND('',#1243,.T.);
#1243 = EDGE_LOOP('',(#1244,#1245,#1259,#1260));
#1244 = ORIENTED_EDGE('',*,*,#701,.F.);
#1245 = ORIENTED_EDGE('',*,*,#1246,.F.);
#1246 = EDGE_CURVE('',#630,#684,#1247,.T.);
#1247 = ( BOUNDED_CURVE() B_SPLINE_CURVE(2,(#1248,#1249,#1250,#1251,
    #1252,#1253,#1254,#1255,#1256,#1257,#1258),.UNSPECIFIED.,.F.,.F.) 
B_SPLINE_CURVE_WITH_KNOTS((3,2,2,2,2,3),(0.560021636841,0.565,0.57,0.575
,0.58,0.580021636841),.UNSPECIFIED.) CURVE() 
GEOMETRIC_REPRESENTATION_ITEM() RATIONAL_B_SPLINE_CURVE((0.999278235616,
    0.924148069197,0.99993414411,0.923818689603,0.99993414411,
    0.923818689603,0.99993414411,0.923818689603,0.99993414411,
0.999604764517,0.999278235616)) REPRESENTATION_ITEM('') );
#1248 = CARTESIAN_POINT('',(-3.,-6.099822469684,6.25));
#1249 = CARTESIAN_POINT('',(-3.,-6.053103178813,5.013177654968));
#1250 = CARTESIAN_POINT('',(-2.128336861118,-6.006447658818,
    4.135719459105));
#1251 = CARTESIAN_POINT('',(-1.252573186418,-5.959572658818,
    3.254133465932));
#1252 = CARTESIAN_POINT('',(-9.939319348722E-03,-5.912697658818,
    3.250016465057));
#1253 = CARTESIAN_POINT('',(1.232694547721,-5.865822658818,
    3.245899464182));
#1254 = CARTESIAN_POINT('',(2.114280540895,-5.818947658818,
    4.121663138882));
#1255 = CARTESIAN_POINT('',(2.995866534068,-5.772072658818,
    4.997426813582));
#1256 = CARTESIAN_POINT('',(2.999983534943,-5.725197658818,
    6.240060680651));
#1257 = CARTESIAN_POINT('',(3.,-5.72501019237,6.245030326688));
#1258 = CARTESIAN_POINT('',(3.,-5.724822469684,6.25));
#1259 = ORIENTED_EDGE('',*,*,#669,.T.);
#1260 = ORIENTED_EDGE('',*,*,#1261,.T.);
#1261 = EDGE_CURVE('',#654,#702,#1262,.T.);
#1262 = ( BOUNDED_CURVE() B_SPLINE_CURVE(2,(#1263,#1264,#1265,#1266,
    #1267,#1268,#1269,#1270,#1271,#1272,#1273),.UNSPECIFIED.,.F.,.F.) 
B_SPLINE_CURVE_WITH_KNOTS((3,2,2,2,2,3),(0.599978363159,0.6,0.605,0.61,
0.615,0.619978363159),.UNSPECIFIED.) CURVE() 
GEOMETRIC_REPRESENTATION_ITEM() RATIONAL_B_SPLINE_CURVE((0.999278235616,
    0.999604764517,0.99993414411,0.923818689603,0.99993414411,
    0.923818689603,0.99993414411,0.923818689603,0.99993414411,
0.924148069197,0.999278235616)) REPRESENTATION_ITEM('') );
#1263 = CARTESIAN_POINT('',(-3.,-5.850177530316,6.25));
#1264 = CARTESIAN_POINT('',(-3.,-5.84998980763,6.245030326688));
#1265 = CARTESIAN_POINT('',(-2.999983534943,-5.849802341182,
    6.240060680651));
#1266 = CARTESIAN_POINT('',(-2.995866534068,-5.802927341182,
    4.997426813582));
#1267 = CARTESIAN_POINT('',(-2.114280540895,-5.756052341182,
    4.121663138882));
#1268 = CARTESIAN_POINT('',(-1.232694547721,-5.709177341182,
    3.245899464182));
#1269 = CARTESIAN_POINT('',(9.939319348764E-03,-5.662302341182,
    3.250016465057));
#1270 = CARTESIAN_POINT('',(1.252573186418,-5.615427341182,
    3.254133465932));
#1271 = CARTESIAN_POINT('',(2.128336861118,-5.568552341182,
    4.135719459105));
#1272 = CARTESIAN_POINT('',(3.,-5.521896821187,5.013177654968));
#1273 = CARTESIAN_POINT('',(3.,-5.475177530316,6.25));
#1274 = CYLINDRICAL_SURFACE('',#1275,3.);
#1275 = AXIS2_PLACEMENT_3D('',#1276,#1277,#1278);
#1276 = CARTESIAN_POINT('',(0.,-9.85,6.25));
#1277 = DIRECTION('',(-0.,1.,3.491481338843E-15));
#1278 = DIRECTION('',(-1.,0.,-0.));
#1279 = ADVANCED_FACE('',(#1280),#1312,.T.);
#1280 = FACE_BOUND('',#1281,.T.);
#1281 = EDGE_LOOP('',(#1282,#1283,#1297,#1298));
#1282 = ORIENTED_EDGE('',*,*,#757,.F.);
#1283 = ORIENTED_EDGE('',*,*,#1284,.F.);
#1284 = EDGE_CURVE('',#686,#740,#1285,.T.);
#1285 = ( BOUNDED_CURVE() B_SPLINE_CURVE(2,(#1286,#1287,#1288,#1289,
    #1290,#1291,#1292,#1293,#1294,#1295,#1296),.UNSPECIFIED.,.F.,.F.) 
B_SPLINE_CURVE_WITH_KNOTS((3,2,2,2,2,3),(0.600021636841,0.605,0.61,0.615
,0.62,0.620021636841),.UNSPECIFIED.) CURVE() 
GEOMETRIC_REPRESENTATION_ITEM() RATIONAL_B_SPLINE_CURVE((0.999278235616,
    0.924148069197,0.99993414411,0.923818689603,0.99993414411,
    0.923818689603,0.99993414411,0.923818689603,0.99993414411,
0.999604764517,0.999278235616)) REPRESENTATION_ITEM('') );
#1286 = CARTESIAN_POINT('',(-3.,-5.349822469684,6.25));
#1287 = CARTESIAN_POINT('',(-3.,-5.303103178813,5.013177654968));
#1288 = CARTESIAN_POINT('',(-2.128336861118,-5.256447658818,
    4.135719459105));
#1289 = CARTESIAN_POINT('',(-1.252573186418,-5.209572658818,
    3.254133465932));
#1290 = CARTESIAN_POINT('',(-9.939319348722E-03,-5.162697658818,
    3.250016465057));
#1291 = CARTESIAN_POINT('',(1.232694547721,-5.115822658818,
    3.245899464182));
#1292 = CARTESIAN_POINT('',(2.114280540895,-5.068947658818,
    4.121663138882));
#1293 = CARTESIAN_POINT('',(2.995866534068,-5.022072658818,
    4.997426813582));
#1294 = CARTESIAN_POINT('',(2.999983534943,-4.975197658818,
    6.240060680651));
#1295 = CARTESIAN_POINT('',(3.,-4.97501019237,6.245030326688));
#1296 = CARTESIAN_POINT('',(3.,-4.974822469684,6.25));
#1297 = ORIENTED_EDGE('',*,*,#725,.T.);
#1298 = ORIENTED_EDGE('',*,*,#1299,.T.);
#1299 = EDGE_CURVE('',#710,#758,#1300,.T.);
#1300 = ( BOUNDED_CURVE() B_SPLINE_CURVE(2,(#1301,#1302,#1303,#1304,
    #1305,#1306,#1307,#1308,#1309,#1310,#1311),.UNSPECIFIED.,.F.,.F.) 
B_SPLINE_CURVE_WITH_KNOTS((3,2,2,2,2,3),(0.639978363159,0.64,0.645,0.65,
0.655,0.659978363159),.UNSPECIFIED.) CURVE() 
GEOMETRIC_REPRESENTATION_ITEM() RATIONAL_B_SPLINE_CURVE((0.999278235616,
    0.999604764517,0.99993414411,0.923818689603,0.99993414411,
    0.923818689603,0.99993414411,0.923818689603,0.99993414411,
0.924148069197,0.999278235616)) REPRESENTATION_ITEM('') );
#1301 = CARTESIAN_POINT('',(-3.,-5.100177530316,6.25));
#1302 = CARTESIAN_POINT('',(-3.,-5.09998980763,6.245030326688));
#1303 = CARTESIAN_POINT('',(-2.999983534943,-5.099802341182,
    6.240060680651));
#1304 = CARTESIAN_POINT('',(-2.995866534068,-5.052927341182,
    4.997426813582));
#1305 = CARTESIAN_POINT('',(-2.114280540895,-5.006052341182,
    4.121663138882));
#1306 = CARTESIAN_POINT('',(-1.232694547721,-4.959177341182,
    3.245899464182));
#1307 = CARTESIAN_POINT('',(9.939319348764E-03,-4.912302341182,
    3.250016465057));
#1308 = CARTESIAN_POINT('',(1.252573186418,-4.865427341182,
    3.254133465932));
#1309 = CARTESIAN_POINT('',(2.128336861118,-4.818552341182,
    4.135719459105));
#1310 = CARTESIAN_POINT('',(3.,-4.771896821187,5.013177654968));
#1311 = CARTESIAN_POINT('',(3.,-4.725177530316,6.25));
#1312 = CYLINDRICAL_SURFACE('',#1313,3.);
#1313 = AXIS2_PLACEMENT_3D('',#1314,#1315,#1316);
#1314 = CARTESIAN_POINT('',(0.,-9.85,6.25));
#1315 = DIRECTION('',(-0.,1.,3.491481338843E-15));
#1316 = DIRECTION('',(-1.,0.,-0.));
#1317 = ADVANCED_FACE('',(#1318),#1350,.T.);
#1318 = FACE_BOUND('',#1319,.T.);
#1319 = EDGE_LOOP('',(#1320,#1321,#1335,#1336));
#1320 = ORIENTED_EDGE('',*,*,#813,.F.);
#1321 = ORIENTED_EDGE('',*,*,#1322,.F.);
#1322 = EDGE_CURVE('',#742,#796,#1323,.T.);
#1323 = ( BOUNDED_CURVE() B_SPLINE_CURVE(2,(#1324,#1325,#1326,#1327,
    #1328,#1329,#1330,#1331,#1332,#1333,#1334),.UNSPECIFIED.,.F.,.F.) 
B_SPLINE_CURVE_WITH_KNOTS((3,2,2,2,2,3),(0.640021636841,0.645,0.65,0.655
,0.66,0.660021636841),.UNSPECIFIED.) CURVE() 
GEOMETRIC_REPRESENTATION_ITEM() RATIONAL_B_SPLINE_CURVE((0.999278235616,
    0.924148069197,0.99993414411,0.923818689603,0.99993414411,
    0.923818689603,0.99993414411,0.923818689603,0.99993414411,
0.999604764517,0.999278235616)) REPRESENTATION_ITEM('') );
#1324 = CARTESIAN_POINT('',(-3.,-4.599822469684,6.25));
#1325 = CARTESIAN_POINT('',(-3.,-4.553103178813,5.013177654968));
#1326 = CARTESIAN_POINT('',(-2.128336861118,-4.506447658818,
    4.135719459105));
#1327 = CARTESIAN_POINT('',(-1.252573186418,-4.459572658818,
    3.254133465932));
#1328 = CARTESIAN_POINT('',(-9.939319348722E-03,-4.412697658818,
    3.250016465057));
#1329 = CARTESIAN_POINT('',(1.232694547721,-4.365822658818,
    3.245899464182));
#1330 = CARTESIAN_POINT('',(2.114280540895,-4.318947658818,
    4.121663138882));
#1331 = CARTESIAN_POINT('',(2.995866534068,-4.272072658818,
    4.997426813582));
#1332 = CARTESIAN_POINT('',(2.999983534943,-4.225197658818,
    6.240060680651));
#1333 = CARTESIAN_POINT('',(3.,-4.22501019237,6.245030326688));
#1334 = CARTESIAN_POINT('',(3.,-4.224822469684,6.25));
#1335 = ORIENTED_EDGE('',*,*,#781,.T.);
#1336 = ORIENTED_EDGE('',*,*,#1337,.T.);
#1337 = EDGE_CURVE('',#766,#814,#1338,.T.);
#1338 = ( BOUNDED_CURVE() B_SPLINE_CURVE(2,(#1339,#1340,#1341,#1342,
    #1343,#1344,#1345,#1346,#1347,#1348,#1349),.UNSPECIFIED.,.F.,.F.) 
B_SPLINE_CURVE_WITH_KNOTS((3,2,2,2,2,3),(0.679978363159,0.68,0.685,0.69,
0.695,0.699978363159),.UNSPECIFIED.) CURVE() 
GEOMETRIC_REPRESENTATION_ITEM() RATIONAL_B_SPLINE_CURVE((0.999278235616,
    0.999604764517,0.99993414411,0.923818689603,0.99993414411,
    0.923818689603,0.99993414411,0.923818689603,0.99993414411,
0.924148069197,0.999278235616)) REPRESENTATION_ITEM('') );
#1339 = CARTESIAN_POINT('',(-3.,-4.350177530316,6.25));
#1340 = CARTESIAN_POINT('',(-3.,-4.34998980763,6.245030326688));
#1341 = CARTESIAN_POINT('',(-2.999983534943,-4.349802341182,
    6.240060680651));
#1342 = CARTESIAN_POINT('',(-2.995866534068,-4.302927341182,
    4.997426813582));
#1343 = CARTESIAN_POINT('',(-2.114280540895,-4.256052341182,
    4.121663138882));
#1344 = CARTESIAN_POINT('',(-1.232694547721,-4.209177341182,
    3.245899464182));
#1345 = CARTESIAN_POINT('',(9.939319348764E-03,-4.162302341182,
    3.250016465057));
#1346 = CARTESIAN_POINT('',(1.252573186418,-4.115427341182,
    3.254133465932));
#1347 = CARTESIAN_POINT('',(2.128336861118,-4.068552341182,
    4.135719459105));
#1348 = CARTESIAN_POINT('',(3.,-4.021896821187,5.013177654968));
#1349 = CARTESIAN_POINT('',(3.,-3.975177530316,6.25));
#1350 = CYLINDRICAL_SURFACE('',#1351,3.);
#1351 = AXIS2_PLACEMENT_3D('',#1352,#1353,#1354);
#1352 = CARTESIAN_POINT('',(0.,-9.85,6.25));
#1353 = DIRECTION('',(-0.,1.,3.491481338843E-15));
#1354 = DIRECTION('',(-1.,0.,-0.));
#1355 = ADVANCED_FACE('',(#1356),#1388,.T.);
#1356 = FACE_BOUND('',#1357,.T.);
#1357 = EDGE_LOOP('',(#1358,#1359,#1373,#1374));
#1358 = ORIENTED_EDGE('',*,*,#869,.F.);
#1359 = ORIENTED_EDGE('',*,*,#1360,.F.);
#1360 = EDGE_CURVE('',#798,#852,#1361,.T.);
#1361 = ( BOUNDED_CURVE() B_SPLINE_CURVE(2,(#1362,#1363,#1364,#1365,
    #1366,#1367,#1368,#1369,#1370,#1371,#1372),.UNSPECIFIED.,.F.,.F.) 
B_SPLINE_CURVE_WITH_KNOTS((3,2,2,2,2,3),(0.680021636841,0.685,0.69,0.695
,0.7,0.700021636841),.UNSPECIFIED.) CURVE() 
GEOMETRIC_REPRESENTATION_ITEM() RATIONAL_B_SPLINE_CURVE((0.999278235616,
    0.924148069197,0.99993414411,0.923818689603,0.99993414411,
    0.923818689603,0.99993414411,0.923818689603,0.99993414411,
0.999604764517,0.999278235616)) REPRESENTATION_ITEM('') );
#1362 = CARTESIAN_POINT('',(-3.,-3.849822469684,6.25));
#1363 = CARTESIAN_POINT('',(-3.,-3.803103178813,5.013177654968));
#1364 = CARTESIAN_POINT('',(-2.128336861118,-3.756447658818,
    4.135719459105));
#1365 = CARTESIAN_POINT('',(-1.252573186418,-3.709572658818,
    3.254133465932));
#1366 = CARTESIAN_POINT('',(-9.939319348722E-03,-3.662697658818,
    3.250016465057));
#1367 = CARTESIAN_POINT('',(1.232694547721,-3.615822658818,
    3.245899464182));
#1368 = CARTESIAN_POINT('',(2.114280540895,-3.568947658818,
    4.121663138882));
#1369 = CARTESIAN_POINT('',(2.995866534068,-3.522072658818,
    4.997426813582));
#1370 = CARTESIAN_POINT('',(2.999983534943,-3.475197658818,
    6.240060680651));
#1371 = CARTESIAN_POINT('',(3.,-3.47501019237,6.245030326688));
#1372 = CARTESIAN_POINT('',(3.,-3.474822469684,6.25));
#1373 = ORIENTED_EDGE('',*,*,#837,.T.);
#1374 = ORIENTED_EDGE('',*,*,#1375,.T.);
#1375 = EDGE_CURVE('',#822,#870,#1376,.T.);
#1376 = ( BOUNDED_CURVE() B_SPLINE_CURVE(2,(#1377,#1378,#1379,#1380,
    #1381,#1382,#1383,#1384,#1385,#1386,#1387),.UNSPECIFIED.,.F.,.F.) 
B_SPLINE_CURVE_WITH_KNOTS((3,2,2,2,2,3),(0.719978363159,0.72,0.725,0.73,
0.735,0.739978363159),.UNSPECIFIED.) CURVE() 
GEOMETRIC_REPRESENTATION_ITEM() RATIONAL_B_SPLINE_CURVE((0.999278235616,
    0.999604764517,0.99993414411,0.923818689603,0.99993414411,
    0.923818689603,0.99993414411,0.923818689603,0.99993414411,
0.924148069197,0.999278235616)) REPRESENTATION_ITEM('') );
#1377 = CARTESIAN_POINT('',(-3.,-3.600177530316,6.25));
#1378 = CARTESIAN_POINT('',(-3.,-3.59998980763,6.245030326688));
#1379 = CARTESIAN_POINT('',(-2.999983534943,-3.599802341182,
    6.240060680651));
#1380 = CARTESIAN_POINT('',(-2.995866534068,-3.552927341182,
    4.997426813582));
#1381 = CARTESIAN_POINT('',(-2.114280540895,-3.506052341182,
    4.121663138882));
#1382 = CARTESIAN_POINT('',(-1.232694547721,-3.459177341182,
    3.245899464182));
#1383 = CARTESIAN_POINT('',(9.939319348764E-03,-3.412302341182,
    3.250016465057));
#1384 = CARTESIAN_POINT('',(1.252573186418,-3.365427341182,
    3.254133465932));
#1385 = CARTESIAN_POINT('',(2.128336861118,-3.318552341182,
    4.135719459105));
#1386 = CARTESIAN_POINT('',(3.,-3.271896821187,5.013177654968));
#1387 = CARTESIAN_POINT('',(3.,-3.225177530316,6.25));
#1388 = CYLINDRICAL_SURFACE('',#1389,3.);
#1389 = AXIS2_PLACEMENT_3D('',#1390,#1391,#1392);
#1390 = CARTESIAN_POINT('',(0.,-9.85,6.25));
#1391 = DIRECTION('',(-0.,1.,3.491481338843E-15));
#1392 = DIRECTION('',(-1.,0.,-0.));
#1393 = ADVANCED_FACE('',(#1394),#1426,.T.);
#1394 = FACE_BOUND('',#1395,.T.);
#1395 = EDGE_LOOP('',(#1396,#1397,#1411,#1412));
#1396 = ORIENTED_EDGE('',*,*,#925,.F.);
#1397 = ORIENTED_EDGE('',*,*,#1398,.F.);
#1398 = EDGE_CURVE('',#854,#908,#1399,.T.);
#1399 = ( BOUNDED_CURVE() B_SPLINE_CURVE(2,(#1400,#1401,#1402,#1403,
    #1404,#1405,#1406,#1407,#1408,#1409,#1410),.UNSPECIFIED.,.F.,.F.) 
B_SPLINE_CURVE_WITH_KNOTS((3,2,2,2,2,3),(0.720021636841,0.725,0.73,0.735
,0.74,0.740021636841),.UNSPECIFIED.) CURVE() 
GEOMETRIC_REPRESENTATION_ITEM() RATIONAL_B_SPLINE_CURVE((0.999278235616,
    0.924148069197,0.99993414411,0.923818689603,0.99993414411,
    0.923818689603,0.99993414411,0.923818689603,0.99993414411,
0.999604764517,0.999278235616)) REPRESENTATION_ITEM('') );
#1400 = CARTESIAN_POINT('',(-3.,-3.099822469684,6.25));
#1401 = CARTESIAN_POINT('',(-3.,-3.053103178813,5.013177654968));
#1402 = CARTESIAN_POINT('',(-2.128336861118,-3.006447658818,
    4.135719459105));
#1403 = CARTESIAN_POINT('',(-1.252573186418,-2.959572658818,
    3.254133465932));
#1404 = CARTESIAN_POINT('',(-9.939319348722E-03,-2.912697658818,
    3.250016465057));
#1405 = CARTESIAN_POINT('',(1.232694547721,-2.865822658818,
    3.245899464182));
#1406 = CARTESIAN_POINT('',(2.114280540895,-2.818947658818,
    4.121663138882));
#1407 = CARTESIAN_POINT('',(2.995866534068,-2.772072658818,
    4.997426813582));
#1408 = CARTESIAN_POINT('',(2.999983534943,-2.725197658818,
    6.240060680651));
#1409 = CARTESIAN_POINT('',(3.,-2.72501019237,6.245030326688));
#1410 = CARTESIAN_POINT('',(3.,-2.724822469684,6.25));
#1411 = ORIENTED_EDGE('',*,*,#893,.T.);
#1412 = ORIENTED_EDGE('',*,*,#1413,.T.);
#1413 = EDGE_CURVE('',#878,#926,#1414,.T.);
#1414 = ( BOUNDED_CURVE() B_SPLINE_CURVE(2,(#1415,#1416,#1417,#1418,
    #1419,#1420,#1421,#1422,#1423,#1424,#1425),.UNSPECIFIED.,.F.,.F.) 
B_SPLINE_CURVE_WITH_KNOTS((3,2,2,2,2,3),(0.759978363159,0.76,0.765,0.77,
0.775,0.779978363159),.UNSPECIFIED.) CURVE() 
GEOMETRIC_REPRESENTATION_ITEM() RATIONAL_B_SPLINE_CURVE((0.999278235616,
    0.999604764517,0.99993414411,0.923818689603,0.99993414411,
    0.923818689603,0.99993414411,0.923818689603,0.99993414411,
0.924148069197,0.999278235616)) REPRESENTATION_ITEM('') );
#1415 = CARTESIAN_POINT('',(-3.,-2.850177530316,6.25));
#1416 = CARTESIAN_POINT('',(-3.,-2.84998980763,6.245030326688));
#1417 = CARTESIAN_POINT('',(-2.999983534943,-2.849802341182,
    6.240060680651));
#1418 = CARTESIAN_POINT('',(-2.995866534068,-2.802927341182,
    4.997426813582));
#1419 = CARTESIAN_POINT('',(-2.114280540895,-2.756052341182,
    4.121663138882));
#1420 = CARTESIAN_POINT('',(-1.232694547721,-2.709177341182,
    3.245899464182));
#1421 = CARTESIAN_POINT('',(9.939319348764E-03,-2.662302341182,
    3.250016465057));
#1422 = CARTESIAN_POINT('',(1.252573186418,-2.615427341182,
    3.254133465932));
#1423 = CARTESIAN_POINT('',(2.128336861118,-2.568552341182,
    4.135719459105));
#1424 = CARTESIAN_POINT('',(3.,-2.521896821187,5.013177654968));
#1425 = CARTESIAN_POINT('',(3.,-2.475177530316,6.25));
#1426 = CYLINDRICAL_SURFACE('',#1427,3.);
#1427 = AXIS2_PLACEMENT_3D('',#1428,#1429,#1430);
#1428 = CARTESIAN_POINT('',(0.,-9.85,6.25));
#1429 = DIRECTION('',(-0.,1.,3.491481338843E-15));
#1430 = DIRECTION('',(-1.,0.,-0.));
#1431 = ADVANCED_FACE('',(#1432),#1464,.T.);
#1432 = FACE_BOUND('',#1433,.T.);
#1433 = EDGE_LOOP('',(#1434,#1435,#1449,#1450));
#1434 = ORIENTED_EDGE('',*,*,#981,.F.);
#1435 = ORIENTED_EDGE('',*,*,#1436,.F.);
#1436 = EDGE_CURVE('',#910,#964,#1437,.T.);
#1437 = ( BOUNDED_CURVE() B_SPLINE_CURVE(2,(#1438,#1439,#1440,#1441,
    #1442,#1443,#1444,#1445,#1446,#1447,#1448),.UNSPECIFIED.,.F.,.F.) 
B_SPLINE_CURVE_WITH_KNOTS((3,2,2,2,2,3),(0.760021636841,0.765,0.77,0.775
,0.78,0.780021636841),.UNSPECIFIED.) CURVE() 
GEOMETRIC_REPRESENTATION_ITEM() RATIONAL_B_SPLINE_CURVE((0.999278235616,
    0.924148069197,0.99993414411,0.923818689603,0.99993414411,
    0.923818689603,0.99993414411,0.923818689603,0.99993414411,
0.999604764517,0.999278235616)) REPRESENTATION_ITEM('') );
#1438 = CARTESIAN_POINT('',(-3.,-2.349822469684,6.25));
#1439 = CARTESIAN_POINT('',(-3.,-2.303103178813,5.013177654968));
#1440 = CARTESIAN_POINT('',(-2.128336861118,-2.256447658818,
    4.135719459105));
#1441 = CARTESIAN_POINT('',(-1.252573186418,-2.209572658818,
    3.254133465932));
#1442 = CARTESIAN_POINT('',(-9.939319348722E-03,-2.162697658818,
    3.250016465057));
#1443 = CARTESIAN_POINT('',(1.232694547721,-2.115822658818,
    3.245899464182));
#1444 = CARTESIAN_POINT('',(2.114280540895,-2.068947658818,
    4.121663138882));
#1445 = CARTESIAN_POINT('',(2.995866534068,-2.022072658818,
    4.997426813582));
#1446 = CARTESIAN_POINT('',(2.999983534943,-1.975197658818,
    6.240060680651));
#1447 = CARTESIAN_POINT('',(3.,-1.97501019237,6.245030326688));
#1448 = CARTESIAN_POINT('',(3.,-1.974822469684,6.25));
#1449 = ORIENTED_EDGE('',*,*,#949,.T.);
#1450 = ORIENTED_EDGE('',*,*,#1451,.T.);
#1451 = EDGE_CURVE('',#934,#982,#1452,.T.);
#1452 = ( BOUNDED_CURVE() B_SPLINE_CURVE(2,(#1453,#1454,#1455,#1456,
    #1457,#1458,#1459,#1460,#1461,#1462,#1463),.UNSPECIFIED.,.F.,.F.) 
B_SPLINE_CURVE_WITH_KNOTS((3,2,2,2,2,3),(0.799978363159,0.8,0.805,0.81,
0.815,0.819978363159),.UNSPECIFIED.) CURVE() 
GEOMETRIC_REPRESENTATION_ITEM() RATIONAL_B_SPLINE_CURVE((0.999278235616,
    0.999604764517,0.99993414411,0.923818689603,0.99993414411,
    0.923818689603,0.99993414411,0.923818689603,0.99993414411,
0.924148069197,0.999278235616)) REPRESENTATION_ITEM('') );
#1453 = CARTESIAN_POINT('',(-3.,-2.100177530316,6.25));
#1454 = CARTESIAN_POINT('',(-3.,-2.09998980763,6.245030326688));
#1455 = CARTESIAN_POINT('',(-2.999983534943,-2.099802341182,
    6.240060680651));
#1456 = CARTESIAN_POINT('',(-2.995866534068,-2.052927341182,
    4.997426813582));
#1457 = CARTESIAN_POINT('',(-2.114280540895,-2.006052341182,
    4.121663138882));
#1458 = CARTESIAN_POINT('',(-1.232694547721,-1.959177341182,
    3.245899464182));
#1459 = CARTESIAN_POINT('',(9.939319348764E-03,-1.912302341182,
    3.250016465057));
#1460 = CARTESIAN_POINT('',(1.252573186418,-1.865427341182,
    3.254133465932));
#1461 = CARTESIAN_POINT('',(2.128336861118,-1.818552341182,
    4.135719459105));
#1462 = CARTESIAN_POINT('',(3.,-1.771896821187,5.013177654968));
#1463 = CARTESIAN_POINT('',(3.,-1.725177530316,6.25));
#1464 = CYLINDRICAL_SURFACE('',#1465,3.);
#1465 = AXIS2_PLACEMENT_3D('',#1466,#1467,#1468);
#1466 = CARTESIAN_POINT('',(0.,-9.85,6.25));
#1467 = DIRECTION('',(-0.,1.,3.491481338843E-15));
#1468 = DIRECTION('',(-1.,0.,-0.));
#1469 = ADVANCED_FACE('',(#1470),#1502,.T.);
#1470 = FACE_BOUND('',#1471,.T.);
#1471 = EDGE_LOOP('',(#1472,#1473,#1487,#1488));
#1472 = ORIENTED_EDGE('',*,*,#1037,.F.);
#1473 = ORIENTED_EDGE('',*,*,#1474,.F.);
#1474 = EDGE_CURVE('',#966,#1020,#1475,.T.);
#1475 = ( BOUNDED_CURVE() B_SPLINE_CURVE(2,(#1476,#1477,#1478,#1479,
    #1480,#1481,#1482,#1483,#1484,#1485,#1486),.UNSPECIFIED.,.F.,.F.) 
B_SPLINE_CURVE_WITH_KNOTS((3,2,2,2,2,3),(0.800021636841,0.805,0.81,0.815
,0.82,0.820021636841),.UNSPECIFIED.) CURVE() 
GEOMETRIC_REPRESENTATION_ITEM() RATIONAL_B_SPLINE_CURVE((0.999278235616,
    0.924148069197,0.99993414411,0.923818689603,0.99993414411,
    0.923818689603,0.99993414411,0.923818689603,0.99993414411,
0.999604764517,0.999278235616)) REPRESENTATION_ITEM('') );
#1476 = CARTESIAN_POINT('',(-3.,-1.599822469684,6.25));
#1477 = CARTESIAN_POINT('',(-3.,-1.553103178813,5.013177654968));
#1478 = CARTESIAN_POINT('',(-2.128336861118,-1.506447658818,
    4.135719459105));
#1479 = CARTESIAN_POINT('',(-1.252573186418,-1.459572658818,
    3.254133465932));
#1480 = CARTESIAN_POINT('',(-9.939319348722E-03,-1.412697658818,
    3.250016465057));
#1481 = CARTESIAN_POINT('',(1.232694547721,-1.365822658818,
    3.245899464182));
#1482 = CARTESIAN_POINT('',(2.114280540895,-1.318947658818,
    4.121663138882));
#1483 = CARTESIAN_POINT('',(2.995866534068,-1.272072658818,
    4.997426813582));
#1484 = CARTESIAN_POINT('',(2.999983534943,-1.225197658818,
    6.240060680651));
#1485 = CARTESIAN_POINT('',(3.,-1.22501019237,6.245030326688));
#1486 = CARTESIAN_POINT('',(3.,-1.224822469684,6.25));
#1487 = ORIENTED_EDGE('',*,*,#1005,.T.);
#1488 = ORIENTED_EDGE('',*,*,#1489,.T.);
#1489 = EDGE_CURVE('',#990,#1038,#1490,.T.);
#1490 = ( BOUNDED_CURVE() B_SPLINE_CURVE(2,(#1491,#1492,#1493,#1494,
    #1495,#1496,#1497,#1498,#1499,#1500,#1501),.UNSPECIFIED.,.F.,.F.) 
B_SPLINE_CURVE_WITH_KNOTS((3,2,2,2,2,3),(0.839978363159,0.84,0.845,0.85,
0.855,0.859978363159),.UNSPECIFIED.) CURVE() 
GEOMETRIC_REPRESENTATION_ITEM() RATIONAL_B_SPLINE_CURVE((0.999278235616,
    0.999604764517,0.99993414411,0.923818689603,0.99993414411,
    0.923818689603,0.99993414411,0.923818689603,0.99993414411,
0.924148069197,0.999278235616)) REPRESENTATION_ITEM('') );
#1491 = CARTESIAN_POINT('',(-3.,-1.350177530316,6.25));
#1492 = CARTESIAN_POINT('',(-3.,-1.34998980763,6.245030326688));
#1493 = CARTESIAN_POINT('',(-2.999983534943,-1.349802341182,
    6.240060680651));
#1494 = CARTESIAN_POINT('',(-2.995866534068,-1.302927341182,
    4.997426813582));
#1495 = CARTESIAN_POINT('',(-2.114280540895,-1.256052341182,
    4.121663138882));
#1496 = CARTESIAN_POINT('',(-1.232694547721,-1.209177341182,
    3.245899464182));
#1497 = CARTESIAN_POINT('',(9.939319348764E-03,-1.162302341182,
    3.250016465057));
#1498 = CARTESIAN_POINT('',(1.252573186418,-1.115427341182,
    3.254133465932));
#1499 = CARTESIAN_POINT('',(2.128336861118,-1.068552341182,
    4.135719459105));
#1500 = CARTESIAN_POINT('',(3.,-1.021896821187,5.013177654968));
#1501 = CARTESIAN_POINT('',(3.,-0.975177530316,6.25));
#1502 = CYLINDRICAL_SURFACE('',#1503,3.);
#1503 = AXIS2_PLACEMENT_3D('',#1504,#1505,#1506);
#1504 = CARTESIAN_POINT('',(0.,-9.85,6.25));
#1505 = DIRECTION('',(-0.,1.,3.491481338843E-15));
#1506 = DIRECTION('',(-1.,0.,-0.));
#1507 = ADVANCED_FACE('',(#1508),#1540,.T.);
#1508 = FACE_BOUND('',#1509,.T.);
#1509 = EDGE_LOOP('',(#1510,#1511,#1525,#1526));
#1510 = ORIENTED_EDGE('',*,*,#1093,.F.);
#1511 = ORIENTED_EDGE('',*,*,#1512,.F.);
#1512 = EDGE_CURVE('',#1022,#1076,#1513,.T.);
#1513 = ( BOUNDED_CURVE() B_SPLINE_CURVE(2,(#1514,#1515,#1516,#1517,
    #1518,#1519,#1520,#1521,#1522,#1523,#1524),.UNSPECIFIED.,.F.,.F.) 
B_SPLINE_CURVE_WITH_KNOTS((3,2,2,2,2,3),(0.840021636841,0.845,0.85,0.855
,0.86,0.860021636841),.UNSPECIFIED.) CURVE() 
GEOMETRIC_REPRESENTATION_ITEM() RATIONAL_B_SPLINE_CURVE((0.999278235616,
    0.924148069197,0.99993414411,0.923818689603,0.99993414411,
    0.923818689603,0.99993414411,0.923818689603,0.99993414411,
0.999604764517,0.999278235616)) REPRESENTATION_ITEM('') );
#1514 = CARTESIAN_POINT('',(-3.,-0.849822469684,6.25));
#1515 = CARTESIAN_POINT('',(-3.,-0.803103178813,5.013177654968));
#1516 = CARTESIAN_POINT('',(-2.128336861118,-0.756447658818,
    4.135719459105));
#1517 = CARTESIAN_POINT('',(-1.252573186418,-0.709572658818,
    3.254133465932));
#1518 = CARTESIAN_POINT('',(-9.939319348722E-03,-0.662697658818,
    3.250016465057));
#1519 = CARTESIAN_POINT('',(1.232694547721,-0.615822658818,
    3.245899464182));
#1520 = CARTESIAN_POINT('',(2.114280540895,-0.568947658818,
    4.121663138882));
#1521 = CARTESIAN_POINT('',(2.995866534068,-0.522072658818,
    4.997426813582));
#1522 = CARTESIAN_POINT('',(2.999983534943,-0.475197658818,
    6.240060680651));
#1523 = CARTESIAN_POINT('',(3.,-0.47501019237,6.245030326688));
#1524 = CARTESIAN_POINT('',(3.,-0.474822469684,6.25));
#1525 = ORIENTED_EDGE('',*,*,#1061,.T.);
#1526 = ORIENTED_EDGE('',*,*,#1527,.T.);
#1527 = EDGE_CURVE('',#1046,#1094,#1528,.T.);
#1528 = ( BOUNDED_CURVE() B_SPLINE_CURVE(2,(#1529,#1530,#1531,#1532,
    #1533,#1534,#1535,#1536,#1537,#1538,#1539),.UNSPECIFIED.,.F.,.F.) 
B_SPLINE_CURVE_WITH_KNOTS((3,2,2,2,2,3),(0.879978363159,0.88,0.885,0.89,
0.895,0.899978363159),.UNSPECIFIED.) CURVE() 
GEOMETRIC_REPRESENTATION_ITEM() RATIONAL_B_SPLINE_CURVE((0.999278235616,
    0.999604764517,0.99993414411,0.923818689603,0.99993414411,
    0.923818689603,0.99993414411,0.923818689603,0.99993414411,
0.924148069197,0.999278235616)) REPRESENTATION_ITEM('') );
#1529 = CARTESIAN_POINT('',(-3.,-0.600177530316,6.25));
#1530 = CARTESIAN_POINT('',(-3.,-0.59998980763,6.245030326688));
#1531 = CARTESIAN_POINT('',(-2.999983534943,-0.599802341182,
    6.240060680651));
#1532 = CARTESIAN_POINT('',(-2.995866534068,-0.552927341182,
    4.997426813582));
#1533 = CARTESIAN_POINT('',(-2.114280540895,-0.506052341182,
    4.121663138882));
#1534 = CARTESIAN_POINT('',(-1.232694547721,-0.459177341182,
    3.245899464182));
#1535 = CARTESIAN_POINT('',(9.939319348764E-03,-0.412302341182,
    3.250016465057));
#1536 = CARTESIAN_POINT('',(1.252573186418,-0.365427341182,
    3.254133465932));
#1537 = CARTESIAN_POINT('',(2.128336861118,-0.318552341182,
    4.135719459105));
#1538 = CARTESIAN_POINT('',(3.,-0.271896821187,5.013177654968));
#1539 = CARTESIAN_POINT('',(3.,-0.225177530316,6.25));
#1540 = CYLINDRICAL_SURFACE('',#1541,3.);
#1541 = AXIS2_PLACEMENT_3D('',#1542,#1543,#1544);
#1542 = CARTESIAN_POINT('',(0.,-9.85,6.25));
#1543 = DIRECTION('',(-0.,1.,3.491481338843E-15));
#1544 = DIRECTION('',(-1.,0.,-0.));
#1545 = ADVANCED_FACE('',(#1546),#1576,.T.);
#1546 = FACE_BOUND('',#1547,.T.);
#1547 = EDGE_LOOP('',(#1548,#1560,#1561,#1569));
#1548 = ORIENTED_EDGE('',*,*,#1549,.F.);
#1549 = EDGE_CURVE('',#1078,#1550,#1552,.T.);
#1550 = VERTEX_POINT('',#1551);
#1551 = CARTESIAN_POINT('',(1.487834962211,0.149999999997,3.644938172456
    ));
#1552 = ( BOUNDED_CURVE() B_SPLINE_CURVE(2,(#1553,#1554,#1555,#1556,
#1557,#1558,#1559),.UNSPECIFIED.,.F.,.F.) B_SPLINE_CURVE_WITH_KNOTS((3,2
    ,2,3),(0.880021636841,0.885,0.89,0.893315171873),.UNSPECIFIED.) 
CURVE() GEOMETRIC_REPRESENTATION_ITEM() RATIONAL_B_SPLINE_CURVE((
    0.999278235616,0.924148069197,0.99993414411,0.923818689603,
0.99993414411,0.949466981329,0.965922745979)) REPRESENTATION_ITEM('') );
#1553 = CARTESIAN_POINT('',(-3.,-9.982246968362E-02,6.25));
#1554 = CARTESIAN_POINT('',(-3.,-5.310317881256E-02,5.013177654968));
#1555 = CARTESIAN_POINT('',(-2.128336861118,-6.447658818445E-03,
    4.135719459105));
#1556 = CARTESIAN_POINT('',(-1.252573186418,4.042734118156E-02,
    3.254133465932));
#1557 = CARTESIAN_POINT('',(-9.939319348722E-03,8.730234118156E-02,
    3.250016465057));
#1558 = CARTESIAN_POINT('',(0.791713101485,0.117542509442,3.247360490674
    ));
#1559 = CARTESIAN_POINT('',(1.487834962211,0.149999999997,3.644938172456
    ));
#1560 = ORIENTED_EDGE('',*,*,#1117,.T.);
#1561 = ORIENTED_EDGE('',*,*,#1562,.T.);
#1562 = EDGE_CURVE('',#1102,#1563,#1565,.T.);
#1563 = VERTEX_POINT('',#1564);
#1564 = CARTESIAN_POINT('',(-2.999996316204,0.15,6.245298642617));
#1565 = ( BOUNDED_CURVE() B_SPLINE_CURVE(2,(#1566,#1567,#1568),
.UNSPECIFIED.,.F.,.F.) B_SPLINE_CURVE_WITH_KNOTS((3,3),(0.919978363159,
0.91998859573),.PIECEWISE_BEZIER_KNOTS.) CURVE() 
GEOMETRIC_REPRESENTATION_ITEM() RATIONAL_B_SPLINE_CURVE((0.999278235616,
0.999432658814,0.999587719588)) REPRESENTATION_ITEM('') );
#1566 = CARTESIAN_POINT('',(-3.,0.149822469684,6.25));
#1567 = CARTESIAN_POINT('',(-3.,0.149911263446,6.247649319866));
#1568 = CARTESIAN_POINT('',(-2.999996316204,0.15,6.245298642617));
#1569 = ORIENTED_EDGE('',*,*,#1570,.T.);
#1570 = EDGE_CURVE('',#1563,#1550,#1571,.T.);
#1571 = CIRCLE('',#1572,3.);
#1572 = AXIS2_PLACEMENT_3D('',#1573,#1574,#1575);
#1573 = CARTESIAN_POINT('',(0.,0.15,6.25));
#1574 = DIRECTION('',(0.,-1.,-3.491481338843E-15));
#1575 = DIRECTION('',(1.,0.,0.));
#1576 = CYLINDRICAL_SURFACE('',#1577,3.);
#1577 = AXIS2_PLACEMENT_3D('',#1578,#1579,#1580);
#1578 = CARTESIAN_POINT('',(0.,-9.85,6.25));
#1579 = DIRECTION('',(-0.,1.,3.491481338843E-15));
#1580 = DIRECTION('',(-1.,0.,-0.));
#1581 = ADVANCED_FACE('',(#1582,#1760,#1834,#1868,#1934,#2032),#2082,.F.
  );
#1582 = FACE_BOUND('',#1583,.T.);
#1583 = EDGE_LOOP('',(#1584,#1594,#1610,#1634,#1658,#1674,#1682,#1698,
    #1722,#1746));
#1584 = ORIENTED_EDGE('',*,*,#1585,.T.);
#1585 = EDGE_CURVE('',#1586,#1588,#1590,.T.);
#1586 = VERTEX_POINT('',#1587);
#1587 = CARTESIAN_POINT('',(0.260094165872,1.765143628395,3.));
#1588 = VERTEX_POINT('',#1589);
#1589 = CARTESIAN_POINT('',(0.260094165872,1.710265579614,3.));
#1590 = LINE('',#1591,#1592);
#1591 = CARTESIAN_POINT('',(0.260094165872,1.765143628395,3.));
#1592 = VECTOR('',#1593,1.);
#1593 = DIRECTION('',(0.,-1.,0.));
#1594 = ORIENTED_EDGE('',*,*,#1595,.T.);
#1595 = EDGE_CURVE('',#1588,#1596,#1598,.T.);
#1596 = VERTEX_POINT('',#1597);
#1597 = CARTESIAN_POINT('',(0.397670385384,1.678253384492,3.));
#1598 = B_SPLINE_CURVE_WITH_KNOTS('',3,(#1599,#1600,#1601,#1602,#1603,
    #1604,#1605,#1606,#1607,#1608,#1609),.UNSPECIFIED.,.F.,.F.,(4,1,1,1,
    1,1,1,1,4),(0.,0.112448389909,0.226527675213,0.344401949326,
    0.465864972487,0.591659449352,0.722168487025,0.858606387555,1.),
  .UNSPECIFIED.);
#1599 = CARTESIAN_POINT('',(0.260094165872,1.710265579614,3.));
#1600 = CARTESIAN_POINT('',(0.26478586126,1.707675954779,3.));
#1601 = CARTESIAN_POINT('',(0.274237298046,1.702459146482,3.));
#1602 = CARTESIAN_POINT('',(0.289352130288,1.696022101426,3.));
#1603 = CARTESIAN_POINT('',(0.30525659675,1.69046984712,3.));
#1604 = CARTESIAN_POINT('',(0.322089902989,1.68604242234,3.));
#1605 = CARTESIAN_POINT('',(0.339740146146,1.682484214465,3.));
#1606 = CARTESIAN_POINT('',(0.358300850764,1.680074112772,3.));
#1607 = CARTESIAN_POINT('',(0.377698485229,1.678487621266,3.));
#1608 = CARTESIAN_POINT('',(0.390934388568,1.678332386398,3.));
#1609 = CARTESIAN_POINT('',(0.397670385384,1.678253384492,3.));
#1610 = ORIENTED_EDGE('',*,*,#1611,.T.);
#1611 = EDGE_CURVE('',#1596,#1612,#1614,.T.);
#1612 = VERTEX_POINT('',#1613);
#1613 = CARTESIAN_POINT('',(0.632045385384,1.924918780834,3.));
#1614 = B_SPLINE_CURVE_WITH_KNOTS('',3,(#1615,#1616,#1617,#1618,#1619,
    #1620,#1621,#1622,#1623,#1624,#1625,#1626,#1627,#1628,#1629,#1630,
    #1631,#1632,#1633),.UNSPECIFIED.,.F.,.F.,(4,1,1,1,1,1,1,1,1,1,1,1,1,
    1,1,1,4),(0.,6.783324845577E-02,0.132655536508,0.195050884051,
    0.255582933069,0.314799834147,0.373600472826,0.432545595327,
    0.492430629284,0.552671255963,0.612513044188,0.672610250357,
    0.733838369314,0.796594238568,0.861449799291,0.929198942351,1.),
  .UNSPECIFIED.);
#1615 = CARTESIAN_POINT('',(0.397670385384,1.678253384492,3.));
#1616 = CARTESIAN_POINT('',(0.40634991616,1.678446963035,3.));
#1617 = CARTESIAN_POINT('',(0.423323713493,1.678825527618,3.));
#1618 = CARTESIAN_POINT('',(0.448119944425,1.682009803747,3.));
#1619 = CARTESIAN_POINT('',(0.471578082815,1.687326061195,3.));
#1620 = CARTESIAN_POINT('',(0.493689980934,1.694795598351,3.));
#1621 = CARTESIAN_POINT('',(0.514532996564,1.704234137201,3.));
#1622 = CARTESIAN_POINT('',(0.533999160804,1.715901102398,3.));
#1623 = CARTESIAN_POINT('',(0.55195965514,1.729888375089,3.));
#1624 = CARTESIAN_POINT('',(0.568652144136,1.745632120605,3.));
#1625 = CARTESIAN_POINT('',(0.583546319953,1.763247174135,3.));
#1626 = CARTESIAN_POINT('',(0.596583360115,1.782300516544,3.));
#1627 = CARTESIAN_POINT('',(0.607612634403,1.802732885358,3.));
#1628 = CARTESIAN_POINT('',(0.616562145153,1.824555497702,3.));
#1629 = CARTESIAN_POINT('',(0.623536461863,1.847724055498,3.));
#1630 = CARTESIAN_POINT('',(0.628413730275,1.872259413714,3.));
#1631 = CARTESIAN_POINT('',(0.631583298925,1.898127149657,3.));
#1632 = CARTESIAN_POINT('',(0.631889111139,1.915858047985,3.));
#1633 = CARTESIAN_POINT('',(0.632045385384,1.924918780834,3.));
#1634 = ORIENTED_EDGE('',*,*,#1635,.T.);
#1635 = EDGE_CURVE('',#1612,#1636,#1638,.T.);
#1636 = VERTEX_POINT('',#1637);
#1637 = CARTESIAN_POINT('',(0.377758037823,2.190448506444,3.));
#1638 = B_SPLINE_CURVE_WITH_KNOTS('',3,(#1639,#1640,#1641,#1642,#1643,
    #1644,#1645,#1646,#1647,#1648,#1649,#1650,#1651,#1652,#1653,#1654,
    #1655,#1656,#1657),.UNSPECIFIED.,.F.,.F.,(4,1,1,1,1,1,1,1,1,1,1,1,1,
    1,1,1,4),(0.,7.064371857535E-02,0.138256715509,0.203364124218,
    0.266324093803,0.327904761543,0.388737715173,0.449423528109,
    0.510861011459,0.572079396048,0.631734428731,0.691117210579,
    0.75036002949,0.810032900531,0.871362450829,0.934427141231,1.),
  .UNSPECIFIED.);
#1639 = CARTESIAN_POINT('',(0.632045385384,1.924918780834,3.));
#1640 = CARTESIAN_POINT('',(0.631827623657,1.934646536389,3.));
#1641 = CARTESIAN_POINT('',(0.631401442507,1.953684712173,3.));
#1642 = CARTESIAN_POINT('',(0.628013884664,1.981523191362,3.));
#1643 = CARTESIAN_POINT('',(0.622455455462,2.007920189089,3.));
#1644 = CARTESIAN_POINT('',(0.614500613293,2.032835635429,3.));
#1645 = CARTESIAN_POINT('',(0.604370768183,2.056303205221,3.));
#1646 = CARTESIAN_POINT('',(0.592057310777,2.078354124168,3.));
#1647 = CARTESIAN_POINT('',(0.577360160189,2.098874779061,3.));
#1648 = CARTESIAN_POINT('',(0.560513372944,2.117725692072,3.));
#1649 = CARTESIAN_POINT('',(0.542074395583,2.134812445322,3.));
#1650 = CARTESIAN_POINT('',(0.522178816994,2.149722656726,3.));
#1651 = CARTESIAN_POINT('',(0.50106662704,2.162323031171,3.));
#1652 = CARTESIAN_POINT('',(0.478767708991,2.172696659376,3.));
#1653 = CARTESIAN_POINT('',(0.455200088323,2.180615290808,3.));
#1654 = CARTESIAN_POINT('',(0.430474031433,2.186302241552,3.));
#1655 = CARTESIAN_POINT('',(0.404504382371,2.189826205748,3.));
#1656 = CARTESIAN_POINT('',(0.386788626308,2.190238393937,3.));
#1657 = CARTESIAN_POINT('',(0.377758037823,2.190448506444,3.));
#1658 = ORIENTED_EDGE('',*,*,#1659,.T.);
#1659 = EDGE_CURVE('',#1636,#1660,#1662,.T.);
#1660 = VERTEX_POINT('',#1661);
#1661 = CARTESIAN_POINT('',(0.260094165872,2.170631433273,3.));
#1662 = B_SPLINE_CURVE_WITH_KNOTS('',3,(#1663,#1664,#1665,#1666,#1667,
    #1668,#1669,#1670,#1671,#1672,#1673),.UNSPECIFIED.,.F.,.F.,(4,1,1,1,
    1,1,1,1,4),(0.,0.145186866472,0.28344261092,0.416524365929,
    0.543181123535,0.665153082638,0.781360206313,0.892756655642,1.),
  .UNSPECIFIED.);
#1663 = CARTESIAN_POINT('',(0.377758037823,2.190448506444,3.));
#1664 = CARTESIAN_POINT('',(0.371944607512,2.190406834226,3.));
#1665 = CARTESIAN_POINT('',(0.360595276088,2.190325479193,3.));
#1666 = CARTESIAN_POINT('',(0.343945653603,2.189305279561,3.));
#1667 = CARTESIAN_POINT('',(0.328072015039,2.187863425201,3.));
#1668 = CARTESIAN_POINT('',(0.312951389369,2.185615114333,3.));
#1669 = CARTESIAN_POINT('',(0.298584554628,2.182938734638,3.));
#1670 = CARTESIAN_POINT('',(0.285025331148,2.179449945375,3.));
#1671 = CARTESIAN_POINT('',(0.272188482981,2.175540783232,3.));
#1672 = CARTESIAN_POINT('',(0.264074227628,2.172247028088,3.));
#1673 = CARTESIAN_POINT('',(0.260094165872,2.170631433273,3.));
#1674 = ORIENTED_EDGE('',*,*,#1675,.T.);
#1675 = EDGE_CURVE('',#1660,#1676,#1678,.T.);
#1676 = VERTEX_POINT('',#1677);
#1677 = CARTESIAN_POINT('',(0.260094165872,2.103558262541,3.));
#1678 = LINE('',#1679,#1680);
#1679 = CARTESIAN_POINT('',(0.260094165872,2.170631433273,3.));
#1680 = VECTOR('',#1681,1.);
#1681 = DIRECTION('',(0.,-1.,-6.465787501368E-15));
#1682 = ORIENTED_EDGE('',*,*,#1683,.T.);
#1683 = EDGE_CURVE('',#1676,#1684,#1686,.T.);
#1684 = VERTEX_POINT('',#1685);
#1685 = CARTESIAN_POINT('',(0.377186391482,2.135570457663,3.));
#1686 = B_SPLINE_CURVE_WITH_KNOTS('',3,(#1687,#1688,#1689,#1690,#1691,
    #1692,#1693,#1694,#1695,#1696,#1697),.UNSPECIFIED.,.F.,.F.,(4,1,1,1,
    1,1,1,1,4),(0.,0.125279696736,0.249419970742,0.373356799493,
    0.496681278782,0.620202915744,0.745086320161,0.871269195019,1.),
  .UNSPECIFIED.);
#1687 = CARTESIAN_POINT('',(0.260094165872,2.103558262541,3.));
#1688 = CARTESIAN_POINT('',(0.264534358686,2.106138349037,3.));
#1689 = CARTESIAN_POINT('',(0.273374360622,2.111275056062,3.));
#1690 = CARTESIAN_POINT('',(0.287278076429,2.117696950775,3.));
#1691 = CARTESIAN_POINT('',(0.301449698005,2.123267019862,3.));
#1692 = CARTESIAN_POINT('',(0.315988433782,2.127713520277,3.));
#1693 = CARTESIAN_POINT('',(0.330802781279,2.131304103487,3.));
#1694 = CARTESIAN_POINT('',(0.345970423949,2.133712408844,3.));
#1695 = CARTESIAN_POINT('',(0.361462624483,2.135332725638,3.));
#1696 = CARTESIAN_POINT('',(0.371910326627,2.135490687365,3.));
#1697 = CARTESIAN_POINT('',(0.377186391482,2.135570457663,3.));
#1698 = ORIENTED_EDGE('',*,*,#1699,.T.);
#1699 = EDGE_CURVE('',#1684,#1700,#1702,.T.);
#1700 = VERTEX_POINT('',#1701);
#1701 = CARTESIAN_POINT('',(0.564972214653,1.929015579614,3.));
#1702 = B_SPLINE_CURVE_WITH_KNOTS('',3,(#1703,#1704,#1705,#1706,#1707,
    #1708,#1709,#1710,#1711,#1712,#1713,#1714,#1715,#1716,#1717,#1718,
    #1719,#1720,#1721),.UNSPECIFIED.,.F.,.F.,(4,1,1,1,1,1,1,1,1,1,1,1,1,
    1,1,1,4),(0.,6.460397028839E-02,0.126702413963,0.186756814036,
    0.245505687365,0.30365202445,0.361503073971,0.420240222928,
    0.480033340777,0.540678134776,0.601191806381,0.662333502477,
    0.724739510297,0.789467736173,0.856504860044,0.926312095839,1.),
  .UNSPECIFIED.);
#1703 = CARTESIAN_POINT('',(0.377186391482,2.135570457663,3.));
#1704 = CARTESIAN_POINT('',(0.383961072414,2.13542478962,3.));
#1705 = CARTESIAN_POINT('',(0.397247692789,2.135139102957,3.));
#1706 = CARTESIAN_POINT('',(0.416658431645,2.132334188114,3.));
#1707 = CARTESIAN_POINT('',(0.435172128236,2.128137718498,3.));
#1708 = CARTESIAN_POINT('',(0.452714543895,2.121995859859,3.));
#1709 = CARTESIAN_POINT('',(0.469265759129,2.114068844686,3.));
#1710 = CARTESIAN_POINT('',(0.484811421128,2.10432694103,3.));
#1711 = CARTESIAN_POINT('',(0.499447001657,2.092979014843,3.));
#1712 = CARTESIAN_POINT('',(0.512949239906,2.079883496216,3.));
#1713 = CARTESIAN_POINT('',(0.525253534794,2.065401944328,3.));
#1714 = CARTESIAN_POINT('',(0.535814949962,2.049438588992,3.));
#1715 = CARTESIAN_POINT('',(0.544973300072,2.032425498949,3.));
#1716 = CARTESIAN_POINT('',(0.552307289034,2.014064183832,3.));
#1717 = CARTESIAN_POINT('',(0.557987038657,1.994495521897,3.));
#1718 = CARTESIAN_POINT('',(0.562086620671,1.973746214564,3.));
#1719 = CARTESIAN_POINT('',(0.564461862013,1.951777992855,3.));
#1720 = CARTESIAN_POINT('',(0.564799057413,1.936738625086,3.));
#1721 = CARTESIAN_POINT('',(0.564972214653,1.929015579614,3.));
#1722 = ORIENTED_EDGE('',*,*,#1723,.T.);
#1723 = EDGE_CURVE('',#1700,#1724,#1726,.T.);
#1724 = VERTEX_POINT('',#1725);
#1725 = CARTESIAN_POINT('',(0.388428769531,1.733131433273,3.));
#1726 = B_SPLINE_CURVE_WITH_KNOTS('',3,(#1727,#1728,#1729,#1730,#1731,
    #1732,#1733,#1734,#1735,#1736,#1737,#1738,#1739,#1740,#1741,#1742,
    #1743,#1744,#1745),.UNSPECIFIED.,.F.,.F.,(4,1,1,1,1,1,1,1,1,1,1,1,1,
    1,1,1,4),(0.,7.377411937406E-02,0.144079114726,0.211348518309,
    0.27607688574,0.33852091582,0.399885116693,0.460254067465,
    0.520588964391,0.580207684563,0.638632908553,0.696364549491,
    0.75400177466,0.812805681374,0.872754425526,0.935181996978,1.),
  .UNSPECIFIED.);
#1727 = CARTESIAN_POINT('',(0.564972214653,1.929015579614,3.));
#1728 = CARTESIAN_POINT('',(0.564833304728,1.921704976766,3.));
#1729 = CARTESIAN_POINT('',(0.564562016921,1.90742754187,3.));
#1730 = CARTESIAN_POINT('',(0.562231223609,1.886588702908,3.));
#1731 = CARTESIAN_POINT('',(0.558455601488,1.866885341986,3.));
#1732 = CARTESIAN_POINT('',(0.553149430639,1.848334826396,3.));
#1733 = CARTESIAN_POINT('',(0.546230378044,1.830954323358,3.));
#1734 = CARTESIAN_POINT('',(0.537872405002,1.814697652931,3.));
#1735 = CARTESIAN_POINT('',(0.527879396125,1.799638227114,3.));
#1736 = CARTESIAN_POINT('',(0.516471946226,1.78584654749,3.));
#1737 = CARTESIAN_POINT('',(0.503806672049,1.773478721435,3.));
#1738 = CARTESIAN_POINT('',(0.490148793079,1.762616991274,3.));
#1739 = CARTESIAN_POINT('',(0.47546855301,1.753550827859,3.));
#1740 = CARTESIAN_POINT('',(0.459902842672,1.746032877418,3.));
#1741 = CARTESIAN_POINT('',(0.443381333146,1.740220464821,3.));
#1742 = CARTESIAN_POINT('',(0.425873097991,1.736145759748,3.));
#1743 = CARTESIAN_POINT('',(0.407461894948,1.733621975094,3.));
#1744 = CARTESIAN_POINT('',(0.394852107036,1.733296982315,3.));
#1745 = CARTESIAN_POINT('',(0.388428769531,1.733131433273,3.));
#1746 = ORIENTED_EDGE('',*,*,#1747,.T.);
#1747 = EDGE_CURVE('',#1724,#1586,#1748,.T.);
#1748 = B_SPLINE_CURVE_WITH_KNOTS('',3,(#1749,#1750,#1751,#1752,#1753,
    #1754,#1755,#1756,#1757,#1758,#1759),.UNSPECIFIED.,.F.,.F.,(4,1,1,1,
    1,1,1,1,4),(0.,0.135294604763,0.266765657925,0.394816018836,
    0.520051654434,0.642175702971,0.762651820558,0.881834004381,1.),
  .UNSPECIFIED.);
#1749 = CARTESIAN_POINT('',(0.388428769531,1.733131433273,3.));
#1750 = CARTESIAN_POINT('',(0.382391059248,1.733210703547,3.));
#1751 = CARTESIAN_POINT('',(0.370486270001,1.733367003842,3.));
#1752 = CARTESIAN_POINT('',(0.35293032908,1.734970991317,3.));
#1753 = CARTESIAN_POINT('',(0.335925214689,1.737385100974,3.));
#1754 = CARTESIAN_POINT('',(0.319544839263,1.740938458335,3.));
#1755 = CARTESIAN_POINT('',(0.303733042274,1.74538645976,3.));
#1756 = CARTESIAN_POINT('',(0.288579465782,1.750973490314,3.));
#1757 = CARTESIAN_POINT('',(0.273922186554,1.757355034507,3.));
#1758 = CARTESIAN_POINT('',(0.264690330937,1.762554851306,3.));
#1759 = CARTESIAN_POINT('',(0.260094165872,1.765143628395,3.));
#1760 = FACE_BOUND('',#1761,.T.);
#1761 = EDGE_LOOP('',(#1762,#1772,#1780,#1788,#1812));
#1762 = ORIENTED_EDGE('',*,*,#1763,.T.);
#1763 = EDGE_CURVE('',#1764,#1766,#1768,.T.);
#1764 = VERTEX_POINT('',#1765);
#1765 = CARTESIAN_POINT('',(-0.339277023152,1.684350945468,3.));
#1766 = VERTEX_POINT('',#1767);
#1767 = CARTESIAN_POINT('',(-0.203320468274,1.684350945468,3.));
#1768 = LINE('',#1769,#1770);
#1769 = CARTESIAN_POINT('',(-0.339277023152,1.684350945468,3.));
#1770 = VECTOR('',#1771,1.);
#1771 = DIRECTION('',(1.,0.,0.));
#1772 = ORIENTED_EDGE('',*,*,#1773,.T.);
#1773 = EDGE_CURVE('',#1766,#1774,#1776,.T.);
#1774 = VERTEX_POINT('',#1775);
#1775 = CARTESIAN_POINT('',(-0.203320468274,2.184350945468,3.));
#1776 = LINE('',#1777,#1778);
#1777 = CARTESIAN_POINT('',(-0.203320468274,1.684350945468,3.));
#1778 = VECTOR('',#1779,1.);
#1779 = DIRECTION('',(0.,1.,3.469446951954E-15));
#1780 = ORIENTED_EDGE('',*,*,#1781,.T.);
#1781 = EDGE_CURVE('',#1774,#1782,#1784,.T.);
#1782 = VERTEX_POINT('',#1783);
#1783 = CARTESIAN_POINT('',(-0.344421840225,2.184350945468,3.));
#1784 = LINE('',#1785,#1786);
#1785 = CARTESIAN_POINT('',(-0.203320468274,2.184350945468,3.));
#1786 = VECTOR('',#1787,1.);
#1787 = DIRECTION('',(-1.,0.,0.));
#1788 = ORIENTED_EDGE('',*,*,#1789,.T.);
#1789 = EDGE_CURVE('',#1782,#1790,#1792,.T.);
#1790 = VERTEX_POINT('',#1791);
#1791 = CARTESIAN_POINT('',(-0.605759492664,1.940639055224,3.));
#1792 = B_SPLINE_CURVE_WITH_KNOTS('',3,(#1793,#1794,#1795,#1796,#1797,
    #1798,#1799,#1800,#1801,#1802,#1803,#1804,#1805,#1806,#1807,#1808,
    #1809,#1810,#1811),.UNSPECIFIED.,.F.,.F.,(4,1,1,1,1,1,1,1,1,1,1,1,1,
    1,1,1,4),(0.,6.86311786766E-02,0.134566466039,0.198328154011,
    0.260789766641,0.321999151484,0.382721746503,0.443537474036,
    0.505133429485,0.566213874765,0.626105864618,0.685349322161,
    0.744995870348,0.805415841815,0.867636266346,0.932307782302,1.),
  .UNSPECIFIED.);
#1793 = CARTESIAN_POINT('',(-0.344421840225,2.184350945468,3.));
#1794 = CARTESIAN_POINT('',(-0.353607772259,2.184146199492,3.));
#1795 = CARTESIAN_POINT('',(-0.371618805069,2.183744750136,3.));
#1796 = CARTESIAN_POINT('',(-0.398030877162,2.180695272514,3.));
#1797 = CARTESIAN_POINT('',(-0.423228798667,2.17540343761,3.));
#1798 = CARTESIAN_POINT('',(-0.447281862182,2.168184188245,3.));
#1799 = CARTESIAN_POINT('',(-0.470217929207,2.158961675973,3.));
#1800 = CARTESIAN_POINT('',(-0.491820923109,2.14740833011,3.));
#1801 = CARTESIAN_POINT('',(-0.512327875136,2.133925685811,3.));
#1802 = CARTESIAN_POINT('',(-0.53147193137,2.118484501669,3.));
#1803 = CARTESIAN_POINT('',(-0.54892106915,2.101315424425,3.));
#1804 = CARTESIAN_POINT('',(-0.564132129604,2.082538087593,3.));
#1805 = CARTESIAN_POINT('',(-0.577155159773,2.062403635292,3.));
#1806 = CARTESIAN_POINT('',(-0.587635271919,2.040752866365,3.));
#1807 = CARTESIAN_POINT('',(-0.595772766144,2.017702435155,3.));
#1808 = CARTESIAN_POINT('',(-0.60153517322,1.993269056181,3.));
#1809 = CARTESIAN_POINT('',(-0.60516964707,1.967425055638,3.));
#1810 = CARTESIAN_POINT('',(-0.605559908717,1.94970253851,3.));
#1811 = CARTESIAN_POINT('',(-0.605759492664,1.940639055224,3.));
#1812 = ORIENTED_EDGE('',*,*,#1813,.T.);
#1813 = EDGE_CURVE('',#1790,#1764,#1814,.T.);
#1814 = B_SPLINE_CURVE_WITH_KNOTS('',3,(#1815,#1816,#1817,#1818,#1819,
    #1820,#1821,#1822,#1823,#1824,#1825,#1826,#1827,#1828,#1829,#1830,
    #1831,#1832,#1833),.UNSPECIFIED.,.F.,.F.,(4,1,1,1,1,1,1,1,1,1,1,1,1,
    1,1,1,4),(0.,6.8068695845E-02,0.133427432819,0.196146033813,
    0.257048592449,0.316882663159,0.376187208666,0.435960335364,
    0.496535236863,0.557465343481,0.61768686341,0.677943640697,
    0.738805284806,0.800949336767,0.86481466747,0.931024781079,1.),
  .UNSPECIFIED.);
#1815 = CARTESIAN_POINT('',(-0.605759492664,1.940639055224,3.));
#1816 = CARTESIAN_POINT('',(-0.605557559063,1.931195262971,3.));
#1817 = CARTESIAN_POINT('',(-0.605161731265,1.912683655825,3.));
#1818 = CARTESIAN_POINT('',(-0.601543841949,1.885667558286,3.));
#1819 = CARTESIAN_POINT('',(-0.595768493907,1.860069041814,3.));
#1820 = CARTESIAN_POINT('',(-0.587661612977,1.835902649395,3.));
#1821 = CARTESIAN_POINT('',(-0.577165569922,1.81318581172,3.));
#1822 = CARTESIAN_POINT('',(-0.56415204009,1.792001523209,3.));
#1823 = CARTESIAN_POINT('',(-0.54897176487,1.77218826066,3.));
#1824 = CARTESIAN_POINT('',(-0.531520740086,1.754017482026,3.));
#1825 = CARTESIAN_POINT('',(-0.512221164302,1.737754699952,3.));
#1826 = CARTESIAN_POINT('',(-0.491583746162,1.723291293822,3.));
#1827 = CARTESIAN_POINT('',(-0.469431157532,1.71127413099,3.));
#1828 = CARTESIAN_POINT('',(-0.445952603301,1.701455537184,3.));
#1829 = CARTESIAN_POINT('',(-0.421189147514,1.693660160652,3.));
#1830 = CARTESIAN_POINT('',(-0.395033468647,1.688352671424,3.));
#1831 = CARTESIAN_POINT('',(-0.36760443838,1.68486346212,3.));
#1832 = CARTESIAN_POINT('',(-0.348847381642,1.684524098156,3.));
#1833 = CARTESIAN_POINT('',(-0.339277023152,1.684350945468,3.));
#1834 = FACE_BOUND('',#1835,.T.);
#1835 = EDGE_LOOP('',(#1836,#1846,#1854,#1862));
#1836 = ORIENTED_EDGE('',*,*,#1837,.T.);
#1837 = EDGE_CURVE('',#1838,#1840,#1842,.T.);
#1838 = VERTEX_POINT('',#1839);
#1839 = CARTESIAN_POINT('',(-3.25,2.75,3.));
#1840 = VERTEX_POINT('',#1841);
#1841 = CARTESIAN_POINT('',(3.25,2.75,3.));
#1842 = LINE('',#1843,#1844);
#1843 = CARTESIAN_POINT('',(-3.25,2.75,3.));
#1844 = VECTOR('',#1845,1.);
#1845 = DIRECTION('',(1.,0.,0.));
#1846 = ORIENTED_EDGE('',*,*,#1847,.F.);
#1847 = EDGE_CURVE('',#1848,#1840,#1850,.T.);
#1848 = VERTEX_POINT('',#1849);
#1849 = CARTESIAN_POINT('',(3.25,1.15,3.));
#1850 = LINE('',#1851,#1852);
#1851 = CARTESIAN_POINT('',(3.25,1.15,3.));
#1852 = VECTOR('',#1853,1.);
#1853 = DIRECTION('',(-0.,1.,3.491481338843E-15));
#1854 = ORIENTED_EDGE('',*,*,#1855,.F.);
#1855 = EDGE_CURVE('',#1856,#1848,#1858,.T.);
#1856 = VERTEX_POINT('',#1857);
#1857 = CARTESIAN_POINT('',(-3.25,1.15,3.));
#1858 = LINE('',#1859,#1860);
#1859 = CARTESIAN_POINT('',(-3.25,1.15,3.));
#1860 = VECTOR('',#1861,1.);
#1861 = DIRECTION('',(1.,0.,0.));
#1862 = ORIENTED_EDGE('',*,*,#1863,.T.);
#1863 = EDGE_CURVE('',#1856,#1838,#1864,.T.);
#1864 = LINE('',#1865,#1866);
#1865 = CARTESIAN_POINT('',(-3.25,1.15,3.));
#1866 = VECTOR('',#1867,1.);
#1867 = DIRECTION('',(-0.,1.,3.491481338843E-15));
#1868 = FACE_BOUND('',#1869,.T.);
#1869 = EDGE_LOOP('',(#1870,#1880,#1888,#1896,#1904,#1912,#1920,#1928));
#1870 = ORIENTED_EDGE('',*,*,#1871,.T.);
#1871 = EDGE_CURVE('',#1872,#1874,#1876,.T.);
#1872 = VERTEX_POINT('',#1873);
#1873 = CARTESIAN_POINT('',(-0.898442419494,2.184350945468,3.));
#1874 = VERTEX_POINT('',#1875);
#1875 = CARTESIAN_POINT('',(-1.093564370713,1.684350945468,3.));
#1876 = LINE('',#1877,#1878);
#1877 = CARTESIAN_POINT('',(-0.898442419494,2.184350945468,3.));
#1878 = VECTOR('',#1879,1.);
#1879 = DIRECTION('',(-0.363542485653,-0.931577619485,
    -3.232059132431E-15));
#1880 = ORIENTED_EDGE('',*,*,#1881,.T.);
#1881 = EDGE_CURVE('',#1874,#1882,#1884,.T.);
#1882 = VERTEX_POINT('',#1883);
#1883 = CARTESIAN_POINT('',(-1.020393639006,1.684350945468,3.));
#1884 = LINE('',#1885,#1886);
#1885 = CARTESIAN_POINT('',(-1.093564370713,1.684350945468,3.));
#1886 = VECTOR('',#1887,1.);
#1887 = DIRECTION('',(1.,0.,0.));
#1888 = ORIENTED_EDGE('',*,*,#1889,.T.);
#1889 = EDGE_CURVE('',#1882,#1890,#1892,.T.);
#1890 = VERTEX_POINT('',#1891);
#1891 = CARTESIAN_POINT('',(-0.969802937786,1.824594847907,3.));
#1892 = LINE('',#1893,#1894);
#1893 = CARTESIAN_POINT('',(-1.020393639006,1.684350945468,3.));
#1894 = VECTOR('',#1895,1.);
#1895 = DIRECTION('',(0.339330377275,0.940667260544,2.908856555559E-15)
  );
#1896 = ORIENTED_EDGE('',*,*,#1897,.T.);
#1897 = EDGE_CURVE('',#1890,#1898,#1900,.T.);
#1898 = VERTEX_POINT('',#1899);
#1899 = CARTESIAN_POINT('',(-0.763248059738,1.824594847907,3.));
#1900 = LINE('',#1901,#1902);
#1901 = CARTESIAN_POINT('',(-0.969802937786,1.824594847907,3.));
#1902 = VECTOR('',#1903,1.);
#1903 = DIRECTION('',(1.,0.,0.));
#1904 = ORIENTED_EDGE('',*,*,#1905,.T.);
#1905 = EDGE_CURVE('',#1898,#1906,#1908,.T.);
#1906 = VERTEX_POINT('',#1907);
#1907 = CARTESIAN_POINT('',(-0.715515590225,1.684350945468,3.));
#1908 = LINE('',#1909,#1910);
#1909 = CARTESIAN_POINT('',(-0.763248059738,1.824594847907,3.));
#1910 = VECTOR('',#1911,1.);
#1911 = DIRECTION('',(0.322202485606,-0.946670776072,-2.927421425662E-15
    ));
#1912 = ORIENTED_EDGE('',*,*,#1913,.T.);
#1913 = EDGE_CURVE('',#1906,#1914,#1916,.T.);
#1914 = VERTEX_POINT('',#1915);
#1915 = CARTESIAN_POINT('',(-0.642344858518,1.684350945468,3.));
#1916 = LINE('',#1917,#1918);
#1917 = CARTESIAN_POINT('',(-0.715515590225,1.684350945468,3.));
#1918 = VECTOR('',#1919,1.);
#1919 = DIRECTION('',(1.,0.,0.));
#1920 = ORIENTED_EDGE('',*,*,#1921,.T.);
#1921 = EDGE_CURVE('',#1914,#1922,#1924,.T.);
#1922 = VERTEX_POINT('',#1923);
#1923 = CARTESIAN_POINT('',(-0.831369248762,2.184350945468,3.));
#1924 = LINE('',#1925,#1926);
#1925 = CARTESIAN_POINT('',(-0.642344858518,1.684350945468,3.));
#1926 = VECTOR('',#1927,1.);
#1927 = DIRECTION('',(-0.353622392329,0.93538826358,3.245279959971E-15)
  );
#1928 = ORIENTED_EDGE('',*,*,#1929,.T.);
#1929 = EDGE_CURVE('',#1922,#1872,#1930,.T.);
#1930 = LINE('',#1931,#1932);
#1931 = CARTESIAN_POINT('',(-0.831369248762,2.184350945468,3.));
#1932 = VECTOR('',#1933,1.);
#1933 = DIRECTION('',(-1.,0.,0.));
#1934 = FACE_BOUND('',#1935,.T.);
#1935 = EDGE_LOOP('',(#1936,#1946,#1954,#1962,#1970,#1978,#1986,#1994,
    #2002,#2010,#2018,#2026));
#1936 = ORIENTED_EDGE('',*,*,#1937,.T.);
#1937 = EDGE_CURVE('',#1938,#1940,#1942,.T.);
#1938 = VERTEX_POINT('',#1939);
#1939 = CARTESIAN_POINT('',(-0.105759492664,1.739228994248,3.));
#1940 = VERTEX_POINT('',#1941);
#1941 = CARTESIAN_POINT('',(-0.105759492664,1.684350945468,3.));
#1942 = LINE('',#1943,#1944);
#1943 = CARTESIAN_POINT('',(-0.105759492664,1.739228994248,3.));
#1944 = VECTOR('',#1945,1.);
#1945 = DIRECTION('',(0.,-1.,0.));
#1946 = ORIENTED_EDGE('',*,*,#1947,.T.);
#1947 = EDGE_CURVE('',#1940,#1948,#1950,.T.);
#1948 = VERTEX_POINT('',#1949);
#1949 = CARTESIAN_POINT('',(0.162533190262,1.684350945468,3.));
#1950 = LINE('',#1951,#1952);
#1951 = CARTESIAN_POINT('',(-0.105759492664,1.684350945468,3.));
#1952 = VECTOR('',#1953,1.);
#1953 = DIRECTION('',(1.,0.,0.));
#1954 = ORIENTED_EDGE('',*,*,#1955,.T.);
#1955 = EDGE_CURVE('',#1948,#1956,#1958,.T.);
#1956 = VERTEX_POINT('',#1957);
#1957 = CARTESIAN_POINT('',(0.162533190262,2.184350945468,3.));
#1958 = LINE('',#1959,#1960);
#1959 = CARTESIAN_POINT('',(0.162533190262,1.684350945468,3.));
#1960 = VECTOR('',#1961,1.);
#1961 = DIRECTION('',(0.,1.,3.469446951954E-15));
#1962 = ORIENTED_EDGE('',*,*,#1963,.T.);
#1963 = EDGE_CURVE('',#1956,#1964,#1966,.T.);
#1964 = VERTEX_POINT('',#1965);
#1965 = CARTESIAN_POINT('',(-9.356437071314E-02,2.184350945468,3.));
#1966 = LINE('',#1967,#1968);
#1967 = CARTESIAN_POINT('',(0.162533190262,2.184350945468,3.));
#1968 = VECTOR('',#1969,1.);
#1969 = DIRECTION('',(-1.,0.,0.));
#1970 = ORIENTED_EDGE('',*,*,#1971,.T.);
#1971 = EDGE_CURVE('',#1964,#1972,#1974,.T.);
#1972 = VERTEX_POINT('',#1973);
#1973 = CARTESIAN_POINT('',(-9.356437071314E-02,2.129472896687,3.));
#1974 = LINE('',#1975,#1976);
#1975 = CARTESIAN_POINT('',(-9.356437071314E-02,2.184350945468,3.));
#1976 = VECTOR('',#1977,1.);
#1977 = DIRECTION('',(0.,-1.,-7.902629168339E-15));
#1978 = ORIENTED_EDGE('',*,*,#1979,.T.);
#1979 = EDGE_CURVE('',#1972,#1980,#1982,.T.);
#1980 = VERTEX_POINT('',#1981);
#1981 = CARTESIAN_POINT('',(9.546001953077E-02,2.129472896687,3.));
#1982 = LINE('',#1983,#1984);
#1983 = CARTESIAN_POINT('',(-9.356437071314E-02,2.129472896687,3.));
#1984 = VECTOR('',#1985,1.);
#1985 = DIRECTION('',(1.,0.,0.));
#1986 = ORIENTED_EDGE('',*,*,#1987,.T.);
#1987 = EDGE_CURVE('',#1980,#1988,#1990,.T.);
#1988 = VERTEX_POINT('',#1989);
#1989 = CARTESIAN_POINT('',(9.546001953077E-02,1.964838750346,3.));
#1990 = LINE('',#1991,#1992);
#1991 = CARTESIAN_POINT('',(9.546001953077E-02,2.129472896687,3.));
#1992 = VECTOR('',#1993,1.);
#1993 = DIRECTION('',(0.,-1.,-2.63420972278E-15));
#1994 = ORIENTED_EDGE('',*,*,#1995,.T.);
#1995 = EDGE_CURVE('',#1988,#1996,#1998,.T.);
#1996 = VERTEX_POINT('',#1997);
#1997 = CARTESIAN_POINT('',(-8.136924876192E-02,1.964838750346,3.));
#1998 = LINE('',#1999,#2000);
#1999 = CARTESIAN_POINT('',(9.546001953077E-02,1.964838750346,3.));
#2000 = VECTOR('',#2001,1.);
#2001 = DIRECTION('',(-1.,0.,0.));
#2002 = ORIENTED_EDGE('',*,*,#2003,.T.);
#2003 = EDGE_CURVE('',#1996,#2004,#2006,.T.);
#2004 = VERTEX_POINT('',#2005);
#2005 = CARTESIAN_POINT('',(-8.136924876192E-02,1.909960701565,3.));
#2006 = LINE('',#2007,#2008);
#2007 = CARTESIAN_POINT('',(-8.136924876192E-02,1.964838750346,3.));
#2008 = VECTOR('',#2009,1.);
#2009 = DIRECTION('',(0.,-1.,0.));
#2010 = ORIENTED_EDGE('',*,*,#2011,.T.);
#2011 = EDGE_CURVE('',#2004,#2012,#2014,.T.);
#2012 = VERTEX_POINT('',#2013);
#2013 = CARTESIAN_POINT('',(9.546001953077E-02,1.909960701565,3.));
#2014 = LINE('',#2015,#2016);
#2015 = CARTESIAN_POINT('',(-8.136924876192E-02,1.909960701565,3.));
#2016 = VECTOR('',#2017,1.);
#2017 = DIRECTION('',(1.,0.,0.));
#2018 = ORIENTED_EDGE('',*,*,#2019,.T.);
#2019 = EDGE_CURVE('',#2012,#2020,#2022,.T.);
#2020 = VERTEX_POINT('',#2021);
#2021 = CARTESIAN_POINT('',(9.546001953077E-02,1.739228994248,3.));
#2022 = LINE('',#2023,#2024);
#2023 = CARTESIAN_POINT('',(9.546001953077E-02,1.909960701565,3.));
#2024 = VECTOR('',#2025,1.);
#2025 = DIRECTION('',(0.,-1.,-5.080261608218E-15));
#2026 = ORIENTED_EDGE('',*,*,#2027,.T.);
#2027 = EDGE_CURVE('',#2020,#1938,#2028,.T.);
#2028 = LINE('',#2029,#2030);
#2029 = CARTESIAN_POINT('',(9.546001953077E-02,1.739228994248,3.));
#2030 = VECTOR('',#2031,1.);
#2031 = DIRECTION('',(-1.,0.,0.));
#2032 = FACE_BOUND('',#2033,.T.);
#2033 = EDGE_LOOP('',(#2034,#2044,#2052,#2060,#2068,#2076));
#2034 = ORIENTED_EDGE('',*,*,#2035,.T.);
#2035 = EDGE_CURVE('',#2036,#2038,#2040,.T.);
#2036 = VERTEX_POINT('',#2037);
#2037 = CARTESIAN_POINT('',(0.674728312214,1.739228994248,3.));
#2038 = VERTEX_POINT('',#2039);
#2039 = CARTESIAN_POINT('',(0.674728312214,1.684350945468,3.));
#2040 = LINE('',#2041,#2042);
#2041 = CARTESIAN_POINT('',(0.674728312214,1.739228994248,3.));
#2042 = VECTOR('',#2043,1.);
#2043 = DIRECTION('',(0.,-1.,0.));
#2044 = ORIENTED_EDGE('',*,*,#2045,.T.);
#2045 = EDGE_CURVE('',#2038,#2046,#2048,.T.);
#2046 = VERTEX_POINT('',#2047);
#2047 = CARTESIAN_POINT('',(0.930825873189,1.684350945468,3.));
#2048 = LINE('',#2049,#2050);
#2049 = CARTESIAN_POINT('',(0.674728312214,1.684350945468,3.));
#2050 = VECTOR('',#2051,1.);
#2051 = DIRECTION('',(1.,0.,0.));
#2052 = ORIENTED_EDGE('',*,*,#2053,.T.);
#2053 = EDGE_CURVE('',#2046,#2054,#2056,.T.);
#2054 = VERTEX_POINT('',#2055);
#2055 = CARTESIAN_POINT('',(0.930825873189,2.184350945468,3.));
#2056 = LINE('',#2057,#2058);
#2057 = CARTESIAN_POINT('',(0.930825873189,1.684350945468,3.));
#2058 = VECTOR('',#2059,1.);
#2059 = DIRECTION('',(0.,1.,3.469446951954E-15));
#2060 = ORIENTED_EDGE('',*,*,#2061,.T.);
#2061 = EDGE_CURVE('',#2054,#2062,#2064,.T.);
#2062 = VERTEX_POINT('',#2063);
#2063 = CARTESIAN_POINT('',(0.863752702458,2.184350945468,3.));
#2064 = LINE('',#2065,#2066);
#2065 = CARTESIAN_POINT('',(0.930825873189,2.184350945468,3.));
#2066 = VECTOR('',#2067,1.);
#2067 = DIRECTION('',(-1.,0.,0.));
#2068 = ORIENTED_EDGE('',*,*,#2069,.T.);
#2069 = EDGE_CURVE('',#2062,#2070,#2072,.T.);
#2070 = VERTEX_POINT('',#2071);
#2071 = CARTESIAN_POINT('',(0.863752702458,1.739228994248,3.));
#2072 = LINE('',#2073,#2074);
#2073 = CARTESIAN_POINT('',(0.863752702458,2.184350945468,3.));
#2074 = VECTOR('',#2075,1.);
#2075 = DIRECTION('',(0.,-1.,-3.897186987126E-15));
#2076 = ORIENTED_EDGE('',*,*,#2077,.T.);
#2077 = EDGE_CURVE('',#2070,#2036,#2078,.T.);
#2078 = LINE('',#2079,#2080);
#2079 = CARTESIAN_POINT('',(0.863752702458,1.739228994248,3.));
#2080 = VECTOR('',#2081,1.);
#2081 = DIRECTION('',(-1.,0.,0.));
#2082 = PLANE('',#2083);
#2083 = AXIS2_PLACEMENT_3D('',#2084,#2085,#2086);
#2084 = CARTESIAN_POINT('',(-3.25,1.15,3.));
#2085 = DIRECTION('',(0.,-3.491481338843E-15,1.));
#2086 = DIRECTION('',(0.,-1.,-3.491481338843E-15));
#2087 = ADVANCED_FACE('',(#2088,#2098,#2132,#2166,#2191,#2225),#2259,.F.
  );
#2088 = FACE_BOUND('',#2089,.T.);
#2089 = EDGE_LOOP('',(#2090,#2097));
#2090 = ORIENTED_EDGE('',*,*,#2091,.F.);
#2091 = EDGE_CURVE('',#156,#164,#2092,.T.);
#2092 = CIRCLE('',#2093,2.);
#2093 = AXIS2_PLACEMENT_3D('',#2094,#2095,#2096);
#2094 = CARTESIAN_POINT('',(0.,2.75,6.25));
#2095 = DIRECTION('',(0.,1.,3.491481338843E-15));
#2096 = DIRECTION('',(-1.,0.,0.));
#2097 = ORIENTED_EDGE('',*,*,#163,.F.);
#2098 = FACE_BOUND('',#2099,.T.);
#2099 = EDGE_LOOP('',(#2100,#2110,#2118,#2126));
#2100 = ORIENTED_EDGE('',*,*,#2101,.F.);
#2101 = EDGE_CURVE('',#2102,#2104,#2106,.T.);
#2102 = VERTEX_POINT('',#2103);
#2103 = CARTESIAN_POINT('',(-2.95,2.75,3.1));
#2104 = VERTEX_POINT('',#2105);
#2105 = CARTESIAN_POINT('',(-2.95,2.75,4.));
#2106 = LINE('',#2107,#2108);
#2107 = CARTESIAN_POINT('',(-2.95,2.75,4.));
#2108 = VECTOR('',#2109,1.);
#2109 = DIRECTION('',(9.637352644316E-16,-3.491481338843E-15,1.));
#2110 = ORIENTED_EDGE('',*,*,#2111,.F.);
#2111 = EDGE_CURVE('',#2112,#2102,#2114,.T.);
#2112 = VERTEX_POINT('',#2113);
#2113 = CARTESIAN_POINT('',(-2.05,2.75,3.1));
#2114 = LINE('',#2115,#2116);
#2115 = CARTESIAN_POINT('',(-2.95,2.75,3.1));
#2116 = VECTOR('',#2117,1.);
#2117 = DIRECTION('',(-1.,-1.682431845674E-30,4.818676322158E-16));
#2118 = ORIENTED_EDGE('',*,*,#2119,.F.);
#2119 = EDGE_CURVE('',#2120,#2112,#2122,.T.);
#2120 = VERTEX_POINT('',#2121);
#2121 = CARTESIAN_POINT('',(-2.05,2.75,4.));
#2122 = LINE('',#2123,#2124);
#2123 = CARTESIAN_POINT('',(-2.05,2.75,4.));
#2124 = VECTOR('',#2125,1.);
#2125 = DIRECTION('',(0.,3.491481338843E-15,-1.));
#2126 = ORIENTED_EDGE('',*,*,#2127,.F.);
#2127 = EDGE_CURVE('',#2104,#2120,#2128,.T.);
#2128 = LINE('',#2129,#2130);
#2129 = CARTESIAN_POINT('',(-2.95,2.75,4.));
#2130 = VECTOR('',#2131,1.);
#2131 = DIRECTION('',(1.,1.682431845674E-30,-4.818676322158E-16));
#2132 = FACE_BOUND('',#2133,.T.);
#2133 = EDGE_LOOP('',(#2134,#2144,#2152,#2160));
#2134 = ORIENTED_EDGE('',*,*,#2135,.F.);
#2135 = EDGE_CURVE('',#2136,#2138,#2140,.T.);
#2136 = VERTEX_POINT('',#2137);
#2137 = CARTESIAN_POINT('',(2.05,2.75,3.1));
#2138 = VERTEX_POINT('',#2139);
#2139 = CARTESIAN_POINT('',(2.05,2.75,4.));
#2140 = LINE('',#2141,#2142);
#2141 = CARTESIAN_POINT('',(2.05,2.75,4.));
#2142 = VECTOR('',#2143,1.);
#2143 = DIRECTION('',(0.,-3.491481338843E-15,1.));
#2144 = ORIENTED_EDGE('',*,*,#2145,.F.);
#2145 = EDGE_CURVE('',#2146,#2136,#2148,.T.);
#2146 = VERTEX_POINT('',#2147);
#2147 = CARTESIAN_POINT('',(2.95,2.75,3.1));
#2148 = LINE('',#2149,#2150);
#2149 = CARTESIAN_POINT('',(2.95,2.75,3.1));
#2150 = VECTOR('',#2151,1.);
#2151 = DIRECTION('',(-1.,-0.,0.));
#2152 = ORIENTED_EDGE('',*,*,#2153,.F.);
#2153 = EDGE_CURVE('',#2154,#2146,#2156,.T.);
#2154 = VERTEX_POINT('',#2155);
#2155 = CARTESIAN_POINT('',(2.95,2.75,4.));
#2156 = LINE('',#2157,#2158);
#2157 = CARTESIAN_POINT('',(2.95,2.75,4.));
#2158 = VECTOR('',#2159,1.);
#2159 = DIRECTION('',(9.1554850121E-15,3.491481338843E-15,-1.));
#2160 = ORIENTED_EDGE('',*,*,#2161,.F.);
#2161 = EDGE_CURVE('',#2138,#2154,#2162,.T.);
#2162 = LINE('',#2163,#2164);
#2163 = CARTESIAN_POINT('',(2.95,2.75,4.));
#2164 = VECTOR('',#2165,1.);
#2165 = DIRECTION('',(1.,-1.682431845674E-30,4.818676322158E-16));
#2166 = FACE_BOUND('',#2167,.T.);
#2167 = EDGE_LOOP('',(#2168,#2176,#2177,#2185));
#2168 = ORIENTED_EDGE('',*,*,#2169,.F.);
#2169 = EDGE_CURVE('',#1840,#2170,#2172,.T.);
#2170 = VERTEX_POINT('',#2171);
#2171 = CARTESIAN_POINT('',(3.25,2.75,9.5));
#2172 = LINE('',#2173,#2174);
#2173 = CARTESIAN_POINT('',(3.25,2.75,9.5));
#2174 = VECTOR('',#2175,1.);
#2175 = DIRECTION('',(-1.334402673828E-16,-3.491481338843E-15,1.));
#2176 = ORIENTED_EDGE('',*,*,#1837,.F.);
#2177 = ORIENTED_EDGE('',*,*,#2178,.F.);
#2178 = EDGE_CURVE('',#2179,#1838,#2181,.T.);
#2179 = VERTEX_POINT('',#2180);
#2180 = CARTESIAN_POINT('',(-3.25,2.75,9.5));
#2181 = LINE('',#2182,#2183);
#2182 = CARTESIAN_POINT('',(-3.25,2.75,9.5));
#2183 = VECTOR('',#2184,1.);
#2184 = DIRECTION('',(1.334402673828E-16,3.491481338843E-15,-1.));
#2185 = ORIENTED_EDGE('',*,*,#2186,.F.);
#2186 = EDGE_CURVE('',#2170,#2179,#2187,.T.);
#2187 = LINE('',#2188,#2189);
#2188 = CARTESIAN_POINT('',(-3.25,2.75,9.5));
#2189 = VECTOR('',#2190,1.);
#2190 = DIRECTION('',(-1.,0.,0.));
#2191 = FACE_BOUND('',#2192,.T.);
#2192 = EDGE_LOOP('',(#2193,#2203,#2211,#2219));
#2193 = ORIENTED_EDGE('',*,*,#2194,.F.);
#2194 = EDGE_CURVE('',#2195,#2197,#2199,.T.);
#2195 = VERTEX_POINT('',#2196);
#2196 = CARTESIAN_POINT('',(2.95,2.75,5.8));
#2197 = VERTEX_POINT('',#2198);
#2198 = CARTESIAN_POINT('',(2.05,2.75,5.8));
#2199 = LINE('',#2200,#2201);
#2200 = CARTESIAN_POINT('',(2.95,2.75,5.8));
#2201 = VECTOR('',#2202,1.);
#2202 = DIRECTION('',(-1.,-0.,0.));
#2203 = ORIENTED_EDGE('',*,*,#2204,.F.);
#2204 = EDGE_CURVE('',#2205,#2195,#2207,.T.);
#2205 = VERTEX_POINT('',#2206);
#2206 = CARTESIAN_POINT('',(2.95,2.75,6.7));
#2207 = LINE('',#2208,#2209);
#2208 = CARTESIAN_POINT('',(2.95,2.75,6.7));
#2209 = VECTOR('',#2210,1.);
#2210 = DIRECTION('',(4.818676322158E-16,3.491481338843E-15,-1.));
#2211 = ORIENTED_EDGE('',*,*,#2212,.F.);
#2212 = EDGE_CURVE('',#2213,#2205,#2215,.T.);
#2213 = VERTEX_POINT('',#2214);
#2214 = CARTESIAN_POINT('',(2.05,2.75,6.7));
#2215 = LINE('',#2216,#2217);
#2216 = CARTESIAN_POINT('',(2.95,2.75,6.7));
#2217 = VECTOR('',#2218,1.);
#2218 = DIRECTION('',(1.,0.,0.));
#2219 = ORIENTED_EDGE('',*,*,#2220,.F.);
#2220 = EDGE_CURVE('',#2197,#2213,#2221,.T.);
#2221 = LINE('',#2222,#2223);
#2222 = CARTESIAN_POINT('',(2.05,2.75,6.7));
#2223 = VECTOR('',#2224,1.);
#2224 = DIRECTION('',(2.891205793295E-15,-3.491481338843E-15,1.));
#2225 = FACE_BOUND('',#2226,.T.);
#2226 = EDGE_LOOP('',(#2227,#2237,#2245,#2253));
#2227 = ORIENTED_EDGE('',*,*,#2228,.F.);
#2228 = EDGE_CURVE('',#2229,#2231,#2233,.T.);
#2229 = VERTEX_POINT('',#2230);
#2230 = CARTESIAN_POINT('',(-2.95,2.75,5.8));
#2231 = VERTEX_POINT('',#2232);
#2232 = CARTESIAN_POINT('',(-2.95,2.75,6.7));
#2233 = LINE('',#2234,#2235);
#2234 = CARTESIAN_POINT('',(-2.95,2.75,6.7));
#2235 = VECTOR('',#2236,1.);
#2236 = DIRECTION('',(4.818676322158E-16,-3.491481338843E-15,1.));
#2237 = ORIENTED_EDGE('',*,*,#2238,.F.);
#2238 = EDGE_CURVE('',#2239,#2229,#2241,.T.);
#2239 = VERTEX_POINT('',#2240);
#2240 = CARTESIAN_POINT('',(-2.05,2.75,5.8));
#2241 = LINE('',#2242,#2243);
#2242 = CARTESIAN_POINT('',(-2.95,2.75,5.8));
#2243 = VECTOR('',#2244,1.);
#2244 = DIRECTION('',(-1.,-1.682431845674E-30,4.818676322158E-16));
#2245 = ORIENTED_EDGE('',*,*,#2246,.F.);
#2246 = EDGE_CURVE('',#2247,#2239,#2249,.T.);
#2247 = VERTEX_POINT('',#2248);
#2248 = CARTESIAN_POINT('',(-2.05,2.75,6.7));
#2249 = LINE('',#2250,#2251);
#2250 = CARTESIAN_POINT('',(-2.05,2.75,6.7));
#2251 = VECTOR('',#2252,1.);
#2252 = DIRECTION('',(2.891205793295E-15,3.491481338843E-15,-1.));
#2253 = ORIENTED_EDGE('',*,*,#2254,.F.);
#2254 = EDGE_CURVE('',#2231,#2247,#2255,.T.);
#2255 = LINE('',#2256,#2257);
#2256 = CARTESIAN_POINT('',(-2.95,2.75,6.7));
#2257 = VECTOR('',#2258,1.);
#2258 = DIRECTION('',(1.,1.682431845674E-30,-4.818676322158E-16));
#2259 = PLANE('',#2260);
#2260 = AXIS2_PLACEMENT_3D('',#2261,#2262,#2263);
#2261 = CARTESIAN_POINT('',(0.,2.75,6.25));
#2262 = DIRECTION('',(0.,-1.,-3.491481338843E-15));
#2263 = DIRECTION('',(1.,0.,0.));
#2264 = ADVANCED_FACE('',(#2265),#2461,.F.);
#2265 = FACE_BOUND('',#2266,.F.);
#2266 = EDGE_LOOP('',(#2267,#2283,#2284,#2285,#2286,#2287,#2288,#2289,
    #2290,#2291,#2292,#2293,#2294,#2295,#2296,#2297,#2298,#2299,#2300,
    #2301,#2302,#2303,#2304,#2305,#2306,#2307,#2366,#2367,#2368,#2369,
    #2370,#2371,#2372,#2373,#2374,#2375,#2376,#2377,#2378,#2379,#2380,
    #2381,#2382,#2383,#2384,#2385,#2386,#2387,#2388,#2389,#2390,#2402));
#2267 = ORIENTED_EDGE('',*,*,#2268,.T.);
#2268 = EDGE_CURVE('',#2269,#478,#2271,.T.);
#2269 = VERTEX_POINT('',#2270);
#2270 = CARTESIAN_POINT('',(-2.999996316204,-8.85,6.245298642617));
#2271 = ( BOUNDED_CURVE() B_SPLINE_CURVE(2,(#2272,#2273,#2274,#2275,
    #2276,#2277,#2278,#2279,#2280,#2281,#2282),.UNSPECIFIED.,.F.,.F.) 
B_SPLINE_CURVE_WITH_KNOTS((3,2,2,2,2,3),(0.43998859573,0.44,0.445,0.45,
0.455,0.459978363159),.UNSPECIFIED.) CURVE() 
GEOMETRIC_REPRESENTATION_ITEM() RATIONAL_B_SPLINE_CURVE((0.999587719588,
    0.999760535874,0.99993414411,0.923818689603,0.99993414411,
    0.923818689603,0.99993414411,0.923818689603,0.99993414411,
0.924148069197,0.999278235616)) REPRESENTATION_ITEM('') );
#2272 = CARTESIAN_POINT('',(-2.999996316204,-8.85,6.245298642617));
#2273 = CARTESIAN_POINT('',(-2.999992211935,-8.849901134942,
    6.242679656055));
#2274 = CARTESIAN_POINT('',(-2.999983534943,-8.849802341182,
    6.240060680651));
#2275 = CARTESIAN_POINT('',(-2.995866534068,-8.802927341182,
    4.997426813582));
#2276 = CARTESIAN_POINT('',(-2.114280540895,-8.756052341182,
    4.121663138882));
#2277 = CARTESIAN_POINT('',(-1.232694547721,-8.709177341182,
    3.245899464182));
#2278 = CARTESIAN_POINT('',(9.939319348764E-03,-8.662302341182,
    3.250016465057));
#2279 = CARTESIAN_POINT('',(1.252573186418,-8.615427341182,
    3.254133465932));
#2280 = CARTESIAN_POINT('',(2.128336861118,-8.568552341182,
    4.135719459105));
#2281 = CARTESIAN_POINT('',(3.,-8.521896821187,5.013177654968));
#2282 = CARTESIAN_POINT('',(3.,-8.475177530316,6.25));
#2283 = ORIENTED_EDGE('',*,*,#485,.T.);
#2284 = ORIENTED_EDGE('',*,*,#1147,.T.);
#2285 = ORIENTED_EDGE('',*,*,#541,.T.);
#2286 = ORIENTED_EDGE('',*,*,#1185,.T.);
#2287 = ORIENTED_EDGE('',*,*,#597,.T.);
#2288 = ORIENTED_EDGE('',*,*,#1223,.T.);
#2289 = ORIENTED_EDGE('',*,*,#653,.T.);
#2290 = ORIENTED_EDGE('',*,*,#1261,.T.);
#2291 = ORIENTED_EDGE('',*,*,#709,.T.);
#2292 = ORIENTED_EDGE('',*,*,#1299,.T.);
#2293 = ORIENTED_EDGE('',*,*,#765,.T.);
#2294 = ORIENTED_EDGE('',*,*,#1337,.T.);
#2295 = ORIENTED_EDGE('',*,*,#821,.T.);
#2296 = ORIENTED_EDGE('',*,*,#1375,.T.);
#2297 = ORIENTED_EDGE('',*,*,#877,.T.);
#2298 = ORIENTED_EDGE('',*,*,#1413,.T.);
#2299 = ORIENTED_EDGE('',*,*,#933,.T.);
#2300 = ORIENTED_EDGE('',*,*,#1451,.T.);
#2301 = ORIENTED_EDGE('',*,*,#989,.T.);
#2302 = ORIENTED_EDGE('',*,*,#1489,.T.);
#2303 = ORIENTED_EDGE('',*,*,#1045,.T.);
#2304 = ORIENTED_EDGE('',*,*,#1527,.T.);
#2305 = ORIENTED_EDGE('',*,*,#1101,.T.);
#2306 = ORIENTED_EDGE('',*,*,#1562,.T.);
#2307 = ORIENTED_EDGE('',*,*,#2308,.F.);
#2308 = EDGE_CURVE('',#1550,#1563,#2309,.T.);
#2309 = B_SPLINE_CURVE_WITH_KNOTS('',3,(#2310,#2311,#2312,#2313,#2314,
    #2315,#2316,#2317,#2318,#2319,#2320,#2321,#2322,#2323,#2324,#2325,
    #2326,#2327,#2328,#2329,#2330,#2331,#2332,#2333,#2334,#2335,#2336,
    #2337,#2338,#2339,#2340,#2341,#2342,#2343,#2344,#2345,#2346,#2347,
    #2348,#2349,#2350,#2351,#2352,#2353,#2354,#2355,#2356,#2357,#2358,
    #2359,#2360,#2361,#2362,#2363,#2364,#2365),.UNSPECIFIED.,.F.,.F.,(4,
    2,2,2,2,2,2,2,2,2,2,2,2,2,2,2,2,2,2,2,2,2,2,2,2,2,2,4),(
    2.021935073432E-05,4.367846990856E-05,6.71375890828E-05,
    1.140558274313E-04,2.078923041282E-04,3.955652575222E-04,
    7.7091116431E-04,1.521602977886E-03,2.272294791461E-03,
    2.647640698249E-03,3.022986605037E-03,3.773678418613E-03,
    4.524370232188E-03,5.275062045764E-03,6.02575385934E-03,
    6.776445672915E-03,7.527137486491E-03,8.277829300067E-03,
    9.028521113643E-03,9.779212927218E-03,1.052990474079E-02,
    1.128059655437E-02,1.165594246116E-02,1.184361541455E-02,
    1.193745189125E-02,1.19843701296E-02,1.200782924877E-02,
    1.203128836795E-02),.UNSPECIFIED.);
#2310 = CARTESIAN_POINT('',(1.487834962211,0.149999999997,3.644938172456
    ));
#2311 = CARTESIAN_POINT('',(1.483963301803,0.15,3.651690645551));
#2312 = CARTESIAN_POINT('',(1.488057530404,0.149999999999,3.660270853339
    ));
#2313 = CARTESIAN_POINT('',(1.495667429994,0.149999999999,3.673792013717
    ));
#2314 = CARTESIAN_POINT('',(1.500347641216,0.15,3.680035794034));
#2315 = CARTESIAN_POINT('',(1.514879580341,0.15,3.69803537748));
#2316 = CARTESIAN_POINT('',(1.525514742255,0.15,3.709211674277));
#2317 = CARTESIAN_POINT('',(1.558077046968,0.15,3.742169576428));
#2318 = CARTESIAN_POINT('',(1.580748823289,0.15,3.763171918002));
#2319 = CARTESIAN_POINT('',(1.648885694846,0.15,3.825953920812));
#2320 = CARTESIAN_POINT('',(1.694721691089,0.15,3.867366097561));
#2321 = CARTESIAN_POINT('',(1.829913523051,0.15,3.994093737381));
#2322 = CARTESIAN_POINT('',(1.916745658312,0.149999999999,4.081234760237
    ));
#2323 = CARTESIAN_POINT('',(2.161660005921,0.149999999999,4.354566941726
    ));
#2324 = CARTESIAN_POINT('',(2.303945006864,0.15,4.553037609007));
#2325 = CARTESIAN_POINT('',(2.540210100456,0.15,4.987371545712));
#2326 = CARTESIAN_POINT('',(2.630439792205,0.15,5.216380607057));
#2327 = CARTESIAN_POINT('',(2.72169337651,0.15,5.570071015851));
#2328 = CARTESIAN_POINT('',(2.744901519528,0.15,5.690059891467));
#2329 = CARTESIAN_POINT('',(2.776236939627,0.15,5.934413717584));
#2330 = CARTESIAN_POINT('',(2.784201852966,0.15,6.058819959973));
#2331 = CARTESIAN_POINT('',(2.78429061026,0.15,6.427003161166));
#2332 = CARTESIAN_POINT('',(2.753226225809,0.15,6.669665987957));
#2333 = CARTESIAN_POINT('',(2.626320779673,0.15,7.149179388484));
#2334 = CARTESIAN_POINT('',(2.533001937678,0.15,7.376301256606));
#2335 = CARTESIAN_POINT('',(2.289483754509,0.15,7.802820040719));
#2336 = CARTESIAN_POINT('',(2.138036484923,0.15,8.002156522152));
#2337 = CARTESIAN_POINT('',(1.793576216961,0.15,8.349956584408));
#2338 = CARTESIAN_POINT('',(1.595385813925,0.15,8.503369282664));
#2339 = CARTESIAN_POINT('',(1.171108197441,0.15,8.750212302113));
#2340 = CARTESIAN_POINT('',(0.943402731413,0.15,8.845622837807));
#2341 = CARTESIAN_POINT('',(0.465736242011,0.15,8.975035687227));
#2342 = CARTESIAN_POINT('',(0.223064314391,0.15,9.007510621544));
#2343 = CARTESIAN_POINT('',(-0.269880045934,0.15,9.008642870503));
#2344 = CARTESIAN_POINT('',(-0.516658481175,0.15,8.976653073432));
#2345 = CARTESIAN_POINT('',(-0.990648435321,0.15,8.851752824883));
#2346 = CARTESIAN_POINT('',(-1.222971443486,0.150000000002,
    8.756999477365));
#2347 = CARTESIAN_POINT('',(-1.649122480313,0.150000000002,
    8.515254426584));
#2348 = CARTESIAN_POINT('',(-1.84812575975,0.15,8.365728597279));
#2349 = CARTESIAN_POINT('',(-2.201101498345,0.15,8.02171788207));
#2350 = CARTESIAN_POINT('',(-2.354039772507,0.15,7.830267421403));
#2351 = CARTESIAN_POINT('',(-2.614111189704,0.15,7.409544809697));
#2352 = CARTESIAN_POINT('',(-2.717470073718,0.15,7.185109754086));
#2353 = CARTESIAN_POINT('',(-2.835127041533,0.15,6.836104847931));
#2354 = CARTESIAN_POINT('',(-2.868147404401,0.15,6.717225698998));
#2355 = CARTESIAN_POINT('',(-2.91127348338,0.15,6.536667365063));
#2356 = CARTESIAN_POINT('',(-2.924474180082,0.15,6.476201801879));
#2357 = CARTESIAN_POINT('',(-2.944919365532,0.15,6.385656697858));
#2358 = CARTESIAN_POINT('',(-2.95177746187,0.15,6.355485234415));
#2359 = CARTESIAN_POINT('',(-2.963918075203,0.15,6.310668978781));
#2360 = CARTESIAN_POINT('',(-2.968234338023,0.15,6.295754477996));
#2361 = CARTESIAN_POINT('',(-2.976418456448,0.15,6.27397623387));
#2362 = CARTESIAN_POINT('',(-2.979410885417,0.150000000002,
    6.266778009432));
#2363 = CARTESIAN_POINT('',(-2.987093288745,0.150000000002,
    6.253339446447));
#2364 = CARTESIAN_POINT('',(-2.992141752667,0.15,6.245298641978));
#2365 = CARTESIAN_POINT('',(-2.999996316204,0.15,6.245298642617));
#2366 = ORIENTED_EDGE('',*,*,#1549,.F.);
#2367 = ORIENTED_EDGE('',*,*,#1075,.F.);
#2368 = ORIENTED_EDGE('',*,*,#1512,.F.);
#2369 = ORIENTED_EDGE('',*,*,#1019,.F.);
#2370 = ORIENTED_EDGE('',*,*,#1474,.F.);
#2371 = ORIENTED_EDGE('',*,*,#963,.F.);
#2372 = ORIENTED_EDGE('',*,*,#1436,.F.);
#2373 = ORIENTED_EDGE('',*,*,#907,.F.);
#2374 = ORIENTED_EDGE('',*,*,#1398,.F.);
#2375 = ORIENTED_EDGE('',*,*,#851,.F.);
#2376 = ORIENTED_EDGE('',*,*,#1360,.F.);
#2377 = ORIENTED_EDGE('',*,*,#795,.F.);
#2378 = ORIENTED_EDGE('',*,*,#1322,.F.);
#2379 = ORIENTED_EDGE('',*,*,#739,.F.);
#2380 = ORIENTED_EDGE('',*,*,#1284,.F.);
#2381 = ORIENTED_EDGE('',*,*,#683,.F.);
#2382 = ORIENTED_EDGE('',*,*,#1246,.F.);
#2383 = ORIENTED_EDGE('',*,*,#627,.F.);
#2384 = ORIENTED_EDGE('',*,*,#1208,.F.);
#2385 = ORIENTED_EDGE('',*,*,#571,.F.);
#2386 = ORIENTED_EDGE('',*,*,#1170,.F.);
#2387 = ORIENTED_EDGE('',*,*,#515,.F.);
#2388 = ORIENTED_EDGE('',*,*,#1132,.F.);
#2389 = ORIENTED_EDGE('',*,*,#459,.F.);
#2390 = ORIENTED_EDGE('',*,*,#2391,.F.);
#2391 = EDGE_CURVE('',#2392,#460,#2394,.T.);
#2392 = VERTEX_POINT('',#2393);
#2393 = CARTESIAN_POINT('',(1.487834962252,-8.85,3.6449381725));
#2394 = ( BOUNDED_CURVE() B_SPLINE_CURVE(2,(#2395,#2396,#2397,#2398,
#2399,#2400,#2401),.UNSPECIFIED.,.F.,.F.) B_SPLINE_CURVE_WITH_KNOTS((3,2
    ,2,3),(0.413315171873,0.415,0.42,0.420021636841),.UNSPECIFIED.) 
CURVE() GEOMETRIC_REPRESENTATION_ITEM() RATIONAL_B_SPLINE_CURVE((
    0.96592274598,0.974285852386,0.99993414411,0.923818689603,
0.99993414411,0.999604764517,0.999278235616)) REPRESENTATION_ITEM('') );
#2395 = CARTESIAN_POINT('',(1.487834962252,-8.85,3.6449381725));
#2396 = CARTESIAN_POINT('',(1.832604032275,-8.833924741535,
    3.841846925631));
#2397 = CARTESIAN_POINT('',(2.114280540895,-8.818947658818,
    4.121663138882));
#2398 = CARTESIAN_POINT('',(2.995866534068,-8.772072658818,
    4.997426813582));
#2399 = CARTESIAN_POINT('',(2.999983534943,-8.725197658818,
    6.240060680651));
#2400 = CARTESIAN_POINT('',(3.,-8.72501019237,6.245030326688));
#2401 = CARTESIAN_POINT('',(3.,-8.724822469684,6.25));
#2402 = ORIENTED_EDGE('',*,*,#2403,.T.);
#2403 = EDGE_CURVE('',#2392,#2269,#2404,.T.);
#2404 = B_SPLINE_CURVE_WITH_KNOTS('',3,(#2405,#2406,#2407,#2408,#2409,
    #2410,#2411,#2412,#2413,#2414,#2415,#2416,#2417,#2418,#2419,#2420,
    #2421,#2422,#2423,#2424,#2425,#2426,#2427,#2428,#2429,#2430,#2431,
    #2432,#2433,#2434,#2435,#2436,#2437,#2438,#2439,#2440,#2441,#2442,
    #2443,#2444,#2445,#2446,#2447,#2448,#2449,#2450,#2451,#2452,#2453,
    #2454,#2455,#2456,#2457,#2458,#2459,#2460),.UNSPECIFIED.,.F.,.F.,(4,
    2,2,2,2,2,2,2,2,2,2,2,2,2,2,2,2,2,2,2,2,2,2,2,2,2,2,4),(
    2.021935078521E-05,4.367846995877E-05,6.713758913232E-05,
    1.140558274794E-04,2.078923041736E-04,3.955652575621E-04,
    7.70911164339E-04,1.521602977893E-03,2.272294791446E-03,
    2.647640698223E-03,3.022986605E-03,3.773678418554E-03,
    4.524370232108E-03,5.275062045661E-03,6.025753859215E-03,
    6.776445672769E-03,7.527137486323E-03,8.277829299876E-03,
    9.02852111343E-03,9.779212926984E-03,1.052990474054E-02,
    1.128059655409E-02,1.165594246087E-02,1.184361541426E-02,
    1.193745189095E-02,1.19843701293E-02,1.200782924847E-02,
    1.203128836765E-02),.UNSPECIFIED.);
#2405 = CARTESIAN_POINT('',(1.487834962252,-8.85,3.6449381725));
#2406 = CARTESIAN_POINT('',(1.483963301806,-8.85,3.651690645572));
#2407 = CARTESIAN_POINT('',(1.488057530411,-8.850000000001,
    3.660270853355));
#2408 = CARTESIAN_POINT('',(1.495667430004,-8.850000000001,
    3.673792013731));
#2409 = CARTESIAN_POINT('',(1.500347641227,-8.85,3.680035794047));
#2410 = CARTESIAN_POINT('',(1.514879580353,-8.85,3.698035377492));
#2411 = CARTESIAN_POINT('',(1.525514742267,-8.85,3.709211674289));
#2412 = CARTESIAN_POINT('',(1.55807704698,-8.85,3.74216957644));
#2413 = CARTESIAN_POINT('',(1.580748823302,-8.85,3.763171918013));
#2414 = CARTESIAN_POINT('',(1.648885694858,-8.85,3.825953920823));
#2415 = CARTESIAN_POINT('',(1.694721691101,-8.85,3.867366097572));
#2416 = CARTESIAN_POINT('',(1.829913523063,-8.85,3.994093737392));
#2417 = CARTESIAN_POINT('',(1.916745658321,-8.850000000001,
    4.081234760247));
#2418 = CARTESIAN_POINT('',(2.161660005933,-8.850000000001,4.35456694174
    ));
#2419 = CARTESIAN_POINT('',(2.303945006882,-8.85,4.553037609031));
#2420 = CARTESIAN_POINT('',(2.540210100487,-8.85,4.987371545778));
#2421 = CARTESIAN_POINT('',(2.630439792214,-8.85,5.216380607078));
#2422 = CARTESIAN_POINT('',(2.721693376519,-8.85,5.570071015896));
#2423 = CARTESIAN_POINT('',(2.744901519539,-8.85,5.690059891525));
#2424 = CARTESIAN_POINT('',(2.776236939636,-8.85,5.934413717683));
#2425 = CARTESIAN_POINT('',(2.784201852969,-8.85,6.058819960051));
#2426 = CARTESIAN_POINT('',(2.784290610254,-8.85,6.427003161207));
#2427 = CARTESIAN_POINT('',(2.753226225805,-8.85,6.669665988006));
#2428 = CARTESIAN_POINT('',(2.626320779631,-8.85,7.14917938861));
#2429 = CARTESIAN_POINT('',(2.533001937664,-8.85,7.376301256641));
#2430 = CARTESIAN_POINT('',(2.289483754468,-8.85,7.802820040781));
#2431 = CARTESIAN_POINT('',(2.138036484895,-8.85,8.002156522185));
#2432 = CARTESIAN_POINT('',(1.793576216929,-8.85,8.349956584435));
#2433 = CARTESIAN_POINT('',(1.595385813872,-8.85,8.5033692827));
#2434 = CARTESIAN_POINT('',(1.171108197416,-8.85,8.750212302123));
#2435 = CARTESIAN_POINT('',(0.943402731318,-8.85,8.845622837839));
#2436 = CARTESIAN_POINT('',(0.465736241985,-8.85,8.975035687228));
#2437 = CARTESIAN_POINT('',(0.22306431437,-8.85,9.007510621548));
#2438 = CARTESIAN_POINT('',(-0.269880046008,-8.85,9.008642870499));
#2439 = CARTESIAN_POINT('',(-0.516658481194,-8.85,8.976653073429));
#2440 = CARTESIAN_POINT('',(-0.990648435356,-8.85,8.851752824872));
#2441 = CARTESIAN_POINT('',(-1.222971443515,-8.849999999998,
    8.756999477351));
#2442 = CARTESIAN_POINT('',(-1.649122480323,-8.849999999998,
    8.515254426576));
#2443 = CARTESIAN_POINT('',(-1.848125759797,-8.85,8.365728597237));
#2444 = CARTESIAN_POINT('',(-2.201101498349,-8.85,8.021717882063));
#2445 = CARTESIAN_POINT('',(-2.354039772514,-8.85,7.830267421397));
#2446 = CARTESIAN_POINT('',(-2.614111189736,-8.85,7.409544809638));
#2447 = CARTESIAN_POINT('',(-2.717470073719,-8.85,7.185109754086));
#2448 = CARTESIAN_POINT('',(-2.835127041536,-8.85,6.836104847921));
#2449 = CARTESIAN_POINT('',(-2.868147404408,-8.85,6.717225698971));
#2450 = CARTESIAN_POINT('',(-2.911273483387,-8.85,6.536667365034));
#2451 = CARTESIAN_POINT('',(-2.924474180088,-8.85,6.47620180185));
#2452 = CARTESIAN_POINT('',(-2.944919365538,-8.85,6.38565669783));
#2453 = CARTESIAN_POINT('',(-2.951777461876,-8.85,6.355485234386));
#2454 = CARTESIAN_POINT('',(-2.963918075212,-8.85,6.310668978752));
#2455 = CARTESIAN_POINT('',(-2.968234338031,-8.85,6.295754477972));
#2456 = CARTESIAN_POINT('',(-2.976418456455,-8.85,6.273976233853));
#2457 = CARTESIAN_POINT('',(-2.979410885421,-8.849999999998,
    6.266778009425));
#2458 = CARTESIAN_POINT('',(-2.987093288747,-8.849999999998,
    6.253339446444));
#2459 = CARTESIAN_POINT('',(-2.992141752676,-8.85,6.245298641978));
#2460 = CARTESIAN_POINT('',(-2.999996316204,-8.85,6.245298642617));
#2461 = ( BOUNDED_SURFACE() B_SPLINE_SURFACE(3,2,(
    (#2462,#2463,#2464,#2465,#2466,#2467,#2468,#2469,#2470,#2471,#2472
      ,#2473,#2474,#2475,#2476,#2477,#2478,#2479,#2480,#2481,#2482,#2483
      ,#2484,#2485,#2486,#2487,#2488,#2489,#2490,#2491,#2492,#2493,#2494
      ,#2495,#2496,#2497,#2498,#2499,#2500,#2501,#2502,#2503,#2504,#2505
      ,#2506,#2507,#2508,#2509,#2510,#2511,#2512,#2513,#2514,#2515,#2516
      ,#2517,#2518,#2519,#2520,#2521,#2522,#2523,#2524,#2525,#2526,#2527
      ,#2528,#2529,#2530,#2531,#2532,#2533,#2534,#2535,#2536,#2537,#2538
      ,#2539,#2540,#2541,#2542,#2543,#2544,#2545,#2546,#2547,#2548,#2549
      ,#2550,#2551,#2552,#2553,#2554,#2555,#2556,#2557,#2558,#2559,#2560
      ,#2561,#2562,#2563,#2564,#2565,#2566,#2567,#2568,#2569,#2570,#2571
      ,#2572,#2573,#2574,#2575,#2576,#2577,#2578,#2579,#2580,#2581,#2582
      ,#2583,#2584,#2585,#2586,#2587,#2588,#2589,#2590,#2591,#2592,#2593
      ,#2594,#2595,#2596,#2597,#2598,#2599,#2600,#2601,#2602,#2603,#2604
      ,#2605,#2606,#2607,#2608,#2609,#2610,#2611,#2612,#2613,#2614,#2615
      ,#2616,#2617,#2618,#2619,#2620,#2621,#2622,#2623,#2624,#2625,#2626
      ,#2627,#2628,#2629,#2630,#2631,#2632,#2633,#2634,#2635,#2636,#2637
      ,#2638,#2639,#2640,#2641,#2642,#2643,#2644,#2645,#2646,#2647,#2648
      ,#2649,#2650,#2651,#2652,#2653,#2654,#2655,#2656,#2657,#2658,#2659
      ,#2660,#2661,#2662,#2663,#2664,#2665,#2666,#2667,#2668,#2669,#2670
      ,#2671,#2672,#2673,#2674,#2675,#2676,#2677,#2678,#2679,#2680,#2681
      ,#2682,#2683,#2684,#2685,#2686,#2687,#2688,#2689,#2690,#2691,#2692
      ,#2693,#2694,#2695,#2696,#2697,#2698,#2699,#2700,#2701,#2702,#2703
      ,#2704,#2705,#2706,#2707,#2708,#2709,#2710,#2711,#2712,#2713,#2714
      ,#2715,#2716,#2717,#2718,#2719,#2720,#2721,#2722,#2723,#2724,#2725
      ,#2726,#2727,#2728,#2729,#2730,#2731,#2732,#2733,#2734,#2735,#2736
      ,#2737,#2738,#2739,#2740,#2741,#2742,#2743,#2744,#2745,#2746,#2747
      ,#2748,#2749,#2750,#2751,#2752,#2753,#2754,#2755,#2756,#2757,#2758
      ,#2759,#2760,#2761,#2762,#2763,#2764,#2765,#2766,#2767,#2768,#2769
      ,#2770,#2771,#2772,#2773,#2774,#2775,#2776,#2777,#2778,#2779,#2780
      ,#2781,#2782,#2783,#2784,#2785,#2786,#2787,#2788,#2789,#2790,#2791
      ,#2792,#2793,#2794,#2795,#2796,#2797,#2798,#2799,#2800,#2801,#2802
      ,#2803,#2804,#2805,#2806,#2807,#2808,#2809,#2810,#2811,#2812,#2813
      ,#2814,#2815,#2816,#2817,#2818,#2819,#2820,#2821,#2822,#2823,#2824
      ,#2825,#2826,#2827,#2828,#2829,#2830,#2831,#2832,#2833,#2834,#2835
      ,#2836,#2837,#2838,#2839,#2840,#2841,#2842,#2843,#2844,#2845,#2846
      ,#2847,#2848,#2849,#2850,#2851,#2852,#2853,#2854,#2855,#2856,#2857
      ,#2858,#2859,#2860,#2861,#2862)
    ,(#2863,#2864,#2865,#2866,#2867,#2868,#2869,#2870,#2871,#2872,#2873
      ,#2874,#2875,#2876,#2877,#2878,#2879,#2880,#2881,#2882,#2883,#2884
      ,#2885,#2886,#2887,#2888,#2889,#2890,#2891,#2892,#2893,#2894,#2895
      ,#2896,#2897,#2898,#2899,#2900,#2901,#2902,#2903,#2904,#2905,#2906
      ,#2907,#2908,#2909,#2910,#2911,#2912,#2913,#2914,#2915,#2916,#2917
      ,#2918,#2919,#2920,#2921,#2922,#2923,#2924,#2925,#2926,#2927,#2928
      ,#2929,#2930,#2931,#2932,#2933,#2934,#2935,#2936,#2937,#2938,#2939
      ,#2940,#2941,#2942,#2943,#2944,#2945,#2946,#2947,#2948,#2949,#2950
      ,#2951,#2952,#2953,#2954,#2955,#2956,#2957,#2958,#2959,#2960,#2961
      ,#2962,#2963,#2964,#2965,#2966,#2967,#2968,#2969,#2970,#2971,#2972
      ,#2973,#2974,#2975,#2976,#2977,#2978,#2979,#2980,#2981,#2982,#2983
      ,#2984,#2985,#2986,#2987,#2988,#2989,#2990,#2991,#2992,#2993,#2994
      ,#2995,#2996,#2997,#2998,#2999,#3000,#3001,#3002,#3003,#3004,#3005
      ,#3006,#3007,#3008,#3009,#3010,#3011,#3012,#3013,#3014,#3015,#3016
      ,#3017,#3018,#3019,#3020,#3021,#3022,#3023,#3024,#3025,#3026,#3027
      ,#3028,#3029,#3030,#3031,#3032,#3033,#3034,#3035,#3036,#3037,#3038
      ,#3039,#3040,#3041,#3042,#3043,#3044,#3045,#3046,#3047,#3048,#3049
      ,#3050,#3051,#3052,#3053,#3054,#3055,#3056,#3057,#3058,#3059,#3060
      ,#3061,#3062,#3063,#3064,#3065,#3066,#3067,#3068,#3069,#3070,#3071
      ,#3072,#3073,#3074,#3075,#3076,#3077,#3078,#3079,#3080,#3081,#3082
      ,#3083,#3084,#3085,#3086,#3087,#3088,#3089,#3090,#3091,#3092,#3093
      ,#3094,#3095,#3096,#3097,#3098,#3099,#3100,#3101,#3102,#3103,#3104
      ,#3105,#3106,#3107,#3108,#3109,#3110,#3111,#3112,#3113,#3114,#3115
      ,#3116,#3117,#3118,#3119,#3120,#3121,#3122,#3123,#3124,#3125,#3126
      ,#3127,#3128,#3129,#3130,#3131,#3132,#3133,#3134,#3135,#3136,#3137
      ,#3138,#3139,#3140,#3141,#3142,#3143,#3144,#3145,#3146,#3147,#3148
      ,#3149,#3150,#3151,#3152,#3153,#3154,#3155,#3156,#3157,#3158,#3159
      ,#3160,#3161,#3162,#3163,#3164,#3165,#3166,#3167,#3168,#3169,#3170
      ,#3171,#3172,#3173,#3174,#3175,#3176,#3177,#3178,#3179,#3180,#3181
      ,#3182,#3183,#3184,#3185,#3186,#3187,#3188,#3189,#3190,#3191,#3192
      ,#3193,#3194,#3195,#3196,#3197,#3198,#3199,#3200,#3201,#3202,#3203
      ,#3204,#3205,#3206,#3207,#3208,#3209,#3210,#3211,#3212,#3213,#3214
      ,#3215,#3216,#3217,#3218,#3219,#3220,#3221,#3222,#3223,#3224,#3225
      ,#3226,#3227,#3228,#3229,#3230,#3231,#3232,#3233,#3234,#3235,#3236
      ,#3237,#3238,#3239,#3240,#3241,#3242,#3243,#3244,#3245,#3246,#3247
      ,#3248,#3249,#3250,#3251,#3252,#3253,#3254,#3255,#3256,#3257,#3258
      ,#3259,#3260,#3261,#3262,#3263)
    ,(#3264,#3265,#3266,#3267,#3268,#3269,#3270,#3271,#3272,#3273,#3274
      ,#3275,#3276,#3277,#3278,#3279,#3280,#3281,#3282,#3283,#3284,#3285
      ,#3286,#3287,#3288,#3289,#3290,#3291,#3292,#3293,#3294,#3295,#3296
      ,#3297,#3298,#3299,#3300,#3301,#3302,#3303,#3304,#3305,#3306,#3307
      ,#3308,#3309,#3310,#3311,#3312,#3313,#3314,#3315,#3316,#3317,#3318
      ,#3319,#3320,#3321,#3322,#3323,#3324,#3325,#3326,#3327,#3328,#3329
      ,#3330,#3331,#3332,#3333,#3334,#3335,#3336,#3337,#3338,#3339,#3340
      ,#3341,#3342,#3343,#3344,#3345,#3346,#3347,#3348,#3349,#3350,#3351
      ,#3352,#3353,#3354,#3355,#3356,#3357,#3358,#3359,#3360,#3361,#3362
      ,#3363,#3364,#3365,#3366,#3367,#3368,#3369,#3370,#3371,#3372,#3373
      ,#3374,#3375,#3376,#3377,#3378,#3379,#3380,#3381,#3382,#3383,#3384
      ,#3385,#3386,#3387,#3388,#3389,#3390,#3391,#3392,#3393,#3394,#3395
      ,#3396,#3397,#3398,#3399,#3400,#3401,#3402,#3403,#3404,#3405,#3406
      ,#3407,#3408,#3409,#3410,#3411,#3412,#3413,#3414,#3415,#3416,#3417
      ,#3418,#3419,#3420,#3421,#3422,#3423,#3424,#3425,#3426,#3427,#3428
      ,#3429,#3430,#3431,#3432,#3433,#3434,#3435,#3436,#3437,#3438,#3439
      ,#3440,#3441,#3442,#3443,#3444,#3445,#3446,#3447,#3448,#3449,#3450
      ,#3451,#3452,#3453,#3454,#3455,#3456,#3457,#3458,#3459,#3460,#3461
      ,#3462,#3463,#3464,#3465,#3466,#3467,#3468,#3469,#3470,#3471,#3472
      ,#3473,#3474,#3475,#3476,#3477,#3478,#3479,#3480,#3481,#3482,#3483
      ,#3484,#3485,#3486,#3487,#3488,#3489,#3490,#3491,#3492,#3493,#3494
      ,#3495,#3496,#3497,#3498,#3499,#3500,#3501,#3502,#3503,#3504,#3505
      ,#3506,#3507,#3508,#3509,#3510,#3511,#3512,#3513,#3514,#3515,#3516
      ,#3517,#3518,#3519,#3520,#3521,#3522,#3523,#3524,#3525,#3526,#3527
      ,#3528,#3529,#3530,#3531,#3532,#3533,#3534,#3535,#3536,#3537,#3538
      ,#3539,#3540,#3541,#3542,#3543,#3544,#3545,#3546,#3547,#3548,#3549
      ,#3550,#3551,#3552,#3553,#3554,#3555,#3556,#3557,#3558,#3559,#3560
      ,#3561,#3562,#3563,#3564,#3565,#3566,#3567,#3568,#3569,#3570,#3571
      ,#3572,#3573,#3574,#3575,#3576,#3577,#3578,#3579,#3580,#3581,#3582
      ,#3583,#3584,#3585,#3586,#3587,#3588,#3589,#3590,#3591,#3592,#3593
      ,#3594,#3595,#3596,#3597,#3598,#3599,#3600,#3601,#3602,#3603,#3604
      ,#3605,#3606,#3607,#3608,#3609,#3610,#3611,#3612,#3613,#3614,#3615
      ,#3616,#3617,#3618,#3619,#3620,#3621,#3622,#3623,#3624,#3625,#3626
      ,#3627,#3628,#3629,#3630,#3631,#3632,#3633,#3634,#3635,#3636,#3637
      ,#3638,#3639,#3640,#3641,#3642,#3643,#3644,#3645,#3646,#3647,#3648
      ,#3649,#3650,#3651,#3652,#3653,#3654,#3655,#3656,#3657,#3658,#3659
      ,#3660,#3661,#3662,#3663,#3664)
    ,(#3665,#3666,#3667,#3668,#3669,#3670,#3671,#3672,#3673,#3674,#3675
      ,#3676,#3677,#3678,#3679,#3680,#3681,#3682,#3683,#3684,#3685,#3686
      ,#3687,#3688,#3689,#3690,#3691,#3692,#3693,#3694,#3695,#3696,#3697
      ,#3698,#3699,#3700,#3701,#3702,#3703,#3704,#3705,#3706,#3707,#3708
      ,#3709,#3710,#3711,#3712,#3713,#3714,#3715,#3716,#3717,#3718,#3719
      ,#3720,#3721,#3722,#3723,#3724,#3725,#3726,#3727,#3728,#3729,#3730
      ,#3731,#3732,#3733,#3734,#3735,#3736,#3737,#3738,#3739,#3740,#3741
      ,#3742,#3743,#3744,#3745,#3746,#3747,#3748,#3749,#3750,#3751,#3752
      ,#3753,#3754,#3755,#3756,#3757,#3758,#3759,#3760,#3761,#3762,#3763
      ,#3764,#3765,#3766,#3767,#3768,#3769,#3770,#3771,#3772,#3773,#3774
      ,#3775,#3776,#3777,#3778,#3779,#3780,#3781,#3782,#3783,#3784,#3785
      ,#3786,#3787,#3788,#3789,#3790,#3791,#3792,#3793,#3794,#3795,#3796
      ,#3797,#3798,#3799,#3800,#3801,#3802,#3803,#3804,#3805,#3806,#3807
      ,#3808,#3809,#3810,#3811,#3812,#3813,#3814,#3815,#3816,#3817,#3818
      ,#3819,#3820,#3821,#3822,#3823,#3824,#3825,#3826,#3827,#3828,#3829
      ,#3830,#3831,#3832,#3833,#3834,#3835,#3836,#3837,#3838,#3839,#3840
      ,#3841,#3842,#3843,#3844,#3845,#3846,#3847,#3848,#3849,#3850,#3851
      ,#3852,#3853,#3854,#3855,#3856,#3857,#3858,#3859,#3860,#3861,#3862
      ,#3863,#3864,#3865,#3866,#3867,#3868,#3869,#3870,#3871,#3872,#3873
      ,#3874,#3875,#3876,#3877,#3878,#3879,#3880,#3881,#3882,#3883,#3884
      ,#3885,#3886,#3887,#3888,#3889,#3890,#3891,#3892,#3893,#3894,#3895
      ,#3896,#3897,#3898,#3899,#3900,#3901,#3902,#3903,#3904,#3905,#3906
      ,#3907,#3908,#3909,#3910,#3911,#3912,#3913,#3914,#3915,#3916,#3917
      ,#3918,#3919,#3920,#3921,#3922,#3923,#3924,#3925,#3926,#3927,#3928
      ,#3929,#3930,#3931,#3932,#3933,#3934,#3935,#3936,#3937,#3938,#3939
      ,#3940,#3941,#3942,#3943,#3944,#3945,#3946,#3947,#3948,#3949,#3950
      ,#3951,#3952,#3953,#3954,#3955,#3956,#3957,#3958,#3959,#3960,#3961
      ,#3962,#3963,#3964,#3965,#3966,#3967,#3968,#3969,#3970,#3971,#3972
      ,#3973,#3974,#3975,#3976,#3977,#3978,#3979,#3980,#3981,#3982,#3983
      ,#3984,#3985,#3986,#3987,#3988,#3989,#3990,#3991,#3992,#3993,#3994
      ,#3995,#3996,#3997,#3998,#3999,#4000,#4001,#4002,#4003,#4004,#4005
      ,#4006,#4007,#4008,#4009,#4010,#4011,#4012,#4013,#4014,#4015,#4016
      ,#4017,#4018,#4019,#4020,#4021,#4022,#4023,#4024,#4025,#4026,#4027
      ,#4028,#4029,#4030,#4031,#4032,#4033,#4034,#4035,#4036,#4037,#4038
      ,#4039,#4040,#4041,#4042,#4043,#4044,#4045,#4046,#4047,#4048,#4049
      ,#4050,#4051,#4052,#4053,#4054,#4055,#4056,#4057,#4058,#4059,#4060
      ,#4061,#4062,#4063,#4064,#4065)
    ,(#4066,#4067,#4068,#4069,#4070,#4071,#4072,#4073,#4074,#4075,#4076
      ,#4077,#4078,#4079,#4080,#4081,#4082,#4083,#4084,#4085,#4086,#4087
      ,#4088,#4089,#4090,#4091,#4092,#4093,#4094,#4095,#4096,#4097,#4098
      ,#4099,#4100,#4101,#4102,#4103,#4104,#4105,#4106,#4107,#4108,#4109
      ,#4110,#4111,#4112,#4113,#4114,#4115,#4116,#4117,#4118,#4119,#4120
      ,#4121,#4122,#4123,#4124,#4125,#4126,#4127,#4128,#4129,#4130,#4131
      ,#4132,#4133,#4134,#4135,#4136,#4137,#4138,#4139,#4140,#4141,#4142
      ,#4143,#4144,#4145,#4146,#4147,#4148,#4149,#4150,#4151,#4152,#4153
      ,#4154,#4155,#4156,#4157,#4158,#4159,#4160,#4161,#4162,#4163,#4164
      ,#4165,#4166,#4167,#4168,#4169,#4170,#4171,#4172,#4173,#4174,#4175
      ,#4176,#4177,#4178,#4179,#4180,#4181,#4182,#4183,#4184,#4185,#4186
      ,#4187,#4188,#4189,#4190,#4191,#4192,#4193,#4194,#4195,#4196,#4197
      ,#4198,#4199,#4200,#4201,#4202,#4203,#4204,#4205,#4206,#4207,#4208
      ,#4209,#4210,#4211,#4212,#4213,#4214,#4215,#4216,#4217,#4218,#4219
      ,#4220,#4221,#4222,#4223,#4224,#4225,#4226,#4227,#4228,#4229,#4230
      ,#4231,#4232,#4233,#4234,#4235,#4236,#4237,#4238,#4239,#4240,#4241
      ,#4242,#4243,#4244,#4245,#4246,#4247,#4248,#4249,#4250,#4251,#4252
      ,#4253,#4254,#4255,#4256,#4257,#4258,#4259,#4260,#4261,#4262,#4263
      ,#4264,#4265,#4266,#4267,#4268,#4269,#4270,#4271,#4272,#4273,#4274
      ,#4275,#4276,#4277,#4278,#4279,#4280,#4281,#4282,#4283,#4284,#4285
      ,#4286,#4287,#4288,#4289,#4290,#4291,#4292,#4293,#4294,#4295,#4296
      ,#4297,#4298,#4299,#4300,#4301,#4302,#4303,#4304,#4305,#4306,#4307
      ,#4308,#4309,#4310,#4311,#4312,#4313,#4314,#4315,#4316,#4317,#4318
      ,#4319,#4320,#4321,#4322,#4323,#4324,#4325,#4326,#4327,#4328,#4329
      ,#4330,#4331,#4332,#4333,#4334,#4335,#4336,#4337,#4338,#4339,#4340
      ,#4341,#4342,#4343,#4344,#4345,#4346,#4347,#4348,#4349,#4350,#4351
      ,#4352,#4353,#4354,#4355,#4356,#4357,#4358,#4359,#4360,#4361,#4362
      ,#4363,#4364,#4365,#4366,#4367,#4368,#4369,#4370,#4371,#4372,#4373
      ,#4374,#4375,#4376,#4377,#4378,#4379,#4380,#4381,#4382,#4383,#4384
      ,#4385,#4386,#4387,#4388,#4389,#4390,#4391,#4392,#4393,#4394,#4395
      ,#4396,#4397,#4398,#4399,#4400,#4401,#4402,#4403,#4404,#4405,#4406
      ,#4407,#4408,#4409,#4410,#4411,#4412,#4413,#4414,#4415,#4416,#4417
      ,#4418,#4419,#4420,#4421,#4422,#4423,#4424,#4425,#4426,#4427,#4428
      ,#4429,#4430,#4431,#4432,#4433,#4434,#4435,#4436,#4437,#4438,#4439
      ,#4440,#4441,#4442,#4443,#4444,#4445,#4446,#4447,#4448,#4449,#4450
      ,#4451,#4452,#4453,#4454,#4455,#4456,#4457,#4458,#4459,#4460,#4461
      ,#4462,#4463,#4464,#4465,#4466)
    ,(#4467,#4468,#4469,#4470,#4471,#4472,#4473,#4474,#4475,#4476,#4477
      ,#4478,#4479,#4480,#4481,#4482,#4483,#4484,#4485,#4486,#4487,#4488
      ,#4489,#4490,#4491,#4492,#4493,#4494,#4495,#4496,#4497,#4498,#4499
      ,#4500,#4501,#4502,#4503,#4504,#4505,#4506,#4507,#4508,#4509,#4510
      ,#4511,#4512,#4513,#4514,#4515,#4516,#4517,#4518,#4519,#4520,#4521
      ,#4522,#4523,#4524,#4525,#4526,#4527,#4528,#4529,#4530,#4531,#4532
      ,#4533,#4534,#4535,#4536,#4537,#4538,#4539,#4540,#4541,#4542,#4543
      ,#4544,#4545,#4546,#4547,#4548,#4549,#4550,#4551,#4552,#4553,#4554
      ,#4555,#4556,#4557,#4558,#4559,#4560,#4561,#4562,#4563,#4564,#4565
      ,#4566,#4567,#4568,#4569,#4570,#4571,#4572,#4573,#4574,#4575,#4576
      ,#4577,#4578,#4579,#4580,#4581,#4582,#4583,#4584,#4585,#4586,#4587
      ,#4588,#4589,#4590,#4591,#4592,#4593,#4594,#4595,#4596,#4597,#4598
      ,#4599,#4600,#4601,#4602,#4603,#4604,#4605,#4606,#4607,#4608,#4609
      ,#4610,#4611,#4612,#4613,#4614,#4615,#4616,#4617,#4618,#4619,#4620
      ,#4621,#4622,#4623,#4624,#4625,#4626,#4627,#4628,#4629,#4630,#4631
      ,#4632,#4633,#4634,#4635,#4636,#4637,#4638,#4639,#4640,#4641,#4642
      ,#4643,#4644,#4645,#4646,#4647,#4648,#4649,#4650,#4651,#4652,#4653
      ,#4654,#4655,#4656,#4657,#4658,#4659,#4660,#4661,#4662,#4663,#4664
      ,#4665,#4666,#4667,#4668,#4669,#4670,#4671,#4672,#4673,#4674,#4675
      ,#4676,#4677,#4678,#4679,#4680,#4681,#4682,#4683,#4684,#4685,#4686
      ,#4687,#4688,#4689,#4690,#4691,#4692,#4693,#4694,#4695,#4696,#4697
      ,#4698,#4699,#4700,#4701,#4702,#4703,#4704,#4705,#4706,#4707,#4708
      ,#4709,#4710,#4711,#4712,#4713,#4714,#4715,#4716,#4717,#4718,#4719
      ,#4720,#4721,#4722,#4723,#4724,#4725,#4726,#4727,#4728,#4729,#4730
      ,#4731,#4732,#4733,#4734,#4735,#4736,#4737,#4738,#4739,#4740,#4741
      ,#4742,#4743,#4744,#4745,#4746,#4747,#4748,#4749,#4750,#4751,#4752
      ,#4753,#4754,#4755,#4756,#4757,#4758,#4759,#4760,#4761,#4762,#4763
      ,#4764,#4765,#4766,#4767,#4768,#4769,#4770,#4771,#4772,#4773,#4774
      ,#4775,#4776,#4777,#4778,#4779,#4780,#4781,#4782,#4783,#4784,#4785
      ,#4786,#4787,#4788,#4789,#4790,#4791,#4792,#4793,#4794,#4795,#4796
      ,#4797,#4798,#4799,#4800,#4801,#4802,#4803,#4804,#4805,#4806,#4807
      ,#4808,#4809,#4810,#4811,#4812,#4813,#4814,#4815,#4816,#4817,#4818
      ,#4819,#4820,#4821,#4822,#4823,#4824,#4825,#4826,#4827,#4828,#4829
      ,#4830,#4831,#4832,#4833,#4834,#4835,#4836,#4837,#4838,#4839,#4840
      ,#4841,#4842,#4843,#4844,#4845,#4846,#4847,#4848,#4849,#4850,#4851
      ,#4852,#4853,#4854,#4855,#4856,#4857,#4858,#4859,#4860,#4861,#4862
      ,#4863,#4864,#4865,#4866,#4867)
    ,(#4868,#4869,#4870,#4871,#4872,#4873,#4874,#4875,#4876,#4877,#4878
      ,#4879,#4880,#4881,#4882,#4883,#4884,#4885,#4886,#4887,#4888,#4889
      ,#4890,#4891,#4892,#4893,#4894,#4895,#4896,#4897,#4898,#4899,#4900
      ,#4901,#4902,#4903,#4904,#4905,#4906,#4907,#4908,#4909,#4910,#4911
      ,#4912,#4913,#4914,#4915,#4916,#4917,#4918,#4919,#4920,#4921,#4922
      ,#4923,#4924,#4925,#4926,#4927,#4928,#4929,#4930,#4931,#4932,#4933
      ,#4934,#4935,#4936,#4937,#4938,#4939,#4940,#4941,#4942,#4943,#4944
      ,#4945,#4946,#4947,#4948,#4949,#4950,#4951,#4952,#4953,#4954,#4955
      ,#4956,#4957,#4958,#4959,#4960,#4961,#4962,#4963,#4964,#4965,#4966
      ,#4967,#4968,#4969,#4970,#4971,#4972,#4973,#4974,#4975,#4976,#4977
      ,#4978,#4979,#4980,#4981,#4982,#4983,#4984,#4985,#4986,#4987,#4988
      ,#4989,#4990,#4991,#4992,#4993,#4994,#4995,#4996,#4997,#4998,#4999
      ,#5000,#5001,#5002,#5003,#5004,#5005,#5006,#5007,#5008,#5009,#5010
      ,#5011,#5012,#5013,#5014,#5015,#5016,#5017,#5018,#5019,#5020,#5021
      ,#5022,#5023,#5024,#5025,#5026,#5027,#5028,#5029,#5030,#5031,#5032
      ,#5033,#5034,#5035,#5036,#5037,#5038,#5039,#5040,#5041,#5042,#5043
      ,#5044,#5045,#5046,#5047,#5048,#5049,#5050,#5051,#5052,#5053,#5054
      ,#5055,#5056,#5057,#5058,#5059,#5060,#5061,#5062,#5063,#5064,#5065
      ,#5066,#5067,#5068,#5069,#5070,#5071,#5072,#5073,#5074,#5075,#5076
      ,#5077,#5078,#5079,#5080,#5081,#5082,#5083,#5084,#5085,#5086,#5087
      ,#5088,#5089,#5090,#5091,#5092,#5093,#5094,#5095,#5096,#5097,#5098
      ,#5099,#5100,#5101,#5102,#5103,#5104,#5105,#5106,#5107,#5108,#5109
      ,#5110,#5111,#5112,#5113,#5114,#5115,#5116,#5117,#5118,#5119,#5120
      ,#5121,#5122,#5123,#5124,#5125,#5126,#5127,#5128,#5129,#5130,#5131
      ,#5132,#5133,#5134,#5135,#5136,#5137,#5138,#5139,#5140,#5141,#5142
      ,#5143,#5144,#5145,#5146,#5147,#5148,#5149,#5150,#5151,#5152,#5153
      ,#5154,#5155,#5156,#5157,#5158,#5159,#5160,#5161,#5162,#5163,#5164
      ,#5165,#5166,#5167,#5168,#5169,#5170,#5171,#5172,#5173,#5174,#5175
      ,#5176,#5177,#5178,#5179,#5180,#5181,#5182,#5183,#5184,#5185,#5186
      ,#5187,#5188,#5189,#5190,#5191,#5192,#5193,#5194,#5195,#5196,#5197
      ,#5198,#5199,#5200,#5201,#5202,#5203,#5204,#5205,#5206,#5207,#5208
      ,#5209,#5210,#5211,#5212,#5213,#5214,#5215,#5216,#5217,#5218,#5219
      ,#5220,#5221,#5222,#5223,#5224,#5225,#5226,#5227,#5228,#5229,#5230
      ,#5231,#5232,#5233,#5234,#5235,#5236,#5237,#5238,#5239,#5240,#5241
      ,#5242,#5243,#5244,#5245,#5246,#5247,#5248,#5249,#5250,#5251,#5252
      ,#5253,#5254,#5255,#5256,#5257,#5258,#5259,#5260,#5261,#5262,#5263
      ,#5264,#5265,#5266,#5267,#5268
)),.UNSPECIFIED.,.T.,.F.,.F.) B_SPLINE_SURFACE_WITH_KNOTS((1,3,3,3,1),(3
    ,2,2,2,2,2,2,2,2,2,2,2,2,2,2,2,2,2,2,2,2,2,2,2,2,2,2,2,2,2,2,2,2,2,2
    ,2,2,2,2,2,2,2,2,2,2,2,2,2,2,2,2,2,2,2,2,2,2,2,2,2,2,2,2,2,2,2,2,2,2
    ,2,2,2,2,2,2,2,2,2,2,2,2,2,2,2,2,2,2,2,2,2,2,2,2,2,2,2,2,2,2,2,2,2,2
    ,2,2,2,2,2,2,2,2,2,2,2,2,2,2,2,2,2,2,2,2,2,2,2,2,2,2,2,2,2,2,2,2,2,2
    ,2,2,2,2,2,2,2,2,2,2,2,2,2,2,2,2,2,2,2,2,2,2,2,2,2,2,2,2,2,2,2,2,2,2
    ,2,2,2,2,2,2,2,2,2,2,2,2,2,2,2,2,2,2,2,2,2,2,2,2,2,2,2,2,2,3),(-0.5,
    0.,0.5,1.,1.5),(0.,5.E-03,1.E-02,1.5E-02,2.E-02,2.5E-02,3.E-02,
    3.5E-02,4.E-02,4.5E-02,5.E-02,5.5E-02,6.E-02,6.5E-02,7.E-02,7.5E-02,
    8.E-02,8.5E-02,9.E-02,9.5E-02,0.1,0.105,0.11,0.115,0.12,0.125,0.13,
    0.135,0.14,0.145,0.15,0.155,0.16,0.165,0.17,0.175,0.18,0.185,0.19,
    0.195,0.2,0.205,0.21,0.215,0.22,0.225,0.23,0.235,0.24,0.245,0.25,
    0.255,0.26,0.265,0.27,0.275,0.28,0.285,0.29,0.295,0.3,0.305,0.31,
    0.315,0.32,0.325,0.33,0.335,0.34,0.345,0.35,0.355,0.36,0.365,0.37,
    0.375,0.38,0.385,0.39,0.395,0.4,0.405,0.41,0.415,0.42,0.425,0.43,
    0.435,0.44,0.445,0.45,0.455,0.46,0.465,0.47,0.475,0.48,0.485,0.49,
    0.495,0.5,0.505,0.51,0.515,0.52,0.525,0.53,0.535,0.54,0.545,0.55,
    0.555,0.56,0.565,0.57,0.575,0.58,0.585,0.59,0.595,0.6,0.605,0.61,
    0.615,0.62,0.625,0.63,0.635,0.64,0.645,0.65,0.655,0.66,0.665,0.67,
    0.675,0.68,0.685,0.69,0.695,0.7,0.705,0.71,0.715,0.72,0.725,0.73,
    0.735,0.74,0.745,0.75,0.755,0.76,0.765,0.77,0.775,0.78,0.785,0.79,
    0.795,0.8,0.805,0.81,0.815,0.82,0.825,0.83,0.835,0.84,0.845,0.85,
    0.855,0.86,0.865,0.87,0.875,0.88,0.885,0.89,0.895,0.9,0.905,0.91,
    0.915,0.92,0.925,0.93,0.935,0.94,0.945,0.95,0.955,0.96,0.965,0.97,
    0.975,0.98,0.985,0.99,0.995,1.),.UNSPECIFIED.) 
GEOMETRIC_REPRESENTATION_ITEM() RATIONAL_B_SPLINE_SURFACE((
    (1.,0.923879532511,1.,0.923879532511,1.,0.923879532511,1.
      ,0.923879532511,1.,0.923879532511,1.,0.923879532511,1.
      ,0.923879532511,1.,0.923879532511,1.,0.923879532511,1.
      ,0.923879532511,1.,0.923879532511,1.,0.923879532511,1.
      ,0.923879532511,1.,0.923879532511,1.,0.923879532511,1.
      ,0.923879532511,1.,0.923879532511,1.,0.923879532511,1.
      ,0.923879532511,1.,0.923879532511,1.,0.923879532511,1.
      ,0.923879532511,1.,0.923879532511,1.,0.923879532511,1.
      ,0.923879532511,1.,0.923879532511,1.,0.923879532511,1.
      ,0.923879532511,1.,0.923879532511,1.,0.923879532511,1.
      ,0.923879532511,1.,0.923879532511,1.,0.923879532511,1.
      ,0.923879532511,1.,0.923879532511,1.,0.923879532511,1.
      ,0.923879532511,1.,0.923879532511,1.,0.923879532511,1.
      ,0.923879532511,1.,0.923879532511,1.,0.923879532511,1.
      ,0.923879532511,1.,0.923879532511,1.,0.923879532511,1.
      ,0.923879532511,1.,0.923879532511,1.,0.923879532511,1.
      ,0.923879532511,1.,0.923879532511,1.,0.923879532511,1.
      ,0.923879532511,1.,0.923879532511,1.,0.923879532511,1.
      ,0.923879532511,1.,0.923879532511,1.,0.923879532511,1.
      ,0.923879532511,1.,0.923879532511,1.,0.923879532511,1.
      ,0.923879532511,1.,0.923879532511,1.,0.923879532511,1.
      ,0.923879532511,1.,0.923879532511,1.,0.923879532511,1.
      ,0.923879532511,1.,0.923879532511,1.,0.923879532511,1.
      ,0.923879532511,1.,0.923879532511,1.,0.923879532511,1.
      ,0.923879532511,1.,0.923879532511,1.,0.923879532511,1.
      ,0.923879532511,1.,0.923879532511,1.,0.923879532511,1.
      ,0.923879532511,1.,0.923879532511,1.,0.923879532511,1.
      ,0.923879532511,1.,0.923879532511,1.,0.923879532511,1.
      ,0.923879532511,1.,0.923879532511,1.,0.923879532511,1.
      ,0.923879532511,1.,0.923879532511,1.,0.923879532511,1.
      ,0.923879532511,1.,0.923879532511,1.,0.923879532511,1.
      ,0.923879532511,1.,0.923879532511,1.,0.923879532511,1.
      ,0.923879532511,1.,0.923879532511,1.,0.923879532511,1.
      ,0.923879532511,1.,0.923879532511,1.,0.923879532511,1.
      ,0.923879532511,1.,0.923879532511,1.,0.923879532511,1.
      ,0.923879532511,1.,0.923879532511,1.,0.923879532511,1.
      ,0.923879532511,1.,0.923879532511,1.,0.923879532511,1.
      ,0.923879532511,1.,0.923879532511,1.,0.923879532511,1.
      ,0.923879532511,1.,0.923879532511,1.,0.923879532511,1.
      ,0.923879532511,1.,0.923879532511,1.,0.923879532511,1.
      ,0.923879532511,1.,0.923879532511,1.,0.923879532511,1.
      ,0.923879532511,1.,0.923879532511,1.,0.923879532511,1.
      ,0.923879532511,1.,0.923879532511,1.,0.923879532511,1.
      ,0.923879532511,1.,0.923879532511,1.,0.923879532511,1.
      ,0.923879532511,1.,0.923879532511,1.,0.923879532511,1.
      ,0.923879532511,1.,0.923879532511,1.,0.923879532511,1.
      ,0.923879532511,1.,0.923879532511,1.,0.923879532511,1.
      ,0.923879532511,1.,0.923879532511,1.,0.923879532511,1.
      ,0.923879532511,1.,0.923879532511,1.,0.923879532511,1.
      ,0.923879532511,1.,0.923879532511,1.,0.923879532511,1.
      ,0.923879532511,1.,0.923879532511,1.,0.923879532511,1.
      ,0.923879532511,1.,0.923879532511,1.,0.923879532511,1.
      ,0.923879532511,1.,0.923879532511,1.,0.923879532511,1.
      ,0.923879532511,1.,0.923879532511,1.,0.923879532511,1.
      ,0.923879532511,1.,0.923879532511,1.,0.923879532511,1.
      ,0.923879532511,1.,0.923879532511,1.,0.923879532511,1.
      ,0.923879532511,1.,0.923879532511,1.,0.923879532511,1.
      ,0.923879532511,1.,0.923879532511,1.,0.923879532511,1.
      ,0.923879532511,1.,0.923879532511,1.,0.923879532511,1.
      ,0.923879532511,1.,0.923879532511,1.,0.923879532511,1.
      ,0.923879532511,1.,0.923879532511,1.,0.923879532511,1.
      ,0.923879532511,1.,0.923879532511,1.,0.923879532511,1.
      ,0.923879532511,1.,0.923879532511,1.,0.923879532511,1.
      ,0.923879532511,1.,0.923879532511,1.,0.923879532511,1.
      ,0.923879532511,1.,0.923879532511,1.,0.923879532511,1.
      ,0.923879532511,1.,0.923879532511,1.,0.923879532511,1.
      ,0.923879532511,1.,0.923879532511,1.)
    ,(0.333333333333,0.30795984417,0.333333333333,0.30795984417
      ,0.333333333333,0.30795984417,0.333333333333,0.30795984417
      ,0.333333333333,0.30795984417,0.333333333333,0.30795984417
      ,0.333333333333,0.30795984417,0.333333333333,0.30795984417
      ,0.333333333333,0.30795984417,0.333333333333,0.30795984417
      ,0.333333333333,0.30795984417,0.333333333333,0.30795984417
      ,0.333333333333,0.30795984417,0.333333333333,0.30795984417
      ,0.333333333333,0.30795984417,0.333333333333,0.30795984417
      ,0.333333333333,0.30795984417,0.333333333333,0.30795984417
      ,0.333333333333,0.30795984417,0.333333333333,0.30795984417
      ,0.333333333333,0.30795984417,0.333333333333,0.30795984417
      ,0.333333333333,0.30795984417,0.333333333333,0.30795984417
      ,0.333333333333,0.30795984417,0.333333333333,0.30795984417
      ,0.333333333333,0.30795984417,0.333333333333,0.30795984417
      ,0.333333333333,0.30795984417,0.333333333333,0.30795984417
      ,0.333333333333,0.30795984417,0.333333333333,0.30795984417
      ,0.333333333333,0.30795984417,0.333333333333,0.30795984417
      ,0.333333333333,0.30795984417,0.333333333333,0.30795984417
      ,0.333333333333,0.30795984417,0.333333333333,0.30795984417
      ,0.333333333333,0.30795984417,0.333333333333,0.30795984417
      ,0.333333333333,0.30795984417,0.333333333333,0.30795984417
      ,0.333333333333,0.30795984417,0.333333333333,0.30795984417
      ,0.333333333333,0.30795984417,0.333333333333,0.30795984417
      ,0.333333333333,0.30795984417,0.333333333333,0.30795984417
      ,0.333333333333,0.30795984417,0.333333333333,0.30795984417
      ,0.333333333333,0.30795984417,0.333333333333,0.30795984417
      ,0.333333333333,0.30795984417,0.333333333333,0.30795984417
      ,0.333333333333,0.30795984417,0.333333333333,0.30795984417
      ,0.333333333333,0.30795984417,0.333333333333,0.30795984417
      ,0.333333333333,0.30795984417,0.333333333333,0.30795984417
      ,0.333333333333,0.30795984417,0.333333333333,0.30795984417
      ,0.333333333333,0.30795984417,0.333333333333,0.30795984417
      ,0.333333333333,0.30795984417,0.333333333333,0.30795984417
      ,0.333333333333,0.30795984417,0.333333333333,0.30795984417
      ,0.333333333333,0.30795984417,0.333333333333,0.30795984417
      ,0.333333333333,0.30795984417,0.333333333333,0.30795984417
      ,0.333333333333,0.30795984417,0.333333333333,0.30795984417
      ,0.333333333333,0.30795984417,0.333333333333,0.30795984417
      ,0.333333333333,0.30795984417,0.333333333333,0.30795984417
      ,0.333333333333,0.30795984417,0.333333333333,0.30795984417
      ,0.333333333333,0.30795984417,0.333333333333,0.30795984417
      ,0.333333333333,0.30795984417,0.333333333333,0.30795984417
      ,0.333333333333,0.30795984417,0.333333333333,0.30795984417
      ,0.333333333333,0.30795984417,0.333333333333,0.30795984417
      ,0.333333333333,0.30795984417,0.333333333333,0.30795984417
      ,0.333333333333,0.30795984417,0.333333333333,0.30795984417
      ,0.333333333333,0.30795984417,0.333333333333,0.30795984417
      ,0.333333333333,0.30795984417,0.333333333333,0.30795984417
      ,0.333333333333,0.30795984417,0.333333333333,0.30795984417
      ,0.333333333333,0.30795984417,0.333333333333,0.30795984417
      ,0.333333333333,0.30795984417,0.333333333333,0.30795984417
      ,0.333333333333,0.30795984417,0.333333333333,0.30795984417
      ,0.333333333333,0.30795984417,0.333333333333,0.30795984417
      ,0.333333333333,0.30795984417,0.333333333333,0.30795984417
      ,0.333333333333,0.30795984417,0.333333333333,0.30795984417
      ,0.333333333333,0.30795984417,0.333333333333,0.30795984417
      ,0.333333333333,0.30795984417,0.333333333333,0.30795984417
      ,0.333333333333,0.30795984417,0.333333333333,0.30795984417
      ,0.333333333333,0.30795984417,0.333333333333,0.30795984417
      ,0.333333333333,0.30795984417,0.333333333333,0.30795984417
      ,0.333333333333,0.30795984417,0.333333333333,0.30795984417
      ,0.333333333333,0.30795984417,0.333333333333,0.30795984417
      ,0.333333333333,0.30795984417,0.333333333333,0.30795984417
      ,0.333333333333,0.30795984417,0.333333333333,0.30795984417
      ,0.333333333333,0.30795984417,0.333333333333,0.30795984417
      ,0.333333333333,0.30795984417,0.333333333333,0.30795984417
      ,0.333333333333,0.30795984417,0.333333333333,0.30795984417
      ,0.333333333333,0.30795984417,0.333333333333,0.30795984417
      ,0.333333333333,0.30795984417,0.333333333333,0.30795984417
      ,0.333333333333,0.30795984417,0.333333333333,0.30795984417
      ,0.333333333333,0.30795984417,0.333333333333,0.30795984417
      ,0.333333333333,0.30795984417,0.333333333333,0.30795984417
      ,0.333333333333,0.30795984417,0.333333333333,0.30795984417
      ,0.333333333333,0.30795984417,0.333333333333,0.30795984417
      ,0.333333333333,0.30795984417,0.333333333333,0.30795984417
      ,0.333333333333,0.30795984417,0.333333333333,0.30795984417
      ,0.333333333333,0.30795984417,0.333333333333,0.30795984417
      ,0.333333333333,0.30795984417,0.333333333333,0.30795984417
      ,0.333333333333,0.30795984417,0.333333333333,0.30795984417
      ,0.333333333333,0.30795984417,0.333333333333,0.30795984417
      ,0.333333333333,0.30795984417,0.333333333333,0.30795984417
      ,0.333333333333,0.30795984417,0.333333333333,0.30795984417
      ,0.333333333333,0.30795984417,0.333333333333,0.30795984417
      ,0.333333333333,0.30795984417,0.333333333333,0.30795984417
      ,0.333333333333,0.30795984417,0.333333333333,0.30795984417
      ,0.333333333333,0.30795984417,0.333333333333,0.30795984417
      ,0.333333333333,0.30795984417,0.333333333333,0.30795984417
      ,0.333333333333,0.30795984417,0.333333333333,0.30795984417
      ,0.333333333333,0.30795984417,0.333333333333,0.30795984417
      ,0.333333333333,0.30795984417,0.333333333333,0.30795984417
      ,0.333333333333,0.30795984417,0.333333333333,0.30795984417
      ,0.333333333333,0.30795984417,0.333333333333,0.30795984417
      ,0.333333333333,0.30795984417,0.333333333333,0.30795984417
      ,0.333333333333,0.30795984417,0.333333333333,0.30795984417
      ,0.333333333333,0.30795984417,0.333333333333,0.30795984417
      ,0.333333333333,0.30795984417,0.333333333333,0.30795984417
      ,0.333333333333,0.30795984417,0.333333333333,0.30795984417
      ,0.333333333333,0.30795984417,0.333333333333,0.30795984417
      ,0.333333333333,0.30795984417,0.333333333333,0.30795984417
      ,0.333333333333,0.30795984417,0.333333333333,0.30795984417
      ,0.333333333333)
    ,(0.333333333333,0.30795984417,0.333333333333,0.30795984417
      ,0.333333333333,0.30795984417,0.333333333333,0.30795984417
      ,0.333333333333,0.30795984417,0.333333333333,0.30795984417
      ,0.333333333333,0.30795984417,0.333333333333,0.30795984417
      ,0.333333333333,0.30795984417,0.333333333333,0.30795984417
      ,0.333333333333,0.30795984417,0.333333333333,0.30795984417
      ,0.333333333333,0.30795984417,0.333333333333,0.30795984417
      ,0.333333333333,0.30795984417,0.333333333333,0.30795984417
      ,0.333333333333,0.30795984417,0.333333333333,0.30795984417
      ,0.333333333333,0.30795984417,0.333333333333,0.30795984417
      ,0.333333333333,0.30795984417,0.333333333333,0.30795984417
      ,0.333333333333,0.30795984417,0.333333333333,0.30795984417
      ,0.333333333333,0.30795984417,0.333333333333,0.30795984417
      ,0.333333333333,0.30795984417,0.333333333333,0.30795984417
      ,0.333333333333,0.30795984417,0.333333333333,0.30795984417
      ,0.333333333333,0.30795984417,0.333333333333,0.30795984417
      ,0.333333333333,0.30795984417,0.333333333333,0.30795984417
      ,0.333333333333,0.30795984417,0.333333333333,0.30795984417
      ,0.333333333333,0.30795984417,0.333333333333,0.30795984417
      ,0.333333333333,0.30795984417,0.333333333333,0.30795984417
      ,0.333333333333,0.30795984417,0.333333333333,0.30795984417
      ,0.333333333333,0.30795984417,0.333333333333,0.30795984417
      ,0.333333333333,0.30795984417,0.333333333333,0.30795984417
      ,0.333333333333,0.30795984417,0.333333333333,0.30795984417
      ,0.333333333333,0.30795984417,0.333333333333,0.30795984417
      ,0.333333333333,0.30795984417,0.333333333333,0.30795984417
      ,0.333333333333,0.30795984417,0.333333333333,0.30795984417
      ,0.333333333333,0.30795984417,0.333333333333,0.30795984417
      ,0.333333333333,0.30795984417,0.333333333333,0.30795984417
      ,0.333333333333,0.30795984417,0.333333333333,0.30795984417
      ,0.333333333333,0.30795984417,0.333333333333,0.30795984417
      ,0.333333333333,0.30795984417,0.333333333333,0.30795984417
      ,0.333333333333,0.30795984417,0.333333333333,0.30795984417
      ,0.333333333333,0.30795984417,0.333333333333,0.30795984417
      ,0.333333333333,0.30795984417,0.333333333333,0.30795984417
      ,0.333333333333,0.30795984417,0.333333333333,0.30795984417
      ,0.333333333333,0.30795984417,0.333333333333,0.30795984417
      ,0.333333333333,0.30795984417,0.333333333333,0.30795984417
      ,0.333333333333,0.30795984417,0.333333333333,0.30795984417
      ,0.333333333333,0.30795984417,0.333333333333,0.30795984417
      ,0.333333333333,0.30795984417,0.333333333333,0.30795984417
      ,0.333333333333,0.30795984417,0.333333333333,0.30795984417
      ,0.333333333333,0.30795984417,0.333333333333,0.30795984417
      ,0.333333333333,0.30795984417,0.333333333333,0.30795984417
      ,0.333333333333,0.30795984417,0.333333333333,0.30795984417
      ,0.333333333333,0.30795984417,0.333333333333,0.30795984417
      ,0.333333333333,0.30795984417,0.333333333333,0.30795984417
      ,0.333333333333,0.30795984417,0.333333333333,0.30795984417
      ,0.333333333333,0.30795984417,0.333333333333,0.30795984417
      ,0.333333333333,0.30795984417,0.333333333333,0.30795984417
      ,0.333333333333,0.30795984417,0.333333333333,0.30795984417
      ,0.333333333333,0.30795984417,0.333333333333,0.30795984417
      ,0.333333333333,0.30795984417,0.333333333333,0.30795984417
      ,0.333333333333,0.30795984417,0.333333333333,0.30795984417
      ,0.333333333333,0.30795984417,0.333333333333,0.30795984417
      ,0.333333333333,0.30795984417,0.333333333333,0.30795984417
      ,0.333333333333,0.30795984417,0.333333333333,0.30795984417
      ,0.333333333333,0.30795984417,0.333333333333,0.30795984417
      ,0.333333333333,0.30795984417,0.333333333333,0.30795984417
      ,0.333333333333,0.30795984417,0.333333333333,0.30795984417
      ,0.333333333333,0.30795984417,0.333333333333,0.30795984417
      ,0.333333333333,0.30795984417,0.333333333333,0.30795984417
      ,0.333333333333,0.30795984417,0.333333333333,0.30795984417
      ,0.333333333333,0.30795984417,0.333333333333,0.30795984417
      ,0.333333333333,0.30795984417,0.333333333333,0.30795984417
      ,0.333333333333,0.30795984417,0.333333333333,0.30795984417
      ,0.333333333333,0.30795984417,0.333333333333,0.30795984417
      ,0.333333333333,0.30795984417,0.333333333333,0.30795984417
      ,0.333333333333,0.30795984417,0.333333333333,0.30795984417
      ,0.333333333333,0.30795984417,0.333333333333,0.30795984417
      ,0.333333333333,0.30795984417,0.333333333333,0.30795984417
      ,0.333333333333,0.30795984417,0.333333333333,0.30795984417
      ,0.333333333333,0.30795984417,0.333333333333,0.30795984417
      ,0.333333333333,0.30795984417,0.333333333333,0.30795984417
      ,0.333333333333,0.30795984417,0.333333333333,0.30795984417
      ,0.333333333333,0.30795984417,0.333333333333,0.30795984417
      ,0.333333333333,0.30795984417,0.333333333333,0.30795984417
      ,0.333333333333,0.30795984417,0.333333333333,0.30795984417
      ,0.333333333333,0.30795984417,0.333333333333,0.30795984417
      ,0.333333333333,0.30795984417,0.333333333333,0.30795984417
      ,0.333333333333,0.30795984417,0.333333333333,0.30795984417
      ,0.333333333333,0.30795984417,0.333333333333,0.30795984417
      ,0.333333333333,0.30795984417,0.333333333333,0.30795984417
      ,0.333333333333,0.30795984417,0.333333333333,0.30795984417
      ,0.333333333333,0.30795984417,0.333333333333,0.30795984417
      ,0.333333333333,0.30795984417,0.333333333333,0.30795984417
      ,0.333333333333,0.30795984417,0.333333333333,0.30795984417
      ,0.333333333333,0.30795984417,0.333333333333,0.30795984417
      ,0.333333333333,0.30795984417,0.333333333333,0.30795984417
      ,0.333333333333,0.30795984417,0.333333333333,0.30795984417
      ,0.333333333333,0.30795984417,0.333333333333,0.30795984417
      ,0.333333333333,0.30795984417,0.333333333333,0.30795984417
      ,0.333333333333,0.30795984417,0.333333333333,0.30795984417
      ,0.333333333333,0.30795984417,0.333333333333,0.30795984417
      ,0.333333333333,0.30795984417,0.333333333333,0.30795984417
      ,0.333333333333,0.30795984417,0.333333333333,0.30795984417
      ,0.333333333333,0.30795984417,0.333333333333,0.30795984417
      ,0.333333333333,0.30795984417,0.333333333333,0.30795984417
      ,0.333333333333,0.30795984417,0.333333333333,0.30795984417
      ,0.333333333333,0.30795984417,0.333333333333,0.30795984417
      ,0.333333333333)
    ,(1.,0.923879532511,1.,0.923879532511,1.,0.923879532511,1.
      ,0.923879532511,1.,0.923879532511,1.,0.923879532511,1.
      ,0.923879532511,1.,0.923879532511,1.,0.923879532511,1.
      ,0.923879532511,1.,0.923879532511,1.,0.923879532511,1.
      ,0.923879532511,1.,0.923879532511,1.,0.923879532511,1.
      ,0.923879532511,1.,0.923879532511,1.,0.923879532511,1.
      ,0.923879532511,1.,0.923879532511,1.,0.923879532511,1.
      ,0.923879532511,1.,0.923879532511,1.,0.923879532511,1.
      ,0.923879532511,1.,0.923879532511,1.,0.923879532511,1.
      ,0.923879532511,1.,0.923879532511,1.,0.923879532511,1.
      ,0.923879532511,1.,0.923879532511,1.,0.923879532511,1.
      ,0.923879532511,1.,0.923879532511,1.,0.923879532511,1.
      ,0.923879532511,1.,0.923879532511,1.,0.923879532511,1.
      ,0.923879532511,1.,0.923879532511,1.,0.923879532511,1.
      ,0.923879532511,1.,0.923879532511,1.,0.923879532511,1.
      ,0.923879532511,1.,0.923879532511,1.,0.923879532511,1.
      ,0.923879532511,1.,0.923879532511,1.,0.923879532511,1.
      ,0.923879532511,1.,0.923879532511,1.,0.923879532511,1.
      ,0.923879532511,1.,0.923879532511,1.,0.923879532511,1.
      ,0.923879532511,1.,0.923879532511,1.,0.923879532511,1.
      ,0.923879532511,1.,0.923879532511,1.,0.923879532511,1.
      ,0.923879532511,1.,0.923879532511,1.,0.923879532511,1.
      ,0.923879532511,1.,0.923879532511,1.,0.923879532511,1.
      ,0.923879532511,1.,0.923879532511,1.,0.923879532511,1.
      ,0.923879532511,1.,0.923879532511,1.,0.923879532511,1.
      ,0.923879532511,1.,0.923879532511,1.,0.923879532511,1.
      ,0.923879532511,1.,0.923879532511,1.,0.923879532511,1.
      ,0.923879532511,1.,0.923879532511,1.,0.923879532511,1.
      ,0.923879532511,1.,0.923879532511,1.,0.923879532511,1.
      ,0.923879532511,1.,0.923879532511,1.,0.923879532511,1.
      ,0.923879532511,1.,0.923879532511,1.,0.923879532511,1.
      ,0.923879532511,1.,0.923879532511,1.,0.923879532511,1.
      ,0.923879532511,1.,0.923879532511,1.,0.923879532511,1.
      ,0.923879532511,1.,0.923879532511,1.,0.923879532511,1.
      ,0.923879532511,1.,0.923879532511,1.,0.923879532511,1.
      ,0.923879532511,1.,0.923879532511,1.,0.923879532511,1.
      ,0.923879532511,1.,0.923879532511,1.,0.923879532511,1.
      ,0.923879532511,1.,0.923879532511,1.,0.923879532511,1.
      ,0.923879532511,1.,0.923879532511,1.,0.923879532511,1.
      ,0.923879532511,1.,0.923879532511,1.,0.923879532511,1.
      ,0.923879532511,1.,0.923879532511,1.,0.923879532511,1.
      ,0.923879532511,1.,0.923879532511,1.,0.923879532511,1.
      ,0.923879532511,1.,0.923879532511,1.,0.923879532511,1.
      ,0.923879532511,1.,0.923879532511,1.,0.923879532511,1.
      ,0.923879532511,1.,0.923879532511,1.,0.923879532511,1.
      ,0.923879532511,1.,0.923879532511,1.,0.923879532511,1.
      ,0.923879532511,1.,0.923879532511,1.,0.923879532511,1.
      ,0.923879532511,1.,0.923879532511,1.,0.923879532511,1.
      ,0.923879532511,1.,0.923879532511,1.,0.923879532511,1.
      ,0.923879532511,1.,0.923879532511,1.,0.923879532511,1.
      ,0.923879532511,1.,0.923879532511,1.,0.923879532511,1.
      ,0.923879532511,1.,0.923879532511,1.,0.923879532511,1.
      ,0.923879532511,1.,0.923879532511,1.,0.923879532511,1.
      ,0.923879532511,1.,0.923879532511,1.,0.923879532511,1.
      ,0.923879532511,1.,0.923879532511,1.,0.923879532511,1.
      ,0.923879532511,1.,0.923879532511,1.,0.923879532511,1.
      ,0.923879532511,1.,0.923879532511,1.,0.923879532511,1.
      ,0.923879532511,1.,0.923879532511,1.,0.923879532511,1.
      ,0.923879532511,1.,0.923879532511,1.,0.923879532511,1.
      ,0.923879532511,1.,0.923879532511,1.,0.923879532511,1.
      ,0.923879532511,1.,0.923879532511,1.,0.923879532511,1.
      ,0.923879532511,1.,0.923879532511,1.,0.923879532511,1.
      ,0.923879532511,1.,0.923879532511,1.,0.923879532511,1.
      ,0.923879532511,1.,0.923879532511,1.,0.923879532511,1.
      ,0.923879532511,1.,0.923879532511,1.,0.923879532511,1.
      ,0.923879532511,1.,0.923879532511,1.,0.923879532511,1.
      ,0.923879532511,1.,0.923879532511,1.)
    ,(0.333333333333,0.30795984417,0.333333333333,0.30795984417
      ,0.333333333333,0.30795984417,0.333333333333,0.30795984417
      ,0.333333333333,0.30795984417,0.333333333333,0.30795984417
      ,0.333333333333,0.30795984417,0.333333333333,0.30795984417
      ,0.333333333333,0.30795984417,0.333333333333,0.30795984417
      ,0.333333333333,0.30795984417,0.333333333333,0.30795984417
      ,0.333333333333,0.30795984417,0.333333333333,0.30795984417
      ,0.333333333333,0.30795984417,0.333333333333,0.30795984417
      ,0.333333333333,0.30795984417,0.333333333333,0.30795984417
      ,0.333333333333,0.30795984417,0.333333333333,0.30795984417
      ,0.333333333333,0.30795984417,0.333333333333,0.30795984417
      ,0.333333333333,0.30795984417,0.333333333333,0.30795984417
      ,0.333333333333,0.30795984417,0.333333333333,0.30795984417
      ,0.333333333333,0.30795984417,0.333333333333,0.30795984417
      ,0.333333333333,0.30795984417,0.333333333333,0.30795984417
      ,0.333333333333,0.30795984417,0.333333333333,0.30795984417
      ,0.333333333333,0.30795984417,0.333333333333,0.30795984417
      ,0.333333333333,0.30795984417,0.333333333333,0.30795984417
      ,0.333333333333,0.30795984417,0.333333333333,0.30795984417
      ,0.333333333333,0.30795984417,0.333333333333,0.30795984417
      ,0.333333333333,0.30795984417,0.333333333333,0.30795984417
      ,0.333333333333,0.30795984417,0.333333333333,0.30795984417
      ,0.333333333333,0.30795984417,0.333333333333,0.30795984417
      ,0.333333333333,0.30795984417,0.333333333333,0.30795984417
      ,0.333333333333,0.30795984417,0.333333333333,0.30795984417
      ,0.333333333333,0.30795984417,0.333333333333,0.30795984417
      ,0.333333333333,0.30795984417,0.333333333333,0.30795984417
      ,0.333333333333,0.30795984417,0.333333333333,0.30795984417
      ,0.333333333333,0.30795984417,0.333333333333,0.30795984417
      ,0.333333333333,0.30795984417,0.333333333333,0.30795984417
      ,0.333333333333,0.30795984417,0.333333333333,0.30795984417
      ,0.333333333333,0.30795984417,0.333333333333,0.30795984417
      ,0.333333333333,0.30795984417,0.333333333333,0.30795984417
      ,0.333333333333,0.30795984417,0.333333333333,0.30795984417
      ,0.333333333333,0.30795984417,0.333333333333,0.30795984417
      ,0.333333333333,0.30795984417,0.333333333333,0.30795984417
      ,0.333333333333,0.30795984417,0.333333333333,0.30795984417
      ,0.333333333333,0.30795984417,0.333333333333,0.30795984417
      ,0.333333333333,0.30795984417,0.333333333333,0.30795984417
      ,0.333333333333,0.30795984417,0.333333333333,0.30795984417
      ,0.333333333333,0.30795984417,0.333333333333,0.30795984417
      ,0.333333333333,0.30795984417,0.333333333333,0.30795984417
      ,0.333333333333,0.30795984417,0.333333333333,0.30795984417
      ,0.333333333333,0.30795984417,0.333333333333,0.30795984417
      ,0.333333333333,0.30795984417,0.333333333333,0.30795984417
      ,0.333333333333,0.30795984417,0.333333333333,0.30795984417
      ,0.333333333333,0.30795984417,0.333333333333,0.30795984417
      ,0.333333333333,0.30795984417,0.333333333333,0.30795984417
      ,0.333333333333,0.30795984417,0.333333333333,0.30795984417
      ,0.333333333333,0.30795984417,0.333333333333,0.30795984417
      ,0.333333333333,0.30795984417,0.333333333333,0.30795984417
      ,0.333333333333,0.30795984417,0.333333333333,0.30795984417
      ,0.333333333333,0.30795984417,0.333333333333,0.30795984417
      ,0.333333333333,0.30795984417,0.333333333333,0.30795984417
      ,0.333333333333,0.30795984417,0.333333333333,0.30795984417
      ,0.333333333333,0.30795984417,0.333333333333,0.30795984417
      ,0.333333333333,0.30795984417,0.333333333333,0.30795984417
      ,0.333333333333,0.30795984417,0.333333333333,0.30795984417
      ,0.333333333333,0.30795984417,0.333333333333,0.30795984417
      ,0.333333333333,0.30795984417,0.333333333333,0.30795984417
      ,0.333333333333,0.30795984417,0.333333333333,0.30795984417
      ,0.333333333333,0.30795984417,0.333333333333,0.30795984417
      ,0.333333333333,0.30795984417,0.333333333333,0.30795984417
      ,0.333333333333,0.30795984417,0.333333333333,0.30795984417
      ,0.333333333333,0.30795984417,0.333333333333,0.30795984417
      ,0.333333333333,0.30795984417,0.333333333333,0.30795984417
      ,0.333333333333,0.30795984417,0.333333333333,0.30795984417
      ,0.333333333333,0.30795984417,0.333333333333,0.30795984417
      ,0.333333333333,0.30795984417,0.333333333333,0.30795984417
      ,0.333333333333,0.30795984417,0.333333333333,0.30795984417
      ,0.333333333333,0.30795984417,0.333333333333,0.30795984417
      ,0.333333333333,0.30795984417,0.333333333333,0.30795984417
      ,0.333333333333,0.30795984417,0.333333333333,0.30795984417
      ,0.333333333333,0.30795984417,0.333333333333,0.30795984417
      ,0.333333333333,0.30795984417,0.333333333333,0.30795984417
      ,0.333333333333,0.30795984417,0.333333333333,0.30795984417
      ,0.333333333333,0.30795984417,0.333333333333,0.30795984417
      ,0.333333333333,0.30795984417,0.333333333333,0.30795984417
      ,0.333333333333,0.30795984417,0.333333333333,0.30795984417
      ,0.333333333333,0.30795984417,0.333333333333,0.30795984417
      ,0.333333333333,0.30795984417,0.333333333333,0.30795984417
      ,0.333333333333,0.30795984417,0.333333333333,0.30795984417
      ,0.333333333333,0.30795984417,0.333333333333,0.30795984417
      ,0.333333333333,0.30795984417,0.333333333333,0.30795984417
      ,0.333333333333,0.30795984417,0.333333333333,0.30795984417
      ,0.333333333333,0.30795984417,0.333333333333,0.30795984417
      ,0.333333333333,0.30795984417,0.333333333333,0.30795984417
      ,0.333333333333,0.30795984417,0.333333333333,0.30795984417
      ,0.333333333333,0.30795984417,0.333333333333,0.30795984417
      ,0.333333333333,0.30795984417,0.333333333333,0.30795984417
      ,0.333333333333,0.30795984417,0.333333333333,0.30795984417
      ,0.333333333333,0.30795984417,0.333333333333,0.30795984417
      ,0.333333333333,0.30795984417,0.333333333333,0.30795984417
      ,0.333333333333,0.30795984417,0.333333333333,0.30795984417
      ,0.333333333333,0.30795984417,0.333333333333,0.30795984417
      ,0.333333333333,0.30795984417,0.333333333333,0.30795984417
      ,0.333333333333,0.30795984417,0.333333333333,0.30795984417
      ,0.333333333333,0.30795984417,0.333333333333,0.30795984417
      ,0.333333333333,0.30795984417,0.333333333333,0.30795984417
      ,0.333333333333,0.30795984417,0.333333333333,0.30795984417
      ,0.333333333333)
    ,(0.333333333333,0.30795984417,0.333333333333,0.30795984417
      ,0.333333333333,0.30795984417,0.333333333333,0.30795984417
      ,0.333333333333,0.30795984417,0.333333333333,0.30795984417
      ,0.333333333333,0.30795984417,0.333333333333,0.30795984417
      ,0.333333333333,0.30795984417,0.333333333333,0.30795984417
      ,0.333333333333,0.30795984417,0.333333333333,0.30795984417
      ,0.333333333333,0.30795984417,0.333333333333,0.30795984417
      ,0.333333333333,0.30795984417,0.333333333333,0.30795984417
      ,0.333333333333,0.30795984417,0.333333333333,0.30795984417
      ,0.333333333333,0.30795984417,0.333333333333,0.30795984417
      ,0.333333333333,0.30795984417,0.333333333333,0.30795984417
      ,0.333333333333,0.30795984417,0.333333333333,0.30795984417
      ,0.333333333333,0.30795984417,0.333333333333,0.30795984417
      ,0.333333333333,0.30795984417,0.333333333333,0.30795984417
      ,0.333333333333,0.30795984417,0.333333333333,0.30795984417
      ,0.333333333333,0.30795984417,0.333333333333,0.30795984417
      ,0.333333333333,0.30795984417,0.333333333333,0.30795984417
      ,0.333333333333,0.30795984417,0.333333333333,0.30795984417
      ,0.333333333333,0.30795984417,0.333333333333,0.30795984417
      ,0.333333333333,0.30795984417,0.333333333333,0.30795984417
      ,0.333333333333,0.30795984417,0.333333333333,0.30795984417
      ,0.333333333333,0.30795984417,0.333333333333,0.30795984417
      ,0.333333333333,0.30795984417,0.333333333333,0.30795984417
      ,0.333333333333,0.30795984417,0.333333333333,0.30795984417
      ,0.333333333333,0.30795984417,0.333333333333,0.30795984417
      ,0.333333333333,0.30795984417,0.333333333333,0.30795984417
      ,0.333333333333,0.30795984417,0.333333333333,0.30795984417
      ,0.333333333333,0.30795984417,0.333333333333,0.30795984417
      ,0.333333333333,0.30795984417,0.333333333333,0.30795984417
      ,0.333333333333,0.30795984417,0.333333333333,0.30795984417
      ,0.333333333333,0.30795984417,0.333333333333,0.30795984417
      ,0.333333333333,0.30795984417,0.333333333333,0.30795984417
      ,0.333333333333,0.30795984417,0.333333333333,0.30795984417
      ,0.333333333333,0.30795984417,0.333333333333,0.30795984417
      ,0.333333333333,0.30795984417,0.333333333333,0.30795984417
      ,0.333333333333,0.30795984417,0.333333333333,0.30795984417
      ,0.333333333333,0.30795984417,0.333333333333,0.30795984417
      ,0.333333333333,0.30795984417,0.333333333333,0.30795984417
      ,0.333333333333,0.30795984417,0.333333333333,0.30795984417
      ,0.333333333333,0.30795984417,0.333333333333,0.30795984417
      ,0.333333333333,0.30795984417,0.333333333333,0.30795984417
      ,0.333333333333,0.30795984417,0.333333333333,0.30795984417
      ,0.333333333333,0.30795984417,0.333333333333,0.30795984417
      ,0.333333333333,0.30795984417,0.333333333333,0.30795984417
      ,0.333333333333,0.30795984417,0.333333333333,0.30795984417
      ,0.333333333333,0.30795984417,0.333333333333,0.30795984417
      ,0.333333333333,0.30795984417,0.333333333333,0.30795984417
      ,0.333333333333,0.30795984417,0.333333333333,0.30795984417
      ,0.333333333333,0.30795984417,0.333333333333,0.30795984417
      ,0.333333333333,0.30795984417,0.333333333333,0.30795984417
      ,0.333333333333,0.30795984417,0.333333333333,0.30795984417
      ,0.333333333333,0.30795984417,0.333333333333,0.30795984417
      ,0.333333333333,0.30795984417,0.333333333333,0.30795984417
      ,0.333333333333,0.30795984417,0.333333333333,0.30795984417
      ,0.333333333333,0.30795984417,0.333333333333,0.30795984417
      ,0.333333333333,0.30795984417,0.333333333333,0.30795984417
      ,0.333333333333,0.30795984417,0.333333333333,0.30795984417
      ,0.333333333333,0.30795984417,0.333333333333,0.30795984417
      ,0.333333333333,0.30795984417,0.333333333333,0.30795984417
      ,0.333333333333,0.30795984417,0.333333333333,0.30795984417
      ,0.333333333333,0.30795984417,0.333333333333,0.30795984417
      ,0.333333333333,0.30795984417,0.333333333333,0.30795984417
      ,0.333333333333,0.30795984417,0.333333333333,0.30795984417
      ,0.333333333333,0.30795984417,0.333333333333,0.30795984417
      ,0.333333333333,0.30795984417,0.333333333333,0.30795984417
      ,0.333333333333,0.30795984417,0.333333333333,0.30795984417
      ,0.333333333333,0.30795984417,0.333333333333,0.30795984417
      ,0.333333333333,0.30795984417,0.333333333333,0.30795984417
      ,0.333333333333,0.30795984417,0.333333333333,0.30795984417
      ,0.333333333333,0.30795984417,0.333333333333,0.30795984417
      ,0.333333333333,0.30795984417,0.333333333333,0.30795984417
      ,0.333333333333,0.30795984417,0.333333333333,0.30795984417
      ,0.333333333333,0.30795984417,0.333333333333,0.30795984417
      ,0.333333333333,0.30795984417,0.333333333333,0.30795984417
      ,0.333333333333,0.30795984417,0.333333333333,0.30795984417
      ,0.333333333333,0.30795984417,0.333333333333,0.30795984417
      ,0.333333333333,0.30795984417,0.333333333333,0.30795984417
      ,0.333333333333,0.30795984417,0.333333333333,0.30795984417
      ,0.333333333333,0.30795984417,0.333333333333,0.30795984417
      ,0.333333333333,0.30795984417,0.333333333333,0.30795984417
      ,0.333333333333,0.30795984417,0.333333333333,0.30795984417
      ,0.333333333333,0.30795984417,0.333333333333,0.30795984417
      ,0.333333333333,0.30795984417,0.333333333333,0.30795984417
      ,0.333333333333,0.30795984417,0.333333333333,0.30795984417
      ,0.333333333333,0.30795984417,0.333333333333,0.30795984417
      ,0.333333333333,0.30795984417,0.333333333333,0.30795984417
      ,0.333333333333,0.30795984417,0.333333333333,0.30795984417
      ,0.333333333333,0.30795984417,0.333333333333,0.30795984417
      ,0.333333333333,0.30795984417,0.333333333333,0.30795984417
      ,0.333333333333,0.30795984417,0.333333333333,0.30795984417
      ,0.333333333333,0.30795984417,0.333333333333,0.30795984417
      ,0.333333333333,0.30795984417,0.333333333333,0.30795984417
      ,0.333333333333,0.30795984417,0.333333333333,0.30795984417
      ,0.333333333333,0.30795984417,0.333333333333,0.30795984417
      ,0.333333333333,0.30795984417,0.333333333333,0.30795984417
      ,0.333333333333,0.30795984417,0.333333333333,0.30795984417
      ,0.333333333333,0.30795984417,0.333333333333,0.30795984417
      ,0.333333333333,0.30795984417,0.333333333333,0.30795984417
      ,0.333333333333,0.30795984417,0.333333333333,0.30795984417
      ,0.333333333333,0.30795984417,0.333333333333,0.30795984417
      ,0.333333333333)
    ,(1.,0.923879532511,1.,0.923879532511,1.,0.923879532511,1.
      ,0.923879532511,1.,0.923879532511,1.,0.923879532511,1.
      ,0.923879532511,1.,0.923879532511,1.,0.923879532511,1.
      ,0.923879532511,1.,0.923879532511,1.,0.923879532511,1.
      ,0.923879532511,1.,0.923879532511,1.,0.923879532511,1.
      ,0.923879532511,1.,0.923879532511,1.,0.923879532511,1.
      ,0.923879532511,1.,0.923879532511,1.,0.923879532511,1.
      ,0.923879532511,1.,0.923879532511,1.,0.923879532511,1.
      ,0.923879532511,1.,0.923879532511,1.,0.923879532511,1.
      ,0.923879532511,1.,0.923879532511,1.,0.923879532511,1.
      ,0.923879532511,1.,0.923879532511,1.,0.923879532511,1.
      ,0.923879532511,1.,0.923879532511,1.,0.923879532511,1.
      ,0.923879532511,1.,0.923879532511,1.,0.923879532511,1.
      ,0.923879532511,1.,0.923879532511,1.,0.923879532511,1.
      ,0.923879532511,1.,0.923879532511,1.,0.923879532511,1.
      ,0.923879532511,1.,0.923879532511,1.,0.923879532511,1.
      ,0.923879532511,1.,0.923879532511,1.,0.923879532511,1.
      ,0.923879532511,1.,0.923879532511,1.,0.923879532511,1.
      ,0.923879532511,1.,0.923879532511,1.,0.923879532511,1.
      ,0.923879532511,1.,0.923879532511,1.,0.923879532511,1.
      ,0.923879532511,1.,0.923879532511,1.,0.923879532511,1.
      ,0.923879532511,1.,0.923879532511,1.,0.923879532511,1.
      ,0.923879532511,1.,0.923879532511,1.,0.923879532511,1.
      ,0.923879532511,1.,0.923879532511,1.,0.923879532511,1.
      ,0.923879532511,1.,0.923879532511,1.,0.923879532511,1.
      ,0.923879532511,1.,0.923879532511,1.,0.923879532511,1.
      ,0.923879532511,1.,0.923879532511,1.,0.923879532511,1.
      ,0.923879532511,1.,0.923879532511,1.,0.923879532511,1.
      ,0.923879532511,1.,0.923879532511,1.,0.923879532511,1.
      ,0.923879532511,1.,0.923879532511,1.,0.923879532511,1.
      ,0.923879532511,1.,0.923879532511,1.,0.923879532511,1.
      ,0.923879532511,1.,0.923879532511,1.,0.923879532511,1.
      ,0.923879532511,1.,0.923879532511,1.,0.923879532511,1.
      ,0.923879532511,1.,0.923879532511,1.,0.923879532511,1.
      ,0.923879532511,1.,0.923879532511,1.,0.923879532511,1.
      ,0.923879532511,1.,0.923879532511,1.,0.923879532511,1.
      ,0.923879532511,1.,0.923879532511,1.,0.923879532511,1.
      ,0.923879532511,1.,0.923879532511,1.,0.923879532511,1.
      ,0.923879532511,1.,0.923879532511,1.,0.923879532511,1.
      ,0.923879532511,1.,0.923879532511,1.,0.923879532511,1.
      ,0.923879532511,1.,0.923879532511,1.,0.923879532511,1.
      ,0.923879532511,1.,0.923879532511,1.,0.923879532511,1.
      ,0.923879532511,1.,0.923879532511,1.,0.923879532511,1.
      ,0.923879532511,1.,0.923879532511,1.,0.923879532511,1.
      ,0.923879532511,1.,0.923879532511,1.,0.923879532511,1.
      ,0.923879532511,1.,0.923879532511,1.,0.923879532511,1.
      ,0.923879532511,1.,0.923879532511,1.,0.923879532511,1.
      ,0.923879532511,1.,0.923879532511,1.,0.923879532511,1.
      ,0.923879532511,1.,0.923879532511,1.,0.923879532511,1.
      ,0.923879532511,1.,0.923879532511,1.,0.923879532511,1.
      ,0.923879532511,1.,0.923879532511,1.,0.923879532511,1.
      ,0.923879532511,1.,0.923879532511,1.,0.923879532511,1.
      ,0.923879532511,1.,0.923879532511,1.,0.923879532511,1.
      ,0.923879532511,1.,0.923879532511,1.,0.923879532511,1.
      ,0.923879532511,1.,0.923879532511,1.,0.923879532511,1.
      ,0.923879532511,1.,0.923879532511,1.,0.923879532511,1.
      ,0.923879532511,1.,0.923879532511,1.,0.923879532511,1.
      ,0.923879532511,1.,0.923879532511,1.,0.923879532511,1.
      ,0.923879532511,1.,0.923879532511,1.,0.923879532511,1.
      ,0.923879532511,1.,0.923879532511,1.,0.923879532511,1.
      ,0.923879532511,1.,0.923879532511,1.,0.923879532511,1.
      ,0.923879532511,1.,0.923879532511,1.,0.923879532511,1.
      ,0.923879532511,1.,0.923879532511,1.,0.923879532511,1.
      ,0.923879532511,1.,0.923879532511,1.,0.923879532511,1.
      ,0.923879532511,1.,0.923879532511,1.,0.923879532511,1.
      ,0.923879532511,1.,0.923879532511,1.,0.923879532511,1.
,0.923879532511,1.,0.923879532511,1.
  ))) REPRESENTATION_ITEM('') SURFACE() );
#2462 = CARTESIAN_POINT('',(-3.,1.650197658277,6.24006068063));
#2463 = CARTESIAN_POINT('',(-3.004117000884,1.603322658277,
    7.482701367749));
#2464 = CARTESIAN_POINT('',(-2.128348503687,1.556447658277,
    8.364292183433));
#2465 = CARTESIAN_POINT('',(-1.25258000649,1.509572658277,9.245882999116
    ));
#2466 = CARTESIAN_POINT('',(-9.93931937032E-03,1.462697658277,9.25));
#2467 = CARTESIAN_POINT('',(1.232701367749,1.415822658277,9.254117000884
    ));
#2468 = CARTESIAN_POINT('',(2.114292183433,1.368947658277,8.378348503687
    ));
#2469 = CARTESIAN_POINT('',(2.995882999116,1.322072658277,7.50258000649)
  );
#2470 = CARTESIAN_POINT('',(3.,1.275197658277,6.25993931937));
#2471 = CARTESIAN_POINT('',(3.004117000884,1.228322658277,5.017298632251
    ));
#2472 = CARTESIAN_POINT('',(2.128348503687,1.181447658277,4.135707816567
    ));
#2473 = CARTESIAN_POINT('',(1.25258000649,1.134572658277,3.254117000884)
  );
#2474 = CARTESIAN_POINT('',(9.93931937032E-03,1.087697658277,3.25));
#2475 = CARTESIAN_POINT('',(-1.232701367749,1.040822658277,
    3.245882999116));
#2476 = CARTESIAN_POINT('',(-2.114292183433,0.993947658277,
    4.121651496313));
#2477 = CARTESIAN_POINT('',(-2.995882999116,0.947072658277,4.99741999351
    ));
#2478 = CARTESIAN_POINT('',(-3.,0.900197658277,6.24006068063));
#2479 = CARTESIAN_POINT('',(-3.004117000884,0.853322658277,
    7.482701367749));
#2480 = CARTESIAN_POINT('',(-2.128348503687,0.806447658277,
    8.364292183433));
#2481 = CARTESIAN_POINT('',(-1.25258000649,0.759572658277,9.245882999116
    ));
#2482 = CARTESIAN_POINT('',(-9.93931937032E-03,0.712697658277,9.25));
#2483 = CARTESIAN_POINT('',(1.232701367749,0.665822658277,9.254117000884
    ));
#2484 = CARTESIAN_POINT('',(2.114292183433,0.618947658277,8.378348503687
    ));
#2485 = CARTESIAN_POINT('',(2.995882999116,0.572072658277,7.50258000649)
  );
#2486 = CARTESIAN_POINT('',(3.,0.525197658277,6.25993931937));
#2487 = CARTESIAN_POINT('',(3.004117000884,0.478322658277,5.017298632251
    ));
#2488 = CARTESIAN_POINT('',(2.128348503687,0.431447658277,4.135707816567
    ));
#2489 = CARTESIAN_POINT('',(1.25258000649,0.384572658277,3.254117000884)
  );
#2490 = CARTESIAN_POINT('',(9.93931937032E-03,0.337697658277,3.25));
#2491 = CARTESIAN_POINT('',(-1.232701367749,0.290822658277,
    3.245882999116));
#2492 = CARTESIAN_POINT('',(-2.114292183433,0.243947658277,
    4.121651496313));
#2493 = CARTESIAN_POINT('',(-2.995882999116,0.197072658277,4.99741999351
    ));
#2494 = CARTESIAN_POINT('',(-3.,0.150197658277,6.24006068063));
#2495 = CARTESIAN_POINT('',(-3.004117000884,0.103322658277,
    7.482701367749));
#2496 = CARTESIAN_POINT('',(-2.128348503687,5.644765827666E-02,
    8.364292183433));
#2497 = CARTESIAN_POINT('',(-1.25258000649,9.572658276662E-03,
    9.245882999116));
#2498 = CARTESIAN_POINT('',(-9.93931937032E-03,-3.730234172334E-02,9.25)
  );
#2499 = CARTESIAN_POINT('',(1.232701367749,-8.417734172334E-02,
    9.254117000884));
#2500 = CARTESIAN_POINT('',(2.114292183433,-0.131052341723,
    8.378348503687));
#2501 = CARTESIAN_POINT('',(2.995882999116,-0.177927341723,7.50258000649
    ));
#2502 = CARTESIAN_POINT('',(3.,-0.224802341723,6.25993931937));
#2503 = CARTESIAN_POINT('',(3.004117000884,-0.271677341723,
    5.017298632251));
#2504 = CARTESIAN_POINT('',(2.128348503687,-0.318552341723,
    4.135707816567));
#2505 = CARTESIAN_POINT('',(1.25258000649,-0.365427341723,3.254117000884
    ));
#2506 = CARTESIAN_POINT('',(9.93931937032E-03,-0.412302341723,3.25));
#2507 = CARTESIAN_POINT('',(-1.232701367749,-0.459177341723,
    3.245882999116));
#2508 = CARTESIAN_POINT('',(-2.114292183433,-0.506052341723,
    4.121651496313));
#2509 = CARTESIAN_POINT('',(-2.995882999116,-0.552927341723,
    4.99741999351));
#2510 = CARTESIAN_POINT('',(-3.,-0.599802341723,6.24006068063));
#2511 = CARTESIAN_POINT('',(-3.004117000884,-0.646677341723,
    7.482701367749));
#2512 = CARTESIAN_POINT('',(-2.128348503687,-0.693552341723,
    8.364292183433));
#2513 = CARTESIAN_POINT('',(-1.25258000649,-0.740427341723,
    9.245882999116));
#2514 = CARTESIAN_POINT('',(-9.93931937032E-03,-0.787302341723,9.25));
#2515 = CARTESIAN_POINT('',(1.232701367749,-0.834177341723,
    9.254117000884));
#2516 = CARTESIAN_POINT('',(2.114292183433,-0.881052341723,
    8.378348503687));
#2517 = CARTESIAN_POINT('',(2.995882999116,-0.927927341723,7.50258000649
    ));
#2518 = CARTESIAN_POINT('',(3.,-0.974802341723,6.25993931937));
#2519 = CARTESIAN_POINT('',(3.004117000884,-1.021677341723,
    5.017298632251));
#2520 = CARTESIAN_POINT('',(2.128348503687,-1.068552341723,
    4.135707816567));
#2521 = CARTESIAN_POINT('',(1.25258000649,-1.115427341723,3.254117000884
    ));
#2522 = CARTESIAN_POINT('',(9.93931937032E-03,-1.162302341723,3.25));
#2523 = CARTESIAN_POINT('',(-1.232701367749,-1.209177341723,
    3.245882999116));
#2524 = CARTESIAN_POINT('',(-2.114292183433,-1.256052341723,
    4.121651496313));
#2525 = CARTESIAN_POINT('',(-2.995882999116,-1.302927341723,
    4.99741999351));
#2526 = CARTESIAN_POINT('',(-3.,-1.349802341723,6.24006068063));
#2527 = CARTESIAN_POINT('',(-3.004117000884,-1.396677341723,
    7.482701367749));
#2528 = CARTESIAN_POINT('',(-2.128348503687,-1.443552341723,
    8.364292183433));
#2529 = CARTESIAN_POINT('',(-1.25258000649,-1.490427341723,
    9.245882999116));
#2530 = CARTESIAN_POINT('',(-9.93931937032E-03,-1.537302341723,9.25));
#2531 = CARTESIAN_POINT('',(1.232701367749,-1.584177341723,
    9.254117000884));
#2532 = CARTESIAN_POINT('',(2.114292183433,-1.631052341723,
    8.378348503687));
#2533 = CARTESIAN_POINT('',(2.995882999116,-1.677927341723,7.50258000649
    ));
#2534 = CARTESIAN_POINT('',(3.,-1.724802341723,6.25993931937));
#2535 = CARTESIAN_POINT('',(3.004117000884,-1.771677341723,
    5.017298632251));
#2536 = CARTESIAN_POINT('',(2.128348503687,-1.818552341723,
    4.135707816567));
#2537 = CARTESIAN_POINT('',(1.25258000649,-1.865427341723,3.254117000884
    ));
#2538 = CARTESIAN_POINT('',(9.93931937032E-03,-1.912302341723,3.25));
#2539 = CARTESIAN_POINT('',(-1.232701367749,-1.959177341723,
    3.245882999116));
#2540 = CARTESIAN_POINT('',(-2.114292183433,-2.006052341723,
    4.121651496313));
#2541 = CARTESIAN_POINT('',(-2.995882999116,-2.052927341723,
    4.99741999351));
#2542 = CARTESIAN_POINT('',(-3.,-2.099802341723,6.24006068063));
#2543 = CARTESIAN_POINT('',(-3.004117000884,-2.146677341723,
    7.482701367749));
#2544 = CARTESIAN_POINT('',(-2.128348503687,-2.193552341723,
    8.364292183433));
#2545 = CARTESIAN_POINT('',(-1.25258000649,-2.240427341723,
    9.245882999116));
#2546 = CARTESIAN_POINT('',(-9.93931937032E-03,-2.287302341723,9.25));
#2547 = CARTESIAN_POINT('',(1.232701367749,-2.334177341723,
    9.254117000884));
#2548 = CARTESIAN_POINT('',(2.114292183433,-2.381052341723,
    8.378348503687));
#2549 = CARTESIAN_POINT('',(2.995882999116,-2.427927341723,7.50258000649
    ));
#2550 = CARTESIAN_POINT('',(3.,-2.474802341723,6.25993931937));
#2551 = CARTESIAN_POINT('',(3.004117000884,-2.521677341723,
    5.017298632251));
#2552 = CARTESIAN_POINT('',(2.128348503687,-2.568552341723,
    4.135707816567));
#2553 = CARTESIAN_POINT('',(1.25258000649,-2.615427341723,3.254117000884
    ));
#2554 = CARTESIAN_POINT('',(9.93931937032E-03,-2.662302341723,3.25));
#2555 = CARTESIAN_POINT('',(-1.232701367749,-2.709177341723,
    3.245882999116));
#2556 = CARTESIAN_POINT('',(-2.114292183433,-2.756052341723,
    4.121651496313));
#2557 = CARTESIAN_POINT('',(-2.995882999116,-2.802927341723,
    4.99741999351));
#2558 = CARTESIAN_POINT('',(-3.,-2.849802341723,6.24006068063));
#2559 = CARTESIAN_POINT('',(-3.004117000884,-2.896677341723,
    7.482701367749));
#2560 = CARTESIAN_POINT('',(-2.128348503687,-2.943552341723,
    8.364292183433));
#2561 = CARTESIAN_POINT('',(-1.25258000649,-2.990427341723,
    9.245882999116));
#2562 = CARTESIAN_POINT('',(-9.93931937032E-03,-3.037302341723,9.25));
#2563 = CARTESIAN_POINT('',(1.232701367749,-3.084177341723,
    9.254117000884));
#2564 = CARTESIAN_POINT('',(2.114292183433,-3.131052341723,
    8.378348503687));
#2565 = CARTESIAN_POINT('',(2.995882999116,-3.177927341723,7.50258000649
    ));
#2566 = CARTESIAN_POINT('',(3.,-3.224802341723,6.25993931937));
#2567 = CARTESIAN_POINT('',(3.004117000884,-3.271677341723,
    5.017298632251));
#2568 = CARTESIAN_POINT('',(2.128348503687,-3.318552341723,
    4.135707816567));
#2569 = CARTESIAN_POINT('',(1.25258000649,-3.365427341723,3.254117000884
    ));
#2570 = CARTESIAN_POINT('',(9.93931937032E-03,-3.412302341723,3.25));
#2571 = CARTESIAN_POINT('',(-1.232701367749,-3.459177341723,
    3.245882999116));
#2572 = CARTESIAN_POINT('',(-2.114292183433,-3.506052341723,
    4.121651496313));
#2573 = CARTESIAN_POINT('',(-2.995882999116,-3.552927341723,
    4.99741999351));
#2574 = CARTESIAN_POINT('',(-3.,-3.599802341723,6.24006068063));
#2575 = CARTESIAN_POINT('',(-3.004117000884,-3.646677341723,
    7.482701367749));
#2576 = CARTESIAN_POINT('',(-2.128348503687,-3.693552341723,
    8.364292183433));
#2577 = CARTESIAN_POINT('',(-1.25258000649,-3.740427341723,
    9.245882999116));
#2578 = CARTESIAN_POINT('',(-9.93931937032E-03,-3.787302341723,9.25));
#2579 = CARTESIAN_POINT('',(1.232701367749,-3.834177341723,
    9.254117000884));
#2580 = CARTESIAN_POINT('',(2.114292183433,-3.881052341723,
    8.378348503687));
#2581 = CARTESIAN_POINT('',(2.995882999116,-3.927927341723,7.50258000649
    ));
#2582 = CARTESIAN_POINT('',(3.,-3.974802341723,6.25993931937));
#2583 = CARTESIAN_POINT('',(3.004117000884,-4.021677341723,
    5.017298632251));
#2584 = CARTESIAN_POINT('',(2.128348503687,-4.068552341723,
    4.135707816567));
#2585 = CARTESIAN_POINT('',(1.25258000649,-4.115427341723,3.254117000884
    ));
#2586 = CARTESIAN_POINT('',(9.93931937032E-03,-4.162302341723,3.25));
#2587 = CARTESIAN_POINT('',(-1.232701367749,-4.209177341723,
    3.245882999116));
#2588 = CARTESIAN_POINT('',(-2.114292183433,-4.256052341723,
    4.121651496313));
#2589 = CARTESIAN_POINT('',(-2.995882999116,-4.302927341723,
    4.99741999351));
#2590 = CARTESIAN_POINT('',(-3.,-4.349802341723,6.24006068063));
#2591 = CARTESIAN_POINT('',(-3.004117000884,-4.396677341723,
    7.482701367749));
#2592 = CARTESIAN_POINT('',(-2.128348503687,-4.443552341723,
    8.364292183433));
#2593 = CARTESIAN_POINT('',(-1.25258000649,-4.490427341723,
    9.245882999116));
#2594 = CARTESIAN_POINT('',(-9.93931937032E-03,-4.537302341723,9.25));
#2595 = CARTESIAN_POINT('',(1.232701367749,-4.584177341723,
    9.254117000884));
#2596 = CARTESIAN_POINT('',(2.114292183433,-4.631052341723,
    8.378348503687));
#2597 = CARTESIAN_POINT('',(2.995882999116,-4.677927341723,7.50258000649
    ));
#2598 = CARTESIAN_POINT('',(3.,-4.724802341723,6.25993931937));
#2599 = CARTESIAN_POINT('',(3.004117000884,-4.771677341723,
    5.017298632251));
#2600 = CARTESIAN_POINT('',(2.128348503687,-4.818552341723,
    4.135707816567));
#2601 = CARTESIAN_POINT('',(1.25258000649,-4.865427341723,3.254117000884
    ));
#2602 = CARTESIAN_POINT('',(9.93931937032E-03,-4.912302341723,3.25));
#2603 = CARTESIAN_POINT('',(-1.232701367749,-4.959177341723,
    3.245882999116));
#2604 = CARTESIAN_POINT('',(-2.114292183433,-5.006052341723,
    4.121651496313));
#2605 = CARTESIAN_POINT('',(-2.995882999116,-5.052927341723,
    4.99741999351));
#2606 = CARTESIAN_POINT('',(-3.,-5.099802341723,6.24006068063));
#2607 = CARTESIAN_POINT('',(-3.004117000884,-5.146677341723,
    7.482701367749));
#2608 = CARTESIAN_POINT('',(-2.128348503687,-5.193552341723,
    8.364292183432));
#2609 = CARTESIAN_POINT('',(-1.25258000649,-5.240427341723,
    9.245882999116));
#2610 = CARTESIAN_POINT('',(-9.93931937032E-03,-5.287302341723,9.25));
#2611 = CARTESIAN_POINT('',(1.232701367749,-5.334177341723,
    9.254117000884));
#2612 = CARTESIAN_POINT('',(2.114292183433,-5.381052341723,
    8.378348503687));
#2613 = CARTESIAN_POINT('',(2.995882999116,-5.427927341723,7.50258000649
    ));
#2614 = CARTESIAN_POINT('',(3.,-5.474802341723,6.25993931937));
#2615 = CARTESIAN_POINT('',(3.004117000884,-5.521677341723,
    5.017298632251));
#2616 = CARTESIAN_POINT('',(2.128348503687,-5.568552341723,
    4.135707816567));
#2617 = CARTESIAN_POINT('',(1.25258000649,-5.615427341723,3.254117000884
    ));
#2618 = CARTESIAN_POINT('',(9.93931937032E-03,-5.662302341723,3.25));
#2619 = CARTESIAN_POINT('',(-1.232701367749,-5.709177341723,
    3.245882999116));
#2620 = CARTESIAN_POINT('',(-2.114292183433,-5.756052341723,
    4.121651496313));
#2621 = CARTESIAN_POINT('',(-2.995882999116,-5.802927341723,
    4.99741999351));
#2622 = CARTESIAN_POINT('',(-3.,-5.849802341723,6.24006068063));
#2623 = CARTESIAN_POINT('',(-3.004117000884,-5.896677341723,
    7.482701367749));
#2624 = CARTESIAN_POINT('',(-2.128348503687,-5.943552341723,
    8.364292183432));
#2625 = CARTESIAN_POINT('',(-1.25258000649,-5.990427341723,
    9.245882999116));
#2626 = CARTESIAN_POINT('',(-9.93931937032E-03,-6.037302341723,9.25));
#2627 = CARTESIAN_POINT('',(1.232701367749,-6.084177341723,
    9.254117000884));
#2628 = CARTESIAN_POINT('',(2.114292183433,-6.131052341723,
    8.378348503687));
#2629 = CARTESIAN_POINT('',(2.995882999116,-6.177927341723,7.50258000649
    ));
#2630 = CARTESIAN_POINT('',(3.,-6.224802341723,6.25993931937));
#2631 = CARTESIAN_POINT('',(3.004117000884,-6.271677341723,
    5.017298632251));
#2632 = CARTESIAN_POINT('',(2.128348503687,-6.318552341723,
    4.135707816567));
#2633 = CARTESIAN_POINT('',(1.25258000649,-6.365427341723,3.254117000884
    ));
#2634 = CARTESIAN_POINT('',(9.93931937032E-03,-6.412302341723,3.25));
#2635 = CARTESIAN_POINT('',(-1.232701367749,-6.459177341723,
    3.245882999116));
#2636 = CARTESIAN_POINT('',(-2.114292183433,-6.506052341723,
    4.121651496313));
#2637 = CARTESIAN_POINT('',(-2.995882999116,-6.552927341723,
    4.99741999351));
#2638 = CARTESIAN_POINT('',(-3.,-6.599802341723,6.24006068063));
#2639 = CARTESIAN_POINT('',(-3.004117000884,-6.646677341723,
    7.482701367749));
#2640 = CARTESIAN_POINT('',(-2.128348503687,-6.693552341723,
    8.364292183432));
#2641 = CARTESIAN_POINT('',(-1.25258000649,-6.740427341723,
    9.245882999116));
#2642 = CARTESIAN_POINT('',(-9.93931937032E-03,-6.787302341723,9.25));
#2643 = CARTESIAN_POINT('',(1.232701367749,-6.834177341723,
    9.254117000884));
#2644 = CARTESIAN_POINT('',(2.114292183433,-6.881052341723,
    8.378348503687));
#2645 = CARTESIAN_POINT('',(2.995882999116,-6.927927341723,7.50258000649
    ));
#2646 = CARTESIAN_POINT('',(3.,-6.974802341723,6.25993931937));
#2647 = CARTESIAN_POINT('',(3.004117000884,-7.021677341723,
    5.017298632251));
#2648 = CARTESIAN_POINT('',(2.128348503687,-7.068552341723,
    4.135707816567));
#2649 = CARTESIAN_POINT('',(1.25258000649,-7.115427341723,3.254117000884
    ));
#2650 = CARTESIAN_POINT('',(9.93931937032E-03,-7.162302341723,3.25));
#2651 = CARTESIAN_POINT('',(-1.232701367749,-7.209177341723,
    3.245882999116));
#2652 = CARTESIAN_POINT('',(-2.114292183433,-7.256052341723,
    4.121651496313));
#2653 = CARTESIAN_POINT('',(-2.995882999116,-7.302927341723,
    4.99741999351));
#2654 = CARTESIAN_POINT('',(-3.,-7.349802341723,6.24006068063));
#2655 = CARTESIAN_POINT('',(-3.004117000884,-7.396677341723,
    7.482701367749));
#2656 = CARTESIAN_POINT('',(-2.128348503687,-7.443552341723,
    8.364292183432));
#2657 = CARTESIAN_POINT('',(-1.25258000649,-7.490427341723,
    9.245882999116));
#2658 = CARTESIAN_POINT('',(-9.93931937032E-03,-7.537302341723,9.25));
#2659 = CARTESIAN_POINT('',(1.232701367749,-7.584177341723,
    9.254117000884));
#2660 = CARTESIAN_POINT('',(2.114292183433,-7.631052341723,
    8.378348503687));
#2661 = CARTESIAN_POINT('',(2.995882999116,-7.677927341723,7.50258000649
    ));
#2662 = CARTESIAN_POINT('',(3.,-7.724802341723,6.25993931937));
#2663 = CARTESIAN_POINT('',(3.004117000884,-7.771677341723,
    5.017298632251));
#2664 = CARTESIAN_POINT('',(2.128348503687,-7.818552341723,
    4.135707816567));
#2665 = CARTESIAN_POINT('',(1.25258000649,-7.865427341723,3.254117000884
    ));
#2666 = CARTESIAN_POINT('',(9.93931937032E-03,-7.912302341723,3.25));
#2667 = CARTESIAN_POINT('',(-1.232701367749,-7.959177341723,
    3.245882999116));
#2668 = CARTESIAN_POINT('',(-2.114292183433,-8.006052341723,
    4.121651496313));
#2669 = CARTESIAN_POINT('',(-2.995882999116,-8.052927341723,
    4.99741999351));
#2670 = CARTESIAN_POINT('',(-3.,-8.099802341723,6.24006068063));
#2671 = CARTESIAN_POINT('',(-3.004117000884,-8.146677341723,
    7.482701367749));
#2672 = CARTESIAN_POINT('',(-2.128348503687,-8.193552341723,
    8.364292183432));
#2673 = CARTESIAN_POINT('',(-1.25258000649,-8.240427341723,
    9.245882999116));
#2674 = CARTESIAN_POINT('',(-9.93931937032E-03,-8.287302341723,9.25));
#2675 = CARTESIAN_POINT('',(1.232701367749,-8.334177341723,
    9.254117000884));
#2676 = CARTESIAN_POINT('',(2.114292183433,-8.381052341723,
    8.378348503687));
#2677 = CARTESIAN_POINT('',(2.995882999116,-8.427927341723,7.50258000649
    ));
#2678 = CARTESIAN_POINT('',(3.,-8.474802341723,6.25993931937));
#2679 = CARTESIAN_POINT('',(3.004117000884,-8.521677341723,
    5.017298632251));
#2680 = CARTESIAN_POINT('',(2.128348503687,-8.568552341723,
    4.135707816567));
#2681 = CARTESIAN_POINT('',(1.25258000649,-8.615427341723,3.254117000884
    ));
#2682 = CARTESIAN_POINT('',(9.93931937032E-03,-8.662302341723,3.25));
#2683 = CARTESIAN_POINT('',(-1.232701367749,-8.709177341723,
    3.245882999116));
#2684 = CARTESIAN_POINT('',(-2.114292183433,-8.756052341723,
    4.121651496313));
#2685 = CARTESIAN_POINT('',(-2.995882999116,-8.802927341723,
    4.99741999351));
#2686 = CARTESIAN_POINT('',(-3.,-8.849802341723,6.24006068063));
#2687 = CARTESIAN_POINT('',(-3.004117000884,-8.896677341723,
    7.482701367749));
#2688 = CARTESIAN_POINT('',(-2.128348503687,-8.943552341723,
    8.364292183432));
#2689 = CARTESIAN_POINT('',(-1.25258000649,-8.990427341723,
    9.245882999116));
#2690 = CARTESIAN_POINT('',(-9.93931937032E-03,-9.037302341723,9.25));
#2691 = CARTESIAN_POINT('',(1.232701367749,-9.084177341723,
    9.254117000884));
#2692 = CARTESIAN_POINT('',(2.114292183433,-9.131052341723,
    8.378348503687));
#2693 = CARTESIAN_POINT('',(2.995882999116,-9.177927341723,7.50258000649
    ));
#2694 = CARTESIAN_POINT('',(3.,-9.224802341723,6.25993931937));
#2695 = CARTESIAN_POINT('',(3.004117000884,-9.271677341723,
    5.017298632251));
#2696 = CARTESIAN_POINT('',(2.128348503687,-9.318552341723,
    4.135707816567));
#2697 = CARTESIAN_POINT('',(1.25258000649,-9.365427341723,3.254117000884
    ));
#2698 = CARTESIAN_POINT('',(9.93931937032E-03,-9.412302341723,3.25));
#2699 = CARTESIAN_POINT('',(-1.232701367749,-9.459177341723,
    3.245882999116));
#2700 = CARTESIAN_POINT('',(-2.114292183433,-9.506052341723,
    4.121651496313));
#2701 = CARTESIAN_POINT('',(-2.995882999116,-9.552927341723,
    4.99741999351));
#2702 = CARTESIAN_POINT('',(-3.,-9.599802341723,6.24006068063));
#2703 = CARTESIAN_POINT('',(-3.004117000884,-9.646677341723,
    7.482701367749));
#2704 = CARTESIAN_POINT('',(-2.128348503687,-9.693552341723,
    8.364292183432));
#2705 = CARTESIAN_POINT('',(-1.25258000649,-9.740427341723,
    9.245882999116));
#2706 = CARTESIAN_POINT('',(-9.93931937032E-03,-9.787302341723,9.25));
#2707 = CARTESIAN_POINT('',(1.232701367749,-9.834177341723,
    9.254117000884));
#2708 = CARTESIAN_POINT('',(2.114292183433,-9.881052341723,
    8.378348503687));
#2709 = CARTESIAN_POINT('',(2.995882999116,-9.927927341723,7.50258000649
    ));
#2710 = CARTESIAN_POINT('',(3.,-9.974802341723,6.25993931937));
#2711 = CARTESIAN_POINT('',(3.004117000884,-10.02167734172,
    5.017298632251));
#2712 = CARTESIAN_POINT('',(2.128348503687,-10.06855234172,
    4.135707816567));
#2713 = CARTESIAN_POINT('',(1.25258000649,-10.11542734172,3.254117000884
    ));
#2714 = CARTESIAN_POINT('',(9.93931937032E-03,-10.16230234172,3.25));
#2715 = CARTESIAN_POINT('',(-1.232701367749,-10.20917734172,
    3.245882999116));
#2716 = CARTESIAN_POINT('',(-2.114292183433,-10.25605234172,
    4.121651496313));
#2717 = CARTESIAN_POINT('',(-2.995882999116,-10.30292734172,
    4.99741999351));
#2718 = CARTESIAN_POINT('',(-3.,-10.34980234172,6.24006068063));
#2719 = CARTESIAN_POINT('',(-3.004117000884,-10.39667734172,
    7.482701367749));
#2720 = CARTESIAN_POINT('',(-2.128348503687,-10.44355234172,
    8.364292183432));
#2721 = CARTESIAN_POINT('',(-1.25258000649,-10.49042734172,
    9.245882999116));
#2722 = CARTESIAN_POINT('',(-9.93931937032E-03,-10.53730234172,9.25));
#2723 = CARTESIAN_POINT('',(1.232701367749,-10.58417734172,
    9.254117000884));
#2724 = CARTESIAN_POINT('',(2.114292183433,-10.63105234172,
    8.378348503687));
#2725 = CARTESIAN_POINT('',(2.995882999116,-10.67792734172,7.50258000649
    ));
#2726 = CARTESIAN_POINT('',(3.,-10.72480234172,6.25993931937));
#2727 = CARTESIAN_POINT('',(3.004117000884,-10.77167734172,
    5.017298632251));
#2728 = CARTESIAN_POINT('',(2.128348503687,-10.81855234172,
    4.135707816567));
#2729 = CARTESIAN_POINT('',(1.25258000649,-10.86542734172,3.254117000884
    ));
#2730 = CARTESIAN_POINT('',(9.93931937032E-03,-10.91230234172,3.25));
#2731 = CARTESIAN_POINT('',(-1.232701367749,-10.95917734172,
    3.245882999116));
#2732 = CARTESIAN_POINT('',(-2.114292183433,-11.00605234172,
    4.121651496313));
#2733 = CARTESIAN_POINT('',(-2.995882999116,-11.05292734172,
    4.99741999351));
#2734 = CARTESIAN_POINT('',(-3.,-11.09980234172,6.24006068063));
#2735 = CARTESIAN_POINT('',(-3.004117000884,-11.14667734172,
    7.482701367749));
#2736 = CARTESIAN_POINT('',(-2.128348503687,-11.19355234172,
    8.364292183432));
#2737 = CARTESIAN_POINT('',(-1.25258000649,-11.24042734172,
    9.245882999116));
#2738 = CARTESIAN_POINT('',(-9.93931937032E-03,-11.28730234172,9.25));
#2739 = CARTESIAN_POINT('',(1.232701367749,-11.33417734172,
    9.254117000884));
#2740 = CARTESIAN_POINT('',(2.114292183433,-11.38105234172,
    8.378348503687));
#2741 = CARTESIAN_POINT('',(2.995882999116,-11.42792734172,7.50258000649
    ));
#2742 = CARTESIAN_POINT('',(3.,-11.47480234172,6.25993931937));
#2743 = CARTESIAN_POINT('',(3.004117000884,-11.52167734172,
    5.017298632251));
#2744 = CARTESIAN_POINT('',(2.128348503687,-11.56855234172,
    4.135707816567));
#2745 = CARTESIAN_POINT('',(1.25258000649,-11.61542734172,3.254117000884
    ));
#2746 = CARTESIAN_POINT('',(9.93931937032E-03,-11.66230234172,3.25));
#2747 = CARTESIAN_POINT('',(-1.232701367749,-11.70917734172,
    3.245882999116));
#2748 = CARTESIAN_POINT('',(-2.114292183433,-11.75605234172,
    4.121651496313));
#2749 = CARTESIAN_POINT('',(-2.995882999116,-11.80292734172,
    4.99741999351));
#2750 = CARTESIAN_POINT('',(-3.,-11.84980234172,6.24006068063));
#2751 = CARTESIAN_POINT('',(-3.004117000884,-11.89667734172,
    7.482701367749));
#2752 = CARTESIAN_POINT('',(-2.128348503687,-11.94355234172,
    8.364292183432));
#2753 = CARTESIAN_POINT('',(-1.25258000649,-11.99042734172,
    9.245882999116));
#2754 = CARTESIAN_POINT('',(-9.93931937032E-03,-12.03730234172,9.25));
#2755 = CARTESIAN_POINT('',(1.232701367749,-12.08417734172,
    9.254117000884));
#2756 = CARTESIAN_POINT('',(2.114292183433,-12.13105234172,
    8.378348503687));
#2757 = CARTESIAN_POINT('',(2.995882999116,-12.17792734172,7.50258000649
    ));
#2758 = CARTESIAN_POINT('',(3.,-12.22480234172,6.25993931937));
#2759 = CARTESIAN_POINT('',(3.004117000884,-12.27167734172,
    5.017298632251));
#2760 = CARTESIAN_POINT('',(2.128348503687,-12.31855234172,
    4.135707816567));
#2761 = CARTESIAN_POINT('',(1.25258000649,-12.36542734172,3.254117000884
    ));
#2762 = CARTESIAN_POINT('',(9.93931937032E-03,-12.41230234172,3.25));
#2763 = CARTESIAN_POINT('',(-1.232701367749,-12.45917734172,
    3.245882999116));
#2764 = CARTESIAN_POINT('',(-2.114292183433,-12.50605234172,
    4.121651496313));
#2765 = CARTESIAN_POINT('',(-2.995882999116,-12.55292734172,
    4.99741999351));
#2766 = CARTESIAN_POINT('',(-3.,-12.59980234172,6.24006068063));
#2767 = CARTESIAN_POINT('',(-3.004117000884,-12.64667734172,
    7.482701367749));
#2768 = CARTESIAN_POINT('',(-2.128348503687,-12.69355234172,
    8.364292183432));
#2769 = CARTESIAN_POINT('',(-1.25258000649,-12.74042734172,
    9.245882999116));
#2770 = CARTESIAN_POINT('',(-9.93931937032E-03,-12.78730234172,9.25));
#2771 = CARTESIAN_POINT('',(1.232701367749,-12.83417734172,
    9.254117000884));
#2772 = CARTESIAN_POINT('',(2.114292183433,-12.88105234172,
    8.378348503687));
#2773 = CARTESIAN_POINT('',(2.995882999116,-12.92792734172,7.50258000649
    ));
#2774 = CARTESIAN_POINT('',(3.,-12.97480234172,6.25993931937));
#2775 = CARTESIAN_POINT('',(3.004117000884,-13.02167734172,
    5.017298632251));
#2776 = CARTESIAN_POINT('',(2.128348503687,-13.06855234172,
    4.135707816567));
#2777 = CARTESIAN_POINT('',(1.25258000649,-13.11542734172,3.254117000884
    ));
#2778 = CARTESIAN_POINT('',(9.93931937032E-03,-13.16230234172,3.25));
#2779 = CARTESIAN_POINT('',(-1.232701367749,-13.20917734172,
    3.245882999116));
#2780 = CARTESIAN_POINT('',(-2.114292183433,-13.25605234172,
    4.121651496313));
#2781 = CARTESIAN_POINT('',(-2.995882999116,-13.30292734172,
    4.99741999351));
#2782 = CARTESIAN_POINT('',(-3.,-13.34980234172,6.24006068063));
#2783 = CARTESIAN_POINT('',(-3.004117000884,-13.39667734172,
    7.482701367749));
#2784 = CARTESIAN_POINT('',(-2.128348503687,-13.44355234172,
    8.364292183432));
#2785 = CARTESIAN_POINT('',(-1.25258000649,-13.49042734172,
    9.245882999116));
#2786 = CARTESIAN_POINT('',(-9.93931937032E-03,-13.53730234172,9.25));
#2787 = CARTESIAN_POINT('',(1.232701367749,-13.58417734172,
    9.254117000884));
#2788 = CARTESIAN_POINT('',(2.114292183433,-13.63105234172,
    8.378348503687));
#2789 = CARTESIAN_POINT('',(2.995882999116,-13.67792734172,7.50258000649
    ));
#2790 = CARTESIAN_POINT('',(3.,-13.72480234172,6.25993931937));
#2791 = CARTESIAN_POINT('',(3.004117000884,-13.77167734172,
    5.017298632251));
#2792 = CARTESIAN_POINT('',(2.128348503687,-13.81855234172,
    4.135707816567));
#2793 = CARTESIAN_POINT('',(1.25258000649,-13.86542734172,3.254117000884
    ));
#2794 = CARTESIAN_POINT('',(9.93931937032E-03,-13.91230234172,3.25));
#2795 = CARTESIAN_POINT('',(-1.232701367749,-13.95917734172,
    3.245882999116));
#2796 = CARTESIAN_POINT('',(-2.114292183433,-14.00605234172,
    4.121651496313));
#2797 = CARTESIAN_POINT('',(-2.995882999116,-14.05292734172,
    4.99741999351));
#2798 = CARTESIAN_POINT('',(-3.,-14.09980234172,6.24006068063));
#2799 = CARTESIAN_POINT('',(-3.004117000884,-14.14667734172,
    7.482701367749));
#2800 = CARTESIAN_POINT('',(-2.128348503687,-14.19355234172,
    8.364292183432));
#2801 = CARTESIAN_POINT('',(-1.25258000649,-14.24042734172,
    9.245882999116));
#2802 = CARTESIAN_POINT('',(-9.93931937032E-03,-14.28730234172,9.25));
#2803 = CARTESIAN_POINT('',(1.232701367749,-14.33417734172,
    9.254117000884));
#2804 = CARTESIAN_POINT('',(2.114292183433,-14.38105234172,
    8.378348503687));
#2805 = CARTESIAN_POINT('',(2.995882999116,-14.42792734172,7.50258000649
    ));
#2806 = CARTESIAN_POINT('',(3.,-14.47480234172,6.25993931937));
#2807 = CARTESIAN_POINT('',(3.004117000884,-14.52167734172,
    5.017298632251));
#2808 = CARTESIAN_POINT('',(2.128348503687,-14.56855234172,
    4.135707816567));
#2809 = CARTESIAN_POINT('',(1.25258000649,-14.61542734172,3.254117000884
    ));
#2810 = CARTESIAN_POINT('',(9.93931937032E-03,-14.66230234172,3.25));
#2811 = CARTESIAN_POINT('',(-1.232701367749,-14.70917734172,
    3.245882999116));
#2812 = CARTESIAN_POINT('',(-2.114292183433,-14.75605234172,
    4.121651496313));
#2813 = CARTESIAN_POINT('',(-2.995882999116,-14.80292734172,
    4.99741999351));
#2814 = CARTESIAN_POINT('',(-3.,-14.84980234172,6.24006068063));
#2815 = CARTESIAN_POINT('',(-3.004117000884,-14.89667734172,
    7.482701367749));
#2816 = CARTESIAN_POINT('',(-2.128348503687,-14.94355234172,
    8.364292183432));
#2817 = CARTESIAN_POINT('',(-1.25258000649,-14.99042734172,
    9.245882999116));
#2818 = CARTESIAN_POINT('',(-9.93931937032E-03,-15.03730234172,9.25));
#2819 = CARTESIAN_POINT('',(1.232701367749,-15.08417734172,
    9.254117000884));
#2820 = CARTESIAN_POINT('',(2.114292183433,-15.13105234172,
    8.378348503687));
#2821 = CARTESIAN_POINT('',(2.995882999116,-15.17792734172,7.50258000649
    ));
#2822 = CARTESIAN_POINT('',(3.,-15.22480234172,6.25993931937));
#2823 = CARTESIAN_POINT('',(3.004117000884,-15.27167734172,
    5.017298632251));
#2824 = CARTESIAN_POINT('',(2.128348503687,-15.31855234172,
    4.135707816567));
#2825 = CARTESIAN_POINT('',(1.25258000649,-15.36542734172,3.254117000884
    ));
#2826 = CARTESIAN_POINT('',(9.93931937032E-03,-15.41230234172,3.25));
#2827 = CARTESIAN_POINT('',(-1.232701367749,-15.45917734172,
    3.245882999116));
#2828 = CARTESIAN_POINT('',(-2.114292183433,-15.50605234172,
    4.121651496313));
#2829 = CARTESIAN_POINT('',(-2.995882999116,-15.55292734172,
    4.99741999351));
#2830 = CARTESIAN_POINT('',(-3.,-15.59980234172,6.24006068063));
#2831 = CARTESIAN_POINT('',(-3.004117000884,-15.64667734172,
    7.482701367749));
#2832 = CARTESIAN_POINT('',(-2.128348503687,-15.69355234172,
    8.364292183432));
#2833 = CARTESIAN_POINT('',(-1.25258000649,-15.74042734172,
    9.245882999116));
#2834 = CARTESIAN_POINT('',(-9.93931937032E-03,-15.78730234172,9.25));
#2835 = CARTESIAN_POINT('',(1.232701367749,-15.83417734172,
    9.254117000884));
#2836 = CARTESIAN_POINT('',(2.114292183433,-15.88105234172,
    8.378348503687));
#2837 = CARTESIAN_POINT('',(2.995882999116,-15.92792734172,7.50258000649
    ));
#2838 = CARTESIAN_POINT('',(3.,-15.97480234172,6.25993931937));
#2839 = CARTESIAN_POINT('',(3.004117000884,-16.02167734172,
    5.017298632251));
#2840 = CARTESIAN_POINT('',(2.128348503687,-16.06855234172,
    4.135707816567));
#2841 = CARTESIAN_POINT('',(1.25258000649,-16.11542734172,3.254117000884
    ));
#2842 = CARTESIAN_POINT('',(9.93931937032E-03,-16.16230234172,3.25));
#2843 = CARTESIAN_POINT('',(-1.232701367749,-16.20917734172,
    3.245882999116));
#2844 = CARTESIAN_POINT('',(-2.114292183433,-16.25605234172,
    4.121651496313));
#2845 = CARTESIAN_POINT('',(-2.995882999116,-16.30292734172,
    4.99741999351));
#2846 = CARTESIAN_POINT('',(-3.,-16.34980234172,6.24006068063));
#2847 = CARTESIAN_POINT('',(-3.004117000884,-16.39667734172,
    7.482701367749));
#2848 = CARTESIAN_POINT('',(-2.128348503687,-16.44355234172,
    8.364292183432));
#2849 = CARTESIAN_POINT('',(-1.25258000649,-16.49042734172,
    9.245882999116));
#2850 = CARTESIAN_POINT('',(-9.93931937032E-03,-16.53730234172,9.25));
#2851 = CARTESIAN_POINT('',(1.232701367749,-16.58417734172,
    9.254117000884));
#2852 = CARTESIAN_POINT('',(2.114292183433,-16.63105234172,
    8.378348503687));
#2853 = CARTESIAN_POINT('',(2.995882999116,-16.67792734172,7.50258000649
    ));
#2854 = CARTESIAN_POINT('',(3.,-16.72480234172,6.25993931937));
#2855 = CARTESIAN_POINT('',(3.004117000884,-16.77167734172,
    5.017298632251));
#2856 = CARTESIAN_POINT('',(2.128348503687,-16.81855234172,
    4.135707816567));
#2857 = CARTESIAN_POINT('',(1.25258000649,-16.86542734172,3.254117000884
    ));
#2858 = CARTESIAN_POINT('',(9.93931937032E-03,-16.91230234172,3.25));
#2859 = CARTESIAN_POINT('',(-1.232701367749,-16.95917734172,
    3.245882999116));
#2860 = CARTESIAN_POINT('',(-2.114292183433,-17.00605234172,
    4.121651496313));
#2861 = CARTESIAN_POINT('',(-2.995882999116,-17.05292734172,
    4.99741999351));
#2862 = CARTESIAN_POINT('',(-3.,-17.09980234172,6.24006068063));
#2863 = CARTESIAN_POINT('',(-2.5,1.650197658277,6.24006068063));
#2864 = CARTESIAN_POINT('',(-2.504117000884,1.603322658277,
    7.275594586562));
#2865 = CARTESIAN_POINT('',(-1.774795113093,1.556447658277,
    8.010738792839));
#2866 = CARTESIAN_POINT('',(-1.045473225303,1.509572658277,
    8.745882999116));
#2867 = CARTESIAN_POINT('',(-9.939319370316E-03,1.462697658277,8.75));
#2868 = CARTESIAN_POINT('',(1.025594586562,1.415822658277,8.754117000884
    ));
#2869 = CARTESIAN_POINT('',(1.760738792839,1.368947658277,8.024795113094
    ));
#2870 = CARTESIAN_POINT('',(2.495882999116,1.322072658277,7.295473225303
    ));
#2871 = CARTESIAN_POINT('',(2.5,1.275197658277,6.25993931937));
#2872 = CARTESIAN_POINT('',(2.504117000884,1.228322658277,5.224405413438
    ));
#2873 = CARTESIAN_POINT('',(1.774795113093,1.181447658277,4.489261207161
    ));
#2874 = CARTESIAN_POINT('',(1.045473225303,1.134572658277,3.754117000884
    ));
#2875 = CARTESIAN_POINT('',(9.939319370317E-03,1.087697658277,3.75));
#2876 = CARTESIAN_POINT('',(-1.025594586562,1.040822658277,
    3.745882999116));
#2877 = CARTESIAN_POINT('',(-1.760738792839,0.993947658277,
    4.475204886907));
#2878 = CARTESIAN_POINT('',(-2.495882999116,0.947072658277,
    5.204526774697));
#2879 = CARTESIAN_POINT('',(-2.5,0.900197658277,6.24006068063));
#2880 = CARTESIAN_POINT('',(-2.504117000884,0.853322658277,
    7.275594586562));
#2881 = CARTESIAN_POINT('',(-1.774795113093,0.806447658277,
    8.010738792839));
#2882 = CARTESIAN_POINT('',(-1.045473225303,0.759572658277,
    8.745882999116));
#2883 = CARTESIAN_POINT('',(-9.939319370316E-03,0.712697658277,8.75));
#2884 = CARTESIAN_POINT('',(1.025594586562,0.665822658277,8.754117000884
    ));
#2885 = CARTESIAN_POINT('',(1.760738792839,0.618947658277,8.024795113094
    ));
#2886 = CARTESIAN_POINT('',(2.495882999116,0.572072658277,7.295473225303
    ));
#2887 = CARTESIAN_POINT('',(2.5,0.525197658277,6.25993931937));
#2888 = CARTESIAN_POINT('',(2.504117000884,0.478322658277,5.224405413438
    ));
#2889 = CARTESIAN_POINT('',(1.774795113093,0.431447658277,4.489261207161
    ));
#2890 = CARTESIAN_POINT('',(1.045473225303,0.384572658277,3.754117000884
    ));
#2891 = CARTESIAN_POINT('',(9.939319370317E-03,0.337697658277,3.75));
#2892 = CARTESIAN_POINT('',(-1.025594586562,0.290822658277,
    3.745882999116));
#2893 = CARTESIAN_POINT('',(-1.760738792839,0.243947658277,
    4.475204886907));
#2894 = CARTESIAN_POINT('',(-2.495882999116,0.197072658277,
    5.204526774697));
#2895 = CARTESIAN_POINT('',(-2.5,0.150197658277,6.24006068063));
#2896 = CARTESIAN_POINT('',(-2.504117000884,0.103322658277,
    7.275594586562));
#2897 = CARTESIAN_POINT('',(-1.774795113093,5.644765827667E-02,
    8.010738792839));
#2898 = CARTESIAN_POINT('',(-1.045473225303,9.572658276663E-03,
    8.745882999116));
#2899 = CARTESIAN_POINT('',(-9.939319370316E-03,-3.730234172334E-02,8.75
    ));
#2900 = CARTESIAN_POINT('',(1.025594586562,-8.417734172334E-02,
    8.754117000884));
#2901 = CARTESIAN_POINT('',(1.760738792839,-0.131052341723,
    8.024795113094));
#2902 = CARTESIAN_POINT('',(2.495882999116,-0.177927341723,
    7.295473225303));
#2903 = CARTESIAN_POINT('',(2.5,-0.224802341723,6.25993931937));
#2904 = CARTESIAN_POINT('',(2.504117000884,-0.271677341723,
    5.224405413438));
#2905 = CARTESIAN_POINT('',(1.774795113093,-0.318552341723,
    4.489261207161));
#2906 = CARTESIAN_POINT('',(1.045473225303,-0.365427341723,
    3.754117000884));
#2907 = CARTESIAN_POINT('',(9.939319370317E-03,-0.412302341723,3.75));
#2908 = CARTESIAN_POINT('',(-1.025594586562,-0.459177341723,
    3.745882999116));
#2909 = CARTESIAN_POINT('',(-1.760738792839,-0.506052341723,
    4.475204886907));
#2910 = CARTESIAN_POINT('',(-2.495882999116,-0.552927341723,
    5.204526774697));
#2911 = CARTESIAN_POINT('',(-2.5,-0.599802341723,6.24006068063));
#2912 = CARTESIAN_POINT('',(-2.504117000884,-0.646677341723,
    7.275594586562));
#2913 = CARTESIAN_POINT('',(-1.774795113093,-0.693552341723,
    8.010738792839));
#2914 = CARTESIAN_POINT('',(-1.045473225303,-0.740427341723,
    8.745882999116));
#2915 = CARTESIAN_POINT('',(-9.939319370316E-03,-0.787302341723,8.75));
#2916 = CARTESIAN_POINT('',(1.025594586562,-0.834177341723,
    8.754117000884));
#2917 = CARTESIAN_POINT('',(1.760738792839,-0.881052341723,
    8.024795113094));
#2918 = CARTESIAN_POINT('',(2.495882999116,-0.927927341723,
    7.295473225303));
#2919 = CARTESIAN_POINT('',(2.5,-0.974802341723,6.25993931937));
#2920 = CARTESIAN_POINT('',(2.504117000884,-1.021677341723,
    5.224405413438));
#2921 = CARTESIAN_POINT('',(1.774795113093,-1.068552341723,
    4.489261207161));
#2922 = CARTESIAN_POINT('',(1.045473225303,-1.115427341723,
    3.754117000884));
#2923 = CARTESIAN_POINT('',(9.939319370317E-03,-1.162302341723,3.75));
#2924 = CARTESIAN_POINT('',(-1.025594586562,-1.209177341723,
    3.745882999116));
#2925 = CARTESIAN_POINT('',(-1.760738792839,-1.256052341723,
    4.475204886906));
#2926 = CARTESIAN_POINT('',(-2.495882999116,-1.302927341723,
    5.204526774697));
#2927 = CARTESIAN_POINT('',(-2.5,-1.349802341723,6.24006068063));
#2928 = CARTESIAN_POINT('',(-2.504117000884,-1.396677341723,
    7.275594586562));
#2929 = CARTESIAN_POINT('',(-1.774795113093,-1.443552341723,
    8.010738792839));
#2930 = CARTESIAN_POINT('',(-1.045473225303,-1.490427341723,
    8.745882999116));
#2931 = CARTESIAN_POINT('',(-9.939319370316E-03,-1.537302341723,8.75));
#2932 = CARTESIAN_POINT('',(1.025594586562,-1.584177341723,
    8.754117000884));
#2933 = CARTESIAN_POINT('',(1.760738792839,-1.631052341723,
    8.024795113093));
#2934 = CARTESIAN_POINT('',(2.495882999116,-1.677927341723,
    7.295473225303));
#2935 = CARTESIAN_POINT('',(2.5,-1.724802341723,6.25993931937));
#2936 = CARTESIAN_POINT('',(2.504117000884,-1.771677341723,
    5.224405413438));
#2937 = CARTESIAN_POINT('',(1.774795113093,-1.818552341723,
    4.489261207161));
#2938 = CARTESIAN_POINT('',(1.045473225303,-1.865427341723,
    3.754117000884));
#2939 = CARTESIAN_POINT('',(9.939319370317E-03,-1.912302341723,3.75));
#2940 = CARTESIAN_POINT('',(-1.025594586562,-1.959177341723,
    3.745882999116));
#2941 = CARTESIAN_POINT('',(-1.760738792839,-2.006052341723,
    4.475204886906));
#2942 = CARTESIAN_POINT('',(-2.495882999116,-2.052927341723,
    5.204526774697));
#2943 = CARTESIAN_POINT('',(-2.5,-2.099802341723,6.24006068063));
#2944 = CARTESIAN_POINT('',(-2.504117000884,-2.146677341723,
    7.275594586562));
#2945 = CARTESIAN_POINT('',(-1.774795113093,-2.193552341723,
    8.010738792839));
#2946 = CARTESIAN_POINT('',(-1.045473225303,-2.240427341723,
    8.745882999116));
#2947 = CARTESIAN_POINT('',(-9.939319370316E-03,-2.287302341723,8.75));
#2948 = CARTESIAN_POINT('',(1.025594586562,-2.334177341723,
    8.754117000884));
#2949 = CARTESIAN_POINT('',(1.760738792839,-2.381052341723,
    8.024795113093));
#2950 = CARTESIAN_POINT('',(2.495882999116,-2.427927341723,
    7.295473225303));
#2951 = CARTESIAN_POINT('',(2.5,-2.474802341723,6.25993931937));
#2952 = CARTESIAN_POINT('',(2.504117000884,-2.521677341723,
    5.224405413438));
#2953 = CARTESIAN_POINT('',(1.774795113093,-2.568552341723,
    4.489261207161));
#2954 = CARTESIAN_POINT('',(1.045473225303,-2.615427341723,
    3.754117000884));
#2955 = CARTESIAN_POINT('',(9.939319370317E-03,-2.662302341723,3.75));
#2956 = CARTESIAN_POINT('',(-1.025594586562,-2.709177341723,
    3.745882999116));
#2957 = CARTESIAN_POINT('',(-1.760738792839,-2.756052341723,
    4.475204886906));
#2958 = CARTESIAN_POINT('',(-2.495882999116,-2.802927341723,
    5.204526774697));
#2959 = CARTESIAN_POINT('',(-2.5,-2.849802341723,6.24006068063));
#2960 = CARTESIAN_POINT('',(-2.504117000884,-2.896677341723,
    7.275594586562));
#2961 = CARTESIAN_POINT('',(-1.774795113093,-2.943552341723,
    8.010738792839));
#2962 = CARTESIAN_POINT('',(-1.045473225303,-2.990427341723,
    8.745882999116));
#2963 = CARTESIAN_POINT('',(-9.939319370316E-03,-3.037302341723,8.75));
#2964 = CARTESIAN_POINT('',(1.025594586562,-3.084177341723,
    8.754117000884));
#2965 = CARTESIAN_POINT('',(1.760738792839,-3.131052341723,
    8.024795113093));
#2966 = CARTESIAN_POINT('',(2.495882999116,-3.177927341723,
    7.295473225303));
#2967 = CARTESIAN_POINT('',(2.5,-3.224802341723,6.25993931937));
#2968 = CARTESIAN_POINT('',(2.504117000884,-3.271677341723,
    5.224405413438));
#2969 = CARTESIAN_POINT('',(1.774795113093,-3.318552341723,
    4.489261207161));
#2970 = CARTESIAN_POINT('',(1.045473225303,-3.365427341723,
    3.754117000884));
#2971 = CARTESIAN_POINT('',(9.939319370317E-03,-3.412302341723,3.75));
#2972 = CARTESIAN_POINT('',(-1.025594586562,-3.459177341723,
    3.745882999116));
#2973 = CARTESIAN_POINT('',(-1.760738792839,-3.506052341723,
    4.475204886906));
#2974 = CARTESIAN_POINT('',(-2.495882999116,-3.552927341723,
    5.204526774697));
#2975 = CARTESIAN_POINT('',(-2.5,-3.599802341723,6.24006068063));
#2976 = CARTESIAN_POINT('',(-2.504117000884,-3.646677341723,
    7.275594586562));
#2977 = CARTESIAN_POINT('',(-1.774795113093,-3.693552341723,
    8.010738792839));
#2978 = CARTESIAN_POINT('',(-1.045473225303,-3.740427341723,
    8.745882999116));
#2979 = CARTESIAN_POINT('',(-9.939319370316E-03,-3.787302341723,8.75));
#2980 = CARTESIAN_POINT('',(1.025594586562,-3.834177341723,
    8.754117000884));
#2981 = CARTESIAN_POINT('',(1.760738792839,-3.881052341723,
    8.024795113093));
#2982 = CARTESIAN_POINT('',(2.495882999116,-3.927927341723,
    7.295473225303));
#2983 = CARTESIAN_POINT('',(2.5,-3.974802341723,6.25993931937));
#2984 = CARTESIAN_POINT('',(2.504117000884,-4.021677341723,
    5.224405413438));
#2985 = CARTESIAN_POINT('',(1.774795113093,-4.068552341723,
    4.489261207161));
#2986 = CARTESIAN_POINT('',(1.045473225303,-4.115427341723,
    3.754117000884));
#2987 = CARTESIAN_POINT('',(9.939319370317E-03,-4.162302341723,3.75));
#2988 = CARTESIAN_POINT('',(-1.025594586562,-4.209177341723,
    3.745882999116));
#2989 = CARTESIAN_POINT('',(-1.760738792839,-4.256052341723,
    4.475204886906));
#2990 = CARTESIAN_POINT('',(-2.495882999116,-4.302927341723,
    5.204526774697));
#2991 = CARTESIAN_POINT('',(-2.5,-4.349802341723,6.24006068063));
#2992 = CARTESIAN_POINT('',(-2.504117000884,-4.396677341723,
    7.275594586562));
#2993 = CARTESIAN_POINT('',(-1.774795113093,-4.443552341723,
    8.010738792839));
#2994 = CARTESIAN_POINT('',(-1.045473225303,-4.490427341723,
    8.745882999116));
#2995 = CARTESIAN_POINT('',(-9.939319370316E-03,-4.537302341723,8.75));
#2996 = CARTESIAN_POINT('',(1.025594586562,-4.584177341723,
    8.754117000884));
#2997 = CARTESIAN_POINT('',(1.760738792839,-4.631052341723,
    8.024795113093));
#2998 = CARTESIAN_POINT('',(2.495882999116,-4.677927341723,
    7.295473225303));
#2999 = CARTESIAN_POINT('',(2.5,-4.724802341723,6.25993931937));
#3000 = CARTESIAN_POINT('',(2.504117000884,-4.771677341723,
    5.224405413438));
#3001 = CARTESIAN_POINT('',(1.774795113093,-4.818552341723,
    4.489261207161));
#3002 = CARTESIAN_POINT('',(1.045473225303,-4.865427341723,
    3.754117000884));
#3003 = CARTESIAN_POINT('',(9.939319370317E-03,-4.912302341723,3.75));
#3004 = CARTESIAN_POINT('',(-1.025594586562,-4.959177341723,
    3.745882999116));
#3005 = CARTESIAN_POINT('',(-1.760738792839,-5.006052341723,
    4.475204886906));
#3006 = CARTESIAN_POINT('',(-2.495882999116,-5.052927341723,
    5.204526774697));
#3007 = CARTESIAN_POINT('',(-2.5,-5.099802341723,6.24006068063));
#3008 = CARTESIAN_POINT('',(-2.504117000884,-5.146677341723,
    7.275594586562));
#3009 = CARTESIAN_POINT('',(-1.774795113093,-5.193552341723,
    8.010738792839));
#3010 = CARTESIAN_POINT('',(-1.045473225303,-5.240427341723,
    8.745882999116));
#3011 = CARTESIAN_POINT('',(-9.939319370316E-03,-5.287302341723,8.75));
#3012 = CARTESIAN_POINT('',(1.025594586562,-5.334177341723,
    8.754117000884));
#3013 = CARTESIAN_POINT('',(1.760738792839,-5.381052341723,
    8.024795113093));
#3014 = CARTESIAN_POINT('',(2.495882999116,-5.427927341723,
    7.295473225303));
#3015 = CARTESIAN_POINT('',(2.5,-5.474802341723,6.25993931937));
#3016 = CARTESIAN_POINT('',(2.504117000884,-5.521677341723,
    5.224405413438));
#3017 = CARTESIAN_POINT('',(1.774795113093,-5.568552341723,
    4.489261207161));
#3018 = CARTESIAN_POINT('',(1.045473225303,-5.615427341723,
    3.754117000884));
#3019 = CARTESIAN_POINT('',(9.939319370317E-03,-5.662302341723,3.75));
#3020 = CARTESIAN_POINT('',(-1.025594586562,-5.709177341723,
    3.745882999116));
#3021 = CARTESIAN_POINT('',(-1.760738792839,-5.756052341723,
    4.475204886906));
#3022 = CARTESIAN_POINT('',(-2.495882999116,-5.802927341723,
    5.204526774697));
#3023 = CARTESIAN_POINT('',(-2.5,-5.849802341723,6.24006068063));
#3024 = CARTESIAN_POINT('',(-2.504117000884,-5.896677341723,
    7.275594586562));
#3025 = CARTESIAN_POINT('',(-1.774795113093,-5.943552341723,
    8.010738792839));
#3026 = CARTESIAN_POINT('',(-1.045473225303,-5.990427341723,
    8.745882999116));
#3027 = CARTESIAN_POINT('',(-9.939319370316E-03,-6.037302341723,8.75));
#3028 = CARTESIAN_POINT('',(1.025594586562,-6.084177341723,
    8.754117000884));
#3029 = CARTESIAN_POINT('',(1.760738792839,-6.131052341723,
    8.024795113093));
#3030 = CARTESIAN_POINT('',(2.495882999116,-6.177927341723,
    7.295473225303));
#3031 = CARTESIAN_POINT('',(2.5,-6.224802341723,6.25993931937));
#3032 = CARTESIAN_POINT('',(2.504117000884,-6.271677341723,
    5.224405413438));
#3033 = CARTESIAN_POINT('',(1.774795113093,-6.318552341723,
    4.489261207161));
#3034 = CARTESIAN_POINT('',(1.045473225303,-6.365427341723,
    3.754117000884));
#3035 = CARTESIAN_POINT('',(9.939319370317E-03,-6.412302341723,3.75));
#3036 = CARTESIAN_POINT('',(-1.025594586562,-6.459177341723,
    3.745882999116));
#3037 = CARTESIAN_POINT('',(-1.760738792839,-6.506052341723,
    4.475204886906));
#3038 = CARTESIAN_POINT('',(-2.495882999116,-6.552927341723,
    5.204526774697));
#3039 = CARTESIAN_POINT('',(-2.5,-6.599802341723,6.24006068063));
#3040 = CARTESIAN_POINT('',(-2.504117000884,-6.646677341723,
    7.275594586562));
#3041 = CARTESIAN_POINT('',(-1.774795113093,-6.693552341723,
    8.010738792839));
#3042 = CARTESIAN_POINT('',(-1.045473225303,-6.740427341723,
    8.745882999116));
#3043 = CARTESIAN_POINT('',(-9.939319370316E-03,-6.787302341723,8.75));
#3044 = CARTESIAN_POINT('',(1.025594586562,-6.834177341723,
    8.754117000884));
#3045 = CARTESIAN_POINT('',(1.760738792839,-6.881052341723,
    8.024795113093));
#3046 = CARTESIAN_POINT('',(2.495882999116,-6.927927341723,
    7.295473225303));
#3047 = CARTESIAN_POINT('',(2.5,-6.974802341723,6.25993931937));
#3048 = CARTESIAN_POINT('',(2.504117000884,-7.021677341723,
    5.224405413438));
#3049 = CARTESIAN_POINT('',(1.774795113093,-7.068552341723,
    4.489261207161));
#3050 = CARTESIAN_POINT('',(1.045473225303,-7.115427341723,
    3.754117000884));
#3051 = CARTESIAN_POINT('',(9.939319370317E-03,-7.162302341723,3.75));
#3052 = CARTESIAN_POINT('',(-1.025594586562,-7.209177341723,
    3.745882999116));
#3053 = CARTESIAN_POINT('',(-1.760738792839,-7.256052341723,
    4.475204886906));
#3054 = CARTESIAN_POINT('',(-2.495882999116,-7.302927341723,
    5.204526774697));
#3055 = CARTESIAN_POINT('',(-2.5,-7.349802341723,6.24006068063));
#3056 = CARTESIAN_POINT('',(-2.504117000884,-7.396677341723,
    7.275594586562));
#3057 = CARTESIAN_POINT('',(-1.774795113093,-7.443552341723,
    8.010738792839));
#3058 = CARTESIAN_POINT('',(-1.045473225303,-7.490427341723,
    8.745882999116));
#3059 = CARTESIAN_POINT('',(-9.939319370316E-03,-7.537302341723,8.75));
#3060 = CARTESIAN_POINT('',(1.025594586562,-7.584177341723,
    8.754117000884));
#3061 = CARTESIAN_POINT('',(1.760738792839,-7.631052341723,
    8.024795113093));
#3062 = CARTESIAN_POINT('',(2.495882999116,-7.677927341723,
    7.295473225303));
#3063 = CARTESIAN_POINT('',(2.5,-7.724802341723,6.25993931937));
#3064 = CARTESIAN_POINT('',(2.504117000884,-7.771677341723,
    5.224405413438));
#3065 = CARTESIAN_POINT('',(1.774795113093,-7.818552341723,
    4.489261207161));
#3066 = CARTESIAN_POINT('',(1.045473225303,-7.865427341723,
    3.754117000884));
#3067 = CARTESIAN_POINT('',(9.939319370317E-03,-7.912302341723,3.75));
#3068 = CARTESIAN_POINT('',(-1.025594586562,-7.959177341723,
    3.745882999116));
#3069 = CARTESIAN_POINT('',(-1.760738792839,-8.006052341723,
    4.475204886906));
#3070 = CARTESIAN_POINT('',(-2.495882999116,-8.052927341723,
    5.204526774697));
#3071 = CARTESIAN_POINT('',(-2.5,-8.099802341723,6.24006068063));
#3072 = CARTESIAN_POINT('',(-2.504117000884,-8.146677341723,
    7.275594586562));
#3073 = CARTESIAN_POINT('',(-1.774795113093,-8.193552341723,
    8.010738792839));
#3074 = CARTESIAN_POINT('',(-1.045473225303,-8.240427341723,
    8.745882999116));
#3075 = CARTESIAN_POINT('',(-9.939319370316E-03,-8.287302341723,8.75));
#3076 = CARTESIAN_POINT('',(1.025594586562,-8.334177341723,
    8.754117000884));
#3077 = CARTESIAN_POINT('',(1.760738792839,-8.381052341723,
    8.024795113093));
#3078 = CARTESIAN_POINT('',(2.495882999116,-8.427927341723,
    7.295473225303));
#3079 = CARTESIAN_POINT('',(2.5,-8.474802341723,6.25993931937));
#3080 = CARTESIAN_POINT('',(2.504117000884,-8.521677341723,
    5.224405413438));
#3081 = CARTESIAN_POINT('',(1.774795113093,-8.568552341723,
    4.489261207161));
#3082 = CARTESIAN_POINT('',(1.045473225303,-8.615427341723,
    3.754117000884));
#3083 = CARTESIAN_POINT('',(9.939319370317E-03,-8.662302341723,3.75));
#3084 = CARTESIAN_POINT('',(-1.025594586562,-8.709177341723,
    3.745882999116));
#3085 = CARTESIAN_POINT('',(-1.760738792839,-8.756052341723,
    4.475204886906));
#3086 = CARTESIAN_POINT('',(-2.495882999116,-8.802927341723,
    5.204526774697));
#3087 = CARTESIAN_POINT('',(-2.5,-8.849802341723,6.24006068063));
#3088 = CARTESIAN_POINT('',(-2.504117000884,-8.896677341723,
    7.275594586562));
#3089 = CARTESIAN_POINT('',(-1.774795113093,-8.943552341723,
    8.010738792839));
#3090 = CARTESIAN_POINT('',(-1.045473225303,-8.990427341723,
    8.745882999116));
#3091 = CARTESIAN_POINT('',(-9.939319370316E-03,-9.037302341723,8.75));
#3092 = CARTESIAN_POINT('',(1.025594586562,-9.084177341723,
    8.754117000884));
#3093 = CARTESIAN_POINT('',(1.760738792839,-9.131052341723,
    8.024795113093));
#3094 = CARTESIAN_POINT('',(2.495882999116,-9.177927341723,
    7.295473225303));
#3095 = CARTESIAN_POINT('',(2.5,-9.224802341723,6.25993931937));
#3096 = CARTESIAN_POINT('',(2.504117000884,-9.271677341723,
    5.224405413438));
#3097 = CARTESIAN_POINT('',(1.774795113093,-9.318552341723,
    4.489261207161));
#3098 = CARTESIAN_POINT('',(1.045473225303,-9.365427341723,
    3.754117000884));
#3099 = CARTESIAN_POINT('',(9.939319370317E-03,-9.412302341723,3.75));
#3100 = CARTESIAN_POINT('',(-1.025594586562,-9.459177341723,
    3.745882999116));
#3101 = CARTESIAN_POINT('',(-1.760738792839,-9.506052341723,
    4.475204886906));
#3102 = CARTESIAN_POINT('',(-2.495882999116,-9.552927341723,
    5.204526774697));
#3103 = CARTESIAN_POINT('',(-2.5,-9.599802341723,6.24006068063));
#3104 = CARTESIAN_POINT('',(-2.504117000884,-9.646677341723,
    7.275594586562));
#3105 = CARTESIAN_POINT('',(-1.774795113093,-9.693552341723,
    8.010738792839));
#3106 = CARTESIAN_POINT('',(-1.045473225303,-9.740427341723,
    8.745882999116));
#3107 = CARTESIAN_POINT('',(-9.939319370316E-03,-9.787302341723,8.75));
#3108 = CARTESIAN_POINT('',(1.025594586562,-9.834177341723,
    8.754117000884));
#3109 = CARTESIAN_POINT('',(1.760738792839,-9.881052341723,
    8.024795113093));
#3110 = CARTESIAN_POINT('',(2.495882999116,-9.927927341723,
    7.295473225303));
#3111 = CARTESIAN_POINT('',(2.5,-9.974802341723,6.25993931937));
#3112 = CARTESIAN_POINT('',(2.504117000884,-10.02167734172,
    5.224405413438));
#3113 = CARTESIAN_POINT('',(1.774795113093,-10.06855234172,
    4.489261207161));
#3114 = CARTESIAN_POINT('',(1.045473225303,-10.11542734172,
    3.754117000884));
#3115 = CARTESIAN_POINT('',(9.939319370317E-03,-10.16230234172,3.75));
#3116 = CARTESIAN_POINT('',(-1.025594586562,-10.20917734172,
    3.745882999116));
#3117 = CARTESIAN_POINT('',(-1.760738792839,-10.25605234172,
    4.475204886906));
#3118 = CARTESIAN_POINT('',(-2.495882999116,-10.30292734172,
    5.204526774697));
#3119 = CARTESIAN_POINT('',(-2.5,-10.34980234172,6.24006068063));
#3120 = CARTESIAN_POINT('',(-2.504117000884,-10.39667734172,
    7.275594586562));
#3121 = CARTESIAN_POINT('',(-1.774795113093,-10.44355234172,
    8.010738792839));
#3122 = CARTESIAN_POINT('',(-1.045473225303,-10.49042734172,
    8.745882999116));
#3123 = CARTESIAN_POINT('',(-9.939319370316E-03,-10.53730234172,8.75));
#3124 = CARTESIAN_POINT('',(1.025594586562,-10.58417734172,
    8.754117000884));
#3125 = CARTESIAN_POINT('',(1.760738792839,-10.63105234172,
    8.024795113093));
#3126 = CARTESIAN_POINT('',(2.495882999116,-10.67792734172,
    7.295473225303));
#3127 = CARTESIAN_POINT('',(2.5,-10.72480234172,6.25993931937));
#3128 = CARTESIAN_POINT('',(2.504117000884,-10.77167734172,
    5.224405413438));
#3129 = CARTESIAN_POINT('',(1.774795113093,-10.81855234172,
    4.489261207161));
#3130 = CARTESIAN_POINT('',(1.045473225303,-10.86542734172,
    3.754117000884));
#3131 = CARTESIAN_POINT('',(9.939319370317E-03,-10.91230234172,3.75));
#3132 = CARTESIAN_POINT('',(-1.025594586562,-10.95917734172,
    3.745882999116));
#3133 = CARTESIAN_POINT('',(-1.760738792839,-11.00605234172,
    4.475204886906));
#3134 = CARTESIAN_POINT('',(-2.495882999116,-11.05292734172,
    5.204526774697));
#3135 = CARTESIAN_POINT('',(-2.5,-11.09980234172,6.24006068063));
#3136 = CARTESIAN_POINT('',(-2.504117000884,-11.14667734172,
    7.275594586562));
#3137 = CARTESIAN_POINT('',(-1.774795113093,-11.19355234172,
    8.010738792839));
#3138 = CARTESIAN_POINT('',(-1.045473225303,-11.24042734172,
    8.745882999116));
#3139 = CARTESIAN_POINT('',(-9.939319370316E-03,-11.28730234172,8.75));
#3140 = CARTESIAN_POINT('',(1.025594586562,-11.33417734172,
    8.754117000884));
#3141 = CARTESIAN_POINT('',(1.760738792839,-11.38105234172,
    8.024795113093));
#3142 = CARTESIAN_POINT('',(2.495882999116,-11.42792734172,
    7.295473225303));
#3143 = CARTESIAN_POINT('',(2.5,-11.47480234172,6.25993931937));
#3144 = CARTESIAN_POINT('',(2.504117000884,-11.52167734172,
    5.224405413438));
#3145 = CARTESIAN_POINT('',(1.774795113093,-11.56855234172,
    4.489261207161));
#3146 = CARTESIAN_POINT('',(1.045473225303,-11.61542734172,
    3.754117000884));
#3147 = CARTESIAN_POINT('',(9.939319370317E-03,-11.66230234172,3.75));
#3148 = CARTESIAN_POINT('',(-1.025594586562,-11.70917734172,
    3.745882999116));
#3149 = CARTESIAN_POINT('',(-1.760738792839,-11.75605234172,
    4.475204886906));
#3150 = CARTESIAN_POINT('',(-2.495882999116,-11.80292734172,
    5.204526774697));
#3151 = CARTESIAN_POINT('',(-2.5,-11.84980234172,6.24006068063));
#3152 = CARTESIAN_POINT('',(-2.504117000884,-11.89667734172,
    7.275594586562));
#3153 = CARTESIAN_POINT('',(-1.774795113093,-11.94355234172,
    8.010738792839));
#3154 = CARTESIAN_POINT('',(-1.045473225303,-11.99042734172,
    8.745882999116));
#3155 = CARTESIAN_POINT('',(-9.939319370316E-03,-12.03730234172,8.75));
#3156 = CARTESIAN_POINT('',(1.025594586562,-12.08417734172,
    8.754117000884));
#3157 = CARTESIAN_POINT('',(1.760738792839,-12.13105234172,
    8.024795113093));
#3158 = CARTESIAN_POINT('',(2.495882999116,-12.17792734172,
    7.295473225303));
#3159 = CARTESIAN_POINT('',(2.5,-12.22480234172,6.25993931937));
#3160 = CARTESIAN_POINT('',(2.504117000884,-12.27167734172,
    5.224405413438));
#3161 = CARTESIAN_POINT('',(1.774795113093,-12.31855234172,
    4.489261207161));
#3162 = CARTESIAN_POINT('',(1.045473225303,-12.36542734172,
    3.754117000884));
#3163 = CARTESIAN_POINT('',(9.939319370317E-03,-12.41230234172,3.75));
#3164 = CARTESIAN_POINT('',(-1.025594586562,-12.45917734172,
    3.745882999116));
#3165 = CARTESIAN_POINT('',(-1.760738792839,-12.50605234172,
    4.475204886906));
#3166 = CARTESIAN_POINT('',(-2.495882999116,-12.55292734172,
    5.204526774697));
#3167 = CARTESIAN_POINT('',(-2.5,-12.59980234172,6.24006068063));
#3168 = CARTESIAN_POINT('',(-2.504117000884,-12.64667734172,
    7.275594586562));
#3169 = CARTESIAN_POINT('',(-1.774795113093,-12.69355234172,
    8.010738792839));
#3170 = CARTESIAN_POINT('',(-1.045473225303,-12.74042734172,
    8.745882999116));
#3171 = CARTESIAN_POINT('',(-9.939319370316E-03,-12.78730234172,8.75));
#3172 = CARTESIAN_POINT('',(1.025594586562,-12.83417734172,
    8.754117000884));
#3173 = CARTESIAN_POINT('',(1.760738792839,-12.88105234172,
    8.024795113093));
#3174 = CARTESIAN_POINT('',(2.495882999116,-12.92792734172,
    7.295473225303));
#3175 = CARTESIAN_POINT('',(2.5,-12.97480234172,6.25993931937));
#3176 = CARTESIAN_POINT('',(2.504117000884,-13.02167734172,
    5.224405413438));
#3177 = CARTESIAN_POINT('',(1.774795113093,-13.06855234172,
    4.489261207161));
#3178 = CARTESIAN_POINT('',(1.045473225303,-13.11542734172,
    3.754117000884));
#3179 = CARTESIAN_POINT('',(9.939319370317E-03,-13.16230234172,3.75));
#3180 = CARTESIAN_POINT('',(-1.025594586562,-13.20917734172,
    3.745882999116));
#3181 = CARTESIAN_POINT('',(-1.760738792839,-13.25605234172,
    4.475204886906));
#3182 = CARTESIAN_POINT('',(-2.495882999116,-13.30292734172,
    5.204526774697));
#3183 = CARTESIAN_POINT('',(-2.5,-13.34980234172,6.24006068063));
#3184 = CARTESIAN_POINT('',(-2.504117000884,-13.39667734172,
    7.275594586562));
#3185 = CARTESIAN_POINT('',(-1.774795113093,-13.44355234172,
    8.010738792839));
#3186 = CARTESIAN_POINT('',(-1.045473225303,-13.49042734172,
    8.745882999116));
#3187 = CARTESIAN_POINT('',(-9.939319370316E-03,-13.53730234172,8.75));
#3188 = CARTESIAN_POINT('',(1.025594586562,-13.58417734172,
    8.754117000884));
#3189 = CARTESIAN_POINT('',(1.760738792839,-13.63105234172,
    8.024795113093));
#3190 = CARTESIAN_POINT('',(2.495882999116,-13.67792734172,
    7.295473225303));
#3191 = CARTESIAN_POINT('',(2.5,-13.72480234172,6.25993931937));
#3192 = CARTESIAN_POINT('',(2.504117000884,-13.77167734172,
    5.224405413438));
#3193 = CARTESIAN_POINT('',(1.774795113093,-13.81855234172,
    4.489261207161));
#3194 = CARTESIAN_POINT('',(1.045473225303,-13.86542734172,
    3.754117000884));
#3195 = CARTESIAN_POINT('',(9.939319370317E-03,-13.91230234172,3.75));
#3196 = CARTESIAN_POINT('',(-1.025594586562,-13.95917734172,
    3.745882999116));
#3197 = CARTESIAN_POINT('',(-1.760738792839,-14.00605234172,
    4.475204886906));
#3198 = CARTESIAN_POINT('',(-2.495882999116,-14.05292734172,
    5.204526774697));
#3199 = CARTESIAN_POINT('',(-2.5,-14.09980234172,6.24006068063));
#3200 = CARTESIAN_POINT('',(-2.504117000884,-14.14667734172,
    7.275594586562));
#3201 = CARTESIAN_POINT('',(-1.774795113093,-14.19355234172,
    8.010738792839));
#3202 = CARTESIAN_POINT('',(-1.045473225303,-14.24042734172,
    8.745882999116));
#3203 = CARTESIAN_POINT('',(-9.939319370316E-03,-14.28730234172,8.75));
#3204 = CARTESIAN_POINT('',(1.025594586562,-14.33417734172,
    8.754117000884));
#3205 = CARTESIAN_POINT('',(1.760738792839,-14.38105234172,
    8.024795113093));
#3206 = CARTESIAN_POINT('',(2.495882999116,-14.42792734172,
    7.295473225303));
#3207 = CARTESIAN_POINT('',(2.5,-14.47480234172,6.25993931937));
#3208 = CARTESIAN_POINT('',(2.504117000884,-14.52167734172,
    5.224405413438));
#3209 = CARTESIAN_POINT('',(1.774795113093,-14.56855234172,
    4.489261207161));
#3210 = CARTESIAN_POINT('',(1.045473225303,-14.61542734172,
    3.754117000884));
#3211 = CARTESIAN_POINT('',(9.939319370317E-03,-14.66230234172,3.75));
#3212 = CARTESIAN_POINT('',(-1.025594586562,-14.70917734172,
    3.745882999116));
#3213 = CARTESIAN_POINT('',(-1.760738792839,-14.75605234172,
    4.475204886906));
#3214 = CARTESIAN_POINT('',(-2.495882999116,-14.80292734172,
    5.204526774697));
#3215 = CARTESIAN_POINT('',(-2.5,-14.84980234172,6.24006068063));
#3216 = CARTESIAN_POINT('',(-2.504117000884,-14.89667734172,
    7.275594586562));
#3217 = CARTESIAN_POINT('',(-1.774795113093,-14.94355234172,
    8.010738792839));
#3218 = CARTESIAN_POINT('',(-1.045473225303,-14.99042734172,
    8.745882999116));
#3219 = CARTESIAN_POINT('',(-9.939319370316E-03,-15.03730234172,8.75));
#3220 = CARTESIAN_POINT('',(1.025594586562,-15.08417734172,
    8.754117000884));
#3221 = CARTESIAN_POINT('',(1.760738792839,-15.13105234172,
    8.024795113093));
#3222 = CARTESIAN_POINT('',(2.495882999116,-15.17792734172,
    7.295473225303));
#3223 = CARTESIAN_POINT('',(2.5,-15.22480234172,6.25993931937));
#3224 = CARTESIAN_POINT('',(2.504117000884,-15.27167734172,
    5.224405413438));
#3225 = CARTESIAN_POINT('',(1.774795113093,-15.31855234172,
    4.489261207161));
#3226 = CARTESIAN_POINT('',(1.045473225303,-15.36542734172,
    3.754117000884));
#3227 = CARTESIAN_POINT('',(9.939319370317E-03,-15.41230234172,3.75));
#3228 = CARTESIAN_POINT('',(-1.025594586562,-15.45917734172,
    3.745882999116));
#3229 = CARTESIAN_POINT('',(-1.760738792839,-15.50605234172,
    4.475204886906));
#3230 = CARTESIAN_POINT('',(-2.495882999116,-15.55292734172,
    5.204526774697));
#3231 = CARTESIAN_POINT('',(-2.5,-15.59980234172,6.24006068063));
#3232 = CARTESIAN_POINT('',(-2.504117000884,-15.64667734172,
    7.275594586562));
#3233 = CARTESIAN_POINT('',(-1.774795113093,-15.69355234172,
    8.010738792839));
#3234 = CARTESIAN_POINT('',(-1.045473225303,-15.74042734172,
    8.745882999116));
#3235 = CARTESIAN_POINT('',(-9.939319370316E-03,-15.78730234172,8.75));
#3236 = CARTESIAN_POINT('',(1.025594586562,-15.83417734172,
    8.754117000884));
#3237 = CARTESIAN_POINT('',(1.760738792839,-15.88105234172,
    8.024795113093));
#3238 = CARTESIAN_POINT('',(2.495882999116,-15.92792734172,
    7.295473225303));
#3239 = CARTESIAN_POINT('',(2.5,-15.97480234172,6.25993931937));
#3240 = CARTESIAN_POINT('',(2.504117000884,-16.02167734172,
    5.224405413438));
#3241 = CARTESIAN_POINT('',(1.774795113093,-16.06855234172,
    4.489261207161));
#3242 = CARTESIAN_POINT('',(1.045473225303,-16.11542734172,
    3.754117000884));
#3243 = CARTESIAN_POINT('',(9.939319370317E-03,-16.16230234172,3.75));
#3244 = CARTESIAN_POINT('',(-1.025594586562,-16.20917734172,
    3.745882999116));
#3245 = CARTESIAN_POINT('',(-1.760738792839,-16.25605234172,
    4.475204886906));
#3246 = CARTESIAN_POINT('',(-2.495882999116,-16.30292734172,
    5.204526774697));
#3247 = CARTESIAN_POINT('',(-2.5,-16.34980234172,6.24006068063));
#3248 = CARTESIAN_POINT('',(-2.504117000884,-16.39667734172,
    7.275594586562));
#3249 = CARTESIAN_POINT('',(-1.774795113093,-16.44355234172,
    8.010738792839));
#3250 = CARTESIAN_POINT('',(-1.045473225303,-16.49042734172,
    8.745882999116));
#3251 = CARTESIAN_POINT('',(-9.939319370316E-03,-16.53730234172,8.75));
#3252 = CARTESIAN_POINT('',(1.025594586562,-16.58417734172,
    8.754117000884));
#3253 = CARTESIAN_POINT('',(1.760738792839,-16.63105234172,
    8.024795113093));
#3254 = CARTESIAN_POINT('',(2.495882999116,-16.67792734172,
    7.295473225303));
#3255 = CARTESIAN_POINT('',(2.5,-16.72480234172,6.25993931937));
#3256 = CARTESIAN_POINT('',(2.504117000884,-16.77167734172,
    5.224405413438));
#3257 = CARTESIAN_POINT('',(1.774795113093,-16.81855234172,
    4.489261207161));
#3258 = CARTESIAN_POINT('',(1.045473225303,-16.86542734172,
    3.754117000884));
#3259 = CARTESIAN_POINT('',(9.939319370317E-03,-16.91230234172,3.75));
#3260 = CARTESIAN_POINT('',(-1.025594586562,-16.95917734172,
    3.745882999116));
#3261 = CARTESIAN_POINT('',(-1.760738792839,-17.00605234172,
    4.475204886906));
#3262 = CARTESIAN_POINT('',(-2.495882999116,-17.05292734172,
    5.204526774697));
#3263 = CARTESIAN_POINT('',(-2.5,-17.09980234172,6.24006068063));
#3264 = CARTESIAN_POINT('',(-2.5,2.149802341723,6.25993931937));
#3265 = CARTESIAN_POINT('',(-2.495882999116,2.102927341723,
    7.295473225303));
#3266 = CARTESIAN_POINT('',(-1.760738792839,2.056052341723,
    8.024795113093));
#3267 = CARTESIAN_POINT('',(-1.025594586562,2.009177341723,
    8.754117000884));
#3268 = CARTESIAN_POINT('',(9.939319370282E-03,1.962302341723,8.75));
#3269 = CARTESIAN_POINT('',(1.045473225303,1.915427341723,8.745882999116
    ));
#3270 = CARTESIAN_POINT('',(1.774795113093,1.868552341723,8.010738792839
    ));
#3271 = CARTESIAN_POINT('',(2.504117000884,1.821677341723,7.275594586562
    ));
#3272 = CARTESIAN_POINT('',(2.5,1.774802341723,6.24006068063));
#3273 = CARTESIAN_POINT('',(2.495882999116,1.727927341723,5.204526774697
    ));
#3274 = CARTESIAN_POINT('',(1.760738792839,1.681052341723,4.475204886907
    ));
#3275 = CARTESIAN_POINT('',(1.025594586562,1.634177341723,3.745882999116
    ));
#3276 = CARTESIAN_POINT('',(-9.939319370282E-03,1.587302341723,3.75));
#3277 = CARTESIAN_POINT('',(-1.045473225303,1.540427341723,
    3.754117000884));
#3278 = CARTESIAN_POINT('',(-1.774795113093,1.493552341723,
    4.489261207161));
#3279 = CARTESIAN_POINT('',(-2.504117000884,1.446677341723,
    5.224405413438));
#3280 = CARTESIAN_POINT('',(-2.5,1.399802341723,6.25993931937));
#3281 = CARTESIAN_POINT('',(-2.495882999116,1.352927341723,
    7.295473225303));
#3282 = CARTESIAN_POINT('',(-1.760738792839,1.306052341723,
    8.024795113093));
#3283 = CARTESIAN_POINT('',(-1.025594586562,1.259177341723,
    8.754117000884));
#3284 = CARTESIAN_POINT('',(9.939319370282E-03,1.212302341723,8.75));
#3285 = CARTESIAN_POINT('',(1.045473225303,1.165427341723,8.745882999116
    ));
#3286 = CARTESIAN_POINT('',(1.774795113093,1.118552341723,8.010738792839
    ));
#3287 = CARTESIAN_POINT('',(2.504117000884,1.071677341723,7.275594586562
    ));
#3288 = CARTESIAN_POINT('',(2.5,1.024802341723,6.24006068063));
#3289 = CARTESIAN_POINT('',(2.495882999116,0.977927341723,5.204526774697
    ));
#3290 = CARTESIAN_POINT('',(1.760738792839,0.931052341723,4.475204886907
    ));
#3291 = CARTESIAN_POINT('',(1.025594586562,0.884177341723,3.745882999116
    ));
#3292 = CARTESIAN_POINT('',(-9.939319370282E-03,0.837302341723,3.75));
#3293 = CARTESIAN_POINT('',(-1.045473225303,0.790427341723,
    3.754117000884));
#3294 = CARTESIAN_POINT('',(-1.774795113093,0.743552341723,
    4.489261207161));
#3295 = CARTESIAN_POINT('',(-2.504117000884,0.696677341723,
    5.224405413438));
#3296 = CARTESIAN_POINT('',(-2.5,0.649802341723,6.25993931937));
#3297 = CARTESIAN_POINT('',(-2.495882999116,0.602927341723,
    7.295473225303));
#3298 = CARTESIAN_POINT('',(-1.760738792839,0.556052341723,
    8.024795113093));
#3299 = CARTESIAN_POINT('',(-1.025594586562,0.509177341723,
    8.754117000884));
#3300 = CARTESIAN_POINT('',(9.939319370282E-03,0.462302341723,8.75));
#3301 = CARTESIAN_POINT('',(1.045473225303,0.415427341723,8.745882999116
    ));
#3302 = CARTESIAN_POINT('',(1.774795113093,0.368552341723,8.010738792839
    ));
#3303 = CARTESIAN_POINT('',(2.504117000884,0.321677341723,7.275594586562
    ));
#3304 = CARTESIAN_POINT('',(2.5,0.274802341723,6.24006068063));
#3305 = CARTESIAN_POINT('',(2.495882999116,0.227927341723,5.204526774697
    ));
#3306 = CARTESIAN_POINT('',(1.760738792839,0.181052341723,4.475204886907
    ));
#3307 = CARTESIAN_POINT('',(1.025594586562,0.134177341723,3.745882999116
    ));
#3308 = CARTESIAN_POINT('',(-9.939319370282E-03,8.730234172332E-02,3.75)
  );
#3309 = CARTESIAN_POINT('',(-1.045473225303,4.042734172332E-02,
    3.754117000884));
#3310 = CARTESIAN_POINT('',(-1.774795113093,-6.447658276679E-03,
    4.489261207161));
#3311 = CARTESIAN_POINT('',(-2.504117000884,-5.332265827668E-02,
    5.224405413438));
#3312 = CARTESIAN_POINT('',(-2.5,-0.100197658277,6.25993931937));
#3313 = CARTESIAN_POINT('',(-2.495882999116,-0.147072658277,
    7.295473225303));
#3314 = CARTESIAN_POINT('',(-1.760738792839,-0.193947658277,
    8.024795113093));
#3315 = CARTESIAN_POINT('',(-1.025594586562,-0.240822658277,
    8.754117000884));
#3316 = CARTESIAN_POINT('',(9.939319370282E-03,-0.287697658277,8.75));
#3317 = CARTESIAN_POINT('',(1.045473225303,-0.334572658277,
    8.745882999116));
#3318 = CARTESIAN_POINT('',(1.774795113093,-0.381447658277,
    8.010738792839));
#3319 = CARTESIAN_POINT('',(2.504117000884,-0.428322658277,
    7.275594586562));
#3320 = CARTESIAN_POINT('',(2.5,-0.475197658277,6.24006068063));
#3321 = CARTESIAN_POINT('',(2.495882999116,-0.522072658277,
    5.204526774697));
#3322 = CARTESIAN_POINT('',(1.760738792839,-0.568947658277,
    4.475204886907));
#3323 = CARTESIAN_POINT('',(1.025594586562,-0.615822658277,
    3.745882999116));
#3324 = CARTESIAN_POINT('',(-9.939319370282E-03,-0.662697658277,3.75));
#3325 = CARTESIAN_POINT('',(-1.045473225303,-0.709572658277,
    3.754117000884));
#3326 = CARTESIAN_POINT('',(-1.774795113093,-0.756447658277,
    4.489261207161));
#3327 = CARTESIAN_POINT('',(-2.504117000884,-0.803322658277,
    5.224405413438));
#3328 = CARTESIAN_POINT('',(-2.5,-0.850197658277,6.25993931937));
#3329 = CARTESIAN_POINT('',(-2.495882999116,-0.897072658277,
    7.295473225303));
#3330 = CARTESIAN_POINT('',(-1.760738792839,-0.943947658277,
    8.024795113093));
#3331 = CARTESIAN_POINT('',(-1.025594586562,-0.990822658277,
    8.754117000884));
#3332 = CARTESIAN_POINT('',(9.939319370282E-03,-1.037697658277,8.75));
#3333 = CARTESIAN_POINT('',(1.045473225303,-1.084572658277,
    8.745882999116));
#3334 = CARTESIAN_POINT('',(1.774795113093,-1.131447658277,
    8.010738792839));
#3335 = CARTESIAN_POINT('',(2.504117000884,-1.178322658277,
    7.275594586562));
#3336 = CARTESIAN_POINT('',(2.5,-1.225197658277,6.24006068063));
#3337 = CARTESIAN_POINT('',(2.495882999116,-1.272072658277,
    5.204526774697));
#3338 = CARTESIAN_POINT('',(1.760738792839,-1.318947658277,
    4.475204886907));
#3339 = CARTESIAN_POINT('',(1.025594586562,-1.365822658277,
    3.745882999116));
#3340 = CARTESIAN_POINT('',(-9.939319370282E-03,-1.412697658277,3.75));
#3341 = CARTESIAN_POINT('',(-1.045473225303,-1.459572658277,
    3.754117000884));
#3342 = CARTESIAN_POINT('',(-1.774795113093,-1.506447658277,
    4.489261207161));
#3343 = CARTESIAN_POINT('',(-2.504117000884,-1.553322658277,
    5.224405413438));
#3344 = CARTESIAN_POINT('',(-2.5,-1.600197658277,6.25993931937));
#3345 = CARTESIAN_POINT('',(-2.495882999116,-1.647072658277,
    7.295473225303));
#3346 = CARTESIAN_POINT('',(-1.760738792839,-1.693947658277,
    8.024795113093));
#3347 = CARTESIAN_POINT('',(-1.025594586562,-1.740822658277,
    8.754117000884));
#3348 = CARTESIAN_POINT('',(9.939319370282E-03,-1.787697658277,8.75));
#3349 = CARTESIAN_POINT('',(1.045473225303,-1.834572658277,
    8.745882999116));
#3350 = CARTESIAN_POINT('',(1.774795113093,-1.881447658277,
    8.010738792839));
#3351 = CARTESIAN_POINT('',(2.504117000884,-1.928322658277,
    7.275594586562));
#3352 = CARTESIAN_POINT('',(2.5,-1.975197658277,6.24006068063));
#3353 = CARTESIAN_POINT('',(2.495882999116,-2.022072658277,
    5.204526774697));
#3354 = CARTESIAN_POINT('',(1.760738792839,-2.068947658277,
    4.475204886907));
#3355 = CARTESIAN_POINT('',(1.025594586562,-2.115822658277,
    3.745882999116));
#3356 = CARTESIAN_POINT('',(-9.939319370282E-03,-2.162697658277,3.75));
#3357 = CARTESIAN_POINT('',(-1.045473225303,-2.209572658277,
    3.754117000884));
#3358 = CARTESIAN_POINT('',(-1.774795113093,-2.256447658277,
    4.489261207161));
#3359 = CARTESIAN_POINT('',(-2.504117000884,-2.303322658277,
    5.224405413438));
#3360 = CARTESIAN_POINT('',(-2.5,-2.350197658277,6.25993931937));
#3361 = CARTESIAN_POINT('',(-2.495882999116,-2.397072658277,
    7.295473225303));
#3362 = CARTESIAN_POINT('',(-1.760738792839,-2.443947658277,
    8.024795113093));
#3363 = CARTESIAN_POINT('',(-1.025594586562,-2.490822658277,
    8.754117000884));
#3364 = CARTESIAN_POINT('',(9.939319370282E-03,-2.537697658277,8.75));
#3365 = CARTESIAN_POINT('',(1.045473225303,-2.584572658277,
    8.745882999116));
#3366 = CARTESIAN_POINT('',(1.774795113093,-2.631447658277,
    8.010738792839));
#3367 = CARTESIAN_POINT('',(2.504117000884,-2.678322658277,
    7.275594586562));
#3368 = CARTESIAN_POINT('',(2.5,-2.725197658277,6.24006068063));
#3369 = CARTESIAN_POINT('',(2.495882999116,-2.772072658277,
    5.204526774697));
#3370 = CARTESIAN_POINT('',(1.760738792839,-2.818947658277,
    4.475204886907));
#3371 = CARTESIAN_POINT('',(1.025594586562,-2.865822658277,
    3.745882999116));
#3372 = CARTESIAN_POINT('',(-9.939319370282E-03,-2.912697658277,3.75));
#3373 = CARTESIAN_POINT('',(-1.045473225303,-2.959572658277,
    3.754117000884));
#3374 = CARTESIAN_POINT('',(-1.774795113093,-3.006447658277,
    4.489261207161));
#3375 = CARTESIAN_POINT('',(-2.504117000884,-3.053322658277,
    5.224405413438));
#3376 = CARTESIAN_POINT('',(-2.5,-3.100197658277,6.25993931937));
#3377 = CARTESIAN_POINT('',(-2.495882999116,-3.147072658277,
    7.295473225303));
#3378 = CARTESIAN_POINT('',(-1.760738792839,-3.193947658277,
    8.024795113093));
#3379 = CARTESIAN_POINT('',(-1.025594586562,-3.240822658277,
    8.754117000884));
#3380 = CARTESIAN_POINT('',(9.939319370282E-03,-3.287697658277,8.75));
#3381 = CARTESIAN_POINT('',(1.045473225303,-3.334572658277,
    8.745882999116));
#3382 = CARTESIAN_POINT('',(1.774795113093,-3.381447658277,
    8.010738792839));
#3383 = CARTESIAN_POINT('',(2.504117000884,-3.428322658277,
    7.275594586562));
#3384 = CARTESIAN_POINT('',(2.5,-3.475197658277,6.24006068063));
#3385 = CARTESIAN_POINT('',(2.495882999116,-3.522072658277,
    5.204526774697));
#3386 = CARTESIAN_POINT('',(1.760738792839,-3.568947658277,
    4.475204886907));
#3387 = CARTESIAN_POINT('',(1.025594586562,-3.615822658277,
    3.745882999116));
#3388 = CARTESIAN_POINT('',(-9.939319370282E-03,-3.662697658277,3.75));
#3389 = CARTESIAN_POINT('',(-1.045473225303,-3.709572658277,
    3.754117000884));
#3390 = CARTESIAN_POINT('',(-1.774795113093,-3.756447658277,
    4.489261207161));
#3391 = CARTESIAN_POINT('',(-2.504117000884,-3.803322658277,
    5.224405413438));
#3392 = CARTESIAN_POINT('',(-2.5,-3.850197658277,6.25993931937));
#3393 = CARTESIAN_POINT('',(-2.495882999116,-3.897072658277,
    7.295473225303));
#3394 = CARTESIAN_POINT('',(-1.760738792839,-3.943947658277,
    8.024795113093));
#3395 = CARTESIAN_POINT('',(-1.025594586562,-3.990822658277,
    8.754117000884));
#3396 = CARTESIAN_POINT('',(9.939319370282E-03,-4.037697658277,8.75));
#3397 = CARTESIAN_POINT('',(1.045473225303,-4.084572658277,
    8.745882999116));
#3398 = CARTESIAN_POINT('',(1.774795113093,-4.131447658277,
    8.010738792839));
#3399 = CARTESIAN_POINT('',(2.504117000884,-4.178322658277,
    7.275594586562));
#3400 = CARTESIAN_POINT('',(2.5,-4.225197658277,6.24006068063));
#3401 = CARTESIAN_POINT('',(2.495882999116,-4.272072658277,
    5.204526774697));
#3402 = CARTESIAN_POINT('',(1.760738792839,-4.318947658277,
    4.475204886907));
#3403 = CARTESIAN_POINT('',(1.025594586562,-4.365822658277,
    3.745882999116));
#3404 = CARTESIAN_POINT('',(-9.939319370282E-03,-4.412697658277,3.75));
#3405 = CARTESIAN_POINT('',(-1.045473225303,-4.459572658277,
    3.754117000884));
#3406 = CARTESIAN_POINT('',(-1.774795113093,-4.506447658277,
    4.489261207161));
#3407 = CARTESIAN_POINT('',(-2.504117000884,-4.553322658277,
    5.224405413438));
#3408 = CARTESIAN_POINT('',(-2.5,-4.600197658277,6.25993931937));
#3409 = CARTESIAN_POINT('',(-2.495882999116,-4.647072658277,
    7.295473225303));
#3410 = CARTESIAN_POINT('',(-1.760738792839,-4.693947658277,
    8.024795113093));
#3411 = CARTESIAN_POINT('',(-1.025594586562,-4.740822658277,
    8.754117000884));
#3412 = CARTESIAN_POINT('',(9.939319370282E-03,-4.787697658277,8.75));
#3413 = CARTESIAN_POINT('',(1.045473225303,-4.834572658277,
    8.745882999116));
#3414 = CARTESIAN_POINT('',(1.774795113093,-4.881447658277,
    8.010738792839));
#3415 = CARTESIAN_POINT('',(2.504117000884,-4.928322658277,
    7.275594586562));
#3416 = CARTESIAN_POINT('',(2.5,-4.975197658277,6.24006068063));
#3417 = CARTESIAN_POINT('',(2.495882999116,-5.022072658277,
    5.204526774697));
#3418 = CARTESIAN_POINT('',(1.760738792839,-5.068947658277,
    4.475204886907));
#3419 = CARTESIAN_POINT('',(1.025594586562,-5.115822658277,
    3.745882999116));
#3420 = CARTESIAN_POINT('',(-9.939319370282E-03,-5.162697658277,3.75));
#3421 = CARTESIAN_POINT('',(-1.045473225303,-5.209572658277,
    3.754117000884));
#3422 = CARTESIAN_POINT('',(-1.774795113093,-5.256447658277,
    4.489261207161));
#3423 = CARTESIAN_POINT('',(-2.504117000884,-5.303322658277,
    5.224405413438));
#3424 = CARTESIAN_POINT('',(-2.5,-5.350197658277,6.25993931937));
#3425 = CARTESIAN_POINT('',(-2.495882999116,-5.397072658277,
    7.295473225303));
#3426 = CARTESIAN_POINT('',(-1.760738792839,-5.443947658277,
    8.024795113093));
#3427 = CARTESIAN_POINT('',(-1.025594586562,-5.490822658277,
    8.754117000884));
#3428 = CARTESIAN_POINT('',(9.939319370282E-03,-5.537697658277,8.75));
#3429 = CARTESIAN_POINT('',(1.045473225303,-5.584572658277,
    8.745882999116));
#3430 = CARTESIAN_POINT('',(1.774795113093,-5.631447658277,
    8.010738792839));
#3431 = CARTESIAN_POINT('',(2.504117000884,-5.678322658277,
    7.275594586562));
#3432 = CARTESIAN_POINT('',(2.5,-5.725197658277,6.24006068063));
#3433 = CARTESIAN_POINT('',(2.495882999116,-5.772072658277,
    5.204526774697));
#3434 = CARTESIAN_POINT('',(1.760738792839,-5.818947658277,
    4.475204886907));
#3435 = CARTESIAN_POINT('',(1.025594586562,-5.865822658277,
    3.745882999116));
#3436 = CARTESIAN_POINT('',(-9.939319370282E-03,-5.912697658277,3.75));
#3437 = CARTESIAN_POINT('',(-1.045473225303,-5.959572658277,
    3.754117000884));
#3438 = CARTESIAN_POINT('',(-1.774795113093,-6.006447658277,
    4.489261207161));
#3439 = CARTESIAN_POINT('',(-2.504117000884,-6.053322658277,
    5.224405413438));
#3440 = CARTESIAN_POINT('',(-2.5,-6.100197658277,6.25993931937));
#3441 = CARTESIAN_POINT('',(-2.495882999116,-6.147072658277,
    7.295473225303));
#3442 = CARTESIAN_POINT('',(-1.760738792839,-6.193947658277,
    8.024795113093));
#3443 = CARTESIAN_POINT('',(-1.025594586562,-6.240822658277,
    8.754117000884));
#3444 = CARTESIAN_POINT('',(9.939319370282E-03,-6.287697658277,8.75));
#3445 = CARTESIAN_POINT('',(1.045473225303,-6.334572658277,
    8.745882999116));
#3446 = CARTESIAN_POINT('',(1.774795113093,-6.381447658277,
    8.010738792839));
#3447 = CARTESIAN_POINT('',(2.504117000884,-6.428322658277,
    7.275594586562));
#3448 = CARTESIAN_POINT('',(2.5,-6.475197658277,6.24006068063));
#3449 = CARTESIAN_POINT('',(2.495882999116,-6.522072658277,
    5.204526774697));
#3450 = CARTESIAN_POINT('',(1.760738792839,-6.568947658277,
    4.475204886907));
#3451 = CARTESIAN_POINT('',(1.025594586562,-6.615822658277,
    3.745882999116));
#3452 = CARTESIAN_POINT('',(-9.939319370282E-03,-6.662697658277,3.75));
#3453 = CARTESIAN_POINT('',(-1.045473225303,-6.709572658277,
    3.754117000884));
#3454 = CARTESIAN_POINT('',(-1.774795113093,-6.756447658277,
    4.489261207161));
#3455 = CARTESIAN_POINT('',(-2.504117000884,-6.803322658277,
    5.224405413438));
#3456 = CARTESIAN_POINT('',(-2.5,-6.850197658277,6.25993931937));
#3457 = CARTESIAN_POINT('',(-2.495882999116,-6.897072658277,
    7.295473225303));
#3458 = CARTESIAN_POINT('',(-1.760738792839,-6.943947658277,
    8.024795113093));
#3459 = CARTESIAN_POINT('',(-1.025594586562,-6.990822658277,
    8.754117000884));
#3460 = CARTESIAN_POINT('',(9.939319370282E-03,-7.037697658277,8.75));
#3461 = CARTESIAN_POINT('',(1.045473225303,-7.084572658277,
    8.745882999116));
#3462 = CARTESIAN_POINT('',(1.774795113093,-7.131447658277,
    8.010738792839));
#3463 = CARTESIAN_POINT('',(2.504117000884,-7.178322658277,
    7.275594586562));
#3464 = CARTESIAN_POINT('',(2.5,-7.225197658277,6.24006068063));
#3465 = CARTESIAN_POINT('',(2.495882999116,-7.272072658277,
    5.204526774697));
#3466 = CARTESIAN_POINT('',(1.760738792839,-7.318947658277,
    4.475204886907));
#3467 = CARTESIAN_POINT('',(1.025594586562,-7.365822658277,
    3.745882999116));
#3468 = CARTESIAN_POINT('',(-9.939319370282E-03,-7.412697658277,3.75));
#3469 = CARTESIAN_POINT('',(-1.045473225303,-7.459572658277,
    3.754117000884));
#3470 = CARTESIAN_POINT('',(-1.774795113093,-7.506447658277,
    4.489261207161));
#3471 = CARTESIAN_POINT('',(-2.504117000884,-7.553322658277,
    5.224405413438));
#3472 = CARTESIAN_POINT('',(-2.5,-7.600197658277,6.25993931937));
#3473 = CARTESIAN_POINT('',(-2.495882999116,-7.647072658277,
    7.295473225303));
#3474 = CARTESIAN_POINT('',(-1.760738792839,-7.693947658277,
    8.024795113093));
#3475 = CARTESIAN_POINT('',(-1.025594586562,-7.740822658277,
    8.754117000884));
#3476 = CARTESIAN_POINT('',(9.939319370282E-03,-7.787697658277,8.75));
#3477 = CARTESIAN_POINT('',(1.045473225303,-7.834572658277,
    8.745882999116));
#3478 = CARTESIAN_POINT('',(1.774795113093,-7.881447658277,
    8.010738792839));
#3479 = CARTESIAN_POINT('',(2.504117000884,-7.928322658277,
    7.275594586562));
#3480 = CARTESIAN_POINT('',(2.5,-7.975197658277,6.24006068063));
#3481 = CARTESIAN_POINT('',(2.495882999116,-8.022072658277,
    5.204526774697));
#3482 = CARTESIAN_POINT('',(1.760738792839,-8.068947658277,
    4.475204886907));
#3483 = CARTESIAN_POINT('',(1.025594586562,-8.115822658277,
    3.745882999116));
#3484 = CARTESIAN_POINT('',(-9.939319370282E-03,-8.162697658277,3.75));
#3485 = CARTESIAN_POINT('',(-1.045473225303,-8.209572658277,
    3.754117000884));
#3486 = CARTESIAN_POINT('',(-1.774795113093,-8.256447658277,
    4.489261207161));
#3487 = CARTESIAN_POINT('',(-2.504117000884,-8.303322658277,
    5.224405413438));
#3488 = CARTESIAN_POINT('',(-2.5,-8.350197658277,6.25993931937));
#3489 = CARTESIAN_POINT('',(-2.495882999116,-8.397072658277,
    7.295473225303));
#3490 = CARTESIAN_POINT('',(-1.760738792839,-8.443947658277,
    8.024795113093));
#3491 = CARTESIAN_POINT('',(-1.025594586562,-8.490822658277,
    8.754117000884));
#3492 = CARTESIAN_POINT('',(9.939319370282E-03,-8.537697658277,8.75));
#3493 = CARTESIAN_POINT('',(1.045473225303,-8.584572658277,
    8.745882999116));
#3494 = CARTESIAN_POINT('',(1.774795113093,-8.631447658277,
    8.010738792839));
#3495 = CARTESIAN_POINT('',(2.504117000884,-8.678322658277,
    7.275594586562));
#3496 = CARTESIAN_POINT('',(2.5,-8.725197658277,6.24006068063));
#3497 = CARTESIAN_POINT('',(2.495882999116,-8.772072658277,
    5.204526774697));
#3498 = CARTESIAN_POINT('',(1.760738792839,-8.818947658277,
    4.475204886906));
#3499 = CARTESIAN_POINT('',(1.025594586562,-8.865822658277,
    3.745882999116));
#3500 = CARTESIAN_POINT('',(-9.939319370282E-03,-8.912697658277,3.75));
#3501 = CARTESIAN_POINT('',(-1.045473225303,-8.959572658277,
    3.754117000884));
#3502 = CARTESIAN_POINT('',(-1.774795113093,-9.006447658277,
    4.489261207161));
#3503 = CARTESIAN_POINT('',(-2.504117000884,-9.053322658277,
    5.224405413438));
#3504 = CARTESIAN_POINT('',(-2.5,-9.100197658277,6.25993931937));
#3505 = CARTESIAN_POINT('',(-2.495882999116,-9.147072658277,
    7.295473225303));
#3506 = CARTESIAN_POINT('',(-1.760738792839,-9.193947658277,
    8.024795113093));
#3507 = CARTESIAN_POINT('',(-1.025594586562,-9.240822658277,
    8.754117000884));
#3508 = CARTESIAN_POINT('',(9.939319370282E-03,-9.287697658277,8.75));
#3509 = CARTESIAN_POINT('',(1.045473225303,-9.334572658277,
    8.745882999116));
#3510 = CARTESIAN_POINT('',(1.774795113093,-9.381447658277,
    8.010738792839));
#3511 = CARTESIAN_POINT('',(2.504117000884,-9.428322658277,
    7.275594586562));
#3512 = CARTESIAN_POINT('',(2.5,-9.475197658277,6.24006068063));
#3513 = CARTESIAN_POINT('',(2.495882999116,-9.522072658277,
    5.204526774697));
#3514 = CARTESIAN_POINT('',(1.760738792839,-9.568947658277,
    4.475204886906));
#3515 = CARTESIAN_POINT('',(1.025594586562,-9.615822658277,
    3.745882999116));
#3516 = CARTESIAN_POINT('',(-9.939319370282E-03,-9.662697658277,3.75));
#3517 = CARTESIAN_POINT('',(-1.045473225303,-9.709572658277,
    3.754117000884));
#3518 = CARTESIAN_POINT('',(-1.774795113093,-9.756447658277,
    4.489261207161));
#3519 = CARTESIAN_POINT('',(-2.504117000884,-9.803322658277,
    5.224405413438));
#3520 = CARTESIAN_POINT('',(-2.5,-9.850197658277,6.25993931937));
#3521 = CARTESIAN_POINT('',(-2.495882999116,-9.897072658277,
    7.295473225303));
#3522 = CARTESIAN_POINT('',(-1.760738792839,-9.943947658277,
    8.024795113093));
#3523 = CARTESIAN_POINT('',(-1.025594586562,-9.990822658277,
    8.754117000884));
#3524 = CARTESIAN_POINT('',(9.939319370282E-03,-10.03769765827,8.75));
#3525 = CARTESIAN_POINT('',(1.045473225303,-10.08457265827,
    8.745882999116));
#3526 = CARTESIAN_POINT('',(1.774795113093,-10.13144765827,
    8.010738792839));
#3527 = CARTESIAN_POINT('',(2.504117000884,-10.17832265827,
    7.275594586562));
#3528 = CARTESIAN_POINT('',(2.5,-10.22519765827,6.24006068063));
#3529 = CARTESIAN_POINT('',(2.495882999116,-10.27207265827,
    5.204526774697));
#3530 = CARTESIAN_POINT('',(1.760738792839,-10.31894765827,
    4.475204886906));
#3531 = CARTESIAN_POINT('',(1.025594586562,-10.36582265827,
    3.745882999116));
#3532 = CARTESIAN_POINT('',(-9.939319370282E-03,-10.41269765827,3.75));
#3533 = CARTESIAN_POINT('',(-1.045473225303,-10.45957265827,
    3.754117000884));
#3534 = CARTESIAN_POINT('',(-1.774795113093,-10.50644765827,
    4.489261207161));
#3535 = CARTESIAN_POINT('',(-2.504117000884,-10.55332265827,
    5.224405413438));
#3536 = CARTESIAN_POINT('',(-2.5,-10.60019765827,6.25993931937));
#3537 = CARTESIAN_POINT('',(-2.495882999116,-10.64707265827,
    7.295473225303));
#3538 = CARTESIAN_POINT('',(-1.760738792839,-10.69394765827,
    8.024795113093));
#3539 = CARTESIAN_POINT('',(-1.025594586562,-10.74082265827,
    8.754117000884));
#3540 = CARTESIAN_POINT('',(9.939319370282E-03,-10.78769765827,8.75));
#3541 = CARTESIAN_POINT('',(1.045473225303,-10.83457265827,
    8.745882999116));
#3542 = CARTESIAN_POINT('',(1.774795113093,-10.88144765827,
    8.010738792839));
#3543 = CARTESIAN_POINT('',(2.504117000884,-10.92832265827,
    7.275594586562));
#3544 = CARTESIAN_POINT('',(2.5,-10.97519765827,6.24006068063));
#3545 = CARTESIAN_POINT('',(2.495882999116,-11.02207265827,
    5.204526774697));
#3546 = CARTESIAN_POINT('',(1.760738792839,-11.06894765827,
    4.475204886906));
#3547 = CARTESIAN_POINT('',(1.025594586562,-11.11582265827,
    3.745882999116));
#3548 = CARTESIAN_POINT('',(-9.939319370282E-03,-11.16269765827,3.75));
#3549 = CARTESIAN_POINT('',(-1.045473225303,-11.20957265827,
    3.754117000884));
#3550 = CARTESIAN_POINT('',(-1.774795113093,-11.25644765827,
    4.489261207161));
#3551 = CARTESIAN_POINT('',(-2.504117000884,-11.30332265827,
    5.224405413438));
#3552 = CARTESIAN_POINT('',(-2.5,-11.35019765827,6.25993931937));
#3553 = CARTESIAN_POINT('',(-2.495882999116,-11.39707265827,
    7.295473225303));
#3554 = CARTESIAN_POINT('',(-1.760738792839,-11.44394765827,
    8.024795113093));
#3555 = CARTESIAN_POINT('',(-1.025594586562,-11.49082265827,
    8.754117000884));
#3556 = CARTESIAN_POINT('',(9.939319370282E-03,-11.53769765827,8.75));
#3557 = CARTESIAN_POINT('',(1.045473225303,-11.58457265827,
    8.745882999116));
#3558 = CARTESIAN_POINT('',(1.774795113093,-11.63144765827,
    8.010738792839));
#3559 = CARTESIAN_POINT('',(2.504117000884,-11.67832265827,
    7.275594586562));
#3560 = CARTESIAN_POINT('',(2.5,-11.72519765827,6.24006068063));
#3561 = CARTESIAN_POINT('',(2.495882999116,-11.77207265827,
    5.204526774697));
#3562 = CARTESIAN_POINT('',(1.760738792839,-11.81894765827,
    4.475204886906));
#3563 = CARTESIAN_POINT('',(1.025594586562,-11.86582265827,
    3.745882999116));
#3564 = CARTESIAN_POINT('',(-9.939319370282E-03,-11.91269765827,3.75));
#3565 = CARTESIAN_POINT('',(-1.045473225303,-11.95957265827,
    3.754117000884));
#3566 = CARTESIAN_POINT('',(-1.774795113093,-12.00644765827,
    4.489261207161));
#3567 = CARTESIAN_POINT('',(-2.504117000884,-12.05332265827,
    5.224405413438));
#3568 = CARTESIAN_POINT('',(-2.5,-12.10019765827,6.25993931937));
#3569 = CARTESIAN_POINT('',(-2.495882999116,-12.14707265827,
    7.295473225303));
#3570 = CARTESIAN_POINT('',(-1.760738792839,-12.19394765827,
    8.024795113093));
#3571 = CARTESIAN_POINT('',(-1.025594586562,-12.24082265827,
    8.754117000884));
#3572 = CARTESIAN_POINT('',(9.939319370282E-03,-12.28769765827,8.75));
#3573 = CARTESIAN_POINT('',(1.045473225303,-12.33457265827,
    8.745882999116));
#3574 = CARTESIAN_POINT('',(1.774795113093,-12.38144765827,
    8.010738792839));
#3575 = CARTESIAN_POINT('',(2.504117000884,-12.42832265827,
    7.275594586562));
#3576 = CARTESIAN_POINT('',(2.5,-12.47519765827,6.24006068063));
#3577 = CARTESIAN_POINT('',(2.495882999116,-12.52207265827,
    5.204526774697));
#3578 = CARTESIAN_POINT('',(1.760738792839,-12.56894765827,
    4.475204886906));
#3579 = CARTESIAN_POINT('',(1.025594586562,-12.61582265827,
    3.745882999116));
#3580 = CARTESIAN_POINT('',(-9.939319370282E-03,-12.66269765827,3.75));
#3581 = CARTESIAN_POINT('',(-1.045473225303,-12.70957265827,
    3.754117000884));
#3582 = CARTESIAN_POINT('',(-1.774795113093,-12.75644765827,
    4.489261207161));
#3583 = CARTESIAN_POINT('',(-2.504117000884,-12.80332265827,
    5.224405413438));
#3584 = CARTESIAN_POINT('',(-2.5,-12.85019765827,6.25993931937));
#3585 = CARTESIAN_POINT('',(-2.495882999116,-12.89707265827,
    7.295473225303));
#3586 = CARTESIAN_POINT('',(-1.760738792839,-12.94394765827,
    8.024795113093));
#3587 = CARTESIAN_POINT('',(-1.025594586562,-12.99082265827,
    8.754117000884));
#3588 = CARTESIAN_POINT('',(9.939319370282E-03,-13.03769765827,8.75));
#3589 = CARTESIAN_POINT('',(1.045473225303,-13.08457265827,
    8.745882999116));
#3590 = CARTESIAN_POINT('',(1.774795113093,-13.13144765827,
    8.010738792839));
#3591 = CARTESIAN_POINT('',(2.504117000884,-13.17832265827,
    7.275594586562));
#3592 = CARTESIAN_POINT('',(2.5,-13.22519765827,6.24006068063));
#3593 = CARTESIAN_POINT('',(2.495882999116,-13.27207265827,
    5.204526774697));
#3594 = CARTESIAN_POINT('',(1.760738792839,-13.31894765827,
    4.475204886906));
#3595 = CARTESIAN_POINT('',(1.025594586562,-13.36582265827,
    3.745882999116));
#3596 = CARTESIAN_POINT('',(-9.939319370282E-03,-13.41269765827,3.75));
#3597 = CARTESIAN_POINT('',(-1.045473225303,-13.45957265827,
    3.754117000884));
#3598 = CARTESIAN_POINT('',(-1.774795113093,-13.50644765827,
    4.489261207161));
#3599 = CARTESIAN_POINT('',(-2.504117000884,-13.55332265827,
    5.224405413438));
#3600 = CARTESIAN_POINT('',(-2.5,-13.60019765827,6.25993931937));
#3601 = CARTESIAN_POINT('',(-2.495882999116,-13.64707265827,
    7.295473225303));
#3602 = CARTESIAN_POINT('',(-1.760738792839,-13.69394765827,
    8.024795113093));
#3603 = CARTESIAN_POINT('',(-1.025594586562,-13.74082265827,
    8.754117000884));
#3604 = CARTESIAN_POINT('',(9.939319370282E-03,-13.78769765827,8.75));
#3605 = CARTESIAN_POINT('',(1.045473225303,-13.83457265827,
    8.745882999116));
#3606 = CARTESIAN_POINT('',(1.774795113093,-13.88144765827,
    8.010738792839));
#3607 = CARTESIAN_POINT('',(2.504117000884,-13.92832265827,
    7.275594586562));
#3608 = CARTESIAN_POINT('',(2.5,-13.97519765827,6.24006068063));
#3609 = CARTESIAN_POINT('',(2.495882999116,-14.02207265827,
    5.204526774697));
#3610 = CARTESIAN_POINT('',(1.760738792839,-14.06894765827,
    4.475204886906));
#3611 = CARTESIAN_POINT('',(1.025594586562,-14.11582265827,
    3.745882999116));
#3612 = CARTESIAN_POINT('',(-9.939319370282E-03,-14.16269765827,3.75));
#3613 = CARTESIAN_POINT('',(-1.045473225303,-14.20957265827,
    3.754117000884));
#3614 = CARTESIAN_POINT('',(-1.774795113093,-14.25644765827,
    4.489261207161));
#3615 = CARTESIAN_POINT('',(-2.504117000884,-14.30332265827,
    5.224405413437));
#3616 = CARTESIAN_POINT('',(-2.5,-14.35019765827,6.25993931937));
#3617 = CARTESIAN_POINT('',(-2.495882999116,-14.39707265827,
    7.295473225303));
#3618 = CARTESIAN_POINT('',(-1.760738792839,-14.44394765827,
    8.024795113093));
#3619 = CARTESIAN_POINT('',(-1.025594586562,-14.49082265827,
    8.754117000884));
#3620 = CARTESIAN_POINT('',(9.939319370282E-03,-14.53769765827,8.75));
#3621 = CARTESIAN_POINT('',(1.045473225303,-14.58457265827,
    8.745882999116));
#3622 = CARTESIAN_POINT('',(1.774795113093,-14.63144765827,
    8.010738792839));
#3623 = CARTESIAN_POINT('',(2.504117000884,-14.67832265827,
    7.275594586562));
#3624 = CARTESIAN_POINT('',(2.5,-14.72519765827,6.24006068063));
#3625 = CARTESIAN_POINT('',(2.495882999116,-14.77207265827,
    5.204526774697));
#3626 = CARTESIAN_POINT('',(1.760738792839,-14.81894765827,
    4.475204886906));
#3627 = CARTESIAN_POINT('',(1.025594586562,-14.86582265827,
    3.745882999116));
#3628 = CARTESIAN_POINT('',(-9.939319370282E-03,-14.91269765827,3.75));
#3629 = CARTESIAN_POINT('',(-1.045473225303,-14.95957265827,
    3.754117000884));
#3630 = CARTESIAN_POINT('',(-1.774795113093,-15.00644765827,
    4.489261207161));
#3631 = CARTESIAN_POINT('',(-2.504117000884,-15.05332265827,
    5.224405413437));
#3632 = CARTESIAN_POINT('',(-2.5,-15.10019765827,6.25993931937));
#3633 = CARTESIAN_POINT('',(-2.495882999116,-15.14707265827,
    7.295473225303));
#3634 = CARTESIAN_POINT('',(-1.760738792839,-15.19394765827,
    8.024795113093));
#3635 = CARTESIAN_POINT('',(-1.025594586562,-15.24082265827,
    8.754117000884));
#3636 = CARTESIAN_POINT('',(9.939319370282E-03,-15.28769765827,8.75));
#3637 = CARTESIAN_POINT('',(1.045473225303,-15.33457265827,
    8.745882999116));
#3638 = CARTESIAN_POINT('',(1.774795113093,-15.38144765827,
    8.010738792839));
#3639 = CARTESIAN_POINT('',(2.504117000884,-15.42832265827,
    7.275594586562));
#3640 = CARTESIAN_POINT('',(2.5,-15.47519765827,6.24006068063));
#3641 = CARTESIAN_POINT('',(2.495882999116,-15.52207265827,
    5.204526774697));
#3642 = CARTESIAN_POINT('',(1.760738792839,-15.56894765827,
    4.475204886906));
#3643 = CARTESIAN_POINT('',(1.025594586562,-15.61582265827,
    3.745882999116));
#3644 = CARTESIAN_POINT('',(-9.939319370282E-03,-15.66269765827,3.75));
#3645 = CARTESIAN_POINT('',(-1.045473225303,-15.70957265827,
    3.754117000884));
#3646 = CARTESIAN_POINT('',(-1.774795113093,-15.75644765827,
    4.489261207161));
#3647 = CARTESIAN_POINT('',(-2.504117000884,-15.80332265827,
    5.224405413437));
#3648 = CARTESIAN_POINT('',(-2.5,-15.85019765827,6.25993931937));
#3649 = CARTESIAN_POINT('',(-2.495882999116,-15.89707265827,
    7.295473225303));
#3650 = CARTESIAN_POINT('',(-1.760738792839,-15.94394765827,
    8.024795113093));
#3651 = CARTESIAN_POINT('',(-1.025594586562,-15.99082265827,
    8.754117000884));
#3652 = CARTESIAN_POINT('',(9.939319370282E-03,-16.03769765827,8.75));
#3653 = CARTESIAN_POINT('',(1.045473225303,-16.08457265827,
    8.745882999116));
#3654 = CARTESIAN_POINT('',(1.774795113093,-16.13144765827,
    8.010738792839));
#3655 = CARTESIAN_POINT('',(2.504117000884,-16.17832265827,
    7.275594586562));
#3656 = CARTESIAN_POINT('',(2.5,-16.22519765827,6.24006068063));
#3657 = CARTESIAN_POINT('',(2.495882999116,-16.27207265827,
    5.204526774697));
#3658 = CARTESIAN_POINT('',(1.760738792839,-16.31894765827,
    4.475204886906));
#3659 = CARTESIAN_POINT('',(1.025594586562,-16.36582265827,
    3.745882999116));
#3660 = CARTESIAN_POINT('',(-9.939319370282E-03,-16.41269765827,3.75));
#3661 = CARTESIAN_POINT('',(-1.045473225303,-16.45957265827,
    3.754117000884));
#3662 = CARTESIAN_POINT('',(-1.774795113093,-16.50644765827,
    4.489261207161));
#3663 = CARTESIAN_POINT('',(-2.504117000884,-16.55332265827,
    5.224405413437));
#3664 = CARTESIAN_POINT('',(-2.5,-16.60019765827,6.25993931937));
#3665 = CARTESIAN_POINT('',(-3.,2.149802341723,6.25993931937));
#3666 = CARTESIAN_POINT('',(-2.995882999116,2.102927341723,7.50258000649
    ));
#3667 = CARTESIAN_POINT('',(-2.114292183433,2.056052341723,
    8.378348503687));
#3668 = CARTESIAN_POINT('',(-1.232701367749,2.009177341723,
    9.254117000884));
#3669 = CARTESIAN_POINT('',(9.939319370279E-03,1.962302341723,9.25));
#3670 = CARTESIAN_POINT('',(1.25258000649,1.915427341723,9.245882999116)
  );
#3671 = CARTESIAN_POINT('',(2.128348503687,1.868552341723,8.364292183433
    ));
#3672 = CARTESIAN_POINT('',(3.004117000884,1.821677341723,7.482701367749
    ));
#3673 = CARTESIAN_POINT('',(3.,1.774802341723,6.24006068063));
#3674 = CARTESIAN_POINT('',(2.995882999116,1.727927341723,4.99741999351)
  );
#3675 = CARTESIAN_POINT('',(2.114292183433,1.681052341723,4.121651496313
    ));
#3676 = CARTESIAN_POINT('',(1.232701367749,1.634177341723,3.245882999116
    ));
#3677 = CARTESIAN_POINT('',(-9.939319370279E-03,1.587302341723,3.25));
#3678 = CARTESIAN_POINT('',(-1.25258000649,1.540427341723,3.254117000884
    ));
#3679 = CARTESIAN_POINT('',(-2.128348503687,1.493552341723,
    4.135707816567));
#3680 = CARTESIAN_POINT('',(-3.004117000884,1.446677341723,
    5.017298632251));
#3681 = CARTESIAN_POINT('',(-3.,1.399802341723,6.25993931937));
#3682 = CARTESIAN_POINT('',(-2.995882999116,1.352927341723,7.50258000649
    ));
#3683 = CARTESIAN_POINT('',(-2.114292183433,1.306052341723,
    8.378348503687));
#3684 = CARTESIAN_POINT('',(-1.232701367749,1.259177341723,
    9.254117000884));
#3685 = CARTESIAN_POINT('',(9.939319370279E-03,1.212302341723,9.25));
#3686 = CARTESIAN_POINT('',(1.25258000649,1.165427341723,9.245882999116)
  );
#3687 = CARTESIAN_POINT('',(2.128348503687,1.118552341723,8.364292183433
    ));
#3688 = CARTESIAN_POINT('',(3.004117000884,1.071677341723,7.482701367749
    ));
#3689 = CARTESIAN_POINT('',(3.,1.024802341723,6.24006068063));
#3690 = CARTESIAN_POINT('',(2.995882999116,0.977927341723,4.99741999351)
  );
#3691 = CARTESIAN_POINT('',(2.114292183433,0.931052341723,4.121651496313
    ));
#3692 = CARTESIAN_POINT('',(1.232701367749,0.884177341723,3.245882999116
    ));
#3693 = CARTESIAN_POINT('',(-9.939319370279E-03,0.837302341723,3.25));
#3694 = CARTESIAN_POINT('',(-1.25258000649,0.790427341723,3.254117000884
    ));
#3695 = CARTESIAN_POINT('',(-2.128348503687,0.743552341723,
    4.135707816567));
#3696 = CARTESIAN_POINT('',(-3.004117000884,0.696677341723,
    5.017298632251));
#3697 = CARTESIAN_POINT('',(-3.,0.649802341723,6.25993931937));
#3698 = CARTESIAN_POINT('',(-2.995882999116,0.602927341723,7.50258000649
    ));
#3699 = CARTESIAN_POINT('',(-2.114292183433,0.556052341723,
    8.378348503687));
#3700 = CARTESIAN_POINT('',(-1.232701367749,0.509177341723,
    9.254117000884));
#3701 = CARTESIAN_POINT('',(9.939319370279E-03,0.462302341723,9.25));
#3702 = CARTESIAN_POINT('',(1.25258000649,0.415427341723,9.245882999116)
  );
#3703 = CARTESIAN_POINT('',(2.128348503687,0.368552341723,8.364292183433
    ));
#3704 = CARTESIAN_POINT('',(3.004117000884,0.321677341723,7.482701367749
    ));
#3705 = CARTESIAN_POINT('',(3.,0.274802341723,6.24006068063));
#3706 = CARTESIAN_POINT('',(2.995882999116,0.227927341723,4.99741999351)
  );
#3707 = CARTESIAN_POINT('',(2.114292183433,0.181052341723,4.121651496313
    ));
#3708 = CARTESIAN_POINT('',(1.232701367749,0.134177341723,3.245882999116
    ));
#3709 = CARTESIAN_POINT('',(-9.939319370279E-03,8.730234172333E-02,3.25)
  );
#3710 = CARTESIAN_POINT('',(-1.25258000649,4.042734172333E-02,
    3.254117000884));
#3711 = CARTESIAN_POINT('',(-2.128348503687,-6.447658276677E-03,
    4.135707816567));
#3712 = CARTESIAN_POINT('',(-3.004117000884,-5.332265827668E-02,
    5.017298632251));
#3713 = CARTESIAN_POINT('',(-3.,-0.100197658277,6.25993931937));
#3714 = CARTESIAN_POINT('',(-2.995882999116,-0.147072658277,
    7.50258000649));
#3715 = CARTESIAN_POINT('',(-2.114292183433,-0.193947658277,
    8.378348503687));
#3716 = CARTESIAN_POINT('',(-1.232701367749,-0.240822658277,
    9.254117000884));
#3717 = CARTESIAN_POINT('',(9.939319370279E-03,-0.287697658277,9.25));
#3718 = CARTESIAN_POINT('',(1.25258000649,-0.334572658277,9.245882999116
    ));
#3719 = CARTESIAN_POINT('',(2.128348503687,-0.381447658277,
    8.364292183433));
#3720 = CARTESIAN_POINT('',(3.004117000884,-0.428322658277,
    7.482701367749));
#3721 = CARTESIAN_POINT('',(3.,-0.475197658277,6.24006068063));
#3722 = CARTESIAN_POINT('',(2.995882999116,-0.522072658277,4.99741999351
    ));
#3723 = CARTESIAN_POINT('',(2.114292183433,-0.568947658277,
    4.121651496313));
#3724 = CARTESIAN_POINT('',(1.232701367749,-0.615822658277,
    3.245882999116));
#3725 = CARTESIAN_POINT('',(-9.939319370279E-03,-0.662697658277,3.25));
#3726 = CARTESIAN_POINT('',(-1.25258000649,-0.709572658277,
    3.254117000884));
#3727 = CARTESIAN_POINT('',(-2.128348503687,-0.756447658277,
    4.135707816567));
#3728 = CARTESIAN_POINT('',(-3.004117000884,-0.803322658277,
    5.017298632251));
#3729 = CARTESIAN_POINT('',(-3.,-0.850197658277,6.25993931937));
#3730 = CARTESIAN_POINT('',(-2.995882999116,-0.897072658277,
    7.50258000649));
#3731 = CARTESIAN_POINT('',(-2.114292183433,-0.943947658277,
    8.378348503687));
#3732 = CARTESIAN_POINT('',(-1.232701367749,-0.990822658277,
    9.254117000884));
#3733 = CARTESIAN_POINT('',(9.939319370279E-03,-1.037697658277,9.25));
#3734 = CARTESIAN_POINT('',(1.25258000649,-1.084572658277,9.245882999116
    ));
#3735 = CARTESIAN_POINT('',(2.128348503687,-1.131447658277,
    8.364292183433));
#3736 = CARTESIAN_POINT('',(3.004117000884,-1.178322658277,
    7.482701367749));
#3737 = CARTESIAN_POINT('',(3.,-1.225197658277,6.24006068063));
#3738 = CARTESIAN_POINT('',(2.995882999116,-1.272072658277,4.99741999351
    ));
#3739 = CARTESIAN_POINT('',(2.114292183433,-1.318947658277,
    4.121651496313));
#3740 = CARTESIAN_POINT('',(1.232701367749,-1.365822658277,
    3.245882999116));
#3741 = CARTESIAN_POINT('',(-9.939319370279E-03,-1.412697658277,3.25));
#3742 = CARTESIAN_POINT('',(-1.25258000649,-1.459572658277,
    3.254117000884));
#3743 = CARTESIAN_POINT('',(-2.128348503687,-1.506447658277,
    4.135707816567));
#3744 = CARTESIAN_POINT('',(-3.004117000884,-1.553322658277,
    5.017298632251));
#3745 = CARTESIAN_POINT('',(-3.,-1.600197658277,6.25993931937));
#3746 = CARTESIAN_POINT('',(-2.995882999116,-1.647072658277,
    7.50258000649));
#3747 = CARTESIAN_POINT('',(-2.114292183433,-1.693947658277,
    8.378348503687));
#3748 = CARTESIAN_POINT('',(-1.232701367749,-1.740822658277,
    9.254117000884));
#3749 = CARTESIAN_POINT('',(9.939319370279E-03,-1.787697658277,9.25));
#3750 = CARTESIAN_POINT('',(1.25258000649,-1.834572658277,9.245882999116
    ));
#3751 = CARTESIAN_POINT('',(2.128348503687,-1.881447658277,
    8.364292183433));
#3752 = CARTESIAN_POINT('',(3.004117000884,-1.928322658277,
    7.482701367749));
#3753 = CARTESIAN_POINT('',(3.,-1.975197658277,6.24006068063));
#3754 = CARTESIAN_POINT('',(2.995882999116,-2.022072658277,4.99741999351
    ));
#3755 = CARTESIAN_POINT('',(2.114292183433,-2.068947658277,
    4.121651496313));
#3756 = CARTESIAN_POINT('',(1.232701367749,-2.115822658277,
    3.245882999116));
#3757 = CARTESIAN_POINT('',(-9.939319370279E-03,-2.162697658277,3.25));
#3758 = CARTESIAN_POINT('',(-1.25258000649,-2.209572658277,
    3.254117000884));
#3759 = CARTESIAN_POINT('',(-2.128348503687,-2.256447658277,
    4.135707816567));
#3760 = CARTESIAN_POINT('',(-3.004117000884,-2.303322658277,
    5.017298632251));
#3761 = CARTESIAN_POINT('',(-3.,-2.350197658277,6.25993931937));
#3762 = CARTESIAN_POINT('',(-2.995882999116,-2.397072658277,
    7.50258000649));
#3763 = CARTESIAN_POINT('',(-2.114292183433,-2.443947658277,
    8.378348503687));
#3764 = CARTESIAN_POINT('',(-1.232701367749,-2.490822658277,
    9.254117000884));
#3765 = CARTESIAN_POINT('',(9.939319370279E-03,-2.537697658277,9.25));
#3766 = CARTESIAN_POINT('',(1.25258000649,-2.584572658277,9.245882999116
    ));
#3767 = CARTESIAN_POINT('',(2.128348503687,-2.631447658277,
    8.364292183433));
#3768 = CARTESIAN_POINT('',(3.004117000884,-2.678322658277,
    7.482701367749));
#3769 = CARTESIAN_POINT('',(3.,-2.725197658277,6.24006068063));
#3770 = CARTESIAN_POINT('',(2.995882999116,-2.772072658277,4.99741999351
    ));
#3771 = CARTESIAN_POINT('',(2.114292183433,-2.818947658277,
    4.121651496313));
#3772 = CARTESIAN_POINT('',(1.232701367749,-2.865822658277,
    3.245882999116));
#3773 = CARTESIAN_POINT('',(-9.939319370279E-03,-2.912697658277,3.25));
#3774 = CARTESIAN_POINT('',(-1.25258000649,-2.959572658277,
    3.254117000884));
#3775 = CARTESIAN_POINT('',(-2.128348503687,-3.006447658277,
    4.135707816567));
#3776 = CARTESIAN_POINT('',(-3.004117000884,-3.053322658277,
    5.017298632251));
#3777 = CARTESIAN_POINT('',(-3.,-3.100197658277,6.25993931937));
#3778 = CARTESIAN_POINT('',(-2.995882999116,-3.147072658277,
    7.50258000649));
#3779 = CARTESIAN_POINT('',(-2.114292183433,-3.193947658277,
    8.378348503687));
#3780 = CARTESIAN_POINT('',(-1.232701367749,-3.240822658277,
    9.254117000884));
#3781 = CARTESIAN_POINT('',(9.939319370279E-03,-3.287697658277,9.25));
#3782 = CARTESIAN_POINT('',(1.25258000649,-3.334572658277,9.245882999116
    ));
#3783 = CARTESIAN_POINT('',(2.128348503687,-3.381447658277,
    8.364292183433));
#3784 = CARTESIAN_POINT('',(3.004117000884,-3.428322658277,
    7.482701367749));
#3785 = CARTESIAN_POINT('',(3.,-3.475197658277,6.24006068063));
#3786 = CARTESIAN_POINT('',(2.995882999116,-3.522072658277,4.99741999351
    ));
#3787 = CARTESIAN_POINT('',(2.114292183433,-3.568947658277,
    4.121651496313));
#3788 = CARTESIAN_POINT('',(1.232701367749,-3.615822658277,
    3.245882999116));
#3789 = CARTESIAN_POINT('',(-9.939319370279E-03,-3.662697658277,3.25));
#3790 = CARTESIAN_POINT('',(-1.25258000649,-3.709572658277,
    3.254117000884));
#3791 = CARTESIAN_POINT('',(-2.128348503687,-3.756447658277,
    4.135707816567));
#3792 = CARTESIAN_POINT('',(-3.004117000884,-3.803322658277,
    5.017298632251));
#3793 = CARTESIAN_POINT('',(-3.,-3.850197658277,6.25993931937));
#3794 = CARTESIAN_POINT('',(-2.995882999116,-3.897072658277,
    7.50258000649));
#3795 = CARTESIAN_POINT('',(-2.114292183433,-3.943947658277,
    8.378348503687));
#3796 = CARTESIAN_POINT('',(-1.232701367749,-3.990822658277,
    9.254117000884));
#3797 = CARTESIAN_POINT('',(9.939319370279E-03,-4.037697658277,9.25));
#3798 = CARTESIAN_POINT('',(1.25258000649,-4.084572658277,9.245882999116
    ));
#3799 = CARTESIAN_POINT('',(2.128348503687,-4.131447658277,
    8.364292183433));
#3800 = CARTESIAN_POINT('',(3.004117000884,-4.178322658277,
    7.482701367749));
#3801 = CARTESIAN_POINT('',(3.,-4.225197658277,6.24006068063));
#3802 = CARTESIAN_POINT('',(2.995882999116,-4.272072658277,4.99741999351
    ));
#3803 = CARTESIAN_POINT('',(2.114292183433,-4.318947658277,
    4.121651496313));
#3804 = CARTESIAN_POINT('',(1.232701367749,-4.365822658277,
    3.245882999116));
#3805 = CARTESIAN_POINT('',(-9.939319370279E-03,-4.412697658277,3.25));
#3806 = CARTESIAN_POINT('',(-1.25258000649,-4.459572658277,
    3.254117000884));
#3807 = CARTESIAN_POINT('',(-2.128348503687,-4.506447658277,
    4.135707816567));
#3808 = CARTESIAN_POINT('',(-3.004117000884,-4.553322658277,
    5.017298632251));
#3809 = CARTESIAN_POINT('',(-3.,-4.600197658277,6.25993931937));
#3810 = CARTESIAN_POINT('',(-2.995882999116,-4.647072658277,
    7.50258000649));
#3811 = CARTESIAN_POINT('',(-2.114292183433,-4.693947658277,
    8.378348503687));
#3812 = CARTESIAN_POINT('',(-1.232701367749,-4.740822658277,
    9.254117000884));
#3813 = CARTESIAN_POINT('',(9.939319370279E-03,-4.787697658277,9.25));
#3814 = CARTESIAN_POINT('',(1.25258000649,-4.834572658277,9.245882999116
    ));
#3815 = CARTESIAN_POINT('',(2.128348503687,-4.881447658277,
    8.364292183433));
#3816 = CARTESIAN_POINT('',(3.004117000884,-4.928322658277,
    7.482701367749));
#3817 = CARTESIAN_POINT('',(3.,-4.975197658277,6.24006068063));
#3818 = CARTESIAN_POINT('',(2.995882999116,-5.022072658277,4.99741999351
    ));
#3819 = CARTESIAN_POINT('',(2.114292183433,-5.068947658277,
    4.121651496313));
#3820 = CARTESIAN_POINT('',(1.232701367749,-5.115822658277,
    3.245882999116));
#3821 = CARTESIAN_POINT('',(-9.939319370279E-03,-5.162697658277,3.25));
#3822 = CARTESIAN_POINT('',(-1.25258000649,-5.209572658277,
    3.254117000884));
#3823 = CARTESIAN_POINT('',(-2.128348503687,-5.256447658277,
    4.135707816567));
#3824 = CARTESIAN_POINT('',(-3.004117000884,-5.303322658277,
    5.017298632251));
#3825 = CARTESIAN_POINT('',(-3.,-5.350197658277,6.25993931937));
#3826 = CARTESIAN_POINT('',(-2.995882999116,-5.397072658277,
    7.50258000649));
#3827 = CARTESIAN_POINT('',(-2.114292183433,-5.443947658277,
    8.378348503687));
#3828 = CARTESIAN_POINT('',(-1.232701367749,-5.490822658277,
    9.254117000884));
#3829 = CARTESIAN_POINT('',(9.939319370279E-03,-5.537697658277,9.25));
#3830 = CARTESIAN_POINT('',(1.25258000649,-5.584572658277,9.245882999116
    ));
#3831 = CARTESIAN_POINT('',(2.128348503687,-5.631447658277,
    8.364292183433));
#3832 = CARTESIAN_POINT('',(3.004117000884,-5.678322658277,
    7.482701367749));
#3833 = CARTESIAN_POINT('',(3.,-5.725197658277,6.24006068063));
#3834 = CARTESIAN_POINT('',(2.995882999116,-5.772072658277,4.99741999351
    ));
#3835 = CARTESIAN_POINT('',(2.114292183433,-5.818947658277,
    4.121651496313));
#3836 = CARTESIAN_POINT('',(1.232701367749,-5.865822658277,
    3.245882999116));
#3837 = CARTESIAN_POINT('',(-9.939319370279E-03,-5.912697658277,3.25));
#3838 = CARTESIAN_POINT('',(-1.25258000649,-5.959572658277,
    3.254117000884));
#3839 = CARTESIAN_POINT('',(-2.128348503687,-6.006447658277,
    4.135707816567));
#3840 = CARTESIAN_POINT('',(-3.004117000884,-6.053322658277,
    5.017298632251));
#3841 = CARTESIAN_POINT('',(-3.,-6.100197658277,6.25993931937));
#3842 = CARTESIAN_POINT('',(-2.995882999116,-6.147072658277,
    7.50258000649));
#3843 = CARTESIAN_POINT('',(-2.114292183433,-6.193947658277,
    8.378348503687));
#3844 = CARTESIAN_POINT('',(-1.232701367749,-6.240822658277,
    9.254117000884));
#3845 = CARTESIAN_POINT('',(9.939319370279E-03,-6.287697658277,9.25));
#3846 = CARTESIAN_POINT('',(1.25258000649,-6.334572658277,9.245882999116
    ));
#3847 = CARTESIAN_POINT('',(2.128348503687,-6.381447658277,
    8.364292183433));
#3848 = CARTESIAN_POINT('',(3.004117000884,-6.428322658277,
    7.482701367749));
#3849 = CARTESIAN_POINT('',(3.,-6.475197658277,6.24006068063));
#3850 = CARTESIAN_POINT('',(2.995882999116,-6.522072658277,4.99741999351
    ));
#3851 = CARTESIAN_POINT('',(2.114292183433,-6.568947658277,
    4.121651496313));
#3852 = CARTESIAN_POINT('',(1.232701367749,-6.615822658277,
    3.245882999116));
#3853 = CARTESIAN_POINT('',(-9.939319370279E-03,-6.662697658277,3.25));
#3854 = CARTESIAN_POINT('',(-1.25258000649,-6.709572658277,
    3.254117000884));
#3855 = CARTESIAN_POINT('',(-2.128348503687,-6.756447658277,
    4.135707816567));
#3856 = CARTESIAN_POINT('',(-3.004117000884,-6.803322658277,
    5.017298632251));
#3857 = CARTESIAN_POINT('',(-3.,-6.850197658277,6.25993931937));
#3858 = CARTESIAN_POINT('',(-2.995882999116,-6.897072658277,
    7.50258000649));
#3859 = CARTESIAN_POINT('',(-2.114292183433,-6.943947658277,
    8.378348503687));
#3860 = CARTESIAN_POINT('',(-1.232701367749,-6.990822658277,
    9.254117000884));
#3861 = CARTESIAN_POINT('',(9.939319370279E-03,-7.037697658277,9.25));
#3862 = CARTESIAN_POINT('',(1.25258000649,-7.084572658277,9.245882999116
    ));
#3863 = CARTESIAN_POINT('',(2.128348503687,-7.131447658277,
    8.364292183433));
#3864 = CARTESIAN_POINT('',(3.004117000884,-7.178322658277,
    7.482701367749));
#3865 = CARTESIAN_POINT('',(3.,-7.225197658277,6.24006068063));
#3866 = CARTESIAN_POINT('',(2.995882999116,-7.272072658277,4.99741999351
    ));
#3867 = CARTESIAN_POINT('',(2.114292183433,-7.318947658277,
    4.121651496313));
#3868 = CARTESIAN_POINT('',(1.232701367749,-7.365822658277,
    3.245882999116));
#3869 = CARTESIAN_POINT('',(-9.939319370279E-03,-7.412697658277,3.25));
#3870 = CARTESIAN_POINT('',(-1.25258000649,-7.459572658277,
    3.254117000884));
#3871 = CARTESIAN_POINT('',(-2.128348503687,-7.506447658277,
    4.135707816567));
#3872 = CARTESIAN_POINT('',(-3.004117000884,-7.553322658277,
    5.017298632251));
#3873 = CARTESIAN_POINT('',(-3.,-7.600197658277,6.25993931937));
#3874 = CARTESIAN_POINT('',(-2.995882999116,-7.647072658277,
    7.50258000649));
#3875 = CARTESIAN_POINT('',(-2.114292183433,-7.693947658277,
    8.378348503687));
#3876 = CARTESIAN_POINT('',(-1.232701367749,-7.740822658277,
    9.254117000884));
#3877 = CARTESIAN_POINT('',(9.939319370279E-03,-7.787697658277,9.25));
#3878 = CARTESIAN_POINT('',(1.25258000649,-7.834572658277,9.245882999116
    ));
#3879 = CARTESIAN_POINT('',(2.128348503687,-7.881447658277,
    8.364292183433));
#3880 = CARTESIAN_POINT('',(3.004117000884,-7.928322658277,
    7.482701367749));
#3881 = CARTESIAN_POINT('',(3.,-7.975197658277,6.24006068063));
#3882 = CARTESIAN_POINT('',(2.995882999116,-8.022072658277,4.99741999351
    ));
#3883 = CARTESIAN_POINT('',(2.114292183433,-8.068947658277,
    4.121651496313));
#3884 = CARTESIAN_POINT('',(1.232701367749,-8.115822658277,
    3.245882999116));
#3885 = CARTESIAN_POINT('',(-9.939319370279E-03,-8.162697658277,3.25));
#3886 = CARTESIAN_POINT('',(-1.25258000649,-8.209572658277,
    3.254117000884));
#3887 = CARTESIAN_POINT('',(-2.128348503687,-8.256447658277,
    4.135707816567));
#3888 = CARTESIAN_POINT('',(-3.004117000884,-8.303322658277,
    5.017298632251));
#3889 = CARTESIAN_POINT('',(-3.,-8.350197658277,6.25993931937));
#3890 = CARTESIAN_POINT('',(-2.995882999116,-8.397072658277,
    7.50258000649));
#3891 = CARTESIAN_POINT('',(-2.114292183433,-8.443947658277,
    8.378348503687));
#3892 = CARTESIAN_POINT('',(-1.232701367749,-8.490822658277,
    9.254117000884));
#3893 = CARTESIAN_POINT('',(9.939319370279E-03,-8.537697658277,9.25));
#3894 = CARTESIAN_POINT('',(1.25258000649,-8.584572658277,9.245882999116
    ));
#3895 = CARTESIAN_POINT('',(2.128348503687,-8.631447658277,
    8.364292183433));
#3896 = CARTESIAN_POINT('',(3.004117000884,-8.678322658277,
    7.482701367749));
#3897 = CARTESIAN_POINT('',(3.,-8.725197658277,6.24006068063));
#3898 = CARTESIAN_POINT('',(2.995882999116,-8.772072658277,4.99741999351
    ));
#3899 = CARTESIAN_POINT('',(2.114292183433,-8.818947658277,
    4.121651496313));
#3900 = CARTESIAN_POINT('',(1.232701367749,-8.865822658277,
    3.245882999116));
#3901 = CARTESIAN_POINT('',(-9.939319370279E-03,-8.912697658277,3.25));
#3902 = CARTESIAN_POINT('',(-1.25258000649,-8.959572658277,
    3.254117000884));
#3903 = CARTESIAN_POINT('',(-2.128348503687,-9.006447658277,
    4.135707816567));
#3904 = CARTESIAN_POINT('',(-3.004117000884,-9.053322658277,
    5.017298632251));
#3905 = CARTESIAN_POINT('',(-3.,-9.100197658277,6.25993931937));
#3906 = CARTESIAN_POINT('',(-2.995882999116,-9.147072658277,
    7.50258000649));
#3907 = CARTESIAN_POINT('',(-2.114292183433,-9.193947658277,
    8.378348503687));
#3908 = CARTESIAN_POINT('',(-1.232701367749,-9.240822658277,
    9.254117000884));
#3909 = CARTESIAN_POINT('',(9.939319370279E-03,-9.287697658277,9.25));
#3910 = CARTESIAN_POINT('',(1.25258000649,-9.334572658277,9.245882999116
    ));
#3911 = CARTESIAN_POINT('',(2.128348503687,-9.381447658277,
    8.364292183433));
#3912 = CARTESIAN_POINT('',(3.004117000884,-9.428322658277,
    7.482701367749));
#3913 = CARTESIAN_POINT('',(3.,-9.475197658277,6.24006068063));
#3914 = CARTESIAN_POINT('',(2.995882999116,-9.522072658277,4.99741999351
    ));
#3915 = CARTESIAN_POINT('',(2.114292183433,-9.568947658277,
    4.121651496313));
#3916 = CARTESIAN_POINT('',(1.232701367749,-9.615822658277,
    3.245882999116));
#3917 = CARTESIAN_POINT('',(-9.939319370279E-03,-9.662697658277,3.25));
#3918 = CARTESIAN_POINT('',(-1.25258000649,-9.709572658277,
    3.254117000884));
#3919 = CARTESIAN_POINT('',(-2.128348503687,-9.756447658277,
    4.135707816567));
#3920 = CARTESIAN_POINT('',(-3.004117000884,-9.803322658277,
    5.017298632251));
#3921 = CARTESIAN_POINT('',(-3.,-9.850197658277,6.25993931937));
#3922 = CARTESIAN_POINT('',(-2.995882999116,-9.897072658277,
    7.50258000649));
#3923 = CARTESIAN_POINT('',(-2.114292183433,-9.943947658277,
    8.378348503687));
#3924 = CARTESIAN_POINT('',(-1.232701367749,-9.990822658277,
    9.254117000884));
#3925 = CARTESIAN_POINT('',(9.939319370279E-03,-10.03769765827,9.25));
#3926 = CARTESIAN_POINT('',(1.25258000649,-10.08457265827,9.245882999116
    ));
#3927 = CARTESIAN_POINT('',(2.128348503687,-10.13144765827,
    8.364292183433));
#3928 = CARTESIAN_POINT('',(3.004117000884,-10.17832265827,
    7.482701367749));
#3929 = CARTESIAN_POINT('',(3.,-10.22519765827,6.24006068063));
#3930 = CARTESIAN_POINT('',(2.995882999116,-10.27207265827,4.99741999351
    ));
#3931 = CARTESIAN_POINT('',(2.114292183433,-10.31894765827,
    4.121651496313));
#3932 = CARTESIAN_POINT('',(1.232701367749,-10.36582265827,
    3.245882999116));
#3933 = CARTESIAN_POINT('',(-9.939319370279E-03,-10.41269765827,3.25));
#3934 = CARTESIAN_POINT('',(-1.25258000649,-10.45957265827,
    3.254117000884));
#3935 = CARTESIAN_POINT('',(-2.128348503687,-10.50644765827,
    4.135707816567));
#3936 = CARTESIAN_POINT('',(-3.004117000884,-10.55332265827,
    5.017298632251));
#3937 = CARTESIAN_POINT('',(-3.,-10.60019765827,6.25993931937));
#3938 = CARTESIAN_POINT('',(-2.995882999116,-10.64707265827,
    7.50258000649));
#3939 = CARTESIAN_POINT('',(-2.114292183433,-10.69394765827,
    8.378348503687));
#3940 = CARTESIAN_POINT('',(-1.232701367749,-10.74082265827,
    9.254117000884));
#3941 = CARTESIAN_POINT('',(9.939319370279E-03,-10.78769765827,9.25));
#3942 = CARTESIAN_POINT('',(1.25258000649,-10.83457265827,9.245882999116
    ));
#3943 = CARTESIAN_POINT('',(2.128348503687,-10.88144765827,
    8.364292183433));
#3944 = CARTESIAN_POINT('',(3.004117000884,-10.92832265827,
    7.482701367749));
#3945 = CARTESIAN_POINT('',(3.,-10.97519765827,6.24006068063));
#3946 = CARTESIAN_POINT('',(2.995882999116,-11.02207265827,4.99741999351
    ));
#3947 = CARTESIAN_POINT('',(2.114292183433,-11.06894765827,
    4.121651496313));
#3948 = CARTESIAN_POINT('',(1.232701367749,-11.11582265827,
    3.245882999116));
#3949 = CARTESIAN_POINT('',(-9.939319370279E-03,-11.16269765827,3.25));
#3950 = CARTESIAN_POINT('',(-1.25258000649,-11.20957265827,
    3.254117000884));
#3951 = CARTESIAN_POINT('',(-2.128348503687,-11.25644765827,
    4.135707816567));
#3952 = CARTESIAN_POINT('',(-3.004117000884,-11.30332265827,
    5.017298632251));
#3953 = CARTESIAN_POINT('',(-3.,-11.35019765827,6.25993931937));
#3954 = CARTESIAN_POINT('',(-2.995882999116,-11.39707265827,
    7.50258000649));
#3955 = CARTESIAN_POINT('',(-2.114292183433,-11.44394765827,
    8.378348503687));
#3956 = CARTESIAN_POINT('',(-1.232701367749,-11.49082265827,
    9.254117000884));
#3957 = CARTESIAN_POINT('',(9.939319370279E-03,-11.53769765827,9.25));
#3958 = CARTESIAN_POINT('',(1.25258000649,-11.58457265827,9.245882999116
    ));
#3959 = CARTESIAN_POINT('',(2.128348503687,-11.63144765827,
    8.364292183433));
#3960 = CARTESIAN_POINT('',(3.004117000884,-11.67832265827,
    7.482701367749));
#3961 = CARTESIAN_POINT('',(3.,-11.72519765827,6.24006068063));
#3962 = CARTESIAN_POINT('',(2.995882999116,-11.77207265827,4.99741999351
    ));
#3963 = CARTESIAN_POINT('',(2.114292183433,-11.81894765827,
    4.121651496313));
#3964 = CARTESIAN_POINT('',(1.232701367749,-11.86582265827,
    3.245882999116));
#3965 = CARTESIAN_POINT('',(-9.939319370279E-03,-11.91269765827,3.25));
#3966 = CARTESIAN_POINT('',(-1.25258000649,-11.95957265827,
    3.254117000884));
#3967 = CARTESIAN_POINT('',(-2.128348503687,-12.00644765827,
    4.135707816567));
#3968 = CARTESIAN_POINT('',(-3.004117000884,-12.05332265827,
    5.017298632251));
#3969 = CARTESIAN_POINT('',(-3.,-12.10019765827,6.25993931937));
#3970 = CARTESIAN_POINT('',(-2.995882999116,-12.14707265827,
    7.50258000649));
#3971 = CARTESIAN_POINT('',(-2.114292183433,-12.19394765827,
    8.378348503687));
#3972 = CARTESIAN_POINT('',(-1.232701367749,-12.24082265827,
    9.254117000884));
#3973 = CARTESIAN_POINT('',(9.939319370279E-03,-12.28769765827,9.25));
#3974 = CARTESIAN_POINT('',(1.25258000649,-12.33457265827,9.245882999116
    ));
#3975 = CARTESIAN_POINT('',(2.128348503687,-12.38144765827,
    8.364292183433));
#3976 = CARTESIAN_POINT('',(3.004117000884,-12.42832265827,
    7.482701367749));
#3977 = CARTESIAN_POINT('',(3.,-12.47519765827,6.24006068063));
#3978 = CARTESIAN_POINT('',(2.995882999116,-12.52207265827,4.99741999351
    ));
#3979 = CARTESIAN_POINT('',(2.114292183433,-12.56894765827,
    4.121651496313));
#3980 = CARTESIAN_POINT('',(1.232701367749,-12.61582265827,
    3.245882999116));
#3981 = CARTESIAN_POINT('',(-9.939319370279E-03,-12.66269765827,3.25));
#3982 = CARTESIAN_POINT('',(-1.25258000649,-12.70957265827,
    3.254117000884));
#3983 = CARTESIAN_POINT('',(-2.128348503687,-12.75644765827,
    4.135707816567));
#3984 = CARTESIAN_POINT('',(-3.004117000884,-12.80332265827,
    5.017298632251));
#3985 = CARTESIAN_POINT('',(-3.,-12.85019765827,6.25993931937));
#3986 = CARTESIAN_POINT('',(-2.995882999116,-12.89707265827,
    7.50258000649));
#3987 = CARTESIAN_POINT('',(-2.114292183433,-12.94394765827,
    8.378348503687));
#3988 = CARTESIAN_POINT('',(-1.232701367749,-12.99082265827,
    9.254117000884));
#3989 = CARTESIAN_POINT('',(9.939319370279E-03,-13.03769765827,9.25));
#3990 = CARTESIAN_POINT('',(1.25258000649,-13.08457265827,9.245882999116
    ));
#3991 = CARTESIAN_POINT('',(2.128348503687,-13.13144765827,
    8.364292183433));
#3992 = CARTESIAN_POINT('',(3.004117000884,-13.17832265827,
    7.482701367749));
#3993 = CARTESIAN_POINT('',(3.,-13.22519765827,6.24006068063));
#3994 = CARTESIAN_POINT('',(2.995882999116,-13.27207265827,4.99741999351
    ));
#3995 = CARTESIAN_POINT('',(2.114292183433,-13.31894765827,
    4.121651496313));
#3996 = CARTESIAN_POINT('',(1.232701367749,-13.36582265827,
    3.245882999116));
#3997 = CARTESIAN_POINT('',(-9.939319370279E-03,-13.41269765827,3.25));
#3998 = CARTESIAN_POINT('',(-1.25258000649,-13.45957265827,
    3.254117000884));
#3999 = CARTESIAN_POINT('',(-2.128348503687,-13.50644765827,
    4.135707816567));
#4000 = CARTESIAN_POINT('',(-3.004117000884,-13.55332265827,
    5.017298632251));
#4001 = CARTESIAN_POINT('',(-3.,-13.60019765827,6.25993931937));
#4002 = CARTESIAN_POINT('',(-2.995882999116,-13.64707265827,
    7.50258000649));
#4003 = CARTESIAN_POINT('',(-2.114292183433,-13.69394765827,
    8.378348503687));
#4004 = CARTESIAN_POINT('',(-1.232701367749,-13.74082265827,
    9.254117000884));
#4005 = CARTESIAN_POINT('',(9.939319370279E-03,-13.78769765827,9.25));
#4006 = CARTESIAN_POINT('',(1.25258000649,-13.83457265827,9.245882999116
    ));
#4007 = CARTESIAN_POINT('',(2.128348503687,-13.88144765827,
    8.364292183432));
#4008 = CARTESIAN_POINT('',(3.004117000884,-13.92832265827,
    7.482701367749));
#4009 = CARTESIAN_POINT('',(3.,-13.97519765827,6.24006068063));
#4010 = CARTESIAN_POINT('',(2.995882999116,-14.02207265827,4.99741999351
    ));
#4011 = CARTESIAN_POINT('',(2.114292183433,-14.06894765827,
    4.121651496313));
#4012 = CARTESIAN_POINT('',(1.232701367749,-14.11582265827,
    3.245882999116));
#4013 = CARTESIAN_POINT('',(-9.939319370279E-03,-14.16269765827,3.25));
#4014 = CARTESIAN_POINT('',(-1.25258000649,-14.20957265827,
    3.254117000884));
#4015 = CARTESIAN_POINT('',(-2.128348503687,-14.25644765827,
    4.135707816567));
#4016 = CARTESIAN_POINT('',(-3.004117000884,-14.30332265827,
    5.017298632251));
#4017 = CARTESIAN_POINT('',(-3.,-14.35019765827,6.25993931937));
#4018 = CARTESIAN_POINT('',(-2.995882999116,-14.39707265827,
    7.50258000649));
#4019 = CARTESIAN_POINT('',(-2.114292183433,-14.44394765827,
    8.378348503687));
#4020 = CARTESIAN_POINT('',(-1.232701367749,-14.49082265827,
    9.254117000884));
#4021 = CARTESIAN_POINT('',(9.939319370279E-03,-14.53769765827,9.25));
#4022 = CARTESIAN_POINT('',(1.25258000649,-14.58457265827,9.245882999116
    ));
#4023 = CARTESIAN_POINT('',(2.128348503687,-14.63144765827,
    8.364292183432));
#4024 = CARTESIAN_POINT('',(3.004117000884,-14.67832265827,
    7.482701367749));
#4025 = CARTESIAN_POINT('',(3.,-14.72519765827,6.24006068063));
#4026 = CARTESIAN_POINT('',(2.995882999116,-14.77207265827,4.99741999351
    ));
#4027 = CARTESIAN_POINT('',(2.114292183433,-14.81894765827,
    4.121651496313));
#4028 = CARTESIAN_POINT('',(1.232701367749,-14.86582265827,
    3.245882999116));
#4029 = CARTESIAN_POINT('',(-9.939319370279E-03,-14.91269765827,3.25));
#4030 = CARTESIAN_POINT('',(-1.25258000649,-14.95957265827,
    3.254117000884));
#4031 = CARTESIAN_POINT('',(-2.128348503687,-15.00644765827,
    4.135707816567));
#4032 = CARTESIAN_POINT('',(-3.004117000884,-15.05332265827,
    5.017298632251));
#4033 = CARTESIAN_POINT('',(-3.,-15.10019765827,6.25993931937));
#4034 = CARTESIAN_POINT('',(-2.995882999116,-15.14707265827,
    7.50258000649));
#4035 = CARTESIAN_POINT('',(-2.114292183433,-15.19394765827,
    8.378348503687));
#4036 = CARTESIAN_POINT('',(-1.232701367749,-15.24082265827,
    9.254117000884));
#4037 = CARTESIAN_POINT('',(9.939319370279E-03,-15.28769765827,9.25));
#4038 = CARTESIAN_POINT('',(1.25258000649,-15.33457265827,9.245882999116
    ));
#4039 = CARTESIAN_POINT('',(2.128348503687,-15.38144765827,
    8.364292183432));
#4040 = CARTESIAN_POINT('',(3.004117000884,-15.42832265827,
    7.482701367749));
#4041 = CARTESIAN_POINT('',(3.,-15.47519765827,6.24006068063));
#4042 = CARTESIAN_POINT('',(2.995882999116,-15.52207265827,4.99741999351
    ));
#4043 = CARTESIAN_POINT('',(2.114292183433,-15.56894765827,
    4.121651496313));
#4044 = CARTESIAN_POINT('',(1.232701367749,-15.61582265827,
    3.245882999116));
#4045 = CARTESIAN_POINT('',(-9.939319370279E-03,-15.66269765827,3.25));
#4046 = CARTESIAN_POINT('',(-1.25258000649,-15.70957265827,
    3.254117000884));
#4047 = CARTESIAN_POINT('',(-2.128348503687,-15.75644765827,
    4.135707816567));
#4048 = CARTESIAN_POINT('',(-3.004117000884,-15.80332265827,
    5.017298632251));
#4049 = CARTESIAN_POINT('',(-3.,-15.85019765827,6.25993931937));
#4050 = CARTESIAN_POINT('',(-2.995882999116,-15.89707265827,
    7.50258000649));
#4051 = CARTESIAN_POINT('',(-2.114292183433,-15.94394765827,
    8.378348503687));
#4052 = CARTESIAN_POINT('',(-1.232701367749,-15.99082265827,
    9.254117000884));
#4053 = CARTESIAN_POINT('',(9.939319370279E-03,-16.03769765827,9.25));
#4054 = CARTESIAN_POINT('',(1.25258000649,-16.08457265827,9.245882999116
    ));
#4055 = CARTESIAN_POINT('',(2.128348503687,-16.13144765827,
    8.364292183432));
#4056 = CARTESIAN_POINT('',(3.004117000884,-16.17832265827,
    7.482701367749));
#4057 = CARTESIAN_POINT('',(3.,-16.22519765827,6.24006068063));
#4058 = CARTESIAN_POINT('',(2.995882999116,-16.27207265827,4.99741999351
    ));
#4059 = CARTESIAN_POINT('',(2.114292183433,-16.31894765827,
    4.121651496313));
#4060 = CARTESIAN_POINT('',(1.232701367749,-16.36582265827,
    3.245882999116));
#4061 = CARTESIAN_POINT('',(-9.939319370279E-03,-16.41269765827,3.25));
#4062 = CARTESIAN_POINT('',(-1.25258000649,-16.45957265827,
    3.254117000884));
#4063 = CARTESIAN_POINT('',(-2.128348503687,-16.50644765827,
    4.135707816567));
#4064 = CARTESIAN_POINT('',(-3.004117000884,-16.55332265827,
    5.017298632251));
#4065 = CARTESIAN_POINT('',(-3.,-16.60019765827,6.25993931937));
#4066 = CARTESIAN_POINT('',(-3.5,2.149802341723,6.25993931937));
#4067 = CARTESIAN_POINT('',(-3.495882999116,2.102927341723,
    7.709686787676));
#4068 = CARTESIAN_POINT('',(-2.467845574026,2.056052341723,8.73190189428
    ));
#4069 = CARTESIAN_POINT('',(-1.439808148936,2.009177341723,
    9.754117000884));
#4070 = CARTESIAN_POINT('',(9.939319370276E-03,1.962302341723,9.75));
#4071 = CARTESIAN_POINT('',(1.459686787676,1.915427341723,9.745882999116
    ));
#4072 = CARTESIAN_POINT('',(2.48190189428,1.868552341723,8.717845574026)
  );
#4073 = CARTESIAN_POINT('',(3.504117000884,1.821677341723,7.689808148936
    ));
#4074 = CARTESIAN_POINT('',(3.5,1.774802341723,6.24006068063));
#4075 = CARTESIAN_POINT('',(3.495882999116,1.727927341723,4.790313212324
    ));
#4076 = CARTESIAN_POINT('',(2.467845574026,1.681052341723,3.76809810572)
  );
#4077 = CARTESIAN_POINT('',(1.439808148936,1.634177341723,2.745882999116
    ));
#4078 = CARTESIAN_POINT('',(-9.939319370275E-03,1.587302341723,2.75));
#4079 = CARTESIAN_POINT('',(-1.459686787676,1.540427341723,
    2.754117000884));
#4080 = CARTESIAN_POINT('',(-2.48190189428,1.493552341723,3.782154425974
    ));
#4081 = CARTESIAN_POINT('',(-3.504117000884,1.446677341723,
    4.810191851064));
#4082 = CARTESIAN_POINT('',(-3.5,1.399802341723,6.25993931937));
#4083 = CARTESIAN_POINT('',(-3.495882999116,1.352927341723,
    7.709686787676));
#4084 = CARTESIAN_POINT('',(-2.467845574026,1.306052341723,8.73190189428
    ));
#4085 = CARTESIAN_POINT('',(-1.439808148936,1.259177341723,
    9.754117000884));
#4086 = CARTESIAN_POINT('',(9.939319370276E-03,1.212302341723,9.75));
#4087 = CARTESIAN_POINT('',(1.459686787676,1.165427341723,9.745882999116
    ));
#4088 = CARTESIAN_POINT('',(2.48190189428,1.118552341723,8.717845574026)
  );
#4089 = CARTESIAN_POINT('',(3.504117000884,1.071677341723,7.689808148936
    ));
#4090 = CARTESIAN_POINT('',(3.5,1.024802341723,6.24006068063));
#4091 = CARTESIAN_POINT('',(3.495882999116,0.977927341723,4.790313212324
    ));
#4092 = CARTESIAN_POINT('',(2.467845574026,0.931052341723,3.76809810572)
  );
#4093 = CARTESIAN_POINT('',(1.439808148936,0.884177341723,2.745882999116
    ));
#4094 = CARTESIAN_POINT('',(-9.939319370275E-03,0.837302341723,2.75));
#4095 = CARTESIAN_POINT('',(-1.459686787676,0.790427341723,
    2.754117000884));
#4096 = CARTESIAN_POINT('',(-2.48190189428,0.743552341723,3.782154425974
    ));
#4097 = CARTESIAN_POINT('',(-3.504117000884,0.696677341723,
    4.810191851064));
#4098 = CARTESIAN_POINT('',(-3.5,0.649802341723,6.25993931937));
#4099 = CARTESIAN_POINT('',(-3.495882999116,0.602927341723,
    7.709686787676));
#4100 = CARTESIAN_POINT('',(-2.467845574026,0.556052341723,8.73190189428
    ));
#4101 = CARTESIAN_POINT('',(-1.439808148936,0.509177341723,
    9.754117000884));
#4102 = CARTESIAN_POINT('',(9.939319370276E-03,0.462302341723,9.75));
#4103 = CARTESIAN_POINT('',(1.459686787676,0.415427341723,9.745882999116
    ));
#4104 = CARTESIAN_POINT('',(2.48190189428,0.368552341723,8.717845574026)
  );
#4105 = CARTESIAN_POINT('',(3.504117000884,0.321677341723,7.689808148936
    ));
#4106 = CARTESIAN_POINT('',(3.5,0.274802341723,6.24006068063));
#4107 = CARTESIAN_POINT('',(3.495882999116,0.227927341723,4.790313212324
    ));
#4108 = CARTESIAN_POINT('',(2.467845574026,0.181052341723,3.76809810572)
  );
#4109 = CARTESIAN_POINT('',(1.439808148936,0.134177341723,2.745882999116
    ));
#4110 = CARTESIAN_POINT('',(-9.939319370275E-03,8.730234172333E-02,2.75)
  );
#4111 = CARTESIAN_POINT('',(-1.459686787676,4.042734172333E-02,
    2.754117000884));
#4112 = CARTESIAN_POINT('',(-2.48190189428,-6.447658276676E-03,
    3.782154425974));
#4113 = CARTESIAN_POINT('',(-3.504117000884,-5.332265827668E-02,
    4.810191851064));
#4114 = CARTESIAN_POINT('',(-3.5,-0.100197658277,6.25993931937));
#4115 = CARTESIAN_POINT('',(-3.495882999116,-0.147072658277,
    7.709686787676));
#4116 = CARTESIAN_POINT('',(-2.467845574026,-0.193947658277,
    8.73190189428));
#4117 = CARTESIAN_POINT('',(-1.439808148936,-0.240822658277,
    9.754117000884));
#4118 = CARTESIAN_POINT('',(9.939319370276E-03,-0.287697658277,9.75));
#4119 = CARTESIAN_POINT('',(1.459686787676,-0.334572658277,
    9.745882999116));
#4120 = CARTESIAN_POINT('',(2.48190189428,-0.381447658277,8.717845574026
    ));
#4121 = CARTESIAN_POINT('',(3.504117000884,-0.428322658277,
    7.689808148936));
#4122 = CARTESIAN_POINT('',(3.5,-0.475197658277,6.24006068063));
#4123 = CARTESIAN_POINT('',(3.495882999116,-0.522072658277,
    4.790313212324));
#4124 = CARTESIAN_POINT('',(2.467845574026,-0.568947658277,3.76809810572
    ));
#4125 = CARTESIAN_POINT('',(1.439808148936,-0.615822658277,
    2.745882999116));
#4126 = CARTESIAN_POINT('',(-9.939319370275E-03,-0.662697658277,2.75));
#4127 = CARTESIAN_POINT('',(-1.459686787676,-0.709572658277,
    2.754117000884));
#4128 = CARTESIAN_POINT('',(-2.48190189428,-0.756447658277,
    3.782154425974));
#4129 = CARTESIAN_POINT('',(-3.504117000884,-0.803322658277,
    4.810191851064));
#4130 = CARTESIAN_POINT('',(-3.5,-0.850197658277,6.25993931937));
#4131 = CARTESIAN_POINT('',(-3.495882999116,-0.897072658277,
    7.709686787676));
#4132 = CARTESIAN_POINT('',(-2.467845574026,-0.943947658277,
    8.73190189428));
#4133 = CARTESIAN_POINT('',(-1.439808148936,-0.990822658277,
    9.754117000884));
#4134 = CARTESIAN_POINT('',(9.939319370276E-03,-1.037697658277,9.75));
#4135 = CARTESIAN_POINT('',(1.459686787676,-1.084572658277,
    9.745882999116));
#4136 = CARTESIAN_POINT('',(2.48190189428,-1.131447658277,8.717845574026
    ));
#4137 = CARTESIAN_POINT('',(3.504117000884,-1.178322658277,
    7.689808148936));
#4138 = CARTESIAN_POINT('',(3.5,-1.225197658277,6.24006068063));
#4139 = CARTESIAN_POINT('',(3.495882999116,-1.272072658277,
    4.790313212324));
#4140 = CARTESIAN_POINT('',(2.467845574026,-1.318947658277,3.76809810572
    ));
#4141 = CARTESIAN_POINT('',(1.439808148936,-1.365822658277,
    2.745882999116));
#4142 = CARTESIAN_POINT('',(-9.939319370275E-03,-1.412697658277,2.75));
#4143 = CARTESIAN_POINT('',(-1.459686787676,-1.459572658277,
    2.754117000884));
#4144 = CARTESIAN_POINT('',(-2.48190189428,-1.506447658277,
    3.782154425974));
#4145 = CARTESIAN_POINT('',(-3.504117000884,-1.553322658277,
    4.810191851064));
#4146 = CARTESIAN_POINT('',(-3.5,-1.600197658277,6.25993931937));
#4147 = CARTESIAN_POINT('',(-3.495882999116,-1.647072658277,
    7.709686787676));
#4148 = CARTESIAN_POINT('',(-2.467845574026,-1.693947658277,
    8.73190189428));
#4149 = CARTESIAN_POINT('',(-1.439808148936,-1.740822658277,
    9.754117000884));
#4150 = CARTESIAN_POINT('',(9.939319370276E-03,-1.787697658277,9.75));
#4151 = CARTESIAN_POINT('',(1.459686787676,-1.834572658277,
    9.745882999116));
#4152 = CARTESIAN_POINT('',(2.48190189428,-1.881447658277,8.717845574026
    ));
#4153 = CARTESIAN_POINT('',(3.504117000884,-1.928322658277,
    7.689808148936));
#4154 = CARTESIAN_POINT('',(3.5,-1.975197658277,6.24006068063));
#4155 = CARTESIAN_POINT('',(3.495882999116,-2.022072658277,
    4.790313212324));
#4156 = CARTESIAN_POINT('',(2.467845574026,-2.068947658277,3.76809810572
    ));
#4157 = CARTESIAN_POINT('',(1.439808148936,-2.115822658277,
    2.745882999116));
#4158 = CARTESIAN_POINT('',(-9.939319370275E-03,-2.162697658277,2.75));
#4159 = CARTESIAN_POINT('',(-1.459686787676,-2.209572658277,
    2.754117000884));
#4160 = CARTESIAN_POINT('',(-2.48190189428,-2.256447658277,
    3.782154425974));
#4161 = CARTESIAN_POINT('',(-3.504117000884,-2.303322658277,
    4.810191851064));
#4162 = CARTESIAN_POINT('',(-3.5,-2.350197658277,6.25993931937));
#4163 = CARTESIAN_POINT('',(-3.495882999116,-2.397072658277,
    7.709686787676));
#4164 = CARTESIAN_POINT('',(-2.467845574026,-2.443947658277,
    8.73190189428));
#4165 = CARTESIAN_POINT('',(-1.439808148936,-2.490822658277,
    9.754117000884));
#4166 = CARTESIAN_POINT('',(9.939319370276E-03,-2.537697658277,9.75));
#4167 = CARTESIAN_POINT('',(1.459686787676,-2.584572658277,
    9.745882999116));
#4168 = CARTESIAN_POINT('',(2.48190189428,-2.631447658277,8.717845574026
    ));
#4169 = CARTESIAN_POINT('',(3.504117000884,-2.678322658277,
    7.689808148936));
#4170 = CARTESIAN_POINT('',(3.5,-2.725197658277,6.24006068063));
#4171 = CARTESIAN_POINT('',(3.495882999116,-2.772072658277,
    4.790313212324));
#4172 = CARTESIAN_POINT('',(2.467845574026,-2.818947658277,3.76809810572
    ));
#4173 = CARTESIAN_POINT('',(1.439808148936,-2.865822658277,
    2.745882999116));
#4174 = CARTESIAN_POINT('',(-9.939319370275E-03,-2.912697658277,2.75));
#4175 = CARTESIAN_POINT('',(-1.459686787676,-2.959572658277,
    2.754117000884));
#4176 = CARTESIAN_POINT('',(-2.48190189428,-3.006447658277,
    3.782154425974));
#4177 = CARTESIAN_POINT('',(-3.504117000884,-3.053322658277,
    4.810191851064));
#4178 = CARTESIAN_POINT('',(-3.5,-3.100197658277,6.25993931937));
#4179 = CARTESIAN_POINT('',(-3.495882999116,-3.147072658277,
    7.709686787676));
#4180 = CARTESIAN_POINT('',(-2.467845574026,-3.193947658277,
    8.73190189428));
#4181 = CARTESIAN_POINT('',(-1.439808148936,-3.240822658277,
    9.754117000884));
#4182 = CARTESIAN_POINT('',(9.939319370276E-03,-3.287697658277,9.75));
#4183 = CARTESIAN_POINT('',(1.459686787676,-3.334572658277,
    9.745882999116));
#4184 = CARTESIAN_POINT('',(2.48190189428,-3.381447658277,8.717845574026
    ));
#4185 = CARTESIAN_POINT('',(3.504117000884,-3.428322658277,
    7.689808148936));
#4186 = CARTESIAN_POINT('',(3.5,-3.475197658277,6.24006068063));
#4187 = CARTESIAN_POINT('',(3.495882999116,-3.522072658277,
    4.790313212324));
#4188 = CARTESIAN_POINT('',(2.467845574026,-3.568947658277,3.76809810572
    ));
#4189 = CARTESIAN_POINT('',(1.439808148936,-3.615822658277,
    2.745882999116));
#4190 = CARTESIAN_POINT('',(-9.939319370275E-03,-3.662697658277,2.75));
#4191 = CARTESIAN_POINT('',(-1.459686787676,-3.709572658277,
    2.754117000884));
#4192 = CARTESIAN_POINT('',(-2.48190189428,-3.756447658277,
    3.782154425974));
#4193 = CARTESIAN_POINT('',(-3.504117000884,-3.803322658277,
    4.810191851064));
#4194 = CARTESIAN_POINT('',(-3.5,-3.850197658277,6.25993931937));
#4195 = CARTESIAN_POINT('',(-3.495882999116,-3.897072658277,
    7.709686787676));
#4196 = CARTESIAN_POINT('',(-2.467845574026,-3.943947658277,
    8.73190189428));
#4197 = CARTESIAN_POINT('',(-1.439808148936,-3.990822658277,
    9.754117000884));
#4198 = CARTESIAN_POINT('',(9.939319370276E-03,-4.037697658277,9.75));
#4199 = CARTESIAN_POINT('',(1.459686787676,-4.084572658277,
    9.745882999116));
#4200 = CARTESIAN_POINT('',(2.48190189428,-4.131447658277,8.717845574026
    ));
#4201 = CARTESIAN_POINT('',(3.504117000884,-4.178322658277,
    7.689808148936));
#4202 = CARTESIAN_POINT('',(3.5,-4.225197658277,6.24006068063));
#4203 = CARTESIAN_POINT('',(3.495882999116,-4.272072658277,
    4.790313212324));
#4204 = CARTESIAN_POINT('',(2.467845574026,-4.318947658277,3.76809810572
    ));
#4205 = CARTESIAN_POINT('',(1.439808148936,-4.365822658277,
    2.745882999116));
#4206 = CARTESIAN_POINT('',(-9.939319370275E-03,-4.412697658277,2.75));
#4207 = CARTESIAN_POINT('',(-1.459686787676,-4.459572658277,
    2.754117000884));
#4208 = CARTESIAN_POINT('',(-2.48190189428,-4.506447658277,
    3.782154425974));
#4209 = CARTESIAN_POINT('',(-3.504117000884,-4.553322658277,
    4.810191851064));
#4210 = CARTESIAN_POINT('',(-3.5,-4.600197658277,6.25993931937));
#4211 = CARTESIAN_POINT('',(-3.495882999116,-4.647072658277,
    7.709686787676));
#4212 = CARTESIAN_POINT('',(-2.467845574026,-4.693947658277,
    8.73190189428));
#4213 = CARTESIAN_POINT('',(-1.439808148936,-4.740822658277,
    9.754117000884));
#4214 = CARTESIAN_POINT('',(9.939319370276E-03,-4.787697658277,9.75));
#4215 = CARTESIAN_POINT('',(1.459686787676,-4.834572658277,
    9.745882999116));
#4216 = CARTESIAN_POINT('',(2.48190189428,-4.881447658277,8.717845574026
    ));
#4217 = CARTESIAN_POINT('',(3.504117000884,-4.928322658277,
    7.689808148936));
#4218 = CARTESIAN_POINT('',(3.5,-4.975197658277,6.24006068063));
#4219 = CARTESIAN_POINT('',(3.495882999116,-5.022072658277,
    4.790313212324));
#4220 = CARTESIAN_POINT('',(2.467845574026,-5.068947658277,3.76809810572
    ));
#4221 = CARTESIAN_POINT('',(1.439808148936,-5.115822658277,
    2.745882999116));
#4222 = CARTESIAN_POINT('',(-9.939319370275E-03,-5.162697658277,2.75));
#4223 = CARTESIAN_POINT('',(-1.459686787676,-5.209572658277,
    2.754117000884));
#4224 = CARTESIAN_POINT('',(-2.48190189428,-5.256447658277,
    3.782154425974));
#4225 = CARTESIAN_POINT('',(-3.504117000884,-5.303322658277,
    4.810191851064));
#4226 = CARTESIAN_POINT('',(-3.5,-5.350197658277,6.25993931937));
#4227 = CARTESIAN_POINT('',(-3.495882999116,-5.397072658277,
    7.709686787676));
#4228 = CARTESIAN_POINT('',(-2.467845574026,-5.443947658277,
    8.73190189428));
#4229 = CARTESIAN_POINT('',(-1.439808148936,-5.490822658277,
    9.754117000884));
#4230 = CARTESIAN_POINT('',(9.939319370276E-03,-5.537697658277,9.75));
#4231 = CARTESIAN_POINT('',(1.459686787676,-5.584572658277,
    9.745882999116));
#4232 = CARTESIAN_POINT('',(2.48190189428,-5.631447658277,8.717845574026
    ));
#4233 = CARTESIAN_POINT('',(3.504117000884,-5.678322658277,
    7.689808148936));
#4234 = CARTESIAN_POINT('',(3.5,-5.725197658277,6.24006068063));
#4235 = CARTESIAN_POINT('',(3.495882999116,-5.772072658277,
    4.790313212324));
#4236 = CARTESIAN_POINT('',(2.467845574026,-5.818947658277,3.76809810572
    ));
#4237 = CARTESIAN_POINT('',(1.439808148936,-5.865822658277,
    2.745882999116));
#4238 = CARTESIAN_POINT('',(-9.939319370275E-03,-5.912697658277,2.75));
#4239 = CARTESIAN_POINT('',(-1.459686787676,-5.959572658277,
    2.754117000884));
#4240 = CARTESIAN_POINT('',(-2.48190189428,-6.006447658277,
    3.782154425974));
#4241 = CARTESIAN_POINT('',(-3.504117000884,-6.053322658277,
    4.810191851064));
#4242 = CARTESIAN_POINT('',(-3.5,-6.100197658277,6.25993931937));
#4243 = CARTESIAN_POINT('',(-3.495882999116,-6.147072658277,
    7.709686787676));
#4244 = CARTESIAN_POINT('',(-2.467845574026,-6.193947658277,
    8.73190189428));
#4245 = CARTESIAN_POINT('',(-1.439808148936,-6.240822658277,
    9.754117000884));
#4246 = CARTESIAN_POINT('',(9.939319370276E-03,-6.287697658277,9.75));
#4247 = CARTESIAN_POINT('',(1.459686787676,-6.334572658277,
    9.745882999116));
#4248 = CARTESIAN_POINT('',(2.48190189428,-6.381447658277,8.717845574026
    ));
#4249 = CARTESIAN_POINT('',(3.504117000884,-6.428322658277,
    7.689808148936));
#4250 = CARTESIAN_POINT('',(3.5,-6.475197658277,6.24006068063));
#4251 = CARTESIAN_POINT('',(3.495882999116,-6.522072658277,
    4.790313212324));
#4252 = CARTESIAN_POINT('',(2.467845574026,-6.568947658277,3.76809810572
    ));
#4253 = CARTESIAN_POINT('',(1.439808148936,-6.615822658277,
    2.745882999116));
#4254 = CARTESIAN_POINT('',(-9.939319370275E-03,-6.662697658277,2.75));
#4255 = CARTESIAN_POINT('',(-1.459686787676,-6.709572658277,
    2.754117000884));
#4256 = CARTESIAN_POINT('',(-2.48190189428,-6.756447658277,
    3.782154425974));
#4257 = CARTESIAN_POINT('',(-3.504117000884,-6.803322658277,
    4.810191851064));
#4258 = CARTESIAN_POINT('',(-3.5,-6.850197658277,6.25993931937));
#4259 = CARTESIAN_POINT('',(-3.495882999116,-6.897072658277,
    7.709686787676));
#4260 = CARTESIAN_POINT('',(-2.467845574026,-6.943947658277,
    8.73190189428));
#4261 = CARTESIAN_POINT('',(-1.439808148936,-6.990822658277,
    9.754117000884));
#4262 = CARTESIAN_POINT('',(9.939319370276E-03,-7.037697658277,9.75));
#4263 = CARTESIAN_POINT('',(1.459686787676,-7.084572658277,
    9.745882999116));
#4264 = CARTESIAN_POINT('',(2.48190189428,-7.131447658277,8.717845574026
    ));
#4265 = CARTESIAN_POINT('',(3.504117000884,-7.178322658277,
    7.689808148936));
#4266 = CARTESIAN_POINT('',(3.5,-7.225197658277,6.24006068063));
#4267 = CARTESIAN_POINT('',(3.495882999116,-7.272072658277,
    4.790313212324));
#4268 = CARTESIAN_POINT('',(2.467845574026,-7.318947658277,3.76809810572
    ));
#4269 = CARTESIAN_POINT('',(1.439808148936,-7.365822658277,
    2.745882999116));
#4270 = CARTESIAN_POINT('',(-9.939319370275E-03,-7.412697658277,2.75));
#4271 = CARTESIAN_POINT('',(-1.459686787676,-7.459572658277,
    2.754117000884));
#4272 = CARTESIAN_POINT('',(-2.48190189428,-7.506447658277,
    3.782154425974));
#4273 = CARTESIAN_POINT('',(-3.504117000884,-7.553322658277,
    4.810191851064));
#4274 = CARTESIAN_POINT('',(-3.5,-7.600197658277,6.25993931937));
#4275 = CARTESIAN_POINT('',(-3.495882999116,-7.647072658277,
    7.709686787676));
#4276 = CARTESIAN_POINT('',(-2.467845574026,-7.693947658277,
    8.73190189428));
#4277 = CARTESIAN_POINT('',(-1.439808148936,-7.740822658277,
    9.754117000884));
#4278 = CARTESIAN_POINT('',(9.939319370276E-03,-7.787697658277,9.75));
#4279 = CARTESIAN_POINT('',(1.459686787676,-7.834572658277,
    9.745882999116));
#4280 = CARTESIAN_POINT('',(2.48190189428,-7.881447658277,8.717845574026
    ));
#4281 = CARTESIAN_POINT('',(3.504117000884,-7.928322658277,
    7.689808148936));
#4282 = CARTESIAN_POINT('',(3.5,-7.975197658277,6.24006068063));
#4283 = CARTESIAN_POINT('',(3.495882999116,-8.022072658277,
    4.790313212324));
#4284 = CARTESIAN_POINT('',(2.467845574026,-8.068947658277,3.76809810572
    ));
#4285 = CARTESIAN_POINT('',(1.439808148936,-8.115822658277,
    2.745882999116));
#4286 = CARTESIAN_POINT('',(-9.939319370275E-03,-8.162697658277,2.75));
#4287 = CARTESIAN_POINT('',(-1.459686787676,-8.209572658277,
    2.754117000884));
#4288 = CARTESIAN_POINT('',(-2.48190189428,-8.256447658277,
    3.782154425974));
#4289 = CARTESIAN_POINT('',(-3.504117000884,-8.303322658277,
    4.810191851064));
#4290 = CARTESIAN_POINT('',(-3.5,-8.350197658277,6.25993931937));
#4291 = CARTESIAN_POINT('',(-3.495882999116,-8.397072658277,
    7.709686787676));
#4292 = CARTESIAN_POINT('',(-2.467845574026,-8.443947658277,
    8.73190189428));
#4293 = CARTESIAN_POINT('',(-1.439808148936,-8.490822658277,
    9.754117000884));
#4294 = CARTESIAN_POINT('',(9.939319370276E-03,-8.537697658277,9.75));
#4295 = CARTESIAN_POINT('',(1.459686787676,-8.584572658277,
    9.745882999116));
#4296 = CARTESIAN_POINT('',(2.48190189428,-8.631447658277,8.717845574026
    ));
#4297 = CARTESIAN_POINT('',(3.504117000884,-8.678322658277,
    7.689808148936));
#4298 = CARTESIAN_POINT('',(3.5,-8.725197658277,6.24006068063));
#4299 = CARTESIAN_POINT('',(3.495882999116,-8.772072658277,
    4.790313212324));
#4300 = CARTESIAN_POINT('',(2.467845574026,-8.818947658277,3.76809810572
    ));
#4301 = CARTESIAN_POINT('',(1.439808148936,-8.865822658277,
    2.745882999116));
#4302 = CARTESIAN_POINT('',(-9.939319370275E-03,-8.912697658277,2.75));
#4303 = CARTESIAN_POINT('',(-1.459686787676,-8.959572658277,
    2.754117000884));
#4304 = CARTESIAN_POINT('',(-2.48190189428,-9.006447658277,
    3.782154425974));
#4305 = CARTESIAN_POINT('',(-3.504117000884,-9.053322658277,
    4.810191851064));
#4306 = CARTESIAN_POINT('',(-3.5,-9.100197658277,6.25993931937));
#4307 = CARTESIAN_POINT('',(-3.495882999116,-9.147072658277,
    7.709686787676));
#4308 = CARTESIAN_POINT('',(-2.467845574026,-9.193947658277,
    8.73190189428));
#4309 = CARTESIAN_POINT('',(-1.439808148936,-9.240822658277,
    9.754117000884));
#4310 = CARTESIAN_POINT('',(9.939319370276E-03,-9.287697658277,9.75));
#4311 = CARTESIAN_POINT('',(1.459686787676,-9.334572658277,
    9.745882999116));
#4312 = CARTESIAN_POINT('',(2.48190189428,-9.381447658277,8.717845574026
    ));
#4313 = CARTESIAN_POINT('',(3.504117000884,-9.428322658277,
    7.689808148936));
#4314 = CARTESIAN_POINT('',(3.5,-9.475197658277,6.24006068063));
#4315 = CARTESIAN_POINT('',(3.495882999116,-9.522072658277,
    4.790313212324));
#4316 = CARTESIAN_POINT('',(2.467845574026,-9.568947658277,3.76809810572
    ));
#4317 = CARTESIAN_POINT('',(1.439808148936,-9.615822658277,
    2.745882999116));
#4318 = CARTESIAN_POINT('',(-9.939319370275E-03,-9.662697658277,2.75));
#4319 = CARTESIAN_POINT('',(-1.459686787676,-9.709572658277,
    2.754117000884));
#4320 = CARTESIAN_POINT('',(-2.48190189428,-9.756447658277,
    3.782154425974));
#4321 = CARTESIAN_POINT('',(-3.504117000884,-9.803322658277,
    4.810191851064));
#4322 = CARTESIAN_POINT('',(-3.5,-9.850197658277,6.25993931937));
#4323 = CARTESIAN_POINT('',(-3.495882999116,-9.897072658277,
    7.709686787676));
#4324 = CARTESIAN_POINT('',(-2.467845574026,-9.943947658277,
    8.73190189428));
#4325 = CARTESIAN_POINT('',(-1.439808148936,-9.990822658277,
    9.754117000884));
#4326 = CARTESIAN_POINT('',(9.939319370276E-03,-10.03769765827,9.75));
#4327 = CARTESIAN_POINT('',(1.459686787676,-10.08457265827,
    9.745882999116));
#4328 = CARTESIAN_POINT('',(2.48190189428,-10.13144765827,8.717845574026
    ));
#4329 = CARTESIAN_POINT('',(3.504117000884,-10.17832265827,
    7.689808148936));
#4330 = CARTESIAN_POINT('',(3.5,-10.22519765827,6.24006068063));
#4331 = CARTESIAN_POINT('',(3.495882999116,-10.27207265827,
    4.790313212324));
#4332 = CARTESIAN_POINT('',(2.467845574026,-10.31894765827,3.76809810572
    ));
#4333 = CARTESIAN_POINT('',(1.439808148936,-10.36582265827,
    2.745882999116));
#4334 = CARTESIAN_POINT('',(-9.939319370275E-03,-10.41269765827,2.75));
#4335 = CARTESIAN_POINT('',(-1.459686787676,-10.45957265827,
    2.754117000884));
#4336 = CARTESIAN_POINT('',(-2.48190189428,-10.50644765827,
    3.782154425974));
#4337 = CARTESIAN_POINT('',(-3.504117000884,-10.55332265827,
    4.810191851064));
#4338 = CARTESIAN_POINT('',(-3.5,-10.60019765827,6.25993931937));
#4339 = CARTESIAN_POINT('',(-3.495882999116,-10.64707265827,
    7.709686787676));
#4340 = CARTESIAN_POINT('',(-2.467845574026,-10.69394765827,
    8.73190189428));
#4341 = CARTESIAN_POINT('',(-1.439808148936,-10.74082265827,
    9.754117000884));
#4342 = CARTESIAN_POINT('',(9.939319370276E-03,-10.78769765827,9.75));
#4343 = CARTESIAN_POINT('',(1.459686787676,-10.83457265827,
    9.745882999116));
#4344 = CARTESIAN_POINT('',(2.48190189428,-10.88144765827,8.717845574026
    ));
#4345 = CARTESIAN_POINT('',(3.504117000884,-10.92832265827,
    7.689808148936));
#4346 = CARTESIAN_POINT('',(3.5,-10.97519765827,6.24006068063));
#4347 = CARTESIAN_POINT('',(3.495882999116,-11.02207265827,
    4.790313212324));
#4348 = CARTESIAN_POINT('',(2.467845574026,-11.06894765827,3.76809810572
    ));
#4349 = CARTESIAN_POINT('',(1.439808148936,-11.11582265827,
    2.745882999116));
#4350 = CARTESIAN_POINT('',(-9.939319370275E-03,-11.16269765827,2.75));
#4351 = CARTESIAN_POINT('',(-1.459686787676,-11.20957265827,
    2.754117000884));
#4352 = CARTESIAN_POINT('',(-2.48190189428,-11.25644765827,
    3.782154425974));
#4353 = CARTESIAN_POINT('',(-3.504117000884,-11.30332265827,
    4.810191851064));
#4354 = CARTESIAN_POINT('',(-3.5,-11.35019765827,6.25993931937));
#4355 = CARTESIAN_POINT('',(-3.495882999116,-11.39707265827,
    7.709686787676));
#4356 = CARTESIAN_POINT('',(-2.467845574026,-11.44394765827,
    8.73190189428));
#4357 = CARTESIAN_POINT('',(-1.439808148936,-11.49082265827,
    9.754117000884));
#4358 = CARTESIAN_POINT('',(9.939319370276E-03,-11.53769765827,9.75));
#4359 = CARTESIAN_POINT('',(1.459686787676,-11.58457265827,
    9.745882999116));
#4360 = CARTESIAN_POINT('',(2.48190189428,-11.63144765827,8.717845574026
    ));
#4361 = CARTESIAN_POINT('',(3.504117000884,-11.67832265827,
    7.689808148936));
#4362 = CARTESIAN_POINT('',(3.5,-11.72519765827,6.24006068063));
#4363 = CARTESIAN_POINT('',(3.495882999116,-11.77207265827,
    4.790313212324));
#4364 = CARTESIAN_POINT('',(2.467845574026,-11.81894765827,3.76809810572
    ));
#4365 = CARTESIAN_POINT('',(1.439808148936,-11.86582265827,
    2.745882999116));
#4366 = CARTESIAN_POINT('',(-9.939319370275E-03,-11.91269765827,2.75));
#4367 = CARTESIAN_POINT('',(-1.459686787676,-11.95957265827,
    2.754117000884));
#4368 = CARTESIAN_POINT('',(-2.48190189428,-12.00644765827,
    3.782154425974));
#4369 = CARTESIAN_POINT('',(-3.504117000884,-12.05332265827,
    4.810191851064));
#4370 = CARTESIAN_POINT('',(-3.5,-12.10019765827,6.25993931937));
#4371 = CARTESIAN_POINT('',(-3.495882999116,-12.14707265827,
    7.709686787676));
#4372 = CARTESIAN_POINT('',(-2.467845574026,-12.19394765827,
    8.73190189428));
#4373 = CARTESIAN_POINT('',(-1.439808148936,-12.24082265827,
    9.754117000884));
#4374 = CARTESIAN_POINT('',(9.939319370276E-03,-12.28769765827,9.75));
#4375 = CARTESIAN_POINT('',(1.459686787676,-12.33457265827,
    9.745882999116));
#4376 = CARTESIAN_POINT('',(2.48190189428,-12.38144765827,8.717845574026
    ));
#4377 = CARTESIAN_POINT('',(3.504117000884,-12.42832265827,
    7.689808148936));
#4378 = CARTESIAN_POINT('',(3.5,-12.47519765827,6.24006068063));
#4379 = CARTESIAN_POINT('',(3.495882999116,-12.52207265827,
    4.790313212324));
#4380 = CARTESIAN_POINT('',(2.467845574026,-12.56894765827,3.76809810572
    ));
#4381 = CARTESIAN_POINT('',(1.439808148936,-12.61582265827,
    2.745882999116));
#4382 = CARTESIAN_POINT('',(-9.939319370275E-03,-12.66269765827,2.75));
#4383 = CARTESIAN_POINT('',(-1.459686787676,-12.70957265827,
    2.754117000884));
#4384 = CARTESIAN_POINT('',(-2.48190189428,-12.75644765827,
    3.782154425974));
#4385 = CARTESIAN_POINT('',(-3.504117000884,-12.80332265827,
    4.810191851064));
#4386 = CARTESIAN_POINT('',(-3.5,-12.85019765827,6.25993931937));
#4387 = CARTESIAN_POINT('',(-3.495882999116,-12.89707265827,
    7.709686787676));
#4388 = CARTESIAN_POINT('',(-2.467845574026,-12.94394765827,
    8.73190189428));
#4389 = CARTESIAN_POINT('',(-1.439808148936,-12.99082265827,
    9.754117000884));
#4390 = CARTESIAN_POINT('',(9.939319370276E-03,-13.03769765827,9.75));
#4391 = CARTESIAN_POINT('',(1.459686787676,-13.08457265827,
    9.745882999116));
#4392 = CARTESIAN_POINT('',(2.48190189428,-13.13144765827,8.717845574026
    ));
#4393 = CARTESIAN_POINT('',(3.504117000884,-13.17832265827,
    7.689808148936));
#4394 = CARTESIAN_POINT('',(3.5,-13.22519765827,6.24006068063));
#4395 = CARTESIAN_POINT('',(3.495882999116,-13.27207265827,
    4.790313212324));
#4396 = CARTESIAN_POINT('',(2.467845574026,-13.31894765827,3.76809810572
    ));
#4397 = CARTESIAN_POINT('',(1.439808148936,-13.36582265827,
    2.745882999116));
#4398 = CARTESIAN_POINT('',(-9.939319370275E-03,-13.41269765827,2.75));
#4399 = CARTESIAN_POINT('',(-1.459686787676,-13.45957265827,
    2.754117000884));
#4400 = CARTESIAN_POINT('',(-2.48190189428,-13.50644765827,
    3.782154425974));
#4401 = CARTESIAN_POINT('',(-3.504117000884,-13.55332265827,
    4.810191851064));
#4402 = CARTESIAN_POINT('',(-3.5,-13.60019765827,6.25993931937));
#4403 = CARTESIAN_POINT('',(-3.495882999116,-13.64707265827,
    7.709686787676));
#4404 = CARTESIAN_POINT('',(-2.467845574026,-13.69394765827,
    8.73190189428));
#4405 = CARTESIAN_POINT('',(-1.439808148936,-13.74082265827,
    9.754117000884));
#4406 = CARTESIAN_POINT('',(9.939319370276E-03,-13.78769765827,9.75));
#4407 = CARTESIAN_POINT('',(1.459686787676,-13.83457265827,
    9.745882999116));
#4408 = CARTESIAN_POINT('',(2.48190189428,-13.88144765827,8.717845574026
    ));
#4409 = CARTESIAN_POINT('',(3.504117000884,-13.92832265827,
    7.689808148936));
#4410 = CARTESIAN_POINT('',(3.5,-13.97519765827,6.24006068063));
#4411 = CARTESIAN_POINT('',(3.495882999116,-14.02207265827,
    4.790313212324));
#4412 = CARTESIAN_POINT('',(2.467845574026,-14.06894765827,3.76809810572
    ));
#4413 = CARTESIAN_POINT('',(1.439808148936,-14.11582265827,
    2.745882999116));
#4414 = CARTESIAN_POINT('',(-9.939319370275E-03,-14.16269765827,2.75));
#4415 = CARTESIAN_POINT('',(-1.459686787676,-14.20957265827,
    2.754117000884));
#4416 = CARTESIAN_POINT('',(-2.48190189428,-14.25644765827,
    3.782154425974));
#4417 = CARTESIAN_POINT('',(-3.504117000884,-14.30332265827,
    4.810191851064));
#4418 = CARTESIAN_POINT('',(-3.5,-14.35019765827,6.25993931937));
#4419 = CARTESIAN_POINT('',(-3.495882999116,-14.39707265827,
    7.709686787676));
#4420 = CARTESIAN_POINT('',(-2.467845574026,-14.44394765827,
    8.73190189428));
#4421 = CARTESIAN_POINT('',(-1.439808148936,-14.49082265827,
    9.754117000884));
#4422 = CARTESIAN_POINT('',(9.939319370276E-03,-14.53769765827,9.75));
#4423 = CARTESIAN_POINT('',(1.459686787676,-14.58457265827,
    9.745882999116));
#4424 = CARTESIAN_POINT('',(2.48190189428,-14.63144765827,8.717845574026
    ));
#4425 = CARTESIAN_POINT('',(3.504117000884,-14.67832265827,
    7.689808148936));
#4426 = CARTESIAN_POINT('',(3.5,-14.72519765827,6.24006068063));
#4427 = CARTESIAN_POINT('',(3.495882999116,-14.77207265827,
    4.790313212324));
#4428 = CARTESIAN_POINT('',(2.467845574026,-14.81894765827,3.76809810572
    ));
#4429 = CARTESIAN_POINT('',(1.439808148936,-14.86582265827,
    2.745882999116));
#4430 = CARTESIAN_POINT('',(-9.939319370275E-03,-14.91269765827,2.75));
#4431 = CARTESIAN_POINT('',(-1.459686787676,-14.95957265827,
    2.754117000884));
#4432 = CARTESIAN_POINT('',(-2.48190189428,-15.00644765827,
    3.782154425974));
#4433 = CARTESIAN_POINT('',(-3.504117000884,-15.05332265827,
    4.810191851064));
#4434 = CARTESIAN_POINT('',(-3.5,-15.10019765827,6.25993931937));
#4435 = CARTESIAN_POINT('',(-3.495882999116,-15.14707265827,
    7.709686787676));
#4436 = CARTESIAN_POINT('',(-2.467845574026,-15.19394765827,
    8.73190189428));
#4437 = CARTESIAN_POINT('',(-1.439808148936,-15.24082265827,
    9.754117000884));
#4438 = CARTESIAN_POINT('',(9.939319370276E-03,-15.28769765827,9.75));
#4439 = CARTESIAN_POINT('',(1.459686787676,-15.33457265827,
    9.745882999116));
#4440 = CARTESIAN_POINT('',(2.48190189428,-15.38144765827,8.717845574026
    ));
#4441 = CARTESIAN_POINT('',(3.504117000884,-15.42832265827,
    7.689808148936));
#4442 = CARTESIAN_POINT('',(3.5,-15.47519765827,6.24006068063));
#4443 = CARTESIAN_POINT('',(3.495882999116,-15.52207265827,
    4.790313212324));
#4444 = CARTESIAN_POINT('',(2.467845574026,-15.56894765827,3.76809810572
    ));
#4445 = CARTESIAN_POINT('',(1.439808148936,-15.61582265827,
    2.745882999116));
#4446 = CARTESIAN_POINT('',(-9.939319370275E-03,-15.66269765827,2.75));
#4447 = CARTESIAN_POINT('',(-1.459686787676,-15.70957265827,
    2.754117000884));
#4448 = CARTESIAN_POINT('',(-2.48190189428,-15.75644765827,
    3.782154425974));
#4449 = CARTESIAN_POINT('',(-3.504117000884,-15.80332265827,
    4.810191851064));
#4450 = CARTESIAN_POINT('',(-3.5,-15.85019765827,6.25993931937));
#4451 = CARTESIAN_POINT('',(-3.495882999116,-15.89707265827,
    7.709686787676));
#4452 = CARTESIAN_POINT('',(-2.467845574026,-15.94394765827,
    8.73190189428));
#4453 = CARTESIAN_POINT('',(-1.439808148936,-15.99082265827,
    9.754117000884));
#4454 = CARTESIAN_POINT('',(9.939319370276E-03,-16.03769765827,9.75));
#4455 = CARTESIAN_POINT('',(1.459686787676,-16.08457265827,
    9.745882999116));
#4456 = CARTESIAN_POINT('',(2.48190189428,-16.13144765827,8.717845574026
    ));
#4457 = CARTESIAN_POINT('',(3.504117000884,-16.17832265827,
    7.689808148936));
#4458 = CARTESIAN_POINT('',(3.5,-16.22519765827,6.24006068063));
#4459 = CARTESIAN_POINT('',(3.495882999116,-16.27207265827,
    4.790313212324));
#4460 = CARTESIAN_POINT('',(2.467845574026,-16.31894765827,3.76809810572
    ));
#4461 = CARTESIAN_POINT('',(1.439808148936,-16.36582265827,
    2.745882999116));
#4462 = CARTESIAN_POINT('',(-9.939319370275E-03,-16.41269765827,2.75));
#4463 = CARTESIAN_POINT('',(-1.459686787676,-16.45957265827,
    2.754117000884));
#4464 = CARTESIAN_POINT('',(-2.48190189428,-16.50644765827,
    3.782154425974));
#4465 = CARTESIAN_POINT('',(-3.504117000884,-16.55332265827,
    4.810191851064));
#4466 = CARTESIAN_POINT('',(-3.5,-16.60019765827,6.25993931937));
#4467 = CARTESIAN_POINT('',(-3.5,1.650197658277,6.24006068063));
#4468 = CARTESIAN_POINT('',(-3.504117000884,1.603322658277,
    7.689808148936));
#4469 = CARTESIAN_POINT('',(-2.48190189428,1.556447658277,8.717845574026
    ));
#4470 = CARTESIAN_POINT('',(-1.459686787676,1.509572658277,
    9.745882999116));
#4471 = CARTESIAN_POINT('',(-9.939319370323E-03,1.462697658277,9.75));
#4472 = CARTESIAN_POINT('',(1.439808148936,1.415822658277,9.754117000884
    ));
#4473 = CARTESIAN_POINT('',(2.467845574026,1.368947658277,8.73190189428)
  );
#4474 = CARTESIAN_POINT('',(3.495882999116,1.322072658277,7.709686787676
    ));
#4475 = CARTESIAN_POINT('',(3.5,1.275197658277,6.25993931937));
#4476 = CARTESIAN_POINT('',(3.504117000884,1.228322658277,4.810191851065
    ));
#4477 = CARTESIAN_POINT('',(2.48190189428,1.181447658277,3.782154425974)
  );
#4478 = CARTESIAN_POINT('',(1.459686787676,1.134572658277,2.754117000884
    ));
#4479 = CARTESIAN_POINT('',(9.939319370323E-03,1.087697658277,2.75));
#4480 = CARTESIAN_POINT('',(-1.439808148936,1.040822658277,
    2.745882999116));
#4481 = CARTESIAN_POINT('',(-2.467845574026,0.993947658277,3.76809810572
    ));
#4482 = CARTESIAN_POINT('',(-3.495882999116,0.947072658277,
    4.790313212324));
#4483 = CARTESIAN_POINT('',(-3.5,0.900197658277,6.24006068063));
#4484 = CARTESIAN_POINT('',(-3.504117000884,0.853322658277,
    7.689808148936));
#4485 = CARTESIAN_POINT('',(-2.48190189428,0.806447658277,8.717845574026
    ));
#4486 = CARTESIAN_POINT('',(-1.459686787676,0.759572658277,
    9.745882999116));
#4487 = CARTESIAN_POINT('',(-9.939319370323E-03,0.712697658277,9.75));
#4488 = CARTESIAN_POINT('',(1.439808148936,0.665822658277,9.754117000884
    ));
#4489 = CARTESIAN_POINT('',(2.467845574026,0.618947658277,8.73190189428)
  );
#4490 = CARTESIAN_POINT('',(3.495882999116,0.572072658277,7.709686787676
    ));
#4491 = CARTESIAN_POINT('',(3.5,0.525197658277,6.25993931937));
#4492 = CARTESIAN_POINT('',(3.504117000884,0.478322658277,4.810191851064
    ));
#4493 = CARTESIAN_POINT('',(2.48190189428,0.431447658277,3.782154425974)
  );
#4494 = CARTESIAN_POINT('',(1.459686787676,0.384572658277,2.754117000884
    ));
#4495 = CARTESIAN_POINT('',(9.939319370323E-03,0.337697658277,2.75));
#4496 = CARTESIAN_POINT('',(-1.439808148936,0.290822658277,
    2.745882999116));
#4497 = CARTESIAN_POINT('',(-2.467845574026,0.243947658277,3.76809810572
    ));
#4498 = CARTESIAN_POINT('',(-3.495882999116,0.197072658277,
    4.790313212324));
#4499 = CARTESIAN_POINT('',(-3.5,0.150197658277,6.24006068063));
#4500 = CARTESIAN_POINT('',(-3.504117000884,0.103322658277,
    7.689808148936));
#4501 = CARTESIAN_POINT('',(-2.48190189428,5.644765827666E-02,
    8.717845574026));
#4502 = CARTESIAN_POINT('',(-1.459686787676,9.57265827666E-03,
    9.745882999116));
#4503 = CARTESIAN_POINT('',(-9.939319370323E-03,-3.730234172334E-02,9.75
    ));
#4504 = CARTESIAN_POINT('',(1.439808148936,-8.417734172334E-02,
    9.754117000884));
#4505 = CARTESIAN_POINT('',(2.467845574026,-0.131052341723,8.73190189428
    ));
#4506 = CARTESIAN_POINT('',(3.495882999116,-0.177927341723,
    7.709686787676));
#4507 = CARTESIAN_POINT('',(3.5,-0.224802341723,6.25993931937));
#4508 = CARTESIAN_POINT('',(3.504117000884,-0.271677341723,
    4.810191851064));
#4509 = CARTESIAN_POINT('',(2.48190189428,-0.318552341723,3.782154425974
    ));
#4510 = CARTESIAN_POINT('',(1.459686787676,-0.365427341723,
    2.754117000884));
#4511 = CARTESIAN_POINT('',(9.939319370323E-03,-0.412302341723,2.75));
#4512 = CARTESIAN_POINT('',(-1.439808148936,-0.459177341723,
    2.745882999116));
#4513 = CARTESIAN_POINT('',(-2.467845574026,-0.506052341723,
    3.76809810572));
#4514 = CARTESIAN_POINT('',(-3.495882999116,-0.552927341723,
    4.790313212324));
#4515 = CARTESIAN_POINT('',(-3.5,-0.599802341723,6.24006068063));
#4516 = CARTESIAN_POINT('',(-3.504117000884,-0.646677341723,
    7.689808148936));
#4517 = CARTESIAN_POINT('',(-2.48190189428,-0.693552341723,
    8.717845574026));
#4518 = CARTESIAN_POINT('',(-1.459686787676,-0.740427341723,
    9.745882999116));
#4519 = CARTESIAN_POINT('',(-9.939319370323E-03,-0.787302341723,9.75));
#4520 = CARTESIAN_POINT('',(1.439808148936,-0.834177341723,
    9.754117000884));
#4521 = CARTESIAN_POINT('',(2.467845574026,-0.881052341723,8.73190189428
    ));
#4522 = CARTESIAN_POINT('',(3.495882999116,-0.927927341723,
    7.709686787676));
#4523 = CARTESIAN_POINT('',(3.5,-0.974802341723,6.25993931937));
#4524 = CARTESIAN_POINT('',(3.504117000884,-1.021677341723,
    4.810191851064));
#4525 = CARTESIAN_POINT('',(2.48190189428,-1.068552341723,3.782154425974
    ));
#4526 = CARTESIAN_POINT('',(1.459686787676,-1.115427341723,
    2.754117000884));
#4527 = CARTESIAN_POINT('',(9.939319370323E-03,-1.162302341723,2.75));
#4528 = CARTESIAN_POINT('',(-1.439808148936,-1.209177341723,
    2.745882999116));
#4529 = CARTESIAN_POINT('',(-2.467845574026,-1.256052341723,
    3.76809810572));
#4530 = CARTESIAN_POINT('',(-3.495882999116,-1.302927341723,
    4.790313212324));
#4531 = CARTESIAN_POINT('',(-3.5,-1.349802341723,6.24006068063));
#4532 = CARTESIAN_POINT('',(-3.504117000884,-1.396677341723,
    7.689808148936));
#4533 = CARTESIAN_POINT('',(-2.48190189428,-1.443552341723,
    8.717845574026));
#4534 = CARTESIAN_POINT('',(-1.459686787676,-1.490427341723,
    9.745882999116));
#4535 = CARTESIAN_POINT('',(-9.939319370323E-03,-1.537302341723,9.75));
#4536 = CARTESIAN_POINT('',(1.439808148936,-1.584177341723,
    9.754117000884));
#4537 = CARTESIAN_POINT('',(2.467845574026,-1.631052341723,8.73190189428
    ));
#4538 = CARTESIAN_POINT('',(3.495882999116,-1.677927341723,
    7.709686787676));
#4539 = CARTESIAN_POINT('',(3.5,-1.724802341723,6.25993931937));
#4540 = CARTESIAN_POINT('',(3.504117000884,-1.771677341723,
    4.810191851064));
#4541 = CARTESIAN_POINT('',(2.48190189428,-1.818552341723,3.782154425974
    ));
#4542 = CARTESIAN_POINT('',(1.459686787676,-1.865427341723,
    2.754117000884));
#4543 = CARTESIAN_POINT('',(9.939319370323E-03,-1.912302341723,2.75));
#4544 = CARTESIAN_POINT('',(-1.439808148936,-1.959177341723,
    2.745882999116));
#4545 = CARTESIAN_POINT('',(-2.467845574026,-2.006052341723,
    3.76809810572));
#4546 = CARTESIAN_POINT('',(-3.495882999116,-2.052927341723,
    4.790313212324));
#4547 = CARTESIAN_POINT('',(-3.5,-2.099802341723,6.24006068063));
#4548 = CARTESIAN_POINT('',(-3.504117000884,-2.146677341723,
    7.689808148936));
#4549 = CARTESIAN_POINT('',(-2.48190189428,-2.193552341723,
    8.717845574026));
#4550 = CARTESIAN_POINT('',(-1.459686787676,-2.240427341723,
    9.745882999116));
#4551 = CARTESIAN_POINT('',(-9.939319370323E-03,-2.287302341723,9.75));
#4552 = CARTESIAN_POINT('',(1.439808148936,-2.334177341723,
    9.754117000884));
#4553 = CARTESIAN_POINT('',(2.467845574026,-2.381052341723,8.73190189428
    ));
#4554 = CARTESIAN_POINT('',(3.495882999116,-2.427927341723,
    7.709686787676));
#4555 = CARTESIAN_POINT('',(3.5,-2.474802341723,6.25993931937));
#4556 = CARTESIAN_POINT('',(3.504117000884,-2.521677341723,
    4.810191851064));
#4557 = CARTESIAN_POINT('',(2.48190189428,-2.568552341723,3.782154425974
    ));
#4558 = CARTESIAN_POINT('',(1.459686787676,-2.615427341723,
    2.754117000884));
#4559 = CARTESIAN_POINT('',(9.939319370323E-03,-2.662302341723,2.75));
#4560 = CARTESIAN_POINT('',(-1.439808148936,-2.709177341723,
    2.745882999116));
#4561 = CARTESIAN_POINT('',(-2.467845574026,-2.756052341723,
    3.76809810572));
#4562 = CARTESIAN_POINT('',(-3.495882999116,-2.802927341723,
    4.790313212324));
#4563 = CARTESIAN_POINT('',(-3.5,-2.849802341723,6.24006068063));
#4564 = CARTESIAN_POINT('',(-3.504117000884,-2.896677341723,
    7.689808148936));
#4565 = CARTESIAN_POINT('',(-2.48190189428,-2.943552341723,
    8.717845574026));
#4566 = CARTESIAN_POINT('',(-1.459686787676,-2.990427341723,
    9.745882999116));
#4567 = CARTESIAN_POINT('',(-9.939319370323E-03,-3.037302341723,9.75));
#4568 = CARTESIAN_POINT('',(1.439808148936,-3.084177341723,
    9.754117000884));
#4569 = CARTESIAN_POINT('',(2.467845574026,-3.131052341723,8.73190189428
    ));
#4570 = CARTESIAN_POINT('',(3.495882999116,-3.177927341723,
    7.709686787676));
#4571 = CARTESIAN_POINT('',(3.5,-3.224802341723,6.25993931937));
#4572 = CARTESIAN_POINT('',(3.504117000884,-3.271677341723,
    4.810191851064));
#4573 = CARTESIAN_POINT('',(2.48190189428,-3.318552341723,3.782154425974
    ));
#4574 = CARTESIAN_POINT('',(1.459686787676,-3.365427341723,
    2.754117000884));
#4575 = CARTESIAN_POINT('',(9.939319370323E-03,-3.412302341723,2.75));
#4576 = CARTESIAN_POINT('',(-1.439808148936,-3.459177341723,
    2.745882999116));
#4577 = CARTESIAN_POINT('',(-2.467845574026,-3.506052341723,
    3.76809810572));
#4578 = CARTESIAN_POINT('',(-3.495882999116,-3.552927341723,
    4.790313212324));
#4579 = CARTESIAN_POINT('',(-3.5,-3.599802341723,6.24006068063));
#4580 = CARTESIAN_POINT('',(-3.504117000884,-3.646677341723,
    7.689808148936));
#4581 = CARTESIAN_POINT('',(-2.48190189428,-3.693552341723,
    8.717845574026));
#4582 = CARTESIAN_POINT('',(-1.459686787676,-3.740427341723,
    9.745882999116));
#4583 = CARTESIAN_POINT('',(-9.939319370323E-03,-3.787302341723,9.75));
#4584 = CARTESIAN_POINT('',(1.439808148936,-3.834177341723,
    9.754117000884));
#4585 = CARTESIAN_POINT('',(2.467845574026,-3.881052341723,8.73190189428
    ));
#4586 = CARTESIAN_POINT('',(3.495882999116,-3.927927341723,
    7.709686787676));
#4587 = CARTESIAN_POINT('',(3.5,-3.974802341723,6.25993931937));
#4588 = CARTESIAN_POINT('',(3.504117000884,-4.021677341723,
    4.810191851064));
#4589 = CARTESIAN_POINT('',(2.48190189428,-4.068552341723,3.782154425974
    ));
#4590 = CARTESIAN_POINT('',(1.459686787676,-4.115427341723,
    2.754117000884));
#4591 = CARTESIAN_POINT('',(9.939319370323E-03,-4.162302341723,2.75));
#4592 = CARTESIAN_POINT('',(-1.439808148936,-4.209177341723,
    2.745882999116));
#4593 = CARTESIAN_POINT('',(-2.467845574026,-4.256052341723,
    3.76809810572));
#4594 = CARTESIAN_POINT('',(-3.495882999116,-4.302927341723,
    4.790313212324));
#4595 = CARTESIAN_POINT('',(-3.5,-4.349802341723,6.24006068063));
#4596 = CARTESIAN_POINT('',(-3.504117000884,-4.396677341723,
    7.689808148936));
#4597 = CARTESIAN_POINT('',(-2.48190189428,-4.443552341723,
    8.717845574026));
#4598 = CARTESIAN_POINT('',(-1.459686787676,-4.490427341723,
    9.745882999116));
#4599 = CARTESIAN_POINT('',(-9.939319370323E-03,-4.537302341723,9.75));
#4600 = CARTESIAN_POINT('',(1.439808148936,-4.584177341723,
    9.754117000884));
#4601 = CARTESIAN_POINT('',(2.467845574026,-4.631052341723,8.73190189428
    ));
#4602 = CARTESIAN_POINT('',(3.495882999116,-4.677927341723,
    7.709686787676));
#4603 = CARTESIAN_POINT('',(3.5,-4.724802341723,6.25993931937));
#4604 = CARTESIAN_POINT('',(3.504117000884,-4.771677341723,
    4.810191851064));
#4605 = CARTESIAN_POINT('',(2.48190189428,-4.818552341723,3.782154425974
    ));
#4606 = CARTESIAN_POINT('',(1.459686787676,-4.865427341723,
    2.754117000884));
#4607 = CARTESIAN_POINT('',(9.939319370323E-03,-4.912302341723,2.75));
#4608 = CARTESIAN_POINT('',(-1.439808148936,-4.959177341723,
    2.745882999116));
#4609 = CARTESIAN_POINT('',(-2.467845574026,-5.006052341723,
    3.76809810572));
#4610 = CARTESIAN_POINT('',(-3.495882999116,-5.052927341723,
    4.790313212324));
#4611 = CARTESIAN_POINT('',(-3.5,-5.099802341723,6.24006068063));
#4612 = CARTESIAN_POINT('',(-3.504117000884,-5.146677341723,
    7.689808148935));
#4613 = CARTESIAN_POINT('',(-2.48190189428,-5.193552341723,
    8.717845574026));
#4614 = CARTESIAN_POINT('',(-1.459686787676,-5.240427341723,
    9.745882999116));
#4615 = CARTESIAN_POINT('',(-9.939319370323E-03,-5.287302341723,9.75));
#4616 = CARTESIAN_POINT('',(1.439808148936,-5.334177341723,
    9.754117000884));
#4617 = CARTESIAN_POINT('',(2.467845574026,-5.381052341723,8.73190189428
    ));
#4618 = CARTESIAN_POINT('',(3.495882999116,-5.427927341723,
    7.709686787676));
#4619 = CARTESIAN_POINT('',(3.5,-5.474802341723,6.25993931937));
#4620 = CARTESIAN_POINT('',(3.504117000884,-5.521677341723,
    4.810191851064));
#4621 = CARTESIAN_POINT('',(2.48190189428,-5.568552341723,3.782154425974
    ));
#4622 = CARTESIAN_POINT('',(1.459686787676,-5.615427341723,
    2.754117000884));
#4623 = CARTESIAN_POINT('',(9.939319370323E-03,-5.662302341723,2.75));
#4624 = CARTESIAN_POINT('',(-1.439808148936,-5.709177341723,
    2.745882999116));
#4625 = CARTESIAN_POINT('',(-2.467845574026,-5.756052341723,
    3.76809810572));
#4626 = CARTESIAN_POINT('',(-3.495882999116,-5.802927341723,
    4.790313212324));
#4627 = CARTESIAN_POINT('',(-3.5,-5.849802341723,6.24006068063));
#4628 = CARTESIAN_POINT('',(-3.504117000884,-5.896677341723,
    7.689808148935));
#4629 = CARTESIAN_POINT('',(-2.48190189428,-5.943552341723,
    8.717845574026));
#4630 = CARTESIAN_POINT('',(-1.459686787676,-5.990427341723,
    9.745882999116));
#4631 = CARTESIAN_POINT('',(-9.939319370323E-03,-6.037302341723,9.75));
#4632 = CARTESIAN_POINT('',(1.439808148936,-6.084177341723,
    9.754117000884));
#4633 = CARTESIAN_POINT('',(2.467845574026,-6.131052341723,8.73190189428
    ));
#4634 = CARTESIAN_POINT('',(3.495882999116,-6.177927341723,
    7.709686787676));
#4635 = CARTESIAN_POINT('',(3.5,-6.224802341723,6.25993931937));
#4636 = CARTESIAN_POINT('',(3.504117000884,-6.271677341723,
    4.810191851064));
#4637 = CARTESIAN_POINT('',(2.48190189428,-6.318552341723,3.782154425974
    ));
#4638 = CARTESIAN_POINT('',(1.459686787676,-6.365427341723,
    2.754117000884));
#4639 = CARTESIAN_POINT('',(9.939319370323E-03,-6.412302341723,2.75));
#4640 = CARTESIAN_POINT('',(-1.439808148936,-6.459177341723,
    2.745882999116));
#4641 = CARTESIAN_POINT('',(-2.467845574026,-6.506052341723,
    3.76809810572));
#4642 = CARTESIAN_POINT('',(-3.495882999116,-6.552927341723,
    4.790313212324));
#4643 = CARTESIAN_POINT('',(-3.5,-6.599802341723,6.24006068063));
#4644 = CARTESIAN_POINT('',(-3.504117000884,-6.646677341723,
    7.689808148935));
#4645 = CARTESIAN_POINT('',(-2.48190189428,-6.693552341723,
    8.717845574026));
#4646 = CARTESIAN_POINT('',(-1.459686787676,-6.740427341723,
    9.745882999116));
#4647 = CARTESIAN_POINT('',(-9.939319370323E-03,-6.787302341723,9.75));
#4648 = CARTESIAN_POINT('',(1.439808148936,-6.834177341723,
    9.754117000884));
#4649 = CARTESIAN_POINT('',(2.467845574026,-6.881052341723,8.73190189428
    ));
#4650 = CARTESIAN_POINT('',(3.495882999116,-6.927927341723,
    7.709686787676));
#4651 = CARTESIAN_POINT('',(3.5,-6.974802341723,6.25993931937));
#4652 = CARTESIAN_POINT('',(3.504117000884,-7.021677341723,
    4.810191851064));
#4653 = CARTESIAN_POINT('',(2.48190189428,-7.068552341723,3.782154425974
    ));
#4654 = CARTESIAN_POINT('',(1.459686787676,-7.115427341723,
    2.754117000884));
#4655 = CARTESIAN_POINT('',(9.939319370323E-03,-7.162302341723,2.75));
#4656 = CARTESIAN_POINT('',(-1.439808148936,-7.209177341723,
    2.745882999116));
#4657 = CARTESIAN_POINT('',(-2.467845574026,-7.256052341723,
    3.76809810572));
#4658 = CARTESIAN_POINT('',(-3.495882999116,-7.302927341723,
    4.790313212324));
#4659 = CARTESIAN_POINT('',(-3.5,-7.349802341723,6.24006068063));
#4660 = CARTESIAN_POINT('',(-3.504117000884,-7.396677341723,
    7.689808148935));
#4661 = CARTESIAN_POINT('',(-2.48190189428,-7.443552341723,
    8.717845574026));
#4662 = CARTESIAN_POINT('',(-1.459686787676,-7.490427341723,
    9.745882999116));
#4663 = CARTESIAN_POINT('',(-9.939319370323E-03,-7.537302341723,9.75));
#4664 = CARTESIAN_POINT('',(1.439808148936,-7.584177341723,
    9.754117000884));
#4665 = CARTESIAN_POINT('',(2.467845574026,-7.631052341723,8.73190189428
    ));
#4666 = CARTESIAN_POINT('',(3.495882999116,-7.677927341723,
    7.709686787676));
#4667 = CARTESIAN_POINT('',(3.5,-7.724802341723,6.25993931937));
#4668 = CARTESIAN_POINT('',(3.504117000884,-7.771677341723,
    4.810191851064));
#4669 = CARTESIAN_POINT('',(2.48190189428,-7.818552341723,3.782154425974
    ));
#4670 = CARTESIAN_POINT('',(1.459686787676,-7.865427341723,
    2.754117000884));
#4671 = CARTESIAN_POINT('',(9.939319370323E-03,-7.912302341723,2.75));
#4672 = CARTESIAN_POINT('',(-1.439808148936,-7.959177341723,
    2.745882999116));
#4673 = CARTESIAN_POINT('',(-2.467845574026,-8.006052341723,
    3.76809810572));
#4674 = CARTESIAN_POINT('',(-3.495882999116,-8.052927341723,
    4.790313212324));
#4675 = CARTESIAN_POINT('',(-3.5,-8.099802341723,6.24006068063));
#4676 = CARTESIAN_POINT('',(-3.504117000884,-8.146677341723,
    7.689808148935));
#4677 = CARTESIAN_POINT('',(-2.48190189428,-8.193552341723,
    8.717845574026));
#4678 = CARTESIAN_POINT('',(-1.459686787676,-8.240427341723,
    9.745882999116));
#4679 = CARTESIAN_POINT('',(-9.939319370323E-03,-8.287302341723,9.75));
#4680 = CARTESIAN_POINT('',(1.439808148936,-8.334177341723,
    9.754117000884));
#4681 = CARTESIAN_POINT('',(2.467845574026,-8.381052341723,8.73190189428
    ));
#4682 = CARTESIAN_POINT('',(3.495882999116,-8.427927341723,
    7.709686787676));
#4683 = CARTESIAN_POINT('',(3.5,-8.474802341723,6.25993931937));
#4684 = CARTESIAN_POINT('',(3.504117000884,-8.521677341723,
    4.810191851064));
#4685 = CARTESIAN_POINT('',(2.48190189428,-8.568552341723,3.782154425974
    ));
#4686 = CARTESIAN_POINT('',(1.459686787676,-8.615427341723,
    2.754117000884));
#4687 = CARTESIAN_POINT('',(9.939319370323E-03,-8.662302341723,2.75));
#4688 = CARTESIAN_POINT('',(-1.439808148936,-8.709177341723,
    2.745882999116));
#4689 = CARTESIAN_POINT('',(-2.467845574026,-8.756052341723,
    3.76809810572));
#4690 = CARTESIAN_POINT('',(-3.495882999116,-8.802927341723,
    4.790313212324));
#4691 = CARTESIAN_POINT('',(-3.5,-8.849802341723,6.24006068063));
#4692 = CARTESIAN_POINT('',(-3.504117000884,-8.896677341723,
    7.689808148935));
#4693 = CARTESIAN_POINT('',(-2.48190189428,-8.943552341723,
    8.717845574026));
#4694 = CARTESIAN_POINT('',(-1.459686787676,-8.990427341723,
    9.745882999116));
#4695 = CARTESIAN_POINT('',(-9.939319370323E-03,-9.037302341723,9.75));
#4696 = CARTESIAN_POINT('',(1.439808148936,-9.084177341723,
    9.754117000884));
#4697 = CARTESIAN_POINT('',(2.467845574026,-9.131052341723,8.73190189428
    ));
#4698 = CARTESIAN_POINT('',(3.495882999116,-9.177927341723,
    7.709686787676));
#4699 = CARTESIAN_POINT('',(3.5,-9.224802341723,6.25993931937));
#4700 = CARTESIAN_POINT('',(3.504117000884,-9.271677341723,
    4.810191851064));
#4701 = CARTESIAN_POINT('',(2.48190189428,-9.318552341723,3.782154425974
    ));
#4702 = CARTESIAN_POINT('',(1.459686787676,-9.365427341723,
    2.754117000884));
#4703 = CARTESIAN_POINT('',(9.939319370323E-03,-9.412302341723,2.75));
#4704 = CARTESIAN_POINT('',(-1.439808148936,-9.459177341723,
    2.745882999116));
#4705 = CARTESIAN_POINT('',(-2.467845574026,-9.506052341723,
    3.76809810572));
#4706 = CARTESIAN_POINT('',(-3.495882999116,-9.552927341723,
    4.790313212324));
#4707 = CARTESIAN_POINT('',(-3.5,-9.599802341723,6.24006068063));
#4708 = CARTESIAN_POINT('',(-3.504117000884,-9.646677341723,
    7.689808148935));
#4709 = CARTESIAN_POINT('',(-2.48190189428,-9.693552341723,
    8.717845574026));
#4710 = CARTESIAN_POINT('',(-1.459686787676,-9.740427341723,
    9.745882999116));
#4711 = CARTESIAN_POINT('',(-9.939319370323E-03,-9.787302341723,9.75));
#4712 = CARTESIAN_POINT('',(1.439808148936,-9.834177341723,
    9.754117000884));
#4713 = CARTESIAN_POINT('',(2.467845574026,-9.881052341723,8.73190189428
    ));
#4714 = CARTESIAN_POINT('',(3.495882999116,-9.927927341723,
    7.709686787676));
#4715 = CARTESIAN_POINT('',(3.5,-9.974802341723,6.25993931937));
#4716 = CARTESIAN_POINT('',(3.504117000884,-10.02167734172,
    4.810191851064));
#4717 = CARTESIAN_POINT('',(2.48190189428,-10.06855234172,3.782154425974
    ));
#4718 = CARTESIAN_POINT('',(1.459686787676,-10.11542734172,
    2.754117000884));
#4719 = CARTESIAN_POINT('',(9.939319370323E-03,-10.16230234172,2.75));
#4720 = CARTESIAN_POINT('',(-1.439808148936,-10.20917734172,
    2.745882999116));
#4721 = CARTESIAN_POINT('',(-2.467845574026,-10.25605234172,
    3.76809810572));
#4722 = CARTESIAN_POINT('',(-3.495882999116,-10.30292734172,
    4.790313212324));
#4723 = CARTESIAN_POINT('',(-3.5,-10.34980234172,6.24006068063));
#4724 = CARTESIAN_POINT('',(-3.504117000884,-10.39667734172,
    7.689808148935));
#4725 = CARTESIAN_POINT('',(-2.48190189428,-10.44355234172,
    8.717845574026));
#4726 = CARTESIAN_POINT('',(-1.459686787676,-10.49042734172,
    9.745882999116));
#4727 = CARTESIAN_POINT('',(-9.939319370323E-03,-10.53730234172,9.75));
#4728 = CARTESIAN_POINT('',(1.439808148936,-10.58417734172,
    9.754117000884));
#4729 = CARTESIAN_POINT('',(2.467845574026,-10.63105234172,8.73190189428
    ));
#4730 = CARTESIAN_POINT('',(3.495882999116,-10.67792734172,
    7.709686787676));
#4731 = CARTESIAN_POINT('',(3.5,-10.72480234172,6.25993931937));
#4732 = CARTESIAN_POINT('',(3.504117000884,-10.77167734172,
    4.810191851064));
#4733 = CARTESIAN_POINT('',(2.48190189428,-10.81855234172,3.782154425974
    ));
#4734 = CARTESIAN_POINT('',(1.459686787676,-10.86542734172,
    2.754117000884));
#4735 = CARTESIAN_POINT('',(9.939319370323E-03,-10.91230234172,2.75));
#4736 = CARTESIAN_POINT('',(-1.439808148936,-10.95917734172,
    2.745882999116));
#4737 = CARTESIAN_POINT('',(-2.467845574026,-11.00605234172,
    3.76809810572));
#4738 = CARTESIAN_POINT('',(-3.495882999116,-11.05292734172,
    4.790313212324));
#4739 = CARTESIAN_POINT('',(-3.5,-11.09980234172,6.24006068063));
#4740 = CARTESIAN_POINT('',(-3.504117000884,-11.14667734172,
    7.689808148935));
#4741 = CARTESIAN_POINT('',(-2.48190189428,-11.19355234172,
    8.717845574026));
#4742 = CARTESIAN_POINT('',(-1.459686787676,-11.24042734172,
    9.745882999116));
#4743 = CARTESIAN_POINT('',(-9.939319370323E-03,-11.28730234172,9.75));
#4744 = CARTESIAN_POINT('',(1.439808148936,-11.33417734172,
    9.754117000884));
#4745 = CARTESIAN_POINT('',(2.467845574026,-11.38105234172,8.73190189428
    ));
#4746 = CARTESIAN_POINT('',(3.495882999116,-11.42792734172,
    7.709686787676));
#4747 = CARTESIAN_POINT('',(3.5,-11.47480234172,6.25993931937));
#4748 = CARTESIAN_POINT('',(3.504117000884,-11.52167734172,
    4.810191851064));
#4749 = CARTESIAN_POINT('',(2.48190189428,-11.56855234172,3.782154425974
    ));
#4750 = CARTESIAN_POINT('',(1.459686787676,-11.61542734172,
    2.754117000884));
#4751 = CARTESIAN_POINT('',(9.939319370323E-03,-11.66230234172,2.75));
#4752 = CARTESIAN_POINT('',(-1.439808148936,-11.70917734172,
    2.745882999116));
#4753 = CARTESIAN_POINT('',(-2.467845574026,-11.75605234172,
    3.76809810572));
#4754 = CARTESIAN_POINT('',(-3.495882999116,-11.80292734172,
    4.790313212324));
#4755 = CARTESIAN_POINT('',(-3.5,-11.84980234172,6.24006068063));
#4756 = CARTESIAN_POINT('',(-3.504117000884,-11.89667734172,
    7.689808148935));
#4757 = CARTESIAN_POINT('',(-2.48190189428,-11.94355234172,
    8.717845574026));
#4758 = CARTESIAN_POINT('',(-1.459686787676,-11.99042734172,
    9.745882999116));
#4759 = CARTESIAN_POINT('',(-9.939319370323E-03,-12.03730234172,9.75));
#4760 = CARTESIAN_POINT('',(1.439808148936,-12.08417734172,
    9.754117000884));
#4761 = CARTESIAN_POINT('',(2.467845574026,-12.13105234172,8.73190189428
    ));
#4762 = CARTESIAN_POINT('',(3.495882999116,-12.17792734172,
    7.709686787676));
#4763 = CARTESIAN_POINT('',(3.5,-12.22480234172,6.25993931937));
#4764 = CARTESIAN_POINT('',(3.504117000884,-12.27167734172,
    4.810191851064));
#4765 = CARTESIAN_POINT('',(2.48190189428,-12.31855234172,3.782154425974
    ));
#4766 = CARTESIAN_POINT('',(1.459686787676,-12.36542734172,
    2.754117000884));
#4767 = CARTESIAN_POINT('',(9.939319370323E-03,-12.41230234172,2.75));
#4768 = CARTESIAN_POINT('',(-1.439808148936,-12.45917734172,
    2.745882999116));
#4769 = CARTESIAN_POINT('',(-2.467845574026,-12.50605234172,
    3.76809810572));
#4770 = CARTESIAN_POINT('',(-3.495882999116,-12.55292734172,
    4.790313212324));
#4771 = CARTESIAN_POINT('',(-3.5,-12.59980234172,6.24006068063));
#4772 = CARTESIAN_POINT('',(-3.504117000884,-12.64667734172,
    7.689808148935));
#4773 = CARTESIAN_POINT('',(-2.48190189428,-12.69355234172,
    8.717845574026));
#4774 = CARTESIAN_POINT('',(-1.459686787676,-12.74042734172,
    9.745882999116));
#4775 = CARTESIAN_POINT('',(-9.939319370323E-03,-12.78730234172,9.75));
#4776 = CARTESIAN_POINT('',(1.439808148936,-12.83417734172,
    9.754117000884));
#4777 = CARTESIAN_POINT('',(2.467845574026,-12.88105234172,8.73190189428
    ));
#4778 = CARTESIAN_POINT('',(3.495882999116,-12.92792734172,
    7.709686787676));
#4779 = CARTESIAN_POINT('',(3.5,-12.97480234172,6.25993931937));
#4780 = CARTESIAN_POINT('',(3.504117000884,-13.02167734172,
    4.810191851064));
#4781 = CARTESIAN_POINT('',(2.48190189428,-13.06855234172,3.782154425974
    ));
#4782 = CARTESIAN_POINT('',(1.459686787676,-13.11542734172,
    2.754117000884));
#4783 = CARTESIAN_POINT('',(9.939319370323E-03,-13.16230234172,2.75));
#4784 = CARTESIAN_POINT('',(-1.439808148936,-13.20917734172,
    2.745882999116));
#4785 = CARTESIAN_POINT('',(-2.467845574026,-13.25605234172,
    3.76809810572));
#4786 = CARTESIAN_POINT('',(-3.495882999116,-13.30292734172,
    4.790313212324));
#4787 = CARTESIAN_POINT('',(-3.5,-13.34980234172,6.24006068063));
#4788 = CARTESIAN_POINT('',(-3.504117000884,-13.39667734172,
    7.689808148935));
#4789 = CARTESIAN_POINT('',(-2.48190189428,-13.44355234172,
    8.717845574026));
#4790 = CARTESIAN_POINT('',(-1.459686787676,-13.49042734172,
    9.745882999116));
#4791 = CARTESIAN_POINT('',(-9.939319370323E-03,-13.53730234172,9.75));
#4792 = CARTESIAN_POINT('',(1.439808148936,-13.58417734172,
    9.754117000884));
#4793 = CARTESIAN_POINT('',(2.467845574026,-13.63105234172,8.73190189428
    ));
#4794 = CARTESIAN_POINT('',(3.495882999116,-13.67792734172,
    7.709686787676));
#4795 = CARTESIAN_POINT('',(3.5,-13.72480234172,6.25993931937));
#4796 = CARTESIAN_POINT('',(3.504117000884,-13.77167734172,
    4.810191851064));
#4797 = CARTESIAN_POINT('',(2.48190189428,-13.81855234172,3.782154425974
    ));
#4798 = CARTESIAN_POINT('',(1.459686787676,-13.86542734172,
    2.754117000884));
#4799 = CARTESIAN_POINT('',(9.939319370323E-03,-13.91230234172,2.75));
#4800 = CARTESIAN_POINT('',(-1.439808148936,-13.95917734172,
    2.745882999116));
#4801 = CARTESIAN_POINT('',(-2.467845574026,-14.00605234172,
    3.76809810572));
#4802 = CARTESIAN_POINT('',(-3.495882999116,-14.05292734172,
    4.790313212324));
#4803 = CARTESIAN_POINT('',(-3.5,-14.09980234172,6.24006068063));
#4804 = CARTESIAN_POINT('',(-3.504117000884,-14.14667734172,
    7.689808148935));
#4805 = CARTESIAN_POINT('',(-2.48190189428,-14.19355234172,
    8.717845574026));
#4806 = CARTESIAN_POINT('',(-1.459686787676,-14.24042734172,
    9.745882999116));
#4807 = CARTESIAN_POINT('',(-9.939319370323E-03,-14.28730234172,9.75));
#4808 = CARTESIAN_POINT('',(1.439808148936,-14.33417734172,
    9.754117000884));
#4809 = CARTESIAN_POINT('',(2.467845574026,-14.38105234172,8.73190189428
    ));
#4810 = CARTESIAN_POINT('',(3.495882999116,-14.42792734172,
    7.709686787676));
#4811 = CARTESIAN_POINT('',(3.5,-14.47480234172,6.25993931937));
#4812 = CARTESIAN_POINT('',(3.504117000884,-14.52167734172,
    4.810191851064));
#4813 = CARTESIAN_POINT('',(2.48190189428,-14.56855234172,3.782154425974
    ));
#4814 = CARTESIAN_POINT('',(1.459686787676,-14.61542734172,
    2.754117000884));
#4815 = CARTESIAN_POINT('',(9.939319370323E-03,-14.66230234172,2.75));
#4816 = CARTESIAN_POINT('',(-1.439808148936,-14.70917734172,
    2.745882999116));
#4817 = CARTESIAN_POINT('',(-2.467845574026,-14.75605234172,
    3.76809810572));
#4818 = CARTESIAN_POINT('',(-3.495882999116,-14.80292734172,
    4.790313212324));
#4819 = CARTESIAN_POINT('',(-3.5,-14.84980234172,6.24006068063));
#4820 = CARTESIAN_POINT('',(-3.504117000884,-14.89667734172,
    7.689808148935));
#4821 = CARTESIAN_POINT('',(-2.48190189428,-14.94355234172,
    8.717845574026));
#4822 = CARTESIAN_POINT('',(-1.459686787676,-14.99042734172,
    9.745882999116));
#4823 = CARTESIAN_POINT('',(-9.939319370323E-03,-15.03730234172,9.75));
#4824 = CARTESIAN_POINT('',(1.439808148936,-15.08417734172,
    9.754117000884));
#4825 = CARTESIAN_POINT('',(2.467845574026,-15.13105234172,8.73190189428
    ));
#4826 = CARTESIAN_POINT('',(3.495882999116,-15.17792734172,
    7.709686787676));
#4827 = CARTESIAN_POINT('',(3.5,-15.22480234172,6.25993931937));
#4828 = CARTESIAN_POINT('',(3.504117000884,-15.27167734172,
    4.810191851064));
#4829 = CARTESIAN_POINT('',(2.48190189428,-15.31855234172,3.782154425974
    ));
#4830 = CARTESIAN_POINT('',(1.459686787676,-15.36542734172,
    2.754117000884));
#4831 = CARTESIAN_POINT('',(9.939319370323E-03,-15.41230234172,2.75));
#4832 = CARTESIAN_POINT('',(-1.439808148936,-15.45917734172,
    2.745882999116));
#4833 = CARTESIAN_POINT('',(-2.467845574026,-15.50605234172,
    3.76809810572));
#4834 = CARTESIAN_POINT('',(-3.495882999116,-15.55292734172,
    4.790313212324));
#4835 = CARTESIAN_POINT('',(-3.5,-15.59980234172,6.24006068063));
#4836 = CARTESIAN_POINT('',(-3.504117000884,-15.64667734172,
    7.689808148935));
#4837 = CARTESIAN_POINT('',(-2.48190189428,-15.69355234172,
    8.717845574026));
#4838 = CARTESIAN_POINT('',(-1.459686787676,-15.74042734172,
    9.745882999116));
#4839 = CARTESIAN_POINT('',(-9.939319370323E-03,-15.78730234172,9.75));
#4840 = CARTESIAN_POINT('',(1.439808148936,-15.83417734172,
    9.754117000884));
#4841 = CARTESIAN_POINT('',(2.467845574026,-15.88105234172,8.73190189428
    ));
#4842 = CARTESIAN_POINT('',(3.495882999116,-15.92792734172,
    7.709686787676));
#4843 = CARTESIAN_POINT('',(3.5,-15.97480234172,6.25993931937));
#4844 = CARTESIAN_POINT('',(3.504117000884,-16.02167734172,
    4.810191851064));
#4845 = CARTESIAN_POINT('',(2.48190189428,-16.06855234172,3.782154425974
    ));
#4846 = CARTESIAN_POINT('',(1.459686787676,-16.11542734172,
    2.754117000884));
#4847 = CARTESIAN_POINT('',(9.939319370323E-03,-16.16230234172,2.75));
#4848 = CARTESIAN_POINT('',(-1.439808148936,-16.20917734172,
    2.745882999116));
#4849 = CARTESIAN_POINT('',(-2.467845574026,-16.25605234172,
    3.76809810572));
#4850 = CARTESIAN_POINT('',(-3.495882999116,-16.30292734172,
    4.790313212324));
#4851 = CARTESIAN_POINT('',(-3.5,-16.34980234172,6.24006068063));
#4852 = CARTESIAN_POINT('',(-3.504117000884,-16.39667734172,
    7.689808148935));
#4853 = CARTESIAN_POINT('',(-2.48190189428,-16.44355234172,
    8.717845574026));
#4854 = CARTESIAN_POINT('',(-1.459686787676,-16.49042734172,
    9.745882999116));
#4855 = CARTESIAN_POINT('',(-9.939319370323E-03,-16.53730234172,9.75));
#4856 = CARTESIAN_POINT('',(1.439808148936,-16.58417734172,
    9.754117000884));
#4857 = CARTESIAN_POINT('',(2.467845574026,-16.63105234172,8.73190189428
    ));
#4858 = CARTESIAN_POINT('',(3.495882999116,-16.67792734172,
    7.709686787676));
#4859 = CARTESIAN_POINT('',(3.5,-16.72480234172,6.25993931937));
#4860 = CARTESIAN_POINT('',(3.504117000884,-16.77167734172,
    4.810191851064));
#4861 = CARTESIAN_POINT('',(2.48190189428,-16.81855234172,3.782154425974
    ));
#4862 = CARTESIAN_POINT('',(1.459686787676,-16.86542734172,
    2.754117000884));
#4863 = CARTESIAN_POINT('',(9.939319370323E-03,-16.91230234172,2.75));
#4864 = CARTESIAN_POINT('',(-1.439808148936,-16.95917734172,
    2.745882999116));
#4865 = CARTESIAN_POINT('',(-2.467845574026,-17.00605234172,
    3.76809810572));
#4866 = CARTESIAN_POINT('',(-3.495882999116,-17.05292734172,
    4.790313212324));
#4867 = CARTESIAN_POINT('',(-3.5,-17.09980234172,6.24006068063));
#4868 = CARTESIAN_POINT('',(-3.,1.650197658277,6.24006068063));
#4869 = CARTESIAN_POINT('',(-3.004117000884,1.603322658277,
    7.482701367749));
#4870 = CARTESIAN_POINT('',(-2.128348503687,1.556447658277,
    8.364292183433));
#4871 = CARTESIAN_POINT('',(-1.25258000649,1.509572658277,9.245882999116
    ));
#4872 = CARTESIAN_POINT('',(-9.93931937032E-03,1.462697658277,9.25));
#4873 = CARTESIAN_POINT('',(1.232701367749,1.415822658277,9.254117000884
    ));
#4874 = CARTESIAN_POINT('',(2.114292183433,1.368947658277,8.378348503687
    ));
#4875 = CARTESIAN_POINT('',(2.995882999116,1.322072658277,7.50258000649)
  );
#4876 = CARTESIAN_POINT('',(3.,1.275197658277,6.25993931937));
#4877 = CARTESIAN_POINT('',(3.004117000884,1.228322658277,5.017298632251
    ));
#4878 = CARTESIAN_POINT('',(2.128348503687,1.181447658277,4.135707816567
    ));
#4879 = CARTESIAN_POINT('',(1.25258000649,1.134572658277,3.254117000884)
  );
#4880 = CARTESIAN_POINT('',(9.93931937032E-03,1.087697658277,3.25));
#4881 = CARTESIAN_POINT('',(-1.232701367749,1.040822658277,
    3.245882999116));
#4882 = CARTESIAN_POINT('',(-2.114292183433,0.993947658277,
    4.121651496313));
#4883 = CARTESIAN_POINT('',(-2.995882999116,0.947072658277,4.99741999351
    ));
#4884 = CARTESIAN_POINT('',(-3.,0.900197658277,6.24006068063));
#4885 = CARTESIAN_POINT('',(-3.004117000884,0.853322658277,
    7.482701367749));
#4886 = CARTESIAN_POINT('',(-2.128348503687,0.806447658277,
    8.364292183433));
#4887 = CARTESIAN_POINT('',(-1.25258000649,0.759572658277,9.245882999116
    ));
#4888 = CARTESIAN_POINT('',(-9.93931937032E-03,0.712697658277,9.25));
#4889 = CARTESIAN_POINT('',(1.232701367749,0.665822658277,9.254117000884
    ));
#4890 = CARTESIAN_POINT('',(2.114292183433,0.618947658277,8.378348503687
    ));
#4891 = CARTESIAN_POINT('',(2.995882999116,0.572072658277,7.50258000649)
  );
#4892 = CARTESIAN_POINT('',(3.,0.525197658277,6.25993931937));
#4893 = CARTESIAN_POINT('',(3.004117000884,0.478322658277,5.017298632251
    ));
#4894 = CARTESIAN_POINT('',(2.128348503687,0.431447658277,4.135707816567
    ));
#4895 = CARTESIAN_POINT('',(1.25258000649,0.384572658277,3.254117000884)
  );
#4896 = CARTESIAN_POINT('',(9.93931937032E-03,0.337697658277,3.25));
#4897 = CARTESIAN_POINT('',(-1.232701367749,0.290822658277,
    3.245882999116));
#4898 = CARTESIAN_POINT('',(-2.114292183433,0.243947658277,
    4.121651496313));
#4899 = CARTESIAN_POINT('',(-2.995882999116,0.197072658277,4.99741999351
    ));
#4900 = CARTESIAN_POINT('',(-3.,0.150197658277,6.24006068063));
#4901 = CARTESIAN_POINT('',(-3.004117000884,0.103322658277,
    7.482701367749));
#4902 = CARTESIAN_POINT('',(-2.128348503687,5.644765827666E-02,
    8.364292183433));
#4903 = CARTESIAN_POINT('',(-1.25258000649,9.572658276662E-03,
    9.245882999116));
#4904 = CARTESIAN_POINT('',(-9.93931937032E-03,-3.730234172334E-02,9.25)
  );
#4905 = CARTESIAN_POINT('',(1.232701367749,-8.417734172334E-02,
    9.254117000884));
#4906 = CARTESIAN_POINT('',(2.114292183433,-0.131052341723,
    8.378348503687));
#4907 = CARTESIAN_POINT('',(2.995882999116,-0.177927341723,7.50258000649
    ));
#4908 = CARTESIAN_POINT('',(3.,-0.224802341723,6.25993931937));
#4909 = CARTESIAN_POINT('',(3.004117000884,-0.271677341723,
    5.017298632251));
#4910 = CARTESIAN_POINT('',(2.128348503687,-0.318552341723,
    4.135707816567));
#4911 = CARTESIAN_POINT('',(1.25258000649,-0.365427341723,3.254117000884
    ));
#4912 = CARTESIAN_POINT('',(9.93931937032E-03,-0.412302341723,3.25));
#4913 = CARTESIAN_POINT('',(-1.232701367749,-0.459177341723,
    3.245882999116));
#4914 = CARTESIAN_POINT('',(-2.114292183433,-0.506052341723,
    4.121651496313));
#4915 = CARTESIAN_POINT('',(-2.995882999116,-0.552927341723,
    4.99741999351));
#4916 = CARTESIAN_POINT('',(-3.,-0.599802341723,6.24006068063));
#4917 = CARTESIAN_POINT('',(-3.004117000884,-0.646677341723,
    7.482701367749));
#4918 = CARTESIAN_POINT('',(-2.128348503687,-0.693552341723,
    8.364292183433));
#4919 = CARTESIAN_POINT('',(-1.25258000649,-0.740427341723,
    9.245882999116));
#4920 = CARTESIAN_POINT('',(-9.93931937032E-03,-0.787302341723,9.25));
#4921 = CARTESIAN_POINT('',(1.232701367749,-0.834177341723,
    9.254117000884));
#4922 = CARTESIAN_POINT('',(2.114292183433,-0.881052341723,
    8.378348503687));
#4923 = CARTESIAN_POINT('',(2.995882999116,-0.927927341723,7.50258000649
    ));
#4924 = CARTESIAN_POINT('',(3.,-0.974802341723,6.25993931937));
#4925 = CARTESIAN_POINT('',(3.004117000884,-1.021677341723,
    5.017298632251));
#4926 = CARTESIAN_POINT('',(2.128348503687,-1.068552341723,
    4.135707816567));
#4927 = CARTESIAN_POINT('',(1.25258000649,-1.115427341723,3.254117000884
    ));
#4928 = CARTESIAN_POINT('',(9.93931937032E-03,-1.162302341723,3.25));
#4929 = CARTESIAN_POINT('',(-1.232701367749,-1.209177341723,
    3.245882999116));
#4930 = CARTESIAN_POINT('',(-2.114292183433,-1.256052341723,
    4.121651496313));
#4931 = CARTESIAN_POINT('',(-2.995882999116,-1.302927341723,
    4.99741999351));
#4932 = CARTESIAN_POINT('',(-3.,-1.349802341723,6.24006068063));
#4933 = CARTESIAN_POINT('',(-3.004117000884,-1.396677341723,
    7.482701367749));
#4934 = CARTESIAN_POINT('',(-2.128348503687,-1.443552341723,
    8.364292183433));
#4935 = CARTESIAN_POINT('',(-1.25258000649,-1.490427341723,
    9.245882999116));
#4936 = CARTESIAN_POINT('',(-9.93931937032E-03,-1.537302341723,9.25));
#4937 = CARTESIAN_POINT('',(1.232701367749,-1.584177341723,
    9.254117000884));
#4938 = CARTESIAN_POINT('',(2.114292183433,-1.631052341723,
    8.378348503687));
#4939 = CARTESIAN_POINT('',(2.995882999116,-1.677927341723,7.50258000649
    ));
#4940 = CARTESIAN_POINT('',(3.,-1.724802341723,6.25993931937));
#4941 = CARTESIAN_POINT('',(3.004117000884,-1.771677341723,
    5.017298632251));
#4942 = CARTESIAN_POINT('',(2.128348503687,-1.818552341723,
    4.135707816567));
#4943 = CARTESIAN_POINT('',(1.25258000649,-1.865427341723,3.254117000884
    ));
#4944 = CARTESIAN_POINT('',(9.93931937032E-03,-1.912302341723,3.25));
#4945 = CARTESIAN_POINT('',(-1.232701367749,-1.959177341723,
    3.245882999116));
#4946 = CARTESIAN_POINT('',(-2.114292183433,-2.006052341723,
    4.121651496313));
#4947 = CARTESIAN_POINT('',(-2.995882999116,-2.052927341723,
    4.99741999351));
#4948 = CARTESIAN_POINT('',(-3.,-2.099802341723,6.24006068063));
#4949 = CARTESIAN_POINT('',(-3.004117000884,-2.146677341723,
    7.482701367749));
#4950 = CARTESIAN_POINT('',(-2.128348503687,-2.193552341723,
    8.364292183433));
#4951 = CARTESIAN_POINT('',(-1.25258000649,-2.240427341723,
    9.245882999116));
#4952 = CARTESIAN_POINT('',(-9.93931937032E-03,-2.287302341723,9.25));
#4953 = CARTESIAN_POINT('',(1.232701367749,-2.334177341723,
    9.254117000884));
#4954 = CARTESIAN_POINT('',(2.114292183433,-2.381052341723,
    8.378348503687));
#4955 = CARTESIAN_POINT('',(2.995882999116,-2.427927341723,7.50258000649
    ));
#4956 = CARTESIAN_POINT('',(3.,-2.474802341723,6.25993931937));
#4957 = CARTESIAN_POINT('',(3.004117000884,-2.521677341723,
    5.017298632251));
#4958 = CARTESIAN_POINT('',(2.128348503687,-2.568552341723,
    4.135707816567));
#4959 = CARTESIAN_POINT('',(1.25258000649,-2.615427341723,3.254117000884
    ));
#4960 = CARTESIAN_POINT('',(9.93931937032E-03,-2.662302341723,3.25));
#4961 = CARTESIAN_POINT('',(-1.232701367749,-2.709177341723,
    3.245882999116));
#4962 = CARTESIAN_POINT('',(-2.114292183433,-2.756052341723,
    4.121651496313));
#4963 = CARTESIAN_POINT('',(-2.995882999116,-2.802927341723,
    4.99741999351));
#4964 = CARTESIAN_POINT('',(-3.,-2.849802341723,6.24006068063));
#4965 = CARTESIAN_POINT('',(-3.004117000884,-2.896677341723,
    7.482701367749));
#4966 = CARTESIAN_POINT('',(-2.128348503687,-2.943552341723,
    8.364292183433));
#4967 = CARTESIAN_POINT('',(-1.25258000649,-2.990427341723,
    9.245882999116));
#4968 = CARTESIAN_POINT('',(-9.93931937032E-03,-3.037302341723,9.25));
#4969 = CARTESIAN_POINT('',(1.232701367749,-3.084177341723,
    9.254117000884));
#4970 = CARTESIAN_POINT('',(2.114292183433,-3.131052341723,
    8.378348503687));
#4971 = CARTESIAN_POINT('',(2.995882999116,-3.177927341723,7.50258000649
    ));
#4972 = CARTESIAN_POINT('',(3.,-3.224802341723,6.25993931937));
#4973 = CARTESIAN_POINT('',(3.004117000884,-3.271677341723,
    5.017298632251));
#4974 = CARTESIAN_POINT('',(2.128348503687,-3.318552341723,
    4.135707816567));
#4975 = CARTESIAN_POINT('',(1.25258000649,-3.365427341723,3.254117000884
    ));
#4976 = CARTESIAN_POINT('',(9.93931937032E-03,-3.412302341723,3.25));
#4977 = CARTESIAN_POINT('',(-1.232701367749,-3.459177341723,
    3.245882999116));
#4978 = CARTESIAN_POINT('',(-2.114292183433,-3.506052341723,
    4.121651496313));
#4979 = CARTESIAN_POINT('',(-2.995882999116,-3.552927341723,
    4.99741999351));
#4980 = CARTESIAN_POINT('',(-3.,-3.599802341723,6.24006068063));
#4981 = CARTESIAN_POINT('',(-3.004117000884,-3.646677341723,
    7.482701367749));
#4982 = CARTESIAN_POINT('',(-2.128348503687,-3.693552341723,
    8.364292183433));
#4983 = CARTESIAN_POINT('',(-1.25258000649,-3.740427341723,
    9.245882999116));
#4984 = CARTESIAN_POINT('',(-9.93931937032E-03,-3.787302341723,9.25));
#4985 = CARTESIAN_POINT('',(1.232701367749,-3.834177341723,
    9.254117000884));
#4986 = CARTESIAN_POINT('',(2.114292183433,-3.881052341723,
    8.378348503687));
#4987 = CARTESIAN_POINT('',(2.995882999116,-3.927927341723,7.50258000649
    ));
#4988 = CARTESIAN_POINT('',(3.,-3.974802341723,6.25993931937));
#4989 = CARTESIAN_POINT('',(3.004117000884,-4.021677341723,
    5.017298632251));
#4990 = CARTESIAN_POINT('',(2.128348503687,-4.068552341723,
    4.135707816567));
#4991 = CARTESIAN_POINT('',(1.25258000649,-4.115427341723,3.254117000884
    ));
#4992 = CARTESIAN_POINT('',(9.93931937032E-03,-4.162302341723,3.25));
#4993 = CARTESIAN_POINT('',(-1.232701367749,-4.209177341723,
    3.245882999116));
#4994 = CARTESIAN_POINT('',(-2.114292183433,-4.256052341723,
    4.121651496313));
#4995 = CARTESIAN_POINT('',(-2.995882999116,-4.302927341723,
    4.99741999351));
#4996 = CARTESIAN_POINT('',(-3.,-4.349802341723,6.24006068063));
#4997 = CARTESIAN_POINT('',(-3.004117000884,-4.396677341723,
    7.482701367749));
#4998 = CARTESIAN_POINT('',(-2.128348503687,-4.443552341723,
    8.364292183433));
#4999 = CARTESIAN_POINT('',(-1.25258000649,-4.490427341723,
    9.245882999116));
#5000 = CARTESIAN_POINT('',(-9.93931937032E-03,-4.537302341723,9.25));
#5001 = CARTESIAN_POINT('',(1.232701367749,-4.584177341723,
    9.254117000884));
#5002 = CARTESIAN_POINT('',(2.114292183433,-4.631052341723,
    8.378348503687));
#5003 = CARTESIAN_POINT('',(2.995882999116,-4.677927341723,7.50258000649
    ));
#5004 = CARTESIAN_POINT('',(3.,-4.724802341723,6.25993931937));
#5005 = CARTESIAN_POINT('',(3.004117000884,-4.771677341723,
    5.017298632251));
#5006 = CARTESIAN_POINT('',(2.128348503687,-4.818552341723,
    4.135707816567));
#5007 = CARTESIAN_POINT('',(1.25258000649,-4.865427341723,3.254117000884
    ));
#5008 = CARTESIAN_POINT('',(9.93931937032E-03,-4.912302341723,3.25));
#5009 = CARTESIAN_POINT('',(-1.232701367749,-4.959177341723,
    3.245882999116));
#5010 = CARTESIAN_POINT('',(-2.114292183433,-5.006052341723,
    4.121651496313));
#5011 = CARTESIAN_POINT('',(-2.995882999116,-5.052927341723,
    4.99741999351));
#5012 = CARTESIAN_POINT('',(-3.,-5.099802341723,6.24006068063));
#5013 = CARTESIAN_POINT('',(-3.004117000884,-5.146677341723,
    7.482701367749));
#5014 = CARTESIAN_POINT('',(-2.128348503687,-5.193552341723,
    8.364292183432));
#5015 = CARTESIAN_POINT('',(-1.25258000649,-5.240427341723,
    9.245882999116));
#5016 = CARTESIAN_POINT('',(-9.93931937032E-03,-5.287302341723,9.25));
#5017 = CARTESIAN_POINT('',(1.232701367749,-5.334177341723,
    9.254117000884));
#5018 = CARTESIAN_POINT('',(2.114292183433,-5.381052341723,
    8.378348503687));
#5019 = CARTESIAN_POINT('',(2.995882999116,-5.427927341723,7.50258000649
    ));
#5020 = CARTESIAN_POINT('',(3.,-5.474802341723,6.25993931937));
#5021 = CARTESIAN_POINT('',(3.004117000884,-5.521677341723,
    5.017298632251));
#5022 = CARTESIAN_POINT('',(2.128348503687,-5.568552341723,
    4.135707816567));
#5023 = CARTESIAN_POINT('',(1.25258000649,-5.615427341723,3.254117000884
    ));
#5024 = CARTESIAN_POINT('',(9.93931937032E-03,-5.662302341723,3.25));
#5025 = CARTESIAN_POINT('',(-1.232701367749,-5.709177341723,
    3.245882999116));
#5026 = CARTESIAN_POINT('',(-2.114292183433,-5.756052341723,
    4.121651496313));
#5027 = CARTESIAN_POINT('',(-2.995882999116,-5.802927341723,
    4.99741999351));
#5028 = CARTESIAN_POINT('',(-3.,-5.849802341723,6.24006068063));
#5029 = CARTESIAN_POINT('',(-3.004117000884,-5.896677341723,
    7.482701367749));
#5030 = CARTESIAN_POINT('',(-2.128348503687,-5.943552341723,
    8.364292183432));
#5031 = CARTESIAN_POINT('',(-1.25258000649,-5.990427341723,
    9.245882999116));
#5032 = CARTESIAN_POINT('',(-9.93931937032E-03,-6.037302341723,9.25));
#5033 = CARTESIAN_POINT('',(1.232701367749,-6.084177341723,
    9.254117000884));
#5034 = CARTESIAN_POINT('',(2.114292183433,-6.131052341723,
    8.378348503687));
#5035 = CARTESIAN_POINT('',(2.995882999116,-6.177927341723,7.50258000649
    ));
#5036 = CARTESIAN_POINT('',(3.,-6.224802341723,6.25993931937));
#5037 = CARTESIAN_POINT('',(3.004117000884,-6.271677341723,
    5.017298632251));
#5038 = CARTESIAN_POINT('',(2.128348503687,-6.318552341723,
    4.135707816567));
#5039 = CARTESIAN_POINT('',(1.25258000649,-6.365427341723,3.254117000884
    ));
#5040 = CARTESIAN_POINT('',(9.93931937032E-03,-6.412302341723,3.25));
#5041 = CARTESIAN_POINT('',(-1.232701367749,-6.459177341723,
    3.245882999116));
#5042 = CARTESIAN_POINT('',(-2.114292183433,-6.506052341723,
    4.121651496313));
#5043 = CARTESIAN_POINT('',(-2.995882999116,-6.552927341723,
    4.99741999351));
#5044 = CARTESIAN_POINT('',(-3.,-6.599802341723,6.24006068063));
#5045 = CARTESIAN_POINT('',(-3.004117000884,-6.646677341723,
    7.482701367749));
#5046 = CARTESIAN_POINT('',(-2.128348503687,-6.693552341723,
    8.364292183432));
#5047 = CARTESIAN_POINT('',(-1.25258000649,-6.740427341723,
    9.245882999116));
#5048 = CARTESIAN_POINT('',(-9.93931937032E-03,-6.787302341723,9.25));
#5049 = CARTESIAN_POINT('',(1.232701367749,-6.834177341723,
    9.254117000884));
#5050 = CARTESIAN_POINT('',(2.114292183433,-6.881052341723,
    8.378348503687));
#5051 = CARTESIAN_POINT('',(2.995882999116,-6.927927341723,7.50258000649
    ));
#5052 = CARTESIAN_POINT('',(3.,-6.974802341723,6.25993931937));
#5053 = CARTESIAN_POINT('',(3.004117000884,-7.021677341723,
    5.017298632251));
#5054 = CARTESIAN_POINT('',(2.128348503687,-7.068552341723,
    4.135707816567));
#5055 = CARTESIAN_POINT('',(1.25258000649,-7.115427341723,3.254117000884
    ));
#5056 = CARTESIAN_POINT('',(9.93931937032E-03,-7.162302341723,3.25));
#5057 = CARTESIAN_POINT('',(-1.232701367749,-7.209177341723,
    3.245882999116));
#5058 = CARTESIAN_POINT('',(-2.114292183433,-7.256052341723,
    4.121651496313));
#5059 = CARTESIAN_POINT('',(-2.995882999116,-7.302927341723,
    4.99741999351));
#5060 = CARTESIAN_POINT('',(-3.,-7.349802341723,6.24006068063));
#5061 = CARTESIAN_POINT('',(-3.004117000884,-7.396677341723,
    7.482701367749));
#5062 = CARTESIAN_POINT('',(-2.128348503687,-7.443552341723,
    8.364292183432));
#5063 = CARTESIAN_POINT('',(-1.25258000649,-7.490427341723,
    9.245882999116));
#5064 = CARTESIAN_POINT('',(-9.93931937032E-03,-7.537302341723,9.25));
#5065 = CARTESIAN_POINT('',(1.232701367749,-7.584177341723,
    9.254117000884));
#5066 = CARTESIAN_POINT('',(2.114292183433,-7.631052341723,
    8.378348503687));
#5067 = CARTESIAN_POINT('',(2.995882999116,-7.677927341723,7.50258000649
    ));
#5068 = CARTESIAN_POINT('',(3.,-7.724802341723,6.25993931937));
#5069 = CARTESIAN_POINT('',(3.004117000884,-7.771677341723,
    5.017298632251));
#5070 = CARTESIAN_POINT('',(2.128348503687,-7.818552341723,
    4.135707816567));
#5071 = CARTESIAN_POINT('',(1.25258000649,-7.865427341723,3.254117000884
    ));
#5072 = CARTESIAN_POINT('',(9.93931937032E-03,-7.912302341723,3.25));
#5073 = CARTESIAN_POINT('',(-1.232701367749,-7.959177341723,
    3.245882999116));
#5074 = CARTESIAN_POINT('',(-2.114292183433,-8.006052341723,
    4.121651496313));
#5075 = CARTESIAN_POINT('',(-2.995882999116,-8.052927341723,
    4.99741999351));
#5076 = CARTESIAN_POINT('',(-3.,-8.099802341723,6.24006068063));
#5077 = CARTESIAN_POINT('',(-3.004117000884,-8.146677341723,
    7.482701367749));
#5078 = CARTESIAN_POINT('',(-2.128348503687,-8.193552341723,
    8.364292183432));
#5079 = CARTESIAN_POINT('',(-1.25258000649,-8.240427341723,
    9.245882999116));
#5080 = CARTESIAN_POINT('',(-9.93931937032E-03,-8.287302341723,9.25));
#5081 = CARTESIAN_POINT('',(1.232701367749,-8.334177341723,
    9.254117000884));
#5082 = CARTESIAN_POINT('',(2.114292183433,-8.381052341723,
    8.378348503687));
#5083 = CARTESIAN_POINT('',(2.995882999116,-8.427927341723,7.50258000649
    ));
#5084 = CARTESIAN_POINT('',(3.,-8.474802341723,6.25993931937));
#5085 = CARTESIAN_POINT('',(3.004117000884,-8.521677341723,
    5.017298632251));
#5086 = CARTESIAN_POINT('',(2.128348503687,-8.568552341723,
    4.135707816567));
#5087 = CARTESIAN_POINT('',(1.25258000649,-8.615427341723,3.254117000884
    ));
#5088 = CARTESIAN_POINT('',(9.93931937032E-03,-8.662302341723,3.25));
#5089 = CARTESIAN_POINT('',(-1.232701367749,-8.709177341723,
    3.245882999116));
#5090 = CARTESIAN_POINT('',(-2.114292183433,-8.756052341723,
    4.121651496313));
#5091 = CARTESIAN_POINT('',(-2.995882999116,-8.802927341723,
    4.99741999351));
#5092 = CARTESIAN_POINT('',(-3.,-8.849802341723,6.24006068063));
#5093 = CARTESIAN_POINT('',(-3.004117000884,-8.896677341723,
    7.482701367749));
#5094 = CARTESIAN_POINT('',(-2.128348503687,-8.943552341723,
    8.364292183432));
#5095 = CARTESIAN_POINT('',(-1.25258000649,-8.990427341723,
    9.245882999116));
#5096 = CARTESIAN_POINT('',(-9.93931937032E-03,-9.037302341723,9.25));
#5097 = CARTESIAN_POINT('',(1.232701367749,-9.084177341723,
    9.254117000884));
#5098 = CARTESIAN_POINT('',(2.114292183433,-9.131052341723,
    8.378348503687));
#5099 = CARTESIAN_POINT('',(2.995882999116,-9.177927341723,7.50258000649
    ));
#5100 = CARTESIAN_POINT('',(3.,-9.224802341723,6.25993931937));
#5101 = CARTESIAN_POINT('',(3.004117000884,-9.271677341723,
    5.017298632251));
#5102 = CARTESIAN_POINT('',(2.128348503687,-9.318552341723,
    4.135707816567));
#5103 = CARTESIAN_POINT('',(1.25258000649,-9.365427341723,3.254117000884
    ));
#5104 = CARTESIAN_POINT('',(9.93931937032E-03,-9.412302341723,3.25));
#5105 = CARTESIAN_POINT('',(-1.232701367749,-9.459177341723,
    3.245882999116));
#5106 = CARTESIAN_POINT('',(-2.114292183433,-9.506052341723,
    4.121651496313));
#5107 = CARTESIAN_POINT('',(-2.995882999116,-9.552927341723,
    4.99741999351));
#5108 = CARTESIAN_POINT('',(-3.,-9.599802341723,6.24006068063));
#5109 = CARTESIAN_POINT('',(-3.004117000884,-9.646677341723,
    7.482701367749));
#5110 = CARTESIAN_POINT('',(-2.128348503687,-9.693552341723,
    8.364292183432));
#5111 = CARTESIAN_POINT('',(-1.25258000649,-9.740427341723,
    9.245882999116));
#5112 = CARTESIAN_POINT('',(-9.93931937032E-03,-9.787302341723,9.25));
#5113 = CARTESIAN_POINT('',(1.232701367749,-9.834177341723,
    9.254117000884));
#5114 = CARTESIAN_POINT('',(2.114292183433,-9.881052341723,
    8.378348503687));
#5115 = CARTESIAN_POINT('',(2.995882999116,-9.927927341723,7.50258000649
    ));
#5116 = CARTESIAN_POINT('',(3.,-9.974802341723,6.25993931937));
#5117 = CARTESIAN_POINT('',(3.004117000884,-10.02167734172,
    5.017298632251));
#5118 = CARTESIAN_POINT('',(2.128348503687,-10.06855234172,
    4.135707816567));
#5119 = CARTESIAN_POINT('',(1.25258000649,-10.11542734172,3.254117000884
    ));
#5120 = CARTESIAN_POINT('',(9.93931937032E-03,-10.16230234172,3.25));
#5121 = CARTESIAN_POINT('',(-1.232701367749,-10.20917734172,
    3.245882999116));
#5122 = CARTESIAN_POINT('',(-2.114292183433,-10.25605234172,
    4.121651496313));
#5123 = CARTESIAN_POINT('',(-2.995882999116,-10.30292734172,
    4.99741999351));
#5124 = CARTESIAN_POINT('',(-3.,-10.34980234172,6.24006068063));
#5125 = CARTESIAN_POINT('',(-3.004117000884,-10.39667734172,
    7.482701367749));
#5126 = CARTESIAN_POINT('',(-2.128348503687,-10.44355234172,
    8.364292183432));
#5127 = CARTESIAN_POINT('',(-1.25258000649,-10.49042734172,
    9.245882999116));
#5128 = CARTESIAN_POINT('',(-9.93931937032E-03,-10.53730234172,9.25));
#5129 = CARTESIAN_POINT('',(1.232701367749,-10.58417734172,
    9.254117000884));
#5130 = CARTESIAN_POINT('',(2.114292183433,-10.63105234172,
    8.378348503687));
#5131 = CARTESIAN_POINT('',(2.995882999116,-10.67792734172,7.50258000649
    ));
#5132 = CARTESIAN_POINT('',(3.,-10.72480234172,6.25993931937));
#5133 = CARTESIAN_POINT('',(3.004117000884,-10.77167734172,
    5.017298632251));
#5134 = CARTESIAN_POINT('',(2.128348503687,-10.81855234172,
    4.135707816567));
#5135 = CARTESIAN_POINT('',(1.25258000649,-10.86542734172,3.254117000884
    ));
#5136 = CARTESIAN_POINT('',(9.93931937032E-03,-10.91230234172,3.25));
#5137 = CARTESIAN_POINT('',(-1.232701367749,-10.95917734172,
    3.245882999116));
#5138 = CARTESIAN_POINT('',(-2.114292183433,-11.00605234172,
    4.121651496313));
#5139 = CARTESIAN_POINT('',(-2.995882999116,-11.05292734172,
    4.99741999351));
#5140 = CARTESIAN_POINT('',(-3.,-11.09980234172,6.24006068063));
#5141 = CARTESIAN_POINT('',(-3.004117000884,-11.14667734172,
    7.482701367749));
#5142 = CARTESIAN_POINT('',(-2.128348503687,-11.19355234172,
    8.364292183432));
#5143 = CARTESIAN_POINT('',(-1.25258000649,-11.24042734172,
    9.245882999116));
#5144 = CARTESIAN_POINT('',(-9.93931937032E-03,-11.28730234172,9.25));
#5145 = CARTESIAN_POINT('',(1.232701367749,-11.33417734172,
    9.254117000884));
#5146 = CARTESIAN_POINT('',(2.114292183433,-11.38105234172,
    8.378348503687));
#5147 = CARTESIAN_POINT('',(2.995882999116,-11.42792734172,7.50258000649
    ));
#5148 = CARTESIAN_POINT('',(3.,-11.47480234172,6.25993931937));
#5149 = CARTESIAN_POINT('',(3.004117000884,-11.52167734172,
    5.017298632251));
#5150 = CARTESIAN_POINT('',(2.128348503687,-11.56855234172,
    4.135707816567));
#5151 = CARTESIAN_POINT('',(1.25258000649,-11.61542734172,3.254117000884
    ));
#5152 = CARTESIAN_POINT('',(9.93931937032E-03,-11.66230234172,3.25));
#5153 = CARTESIAN_POINT('',(-1.232701367749,-11.70917734172,
    3.245882999116));
#5154 = CARTESIAN_POINT('',(-2.114292183433,-11.75605234172,
    4.121651496313));
#5155 = CARTESIAN_POINT('',(-2.995882999116,-11.80292734172,
    4.99741999351));
#5156 = CARTESIAN_POINT('',(-3.,-11.84980234172,6.24006068063));
#5157 = CARTESIAN_POINT('',(-3.004117000884,-11.89667734172,
    7.482701367749));
#5158 = CARTESIAN_POINT('',(-2.128348503687,-11.94355234172,
    8.364292183432));
#5159 = CARTESIAN_POINT('',(-1.25258000649,-11.99042734172,
    9.245882999116));
#5160 = CARTESIAN_POINT('',(-9.93931937032E-03,-12.03730234172,9.25));
#5161 = CARTESIAN_POINT('',(1.232701367749,-12.08417734172,
    9.254117000884));
#5162 = CARTESIAN_POINT('',(2.114292183433,-12.13105234172,
    8.378348503687));
#5163 = CARTESIAN_POINT('',(2.995882999116,-12.17792734172,7.50258000649
    ));
#5164 = CARTESIAN_POINT('',(3.,-12.22480234172,6.25993931937));
#5165 = CARTESIAN_POINT('',(3.004117000884,-12.27167734172,
    5.017298632251));
#5166 = CARTESIAN_POINT('',(2.128348503687,-12.31855234172,
    4.135707816567));
#5167 = CARTESIAN_POINT('',(1.25258000649,-12.36542734172,3.254117000884
    ));
#5168 = CARTESIAN_POINT('',(9.93931937032E-03,-12.41230234172,3.25));
#5169 = CARTESIAN_POINT('',(-1.232701367749,-12.45917734172,
    3.245882999116));
#5170 = CARTESIAN_POINT('',(-2.114292183433,-12.50605234172,
    4.121651496313));
#5171 = CARTESIAN_POINT('',(-2.995882999116,-12.55292734172,
    4.99741999351));
#5172 = CARTESIAN_POINT('',(-3.,-12.59980234172,6.24006068063));
#5173 = CARTESIAN_POINT('',(-3.004117000884,-12.64667734172,
    7.482701367749));
#5174 = CARTESIAN_POINT('',(-2.128348503687,-12.69355234172,
    8.364292183432));
#5175 = CARTESIAN_POINT('',(-1.25258000649,-12.74042734172,
    9.245882999116));
#5176 = CARTESIAN_POINT('',(-9.93931937032E-03,-12.78730234172,9.25));
#5177 = CARTESIAN_POINT('',(1.232701367749,-12.83417734172,
    9.254117000884));
#5178 = CARTESIAN_POINT('',(2.114292183433,-12.88105234172,
    8.378348503687));
#5179 = CARTESIAN_POINT('',(2.995882999116,-12.92792734172,7.50258000649
    ));
#5180 = CARTESIAN_POINT('',(3.,-12.97480234172,6.25993931937));
#5181 = CARTESIAN_POINT('',(3.004117000884,-13.02167734172,
    5.017298632251));
#5182 = CARTESIAN_POINT('',(2.128348503687,-13.06855234172,
    4.135707816567));
#5183 = CARTESIAN_POINT('',(1.25258000649,-13.11542734172,3.254117000884
    ));
#5184 = CARTESIAN_POINT('',(9.93931937032E-03,-13.16230234172,3.25));
#5185 = CARTESIAN_POINT('',(-1.232701367749,-13.20917734172,
    3.245882999116));
#5186 = CARTESIAN_POINT('',(-2.114292183433,-13.25605234172,
    4.121651496313));
#5187 = CARTESIAN_POINT('',(-2.995882999116,-13.30292734172,
    4.99741999351));
#5188 = CARTESIAN_POINT('',(-3.,-13.34980234172,6.24006068063));
#5189 = CARTESIAN_POINT('',(-3.004117000884,-13.39667734172,
    7.482701367749));
#5190 = CARTESIAN_POINT('',(-2.128348503687,-13.44355234172,
    8.364292183432));
#5191 = CARTESIAN_POINT('',(-1.25258000649,-13.49042734172,
    9.245882999116));
#5192 = CARTESIAN_POINT('',(-9.93931937032E-03,-13.53730234172,9.25));
#5193 = CARTESIAN_POINT('',(1.232701367749,-13.58417734172,
    9.254117000884));
#5194 = CARTESIAN_POINT('',(2.114292183433,-13.63105234172,
    8.378348503687));
#5195 = CARTESIAN_POINT('',(2.995882999116,-13.67792734172,7.50258000649
    ));
#5196 = CARTESIAN_POINT('',(3.,-13.72480234172,6.25993931937));
#5197 = CARTESIAN_POINT('',(3.004117000884,-13.77167734172,
    5.017298632251));
#5198 = CARTESIAN_POINT('',(2.128348503687,-13.81855234172,
    4.135707816567));
#5199 = CARTESIAN_POINT('',(1.25258000649,-13.86542734172,3.254117000884
    ));
#5200 = CARTESIAN_POINT('',(9.93931937032E-03,-13.91230234172,3.25));
#5201 = CARTESIAN_POINT('',(-1.232701367749,-13.95917734172,
    3.245882999116));
#5202 = CARTESIAN_POINT('',(-2.114292183433,-14.00605234172,
    4.121651496313));
#5203 = CARTESIAN_POINT('',(-2.995882999116,-14.05292734172,
    4.99741999351));
#5204 = CARTESIAN_POINT('',(-3.,-14.09980234172,6.24006068063));
#5205 = CARTESIAN_POINT('',(-3.004117000884,-14.14667734172,
    7.482701367749));
#5206 = CARTESIAN_POINT('',(-2.128348503687,-14.19355234172,
    8.364292183432));
#5207 = CARTESIAN_POINT('',(-1.25258000649,-14.24042734172,
    9.245882999116));
#5208 = CARTESIAN_POINT('',(-9.93931937032E-03,-14.28730234172,9.25));
#5209 = CARTESIAN_POINT('',(1.232701367749,-14.33417734172,
    9.254117000884));
#5210 = CARTESIAN_POINT('',(2.114292183433,-14.38105234172,
    8.378348503687));
#5211 = CARTESIAN_POINT('',(2.995882999116,-14.42792734172,7.50258000649
    ));
#5212 = CARTESIAN_POINT('',(3.,-14.47480234172,6.25993931937));
#5213 = CARTESIAN_POINT('',(3.004117000884,-14.52167734172,
    5.017298632251));
#5214 = CARTESIAN_POINT('',(2.128348503687,-14.56855234172,
    4.135707816567));
#5215 = CARTESIAN_POINT('',(1.25258000649,-14.61542734172,3.254117000884
    ));
#5216 = CARTESIAN_POINT('',(9.93931937032E-03,-14.66230234172,3.25));
#5217 = CARTESIAN_POINT('',(-1.232701367749,-14.70917734172,
    3.245882999116));
#5218 = CARTESIAN_POINT('',(-2.114292183433,-14.75605234172,
    4.121651496313));
#5219 = CARTESIAN_POINT('',(-2.995882999116,-14.80292734172,
    4.99741999351));
#5220 = CARTESIAN_POINT('',(-3.,-14.84980234172,6.24006068063));
#5221 = CARTESIAN_POINT('',(-3.004117000884,-14.89667734172,
    7.482701367749));
#5222 = CARTESIAN_POINT('',(-2.128348503687,-14.94355234172,
    8.364292183432));
#5223 = CARTESIAN_POINT('',(-1.25258000649,-14.99042734172,
    9.245882999116));
#5224 = CARTESIAN_POINT('',(-9.93931937032E-03,-15.03730234172,9.25));
#5225 = CARTESIAN_POINT('',(1.232701367749,-15.08417734172,
    9.254117000884));
#5226 = CARTESIAN_POINT('',(2.114292183433,-15.13105234172,
    8.378348503687));
#5227 = CARTESIAN_POINT('',(2.995882999116,-15.17792734172,7.50258000649
    ));
#5228 = CARTESIAN_POINT('',(3.,-15.22480234172,6.25993931937));
#5229 = CARTESIAN_POINT('',(3.004117000884,-15.27167734172,
    5.017298632251));
#5230 = CARTESIAN_POINT('',(2.128348503687,-15.31855234172,
    4.135707816567));
#5231 = CARTESIAN_POINT('',(1.25258000649,-15.36542734172,3.254117000884
    ));
#5232 = CARTESIAN_POINT('',(9.93931937032E-03,-15.41230234172,3.25));
#5233 = CARTESIAN_POINT('',(-1.232701367749,-15.45917734172,
    3.245882999116));
#5234 = CARTESIAN_POINT('',(-2.114292183433,-15.50605234172,
    4.121651496313));
#5235 = CARTESIAN_POINT('',(-2.995882999116,-15.55292734172,
    4.99741999351));
#5236 = CARTESIAN_POINT('',(-3.,-15.59980234172,6.24006068063));
#5237 = CARTESIAN_POINT('',(-3.004117000884,-15.64667734172,
    7.482701367749));
#5238 = CARTESIAN_POINT('',(-2.128348503687,-15.69355234172,
    8.364292183432));
#5239 = CARTESIAN_POINT('',(-1.25258000649,-15.74042734172,
    9.245882999116));
#5240 = CARTESIAN_POINT('',(-9.93931937032E-03,-15.78730234172,9.25));
#5241 = CARTESIAN_POINT('',(1.232701367749,-15.83417734172,
    9.254117000884));
#5242 = CARTESIAN_POINT('',(2.114292183433,-15.88105234172,
    8.378348503687));
#5243 = CARTESIAN_POINT('',(2.995882999116,-15.92792734172,7.50258000649
    ));
#5244 = CARTESIAN_POINT('',(3.,-15.97480234172,6.25993931937));
#5245 = CARTESIAN_POINT('',(3.004117000884,-16.02167734172,
    5.017298632251));
#5246 = CARTESIAN_POINT('',(2.128348503687,-16.06855234172,
    4.135707816567));
#5247 = CARTESIAN_POINT('',(1.25258000649,-16.11542734172,3.254117000884
    ));
#5248 = CARTESIAN_POINT('',(9.93931937032E-03,-16.16230234172,3.25));
#5249 = CARTESIAN_POINT('',(-1.232701367749,-16.20917734172,
    3.245882999116));
#5250 = CARTESIAN_POINT('',(-2.114292183433,-16.25605234172,
    4.121651496313));
#5251 = CARTESIAN_POINT('',(-2.995882999116,-16.30292734172,
    4.99741999351));
#5252 = CARTESIAN_POINT('',(-3.,-16.34980234172,6.24006068063));
#5253 = CARTESIAN_POINT('',(-3.004117000884,-16.39667734172,
    7.482701367749));
#5254 = CARTESIAN_POINT('',(-2.128348503687,-16.44355234172,
    8.364292183432));
#5255 = CARTESIAN_POINT('',(-1.25258000649,-16.49042734172,
    9.245882999116));
#5256 = CARTESIAN_POINT('',(-9.93931937032E-03,-16.53730234172,9.25));
#5257 = CARTESIAN_POINT('',(1.232701367749,-16.58417734172,
    9.254117000884));
#5258 = CARTESIAN_POINT('',(2.114292183433,-16.63105234172,
    8.378348503687));
#5259 = CARTESIAN_POINT('',(2.995882999116,-16.67792734172,7.50258000649
    ));
#5260 = CARTESIAN_POINT('',(3.,-16.72480234172,6.25993931937));
#5261 = CARTESIAN_POINT('',(3.004117000884,-16.77167734172,
    5.017298632251));
#5262 = CARTESIAN_POINT('',(2.128348503687,-16.81855234172,
    4.135707816567));
#5263 = CARTESIAN_POINT('',(1.25258000649,-16.86542734172,3.254117000884
    ));
#5264 = CARTESIAN_POINT('',(9.93931937032E-03,-16.91230234172,3.25));
#5265 = CARTESIAN_POINT('',(-1.232701367749,-16.95917734172,
    3.245882999116));
#5266 = CARTESIAN_POINT('',(-2.114292183433,-17.00605234172,
    4.121651496313));
#5267 = CARTESIAN_POINT('',(-2.995882999116,-17.05292734172,
    4.99741999351));
#5268 = CARTESIAN_POINT('',(-3.,-17.09980234172,6.24006068063));
#5269 = ADVANCED_FACE('',(#5270),#5282,.T.);
#5270 = FACE_BOUND('',#5271,.T.);
#5271 = EDGE_LOOP('',(#5272,#5273,#5274,#5281));
#5272 = ORIENTED_EDGE('',*,*,#477,.F.);
#5273 = ORIENTED_EDGE('',*,*,#2391,.F.);
#5274 = ORIENTED_EDGE('',*,*,#5275,.F.);
#5275 = EDGE_CURVE('',#2269,#2392,#5276,.T.);
#5276 = CIRCLE('',#5277,3.);
#5277 = AXIS2_PLACEMENT_3D('',#5278,#5279,#5280);
#5278 = CARTESIAN_POINT('',(0.,-8.85,6.25));
#5279 = DIRECTION('',(0.,-1.,-3.491481338843E-15));
#5280 = DIRECTION('',(1.,0.,0.));
#5281 = ORIENTED_EDGE('',*,*,#2268,.T.);
#5282 = CYLINDRICAL_SURFACE('',#5283,3.);
#5283 = AXIS2_PLACEMENT_3D('',#5284,#5285,#5286);
#5284 = CARTESIAN_POINT('',(0.,-9.85,6.25));
#5285 = DIRECTION('',(-0.,1.,3.491481338843E-15));
#5286 = DIRECTION('',(-1.,0.,-0.));
#5287 = ADVANCED_FACE('',(#5288),#5306,.F.);
#5288 = FACE_BOUND('',#5289,.T.);
#5289 = EDGE_LOOP('',(#5290,#5291,#5299,#5305));
#5290 = ORIENTED_EDGE('',*,*,#2169,.T.);
#5291 = ORIENTED_EDGE('',*,*,#5292,.F.);
#5292 = EDGE_CURVE('',#5293,#2170,#5295,.T.);
#5293 = VERTEX_POINT('',#5294);
#5294 = CARTESIAN_POINT('',(3.25,1.15,9.5));
#5295 = LINE('',#5296,#5297);
#5296 = CARTESIAN_POINT('',(3.25,1.15,9.5));
#5297 = VECTOR('',#5298,1.);
#5298 = DIRECTION('',(-0.,1.,3.491481338843E-15));
#5299 = ORIENTED_EDGE('',*,*,#5300,.F.);
#5300 = EDGE_CURVE('',#1848,#5293,#5301,.T.);
#5301 = LINE('',#5302,#5303);
#5302 = CARTESIAN_POINT('',(3.25,1.15,9.5));
#5303 = VECTOR('',#5304,1.);
#5304 = DIRECTION('',(-1.334402673828E-16,-3.491481338843E-15,1.));
#5305 = ORIENTED_EDGE('',*,*,#1847,.T.);
#5306 = PLANE('',#5307);
#5307 = AXIS2_PLACEMENT_3D('',#5308,#5309,#5310);
#5308 = CARTESIAN_POINT('',(3.25,1.15,9.5));
#5309 = DIRECTION('',(-1.,4.659042034174E-31,-1.334402673828E-16));
#5310 = DIRECTION('',(1.334402673828E-16,3.491481338843E-15,-1.));
#5311 = ADVANCED_FACE('',(#5312),#5330,.F.);
#5312 = FACE_BOUND('',#5313,.T.);
#5313 = EDGE_LOOP('',(#5314,#5315,#5323,#5329));
#5314 = ORIENTED_EDGE('',*,*,#2186,.T.);
#5315 = ORIENTED_EDGE('',*,*,#5316,.F.);
#5316 = EDGE_CURVE('',#5317,#2179,#5319,.T.);
#5317 = VERTEX_POINT('',#5318);
#5318 = CARTESIAN_POINT('',(-3.25,1.15,9.5));
#5319 = LINE('',#5320,#5321);
#5320 = CARTESIAN_POINT('',(-3.25,1.15,9.5));
#5321 = VECTOR('',#5322,1.);
#5322 = DIRECTION('',(-0.,1.,3.491481338843E-15));
#5323 = ORIENTED_EDGE('',*,*,#5324,.F.);
#5324 = EDGE_CURVE('',#5293,#5317,#5325,.T.);
#5325 = LINE('',#5326,#5327);
#5326 = CARTESIAN_POINT('',(-3.25,1.15,9.5));
#5327 = VECTOR('',#5328,1.);
#5328 = DIRECTION('',(-1.,0.,0.));
#5329 = ORIENTED_EDGE('',*,*,#5292,.T.);
#5330 = PLANE('',#5331);
#5331 = AXIS2_PLACEMENT_3D('',#5332,#5333,#5334);
#5332 = CARTESIAN_POINT('',(-3.25,1.15,9.5));
#5333 = DIRECTION('',(0.,3.491481338843E-15,-1.));
#5334 = DIRECTION('',(0.,1.,3.491481338843E-15));
#5335 = ADVANCED_FACE('',(#5336),#5347,.F.);
#5336 = FACE_BOUND('',#5337,.T.);
#5337 = EDGE_LOOP('',(#5338,#5339,#5340,#5346));
#5338 = ORIENTED_EDGE('',*,*,#2178,.T.);
#5339 = ORIENTED_EDGE('',*,*,#1863,.F.);
#5340 = ORIENTED_EDGE('',*,*,#5341,.F.);
#5341 = EDGE_CURVE('',#5317,#1856,#5342,.T.);
#5342 = LINE('',#5343,#5344);
#5343 = CARTESIAN_POINT('',(-3.25,1.15,9.5));
#5344 = VECTOR('',#5345,1.);
#5345 = DIRECTION('',(1.334402673828E-16,3.491481338843E-15,-1.));
#5346 = ORIENTED_EDGE('',*,*,#5316,.T.);
#5347 = PLANE('',#5348);
#5348 = AXIS2_PLACEMENT_3D('',#5349,#5350,#5351);
#5349 = CARTESIAN_POINT('',(-3.25,1.15,9.5));
#5350 = DIRECTION('',(1.,-4.659042034174E-31,1.334402673828E-16));
#5351 = DIRECTION('',(-1.334402673828E-16,-3.491481338843E-15,1.));
#5352 = ADVANCED_FACE('',(#5353,#5363),#5369,.T.);
#5353 = FACE_BOUND('',#5354,.T.);
#5354 = EDGE_LOOP('',(#5355,#5356));
#5355 = ORIENTED_EDGE('',*,*,#214,.T.);
#5356 = ORIENTED_EDGE('',*,*,#5357,.T.);
#5357 = EDGE_CURVE('',#207,#215,#5358,.T.);
#5358 = CIRCLE('',#5359,2.85);
#5359 = AXIS2_PLACEMENT_3D('',#5360,#5361,#5362);
#5360 = CARTESIAN_POINT('',(0.,1.15,6.25));
#5361 = DIRECTION('',(-0.,1.,3.491481338843E-15));
#5362 = DIRECTION('',(1.,0.,0.));
#5363 = FACE_BOUND('',#5364,.T.);
#5364 = EDGE_LOOP('',(#5365,#5366,#5367,#5368));
#5365 = ORIENTED_EDGE('',*,*,#5324,.T.);
#5366 = ORIENTED_EDGE('',*,*,#5341,.T.);
#5367 = ORIENTED_EDGE('',*,*,#1855,.T.);
#5368 = ORIENTED_EDGE('',*,*,#5300,.T.);
#5369 = PLANE('',#5370);
#5370 = AXIS2_PLACEMENT_3D('',#5371,#5372,#5373);
#5371 = CARTESIAN_POINT('',(0.,1.15,6.25));
#5372 = DIRECTION('',(0.,-1.,-3.491481338843E-15));
#5373 = DIRECTION('',(1.,0.,0.));
#5374 = ADVANCED_FACE('',(#5375,#5385),#5389,.F.);
#5375 = FACE_BOUND('',#5376,.T.);
#5376 = EDGE_LOOP('',(#5377,#5384));
#5377 = ORIENTED_EDGE('',*,*,#5378,.T.);
#5378 = EDGE_CURVE('',#430,#428,#5379,.T.);
#5379 = CIRCLE('',#5380,2.65);
#5380 = AXIS2_PLACEMENT_3D('',#5381,#5382,#5383);
#5381 = CARTESIAN_POINT('',(0.,0.15,6.25));
#5382 = DIRECTION('',(0.,-1.,-3.491481338843E-15));
#5383 = DIRECTION('',(1.,0.,0.));
#5384 = ORIENTED_EDGE('',*,*,#427,.T.);
#5385 = FACE_BOUND('',#5386,.T.);
#5386 = EDGE_LOOP('',(#5387,#5388));
#5387 = ORIENTED_EDGE('',*,*,#2308,.F.);
#5388 = ORIENTED_EDGE('',*,*,#1570,.F.);
#5389 = PLANE('',#5390);
#5390 = AXIS2_PLACEMENT_3D('',#5391,#5392,#5393);
#5391 = CARTESIAN_POINT('',(0.,0.15,6.25));
#5392 = DIRECTION('',(0.,-1.,-3.491481338843E-15));
#5393 = DIRECTION('',(1.,0.,0.));
#5394 = ADVANCED_FACE('',(#5395),#5407,.T.);
#5395 = FACE_BOUND('',#5396,.T.);
#5396 = EDGE_LOOP('',(#5397,#5398,#5399,#5400));
#5397 = ORIENTED_EDGE('',*,*,#438,.F.);
#5398 = ORIENTED_EDGE('',*,*,#5378,.F.);
#5399 = ORIENTED_EDGE('',*,*,#445,.T.);
#5400 = ORIENTED_EDGE('',*,*,#5401,.T.);
#5401 = EDGE_CURVE('',#198,#196,#5402,.T.);
#5402 = CIRCLE('',#5403,2.65);
#5403 = AXIS2_PLACEMENT_3D('',#5404,#5405,#5406);
#5404 = CARTESIAN_POINT('',(0.,0.95,6.25));
#5405 = DIRECTION('',(0.,-1.,-3.491481338843E-15));
#5406 = DIRECTION('',(1.,0.,0.));
#5407 = CYLINDRICAL_SURFACE('',#5408,2.65);
#5408 = AXIS2_PLACEMENT_3D('',#5409,#5410,#5411);
#5409 = CARTESIAN_POINT('',(0.,0.15,6.25));
#5410 = DIRECTION('',(0.,1.,3.491481338843E-15));
#5411 = DIRECTION('',(-1.,0.,0.));
#5412 = ADVANCED_FACE('',(#5413,#5423),#5427,.T.);
#5413 = FACE_BOUND('',#5414,.T.);
#5414 = EDGE_LOOP('',(#5415,#5416));
#5415 = ORIENTED_EDGE('',*,*,#395,.F.);
#5416 = ORIENTED_EDGE('',*,*,#5417,.F.);
#5417 = EDGE_CURVE('',#398,#396,#5418,.T.);
#5418 = CIRCLE('',#5419,2.675);
#5419 = AXIS2_PLACEMENT_3D('',#5420,#5421,#5422);
#5420 = CARTESIAN_POINT('',(0.,-8.85,6.25));
#5421 = DIRECTION('',(0.,-1.,-3.491481338843E-15));
#5422 = DIRECTION('',(1.,0.,0.));
#5423 = FACE_BOUND('',#5424,.T.);
#5424 = EDGE_LOOP('',(#5425,#5426));
#5425 = ORIENTED_EDGE('',*,*,#2403,.T.);
#5426 = ORIENTED_EDGE('',*,*,#5275,.T.);
#5427 = PLANE('',#5428);
#5428 = AXIS2_PLACEMENT_3D('',#5429,#5430,#5431);
#5429 = CARTESIAN_POINT('',(0.,-8.85,6.25));
#5430 = DIRECTION('',(0.,-1.,-3.491481338843E-15));
#5431 = DIRECTION('',(1.,0.,0.));
#5432 = ADVANCED_FACE('',(#5433),#5445,.T.);
#5433 = FACE_BOUND('',#5434,.T.);
#5434 = EDGE_LOOP('',(#5435,#5436,#5437,#5438));
#5435 = ORIENTED_EDGE('',*,*,#406,.F.);
#5436 = ORIENTED_EDGE('',*,*,#5417,.T.);
#5437 = ORIENTED_EDGE('',*,*,#413,.T.);
#5438 = ORIENTED_EDGE('',*,*,#5439,.T.);
#5439 = EDGE_CURVE('',#365,#373,#5440,.T.);
#5440 = CIRCLE('',#5441,2.675);
#5441 = AXIS2_PLACEMENT_3D('',#5442,#5443,#5444);
#5442 = CARTESIAN_POINT('',(0.,-9.65,6.25));
#5443 = DIRECTION('',(-0.,1.,3.491481338843E-15));
#5444 = DIRECTION('',(1.,0.,0.));
#5445 = CYLINDRICAL_SURFACE('',#5446,2.675);
#5446 = AXIS2_PLACEMENT_3D('',#5447,#5448,#5449);
#5447 = CARTESIAN_POINT('',(0.,-8.85,6.25));
#5448 = DIRECTION('',(0.,-1.,-3.491481338843E-15));
#5449 = DIRECTION('',(1.,0.,0.));
#5450 = ADVANCED_FACE('',(#5451,#5461),#5471,.T.);
#5451 = FACE_BOUND('',#5452,.T.);
#5452 = EDGE_LOOP('',(#5453,#5460));
#5453 = ORIENTED_EDGE('',*,*,#5454,.F.);
#5454 = EDGE_CURVE('',#314,#322,#5455,.T.);
#5455 = CIRCLE('',#5456,2.25);
#5456 = AXIS2_PLACEMENT_3D('',#5457,#5458,#5459);
#5457 = CARTESIAN_POINT('',(0.,-9.85,6.25));
#5458 = DIRECTION('',(0.,-1.,-3.491481338843E-15));
#5459 = DIRECTION('',(1.,0.,0.));
#5460 = ORIENTED_EDGE('',*,*,#321,.F.);
#5461 = FACE_BOUND('',#5462,.T.);
#5462 = EDGE_LOOP('',(#5463,#5470));
#5463 = ORIENTED_EDGE('',*,*,#5464,.T.);
#5464 = EDGE_CURVE('',#356,#354,#5465,.T.);
#5465 = CIRCLE('',#5466,2.475);
#5466 = AXIS2_PLACEMENT_3D('',#5467,#5468,#5469);
#5467 = CARTESIAN_POINT('',(0.,-9.85,6.25));
#5468 = DIRECTION('',(0.,-1.,-3.491481338843E-15));
#5469 = DIRECTION('',(1.,0.,0.));
#5470 = ORIENTED_EDGE('',*,*,#353,.T.);
#5471 = PLANE('',#5472);
#5472 = AXIS2_PLACEMENT_3D('',#5473,#5474,#5475);
#5473 = CARTESIAN_POINT('',(0.,-9.85,6.25));
#5474 = DIRECTION('',(0.,-1.,-3.491481338843E-15));
#5475 = DIRECTION('',(1.,0.,0.));
#5476 = ADVANCED_FACE('',(#5477),#5483,.T.);
#5477 = FACE_BOUND('',#5478,.T.);
#5478 = EDGE_LOOP('',(#5479,#5480,#5481,#5482));
#5479 = ORIENTED_EDGE('',*,*,#364,.F.);
#5480 = ORIENTED_EDGE('',*,*,#5464,.F.);
#5481 = ORIENTED_EDGE('',*,*,#381,.T.);
#5482 = ORIENTED_EDGE('',*,*,#5439,.F.);
#5483 = CONICAL_SURFACE('',#5484,2.475,0.785398163397);
#5484 = AXIS2_PLACEMENT_3D('',#5485,#5486,#5487);
#5485 = CARTESIAN_POINT('',(0.,-9.85,6.25));
#5486 = DIRECTION('',(0.,1.,3.491481338843E-15));
#5487 = DIRECTION('',(-1.,0.,0.));
#5488 = ADVANCED_FACE('',(#5489),#5501,.F.);
#5489 = FACE_BOUND('',#5490,.F.);
#5490 = EDGE_LOOP('',(#5491,#5492,#5493,#5500));
#5491 = ORIENTED_EDGE('',*,*,#5454,.F.);
#5492 = ORIENTED_EDGE('',*,*,#311,.F.);
#5493 = ORIENTED_EDGE('',*,*,#5494,.T.);
#5494 = EDGE_CURVE('',#312,#331,#5495,.T.);
#5495 = CIRCLE('',#5496,2.25);
#5496 = AXIS2_PLACEMENT_3D('',#5497,#5498,#5499);
#5497 = CARTESIAN_POINT('',(0.,-7.85,6.25));
#5498 = DIRECTION('',(0.,-1.,-3.491481338843E-15));
#5499 = DIRECTION('',(1.,0.,0.));
#5500 = ORIENTED_EDGE('',*,*,#330,.T.);
#5501 = CYLINDRICAL_SURFACE('',#5502,2.25);
#5502 = AXIS2_PLACEMENT_3D('',#5503,#5504,#5505);
#5503 = CARTESIAN_POINT('',(0.,-7.85,6.25));
#5504 = DIRECTION('',(0.,-1.,-3.491481338843E-15));
#5505 = DIRECTION('',(1.,0.,0.));
#5506 = ADVANCED_FACE('',(#5507,#5517),#5521,.T.);
#5507 = FACE_BOUND('',#5508,.T.);
#5508 = EDGE_LOOP('',(#5509,#5510));
#5509 = ORIENTED_EDGE('',*,*,#247,.T.);
#5510 = ORIENTED_EDGE('',*,*,#5511,.T.);
#5511 = EDGE_CURVE('',#248,#240,#5512,.T.);
#5512 = CIRCLE('',#5513,0.7);
#5513 = AXIS2_PLACEMENT_3D('',#5514,#5515,#5516);
#5514 = CARTESIAN_POINT('',(0.,-7.85,6.25));
#5515 = DIRECTION('',(-0.,1.,3.491481338843E-15));
#5516 = DIRECTION('',(1.,0.,0.));
#5517 = FACE_BOUND('',#5518,.T.);
#5518 = EDGE_LOOP('',(#5519,#5520));
#5519 = ORIENTED_EDGE('',*,*,#5494,.T.);
#5520 = ORIENTED_EDGE('',*,*,#338,.T.);
#5521 = PLANE('',#5522);
#5522 = AXIS2_PLACEMENT_3D('',#5523,#5524,#5525);
#5523 = CARTESIAN_POINT('',(0.,-7.85,6.25));
#5524 = DIRECTION('',(0.,-1.,-3.491481338843E-15));
#5525 = DIRECTION('',(1.,0.,0.));
#5526 = ADVANCED_FACE('',(#5527),#5545,.F.);
#5527 = FACE_BOUND('',#5528,.F.);
#5528 = EDGE_LOOP('',(#5529,#5536,#5537,#5544));
#5529 = ORIENTED_EDGE('',*,*,#5530,.F.);
#5530 = EDGE_CURVE('',#238,#257,#5531,.T.);
#5531 = CIRCLE('',#5532,0.5);
#5532 = AXIS2_PLACEMENT_3D('',#5533,#5534,#5535);
#5533 = CARTESIAN_POINT('',(0.,-7.65,6.25));
#5534 = DIRECTION('',(0.,-1.,-3.491481338843E-15));
#5535 = DIRECTION('',(1.,0.,0.));
#5536 = ORIENTED_EDGE('',*,*,#279,.F.);
#5537 = ORIENTED_EDGE('',*,*,#5538,.T.);
#5538 = EDGE_CURVE('',#280,#289,#5539,.T.);
#5539 = CIRCLE('',#5540,0.5);
#5540 = AXIS2_PLACEMENT_3D('',#5541,#5542,#5543);
#5541 = CARTESIAN_POINT('',(0.,-4.85,6.25));
#5542 = DIRECTION('',(0.,-1.,-3.491481338843E-15));
#5543 = DIRECTION('',(1.,0.,0.));
#5544 = ORIENTED_EDGE('',*,*,#288,.T.);
#5545 = CYLINDRICAL_SURFACE('',#5546,0.5);
#5546 = AXIS2_PLACEMENT_3D('',#5547,#5548,#5549);
#5547 = CARTESIAN_POINT('',(0.,-4.85,6.25));
#5548 = DIRECTION('',(0.,-1.,-3.491481338843E-15));
#5549 = DIRECTION('',(1.,0.,0.));
#5550 = ADVANCED_FACE('',(#5551),#5555,.T.);
#5551 = FACE_BOUND('',#5552,.T.);
#5552 = EDGE_LOOP('',(#5553,#5554));
#5553 = ORIENTED_EDGE('',*,*,#5538,.T.);
#5554 = ORIENTED_EDGE('',*,*,#296,.T.);
#5555 = PLANE('',#5556);
#5556 = AXIS2_PLACEMENT_3D('',#5557,#5558,#5559);
#5557 = CARTESIAN_POINT('',(0.,-4.85,6.25));
#5558 = DIRECTION('',(0.,-1.,-3.491481338843E-15));
#5559 = DIRECTION('',(1.,0.,0.));
#5560 = ADVANCED_FACE('',(#5561),#5567,.F.);
#5561 = FACE_BOUND('',#5562,.F.);
#5562 = EDGE_LOOP('',(#5563,#5564,#5565,#5566));
#5563 = ORIENTED_EDGE('',*,*,#5511,.T.);
#5564 = ORIENTED_EDGE('',*,*,#237,.F.);
#5565 = ORIENTED_EDGE('',*,*,#5530,.T.);
#5566 = ORIENTED_EDGE('',*,*,#256,.T.);
#5567 = CONICAL_SURFACE('',#5568,0.5,0.785398163397);
#5568 = AXIS2_PLACEMENT_3D('',#5569,#5570,#5571);
#5569 = CARTESIAN_POINT('',(0.,-7.65,6.25));
#5570 = DIRECTION('',(0.,-1.,-3.491481338843E-15));
#5571 = DIRECTION('',(1.,0.,0.));
#5572 = ADVANCED_FACE('',(#5573),#5598,.F.);
#5573 = FACE_BOUND('',#5574,.T.);
#5574 = EDGE_LOOP('',(#5575,#5576,#5584,#5592));
#5575 = ORIENTED_EDGE('',*,*,#2135,.T.);
#5576 = ORIENTED_EDGE('',*,*,#5577,.F.);
#5577 = EDGE_CURVE('',#5578,#2138,#5580,.T.);
#5578 = VERTEX_POINT('',#5579);
#5579 = CARTESIAN_POINT('',(2.05,6.65,4.));
#5580 = LINE('',#5581,#5582);
#5581 = CARTESIAN_POINT('',(2.05,6.65,4.));
#5582 = VECTOR('',#5583,1.);
#5583 = DIRECTION('',(0.,-1.,-3.491481338843E-15));
#5584 = ORIENTED_EDGE('',*,*,#5585,.F.);
#5585 = EDGE_CURVE('',#5586,#5578,#5588,.T.);
#5586 = VERTEX_POINT('',#5587);
#5587 = CARTESIAN_POINT('',(2.05,6.65,3.1));
#5588 = LINE('',#5589,#5590);
#5589 = CARTESIAN_POINT('',(2.05,6.65,4.));
#5590 = VECTOR('',#5591,1.);
#5591 = DIRECTION('',(0.,-3.491481338843E-15,1.));
#5592 = ORIENTED_EDGE('',*,*,#5593,.T.);
#5593 = EDGE_CURVE('',#5586,#2136,#5594,.T.);
#5594 = LINE('',#5595,#5596);
#5595 = CARTESIAN_POINT('',(2.05,6.65,3.1));
#5596 = VECTOR('',#5597,1.);
#5597 = DIRECTION('',(0.,-1.,-3.491481338843E-15));
#5598 = PLANE('',#5599);
#5599 = AXIS2_PLACEMENT_3D('',#5600,#5601,#5602);
#5600 = CARTESIAN_POINT('',(2.05,6.65,4.));
#5601 = DIRECTION('',(1.,0.,-0.));
#5602 = DIRECTION('',(0.,1.,3.491481338843E-15));
#5603 = ADVANCED_FACE('',(#5604),#5622,.F.);
#5604 = FACE_BOUND('',#5605,.T.);
#5605 = EDGE_LOOP('',(#5606,#5607,#5615,#5621));
#5606 = ORIENTED_EDGE('',*,*,#2161,.T.);
#5607 = ORIENTED_EDGE('',*,*,#5608,.F.);
#5608 = EDGE_CURVE('',#5609,#2154,#5611,.T.);
#5609 = VERTEX_POINT('',#5610);
#5610 = CARTESIAN_POINT('',(2.95,6.65,4.));
#5611 = LINE('',#5612,#5613);
#5612 = CARTESIAN_POINT('',(2.95,6.65,4.));
#5613 = VECTOR('',#5614,1.);
#5614 = DIRECTION('',(0.,-1.,-3.491481338843E-15));
#5615 = ORIENTED_EDGE('',*,*,#5616,.F.);
#5616 = EDGE_CURVE('',#5578,#5609,#5617,.T.);
#5617 = LINE('',#5618,#5619);
#5618 = CARTESIAN_POINT('',(2.95,6.65,4.));
#5619 = VECTOR('',#5620,1.);
#5620 = DIRECTION('',(1.,-1.682431845674E-30,4.818676322158E-16));
#5621 = ORIENTED_EDGE('',*,*,#5577,.T.);
#5622 = PLANE('',#5623);
#5623 = AXIS2_PLACEMENT_3D('',#5624,#5625,#5626);
#5624 = CARTESIAN_POINT('',(2.95,6.65,4.));
#5625 = DIRECTION('',(4.818676322158E-16,3.491481338843E-15,-1.));
#5626 = DIRECTION('',(1.,-1.682431845674E-30,4.818676322158E-16));
#5627 = ADVANCED_FACE('',(#5628),#5646,.F.);
#5628 = FACE_BOUND('',#5629,.T.);
#5629 = EDGE_LOOP('',(#5630,#5631,#5639,#5645));
#5630 = ORIENTED_EDGE('',*,*,#2153,.T.);
#5631 = ORIENTED_EDGE('',*,*,#5632,.F.);
#5632 = EDGE_CURVE('',#5633,#2146,#5635,.T.);
#5633 = VERTEX_POINT('',#5634);
#5634 = CARTESIAN_POINT('',(2.95,6.65,3.1));
#5635 = LINE('',#5636,#5637);
#5636 = CARTESIAN_POINT('',(2.95,6.65,3.1));
#5637 = VECTOR('',#5638,1.);
#5638 = DIRECTION('',(0.,-1.,-3.491481338843E-15));
#5639 = ORIENTED_EDGE('',*,*,#5640,.F.);
#5640 = EDGE_CURVE('',#5609,#5633,#5641,.T.);
#5641 = LINE('',#5642,#5643);
#5642 = CARTESIAN_POINT('',(2.95,6.65,4.));
#5643 = VECTOR('',#5644,1.);
#5644 = DIRECTION('',(9.1554850121E-15,3.491481338843E-15,-1.));
#5645 = ORIENTED_EDGE('',*,*,#5608,.T.);
#5646 = PLANE('',#5647);
#5647 = AXIS2_PLACEMENT_3D('',#5648,#5649,#5650);
#5648 = CARTESIAN_POINT('',(2.95,6.65,4.));
#5649 = DIRECTION('',(-1.,3.19662050678E-29,-9.1554850121E-15));
#5650 = DIRECTION('',(9.1554850121E-15,3.491481338843E-15,-1.));
#5651 = ADVANCED_FACE('',(#5652),#5663,.F.);
#5652 = FACE_BOUND('',#5653,.T.);
#5653 = EDGE_LOOP('',(#5654,#5655,#5656,#5662));
#5654 = ORIENTED_EDGE('',*,*,#2145,.T.);
#5655 = ORIENTED_EDGE('',*,*,#5593,.F.);
#5656 = ORIENTED_EDGE('',*,*,#5657,.F.);
#5657 = EDGE_CURVE('',#5633,#5586,#5658,.T.);
#5658 = LINE('',#5659,#5660);
#5659 = CARTESIAN_POINT('',(2.95,6.65,3.1));
#5660 = VECTOR('',#5661,1.);
#5661 = DIRECTION('',(-1.,-0.,0.));
#5662 = ORIENTED_EDGE('',*,*,#5632,.T.);
#5663 = PLANE('',#5664);
#5664 = AXIS2_PLACEMENT_3D('',#5665,#5666,#5667);
#5665 = CARTESIAN_POINT('',(2.95,6.65,3.1));
#5666 = DIRECTION('',(0.,-3.491481338843E-15,1.));
#5667 = DIRECTION('',(0.,-1.,-3.491481338843E-15));
#5668 = ADVANCED_FACE('',(#5669),#5675,.T.);
#5669 = FACE_BOUND('',#5670,.T.);
#5670 = EDGE_LOOP('',(#5671,#5672,#5673,#5674));
#5671 = ORIENTED_EDGE('',*,*,#5585,.T.);
#5672 = ORIENTED_EDGE('',*,*,#5616,.T.);
#5673 = ORIENTED_EDGE('',*,*,#5640,.T.);
#5674 = ORIENTED_EDGE('',*,*,#5657,.T.);
#5675 = PLANE('',#5676);
#5676 = AXIS2_PLACEMENT_3D('',#5677,#5678,#5679);
#5677 = CARTESIAN_POINT('',(0.,6.65,6.25));
#5678 = DIRECTION('',(0.,1.,3.491481338843E-15));
#5679 = DIRECTION('',(-1.,0.,0.));
#5680 = ADVANCED_FACE('',(#5681),#5706,.F.);
#5681 = FACE_BOUND('',#5682,.T.);
#5682 = EDGE_LOOP('',(#5683,#5684,#5692,#5700));
#5683 = ORIENTED_EDGE('',*,*,#2194,.T.);
#5684 = ORIENTED_EDGE('',*,*,#5685,.F.);
#5685 = EDGE_CURVE('',#5686,#2197,#5688,.T.);
#5686 = VERTEX_POINT('',#5687);
#5687 = CARTESIAN_POINT('',(2.05,6.65,5.8));
#5688 = LINE('',#5689,#5690);
#5689 = CARTESIAN_POINT('',(2.05,6.65,5.8));
#5690 = VECTOR('',#5691,1.);
#5691 = DIRECTION('',(0.,-1.,-3.491481338843E-15));
#5692 = ORIENTED_EDGE('',*,*,#5693,.F.);
#5693 = EDGE_CURVE('',#5694,#5686,#5696,.T.);
#5694 = VERTEX_POINT('',#5695);
#5695 = CARTESIAN_POINT('',(2.95,6.65,5.8));
#5696 = LINE('',#5697,#5698);
#5697 = CARTESIAN_POINT('',(2.95,6.65,5.8));
#5698 = VECTOR('',#5699,1.);
#5699 = DIRECTION('',(-1.,-0.,0.));
#5700 = ORIENTED_EDGE('',*,*,#5701,.T.);
#5701 = EDGE_CURVE('',#5694,#2195,#5702,.T.);
#5702 = LINE('',#5703,#5704);
#5703 = CARTESIAN_POINT('',(2.95,6.65,5.8));
#5704 = VECTOR('',#5705,1.);
#5705 = DIRECTION('',(0.,-1.,-3.491481338843E-15));
#5706 = PLANE('',#5707);
#5707 = AXIS2_PLACEMENT_3D('',#5708,#5709,#5710);
#5708 = CARTESIAN_POINT('',(2.95,6.65,5.8));
#5709 = DIRECTION('',(0.,-3.491481338843E-15,1.));
#5710 = DIRECTION('',(0.,-1.,-3.491481338843E-15));
#5711 = ADVANCED_FACE('',(#5712),#5730,.F.);
#5712 = FACE_BOUND('',#5713,.T.);
#5713 = EDGE_LOOP('',(#5714,#5715,#5723,#5729));
#5714 = ORIENTED_EDGE('',*,*,#2220,.T.);
#5715 = ORIENTED_EDGE('',*,*,#5716,.F.);
#5716 = EDGE_CURVE('',#5717,#2213,#5719,.T.);
#5717 = VERTEX_POINT('',#5718);
#5718 = CARTESIAN_POINT('',(2.05,6.65,6.7));
#5719 = LINE('',#5720,#5721);
#5720 = CARTESIAN_POINT('',(2.05,6.65,6.7));
#5721 = VECTOR('',#5722,1.);
#5722 = DIRECTION('',(0.,-1.,-3.491481338843E-15));
#5723 = ORIENTED_EDGE('',*,*,#5724,.F.);
#5724 = EDGE_CURVE('',#5686,#5717,#5725,.T.);
#5725 = LINE('',#5726,#5727);
#5726 = CARTESIAN_POINT('',(2.05,6.65,6.7));
#5727 = VECTOR('',#5728,1.);
#5728 = DIRECTION('',(2.891205793295E-15,-3.491481338843E-15,1.));
#5729 = ORIENTED_EDGE('',*,*,#5685,.T.);
#5730 = PLANE('',#5731);
#5731 = AXIS2_PLACEMENT_3D('',#5732,#5733,#5734);
#5732 = CARTESIAN_POINT('',(2.05,6.65,6.7));
#5733 = DIRECTION('',(1.,1.009459107404E-29,-2.891205793295E-15));
#5734 = DIRECTION('',(2.891205793295E-15,-3.491481338843E-15,1.));
#5735 = ADVANCED_FACE('',(#5736),#5754,.F.);
#5736 = FACE_BOUND('',#5737,.T.);
#5737 = EDGE_LOOP('',(#5738,#5739,#5747,#5753));
#5738 = ORIENTED_EDGE('',*,*,#2212,.T.);
#5739 = ORIENTED_EDGE('',*,*,#5740,.F.);
#5740 = EDGE_CURVE('',#5741,#2205,#5743,.T.);
#5741 = VERTEX_POINT('',#5742);
#5742 = CARTESIAN_POINT('',(2.95,6.65,6.7));
#5743 = LINE('',#5744,#5745);
#5744 = CARTESIAN_POINT('',(2.95,6.65,6.7));
#5745 = VECTOR('',#5746,1.);
#5746 = DIRECTION('',(0.,-1.,-3.491481338843E-15));
#5747 = ORIENTED_EDGE('',*,*,#5748,.F.);
#5748 = EDGE_CURVE('',#5717,#5741,#5749,.T.);
#5749 = LINE('',#5750,#5751);
#5750 = CARTESIAN_POINT('',(2.95,6.65,6.7));
#5751 = VECTOR('',#5752,1.);
#5752 = DIRECTION('',(1.,0.,0.));
#5753 = ORIENTED_EDGE('',*,*,#5716,.T.);
#5754 = PLANE('',#5755);
#5755 = AXIS2_PLACEMENT_3D('',#5756,#5757,#5758);
#5756 = CARTESIAN_POINT('',(2.95,6.65,6.7));
#5757 = DIRECTION('',(-0.,3.491481338843E-15,-1.));
#5758 = DIRECTION('',(0.,1.,3.491481338843E-15));
#5759 = ADVANCED_FACE('',(#5760),#5771,.F.);
#5760 = FACE_BOUND('',#5761,.T.);
#5761 = EDGE_LOOP('',(#5762,#5763,#5764,#5770));
#5762 = ORIENTED_EDGE('',*,*,#2204,.T.);
#5763 = ORIENTED_EDGE('',*,*,#5701,.F.);
#5764 = ORIENTED_EDGE('',*,*,#5765,.F.);
#5765 = EDGE_CURVE('',#5741,#5694,#5766,.T.);
#5766 = LINE('',#5767,#5768);
#5767 = CARTESIAN_POINT('',(2.95,6.65,6.7));
#5768 = VECTOR('',#5769,1.);
#5769 = DIRECTION('',(4.818676322158E-16,3.491481338843E-15,-1.));
#5770 = ORIENTED_EDGE('',*,*,#5740,.T.);
#5771 = PLANE('',#5772);
#5772 = AXIS2_PLACEMENT_3D('',#5773,#5774,#5775);
#5773 = CARTESIAN_POINT('',(2.95,6.65,6.7));
#5774 = DIRECTION('',(-1.,1.682431845674E-30,-4.818676322158E-16));
#5775 = DIRECTION('',(4.818676322158E-16,3.491481338843E-15,-1.));
#5776 = ADVANCED_FACE('',(#5777),#5783,.F.);
#5777 = FACE_BOUND('',#5778,.T.);
#5778 = EDGE_LOOP('',(#5779,#5780,#5781,#5782));
#5779 = ORIENTED_EDGE('',*,*,#5693,.T.);
#5780 = ORIENTED_EDGE('',*,*,#5724,.T.);
#5781 = ORIENTED_EDGE('',*,*,#5748,.T.);
#5782 = ORIENTED_EDGE('',*,*,#5765,.T.);
#5783 = PLANE('',#5784);
#5784 = AXIS2_PLACEMENT_3D('',#5785,#5786,#5787);
#5785 = CARTESIAN_POINT('',(0.,6.65,6.25));
#5786 = DIRECTION('',(0.,-1.,-3.491481338843E-15));
#5787 = DIRECTION('',(1.,0.,0.));
#5788 = ADVANCED_FACE('',(#5789),#5814,.F.);
#5789 = FACE_BOUND('',#5790,.T.);
#5790 = EDGE_LOOP('',(#5791,#5792,#5800,#5808));
#5791 = ORIENTED_EDGE('',*,*,#2101,.T.);
#5792 = ORIENTED_EDGE('',*,*,#5793,.F.);
#5793 = EDGE_CURVE('',#5794,#2104,#5796,.T.);
#5794 = VERTEX_POINT('',#5795);
#5795 = CARTESIAN_POINT('',(-2.95,6.65,4.));
#5796 = LINE('',#5797,#5798);
#5797 = CARTESIAN_POINT('',(-2.95,6.65,4.));
#5798 = VECTOR('',#5799,1.);
#5799 = DIRECTION('',(0.,-1.,-3.491481338843E-15));
#5800 = ORIENTED_EDGE('',*,*,#5801,.F.);
#5801 = EDGE_CURVE('',#5802,#5794,#5804,.T.);
#5802 = VERTEX_POINT('',#5803);
#5803 = CARTESIAN_POINT('',(-2.95,6.65,3.1));
#5804 = LINE('',#5805,#5806);
#5805 = CARTESIAN_POINT('',(-2.95,6.65,4.));
#5806 = VECTOR('',#5807,1.);
#5807 = DIRECTION('',(9.637352644316E-16,-3.491481338843E-15,1.));
#5808 = ORIENTED_EDGE('',*,*,#5809,.T.);
#5809 = EDGE_CURVE('',#5802,#2102,#5810,.T.);
#5810 = LINE('',#5811,#5812);
#5811 = CARTESIAN_POINT('',(-2.95,6.65,3.1));
#5812 = VECTOR('',#5813,1.);
#5813 = DIRECTION('',(0.,-1.,-3.491481338843E-15));
#5814 = PLANE('',#5815);
#5815 = AXIS2_PLACEMENT_3D('',#5816,#5817,#5818);
#5816 = CARTESIAN_POINT('',(-2.95,6.65,4.));
#5817 = DIRECTION('',(1.,3.364863691348E-30,-9.637352644316E-16));
#5818 = DIRECTION('',(9.637352644316E-16,-3.491481338843E-15,1.));
#5819 = ADVANCED_FACE('',(#5820),#5838,.F.);
#5820 = FACE_BOUND('',#5821,.T.);
#5821 = EDGE_LOOP('',(#5822,#5823,#5831,#5837));
#5822 = ORIENTED_EDGE('',*,*,#2127,.T.);
#5823 = ORIENTED_EDGE('',*,*,#5824,.F.);
#5824 = EDGE_CURVE('',#5825,#2120,#5827,.T.);
#5825 = VERTEX_POINT('',#5826);
#5826 = CARTESIAN_POINT('',(-2.05,6.65,4.));
#5827 = LINE('',#5828,#5829);
#5828 = CARTESIAN_POINT('',(-2.05,6.65,4.));
#5829 = VECTOR('',#5830,1.);
#5830 = DIRECTION('',(0.,-1.,-3.491481338843E-15));
#5831 = ORIENTED_EDGE('',*,*,#5832,.F.);
#5832 = EDGE_CURVE('',#5794,#5825,#5833,.T.);
#5833 = LINE('',#5834,#5835);
#5834 = CARTESIAN_POINT('',(-2.95,6.65,4.));
#5835 = VECTOR('',#5836,1.);
#5836 = DIRECTION('',(1.,1.682431845674E-30,-4.818676322158E-16));
#5837 = ORIENTED_EDGE('',*,*,#5793,.T.);
#5838 = PLANE('',#5839);
#5839 = AXIS2_PLACEMENT_3D('',#5840,#5841,#5842);
#5840 = CARTESIAN_POINT('',(-2.95,6.65,4.));
#5841 = DIRECTION('',(-4.818676322158E-16,3.491481338843E-15,-1.));
#5842 = DIRECTION('',(1.,1.682431845674E-30,-4.818676322158E-16));
#5843 = ADVANCED_FACE('',(#5844),#5862,.F.);
#5844 = FACE_BOUND('',#5845,.T.);
#5845 = EDGE_LOOP('',(#5846,#5847,#5855,#5861));
#5846 = ORIENTED_EDGE('',*,*,#2119,.T.);
#5847 = ORIENTED_EDGE('',*,*,#5848,.F.);
#5848 = EDGE_CURVE('',#5849,#2112,#5851,.T.);
#5849 = VERTEX_POINT('',#5850);
#5850 = CARTESIAN_POINT('',(-2.05,6.65,3.1));
#5851 = LINE('',#5852,#5853);
#5852 = CARTESIAN_POINT('',(-2.05,6.65,3.1));
#5853 = VECTOR('',#5854,1.);
#5854 = DIRECTION('',(0.,-1.,-3.491481338843E-15));
#5855 = ORIENTED_EDGE('',*,*,#5856,.F.);
#5856 = EDGE_CURVE('',#5825,#5849,#5857,.T.);
#5857 = LINE('',#5858,#5859);
#5858 = CARTESIAN_POINT('',(-2.05,6.65,4.));
#5859 = VECTOR('',#5860,1.);
#5860 = DIRECTION('',(0.,3.491481338843E-15,-1.));
#5861 = ORIENTED_EDGE('',*,*,#5824,.T.);
#5862 = PLANE('',#5863);
#5863 = AXIS2_PLACEMENT_3D('',#5864,#5865,#5866);
#5864 = CARTESIAN_POINT('',(-2.05,6.65,4.));
#5865 = DIRECTION('',(-1.,-0.,0.));
#5866 = DIRECTION('',(0.,-1.,-3.491481338843E-15));
#5867 = ADVANCED_FACE('',(#5868),#5879,.F.);
#5868 = FACE_BOUND('',#5869,.T.);
#5869 = EDGE_LOOP('',(#5870,#5871,#5872,#5878));
#5870 = ORIENTED_EDGE('',*,*,#2111,.T.);
#5871 = ORIENTED_EDGE('',*,*,#5809,.F.);
#5872 = ORIENTED_EDGE('',*,*,#5873,.F.);
#5873 = EDGE_CURVE('',#5849,#5802,#5874,.T.);
#5874 = LINE('',#5875,#5876);
#5875 = CARTESIAN_POINT('',(-2.95,6.65,3.1));
#5876 = VECTOR('',#5877,1.);
#5877 = DIRECTION('',(-1.,-1.682431845674E-30,4.818676322158E-16));
#5878 = ORIENTED_EDGE('',*,*,#5848,.T.);
#5879 = PLANE('',#5880);
#5880 = AXIS2_PLACEMENT_3D('',#5881,#5882,#5883);
#5881 = CARTESIAN_POINT('',(-2.95,6.65,3.1));
#5882 = DIRECTION('',(4.818676322158E-16,-3.491481338843E-15,1.));
#5883 = DIRECTION('',(-1.,-1.682431845674E-30,4.818676322158E-16));
#5884 = ADVANCED_FACE('',(#5885),#5891,.F.);
#5885 = FACE_BOUND('',#5886,.T.);
#5886 = EDGE_LOOP('',(#5887,#5888,#5889,#5890));
#5887 = ORIENTED_EDGE('',*,*,#5801,.T.);
#5888 = ORIENTED_EDGE('',*,*,#5832,.T.);
#5889 = ORIENTED_EDGE('',*,*,#5856,.T.);
#5890 = ORIENTED_EDGE('',*,*,#5873,.T.);
#5891 = PLANE('',#5892);
#5892 = AXIS2_PLACEMENT_3D('',#5893,#5894,#5895);
#5893 = CARTESIAN_POINT('',(0.,6.65,6.25));
#5894 = DIRECTION('',(0.,-1.,-3.491481338843E-15));
#5895 = DIRECTION('',(1.,0.,0.));
#5896 = ADVANCED_FACE('',(#5897),#5922,.F.);
#5897 = FACE_BOUND('',#5898,.T.);
#5898 = EDGE_LOOP('',(#5899,#5900,#5908,#5916));
#5899 = ORIENTED_EDGE('',*,*,#2228,.T.);
#5900 = ORIENTED_EDGE('',*,*,#5901,.F.);
#5901 = EDGE_CURVE('',#5902,#2231,#5904,.T.);
#5902 = VERTEX_POINT('',#5903);
#5903 = CARTESIAN_POINT('',(-2.95,6.65,6.7));
#5904 = LINE('',#5905,#5906);
#5905 = CARTESIAN_POINT('',(-2.95,6.65,6.7));
#5906 = VECTOR('',#5907,1.);
#5907 = DIRECTION('',(0.,-1.,-3.491481338843E-15));
#5908 = ORIENTED_EDGE('',*,*,#5909,.F.);
#5909 = EDGE_CURVE('',#5910,#5902,#5912,.T.);
#5910 = VERTEX_POINT('',#5911);
#5911 = CARTESIAN_POINT('',(-2.95,6.65,5.8));
#5912 = LINE('',#5913,#5914);
#5913 = CARTESIAN_POINT('',(-2.95,6.65,6.7));
#5914 = VECTOR('',#5915,1.);
#5915 = DIRECTION('',(4.818676322158E-16,-3.491481338843E-15,1.));
#5916 = ORIENTED_EDGE('',*,*,#5917,.T.);
#5917 = EDGE_CURVE('',#5910,#2229,#5918,.T.);
#5918 = LINE('',#5919,#5920);
#5919 = CARTESIAN_POINT('',(-2.95,6.65,5.8));
#5920 = VECTOR('',#5921,1.);
#5921 = DIRECTION('',(0.,-1.,-3.491481338843E-15));
#5922 = PLANE('',#5923);
#5923 = AXIS2_PLACEMENT_3D('',#5924,#5925,#5926);
#5924 = CARTESIAN_POINT('',(-2.95,6.65,6.7));
#5925 = DIRECTION('',(1.,1.682431845674E-30,-4.818676322158E-16));
#5926 = DIRECTION('',(4.818676322158E-16,-3.491481338843E-15,1.));
#5927 = ADVANCED_FACE('',(#5928),#5946,.F.);
#5928 = FACE_BOUND('',#5929,.T.);
#5929 = EDGE_LOOP('',(#5930,#5931,#5939,#5945));
#5930 = ORIENTED_EDGE('',*,*,#2254,.T.);
#5931 = ORIENTED_EDGE('',*,*,#5932,.F.);
#5932 = EDGE_CURVE('',#5933,#2247,#5935,.T.);
#5933 = VERTEX_POINT('',#5934);
#5934 = CARTESIAN_POINT('',(-2.05,6.65,6.7));
#5935 = LINE('',#5936,#5937);
#5936 = CARTESIAN_POINT('',(-2.05,6.65,6.7));
#5937 = VECTOR('',#5938,1.);
#5938 = DIRECTION('',(0.,-1.,-3.491481338843E-15));
#5939 = ORIENTED_EDGE('',*,*,#5940,.F.);
#5940 = EDGE_CURVE('',#5902,#5933,#5941,.T.);
#5941 = LINE('',#5942,#5943);
#5942 = CARTESIAN_POINT('',(-2.95,6.65,6.7));
#5943 = VECTOR('',#5944,1.);
#5944 = DIRECTION('',(1.,1.682431845674E-30,-4.818676322158E-16));
#5945 = ORIENTED_EDGE('',*,*,#5901,.T.);
#5946 = PLANE('',#5947);
#5947 = AXIS2_PLACEMENT_3D('',#5948,#5949,#5950);
#5948 = CARTESIAN_POINT('',(-2.95,6.65,6.7));
#5949 = DIRECTION('',(-4.818676322158E-16,3.491481338843E-15,-1.));
#5950 = DIRECTION('',(1.,1.682431845674E-30,-4.818676322158E-16));
#5951 = ADVANCED_FACE('',(#5952),#5970,.F.);
#5952 = FACE_BOUND('',#5953,.T.);
#5953 = EDGE_LOOP('',(#5954,#5955,#5963,#5969));
#5954 = ORIENTED_EDGE('',*,*,#2246,.T.);
#5955 = ORIENTED_EDGE('',*,*,#5956,.F.);
#5956 = EDGE_CURVE('',#5957,#2239,#5959,.T.);
#5957 = VERTEX_POINT('',#5958);
#5958 = CARTESIAN_POINT('',(-2.05,6.65,5.8));
#5959 = LINE('',#5960,#5961);
#5960 = CARTESIAN_POINT('',(-2.05,6.65,5.8));
#5961 = VECTOR('',#5962,1.);
#5962 = DIRECTION('',(0.,-1.,-3.491481338843E-15));
#5963 = ORIENTED_EDGE('',*,*,#5964,.F.);
#5964 = EDGE_CURVE('',#5933,#5957,#5965,.T.);
#5965 = LINE('',#5966,#5967);
#5966 = CARTESIAN_POINT('',(-2.05,6.65,6.7));
#5967 = VECTOR('',#5968,1.);
#5968 = DIRECTION('',(2.891205793295E-15,3.491481338843E-15,-1.));
#5969 = ORIENTED_EDGE('',*,*,#5932,.T.);
#5970 = PLANE('',#5971);
#5971 = AXIS2_PLACEMENT_3D('',#5972,#5973,#5974);
#5972 = CARTESIAN_POINT('',(-2.05,6.65,6.7));
#5973 = DIRECTION('',(-1.,1.009459107404E-29,-2.891205793295E-15));
#5974 = DIRECTION('',(2.891205793295E-15,3.491481338843E-15,-1.));
#5975 = ADVANCED_FACE('',(#5976),#5987,.F.);
#5976 = FACE_BOUND('',#5977,.T.);
#5977 = EDGE_LOOP('',(#5978,#5979,#5980,#5986));
#5978 = ORIENTED_EDGE('',*,*,#2238,.T.);
#5979 = ORIENTED_EDGE('',*,*,#5917,.F.);
#5980 = ORIENTED_EDGE('',*,*,#5981,.F.);
#5981 = EDGE_CURVE('',#5957,#5910,#5982,.T.);
#5982 = LINE('',#5983,#5984);
#5983 = CARTESIAN_POINT('',(-2.95,6.65,5.8));
#5984 = VECTOR('',#5985,1.);
#5985 = DIRECTION('',(-1.,-1.682431845674E-30,4.818676322158E-16));
#5986 = ORIENTED_EDGE('',*,*,#5956,.T.);
#5987 = PLANE('',#5988);
#5988 = AXIS2_PLACEMENT_3D('',#5989,#5990,#5991);
#5989 = CARTESIAN_POINT('',(-2.95,6.65,5.8));
#5990 = DIRECTION('',(4.818676322158E-16,-3.491481338843E-15,1.));
#5991 = DIRECTION('',(-1.,-1.682431845674E-30,4.818676322158E-16));
#5992 = ADVANCED_FACE('',(#5993),#5999,.F.);
#5993 = FACE_BOUND('',#5994,.T.);
#5994 = EDGE_LOOP('',(#5995,#5996,#5997,#5998));
#5995 = ORIENTED_EDGE('',*,*,#5909,.T.);
#5996 = ORIENTED_EDGE('',*,*,#5940,.T.);
#5997 = ORIENTED_EDGE('',*,*,#5964,.T.);
#5998 = ORIENTED_EDGE('',*,*,#5981,.T.);
#5999 = PLANE('',#6000);
#6000 = AXIS2_PLACEMENT_3D('',#6001,#6002,#6003);
#6001 = CARTESIAN_POINT('',(0.,6.65,6.25));
#6002 = DIRECTION('',(0.,-1.,-3.491481338843E-15));
#6003 = DIRECTION('',(1.,0.,0.));
#6004 = ADVANCED_FACE('',(#6005),#6011,.T.);
#6005 = FACE_BOUND('',#6006,.T.);
#6006 = EDGE_LOOP('',(#6007,#6008,#6009,#6010));
#6007 = ORIENTED_EDGE('',*,*,#206,.F.);
#6008 = ORIENTED_EDGE('',*,*,#5401,.F.);
#6009 = ORIENTED_EDGE('',*,*,#223,.T.);
#6010 = ORIENTED_EDGE('',*,*,#5357,.F.);
#6011 = CONICAL_SURFACE('',#6012,2.65,0.785398163397);
#6012 = AXIS2_PLACEMENT_3D('',#6013,#6014,#6015);
#6013 = CARTESIAN_POINT('',(0.,0.95,6.25));
#6014 = DIRECTION('',(0.,1.,3.491481338843E-15));
#6015 = DIRECTION('',(-1.,0.,0.));
#6016 = ADVANCED_FACE('',(#6017),#6029,.F.);
#6017 = FACE_BOUND('',#6018,.F.);
#6018 = EDGE_LOOP('',(#6019,#6020,#6021,#6028));
#6019 = ORIENTED_EDGE('',*,*,#2091,.F.);
#6020 = ORIENTED_EDGE('',*,*,#153,.F.);
#6021 = ORIENTED_EDGE('',*,*,#6022,.T.);
#6022 = EDGE_CURVE('',#154,#173,#6023,.T.);
#6023 = CIRCLE('',#6024,2.);
#6024 = AXIS2_PLACEMENT_3D('',#6025,#6026,#6027);
#6025 = CARTESIAN_POINT('',(0.,2.55,6.25));
#6026 = DIRECTION('',(0.,1.,3.491481338843E-15));
#6027 = DIRECTION('',(-1.,0.,0.));
#6028 = ORIENTED_EDGE('',*,*,#172,.T.);
#6029 = CYLINDRICAL_SURFACE('',#6030,2.);
#6030 = AXIS2_PLACEMENT_3D('',#6031,#6032,#6033);
#6031 = CARTESIAN_POINT('',(0.,2.55,6.25));
#6032 = DIRECTION('',(-0.,1.,3.491481338843E-15));
#6033 = DIRECTION('',(-1.,0.,-0.));
#6034 = ADVANCED_FACE('',(#6035,#6045),#6049,.T.);
#6035 = FACE_BOUND('',#6036,.T.);
#6036 = EDGE_LOOP('',(#6037,#6038));
#6037 = ORIENTED_EDGE('',*,*,#83,.T.);
#6038 = ORIENTED_EDGE('',*,*,#6039,.T.);
#6039 = EDGE_CURVE('',#84,#75,#6040,.T.);
#6040 = CIRCLE('',#6041,0.65);
#6041 = AXIS2_PLACEMENT_3D('',#6042,#6043,#6044);
#6042 = CARTESIAN_POINT('',(0.,2.55,6.25));
#6043 = DIRECTION('',(-0.,-1.,-3.491481338843E-15));
#6044 = DIRECTION('',(-1.,0.,0.));
#6045 = FACE_BOUND('',#6046,.T.);
#6046 = EDGE_LOOP('',(#6047,#6048));
#6047 = ORIENTED_EDGE('',*,*,#6022,.T.);
#6048 = ORIENTED_EDGE('',*,*,#180,.T.);
#6049 = PLANE('',#6050);
#6050 = AXIS2_PLACEMENT_3D('',#6051,#6052,#6053);
#6051 = CARTESIAN_POINT('',(0.,2.55,6.25));
#6052 = DIRECTION('',(0.,1.,3.491481338843E-15));
#6053 = DIRECTION('',(-1.,0.,0.));
#6054 = ADVANCED_FACE('',(#6055),#6068,.T.);
#6055 = FACE_BOUND('',#6056,.T.);
#6056 = EDGE_LOOP('',(#6057,#6058,#6065,#6066,#6067));
#6057 = ORIENTED_EDGE('',*,*,#126,.F.);
#6058 = ORIENTED_EDGE('',*,*,#6059,.T.);
#6059 = EDGE_CURVE('',#118,#50,#6060,.T.);
#6060 = CIRCLE('',#6061,0.45);
#6061 = AXIS2_PLACEMENT_3D('',#6062,#6063,#6064);
#6062 = CARTESIAN_POINT('',(0.,6.55,6.25));
#6063 = DIRECTION('',(0.,-1.,-8.673617379884E-15));
#6064 = DIRECTION('',(0.,8.673617379884E-15,-1.));
#6065 = ORIENTED_EDGE('',*,*,#49,.T.);
#6066 = ORIENTED_EDGE('',*,*,#139,.T.);
#6067 = ORIENTED_EDGE('',*,*,#101,.T.);
#6068 = CYLINDRICAL_SURFACE('',#6069,0.45);
#6069 = AXIS2_PLACEMENT_3D('',#6070,#6071,#6072);
#6070 = CARTESIAN_POINT('',(0.,7.922792206136,6.25));
#6071 = DIRECTION('',(0.,-1.,-3.491481338843E-15));
#6072 = DIRECTION('',(1.,0.,0.));
#6073 = ADVANCED_FACE('',(#6074),#6084,.F.);
#6074 = FACE_BOUND('',#6075,.T.);
#6075 = EDGE_LOOP('',(#6076,#6083));
#6076 = ORIENTED_EDGE('',*,*,#6077,.T.);
#6077 = EDGE_CURVE('',#24,#22,#6078,.T.);
#6078 = CIRCLE('',#6079,0.35);
#6079 = AXIS2_PLACEMENT_3D('',#6080,#6081,#6082);
#6080 = CARTESIAN_POINT('',(0.,6.65,6.25));
#6081 = DIRECTION('',(0.,1.,3.491481338843E-15));
#6082 = DIRECTION('',(0.,3.491481338843E-15,-1.));
#6083 = ORIENTED_EDGE('',*,*,#21,.T.);
#6084 = PLANE('',#6085);
#6085 = AXIS2_PLACEMENT_3D('',#6086,#6087,#6088);
#6086 = CARTESIAN_POINT('',(0.,6.65,6.25));
#6087 = DIRECTION('',(0.,-1.,-3.491481338843E-15));
#6088 = DIRECTION('',(1.,0.,0.));
#6089 = ADVANCED_FACE('',(#6090),#6096,.F.);
#6090 = FACE_BOUND('',#6091,.F.);
#6091 = EDGE_LOOP('',(#6092,#6093,#6094,#6095));
#6092 = ORIENTED_EDGE('',*,*,#6039,.T.);
#6093 = ORIENTED_EDGE('',*,*,#72,.F.);
#6094 = ORIENTED_EDGE('',*,*,#132,.T.);
#6095 = ORIENTED_EDGE('',*,*,#92,.T.);
#6096 = TOROIDAL_SURFACE('',#6097,0.65,0.2);
#6097 = AXIS2_PLACEMENT_3D('',#6098,#6099,#6100);
#6098 = CARTESIAN_POINT('',(0.,2.75,6.25));
#6099 = DIRECTION('',(0.,1.,3.491481338843E-15));
#6100 = DIRECTION('',(-1.,0.,0.));
#6101 = ADVANCED_FACE('',(#6102),#6127,.T.);
#6102 = FACE_BOUND('',#6103,.T.);
#6103 = EDGE_LOOP('',(#6104,#6105,#6113,#6121));
#6104 = ORIENTED_EDGE('',*,*,#1871,.F.);
#6105 = ORIENTED_EDGE('',*,*,#6106,.F.);
#6106 = EDGE_CURVE('',#6107,#1872,#6109,.T.);
#6107 = VERTEX_POINT('',#6108);
#6108 = CARTESIAN_POINT('',(-0.898442419494,2.184350945468,3.001));
#6109 = LINE('',#6110,#6111);
#6110 = CARTESIAN_POINT('',(-0.898442419494,2.184350945468,3.001));
#6111 = VECTOR('',#6112,1.);
#6112 = DIRECTION('',(-0.,3.491481338843E-15,-1.));
#6113 = ORIENTED_EDGE('',*,*,#6114,.T.);
#6114 = EDGE_CURVE('',#6107,#6115,#6117,.T.);
#6115 = VERTEX_POINT('',#6116);
#6116 = CARTESIAN_POINT('',(-1.093564370713,1.684350945468,3.001));
#6117 = LINE('',#6118,#6119);
#6118 = CARTESIAN_POINT('',(-0.898442419494,2.184350945468,3.001));
#6119 = VECTOR('',#6120,1.);
#6120 = DIRECTION('',(-0.363542485653,-0.931577619485,
    -3.232059132431E-15));
#6121 = ORIENTED_EDGE('',*,*,#6122,.T.);
#6122 = EDGE_CURVE('',#6115,#1874,#6123,.T.);
#6123 = LINE('',#6124,#6125);
#6124 = CARTESIAN_POINT('',(-1.093564370713,1.684350945468,3.001));
#6125 = VECTOR('',#6126,1.);
#6126 = DIRECTION('',(-0.,3.491481338843E-15,-1.));
#6127 = PLANE('',#6128);
#6128 = AXIS2_PLACEMENT_3D('',#6129,#6130,#6131);
#6129 = CARTESIAN_POINT('',(-0.898442419494,2.184350945468,3.001));
#6130 = DIRECTION('',(0.931577619485,-0.363542485653,-1.269301804533E-15
    ));
#6131 = DIRECTION('',(0.363542485653,0.931577619485,0.));
#6132 = ADVANCED_FACE('',(#6133),#6151,.T.);
#6133 = FACE_BOUND('',#6134,.T.);
#6134 = EDGE_LOOP('',(#6135,#6136,#6137,#6145));
#6135 = ORIENTED_EDGE('',*,*,#1881,.F.);
#6136 = ORIENTED_EDGE('',*,*,#6122,.F.);
#6137 = ORIENTED_EDGE('',*,*,#6138,.T.);
#6138 = EDGE_CURVE('',#6115,#6139,#6141,.T.);
#6139 = VERTEX_POINT('',#6140);
#6140 = CARTESIAN_POINT('',(-1.020393639006,1.684350945468,3.001));
#6141 = LINE('',#6142,#6143);
#6142 = CARTESIAN_POINT('',(-1.093564370713,1.684350945468,3.001));
#6143 = VECTOR('',#6144,1.);
#6144 = DIRECTION('',(1.,0.,0.));
#6145 = ORIENTED_EDGE('',*,*,#6146,.T.);
#6146 = EDGE_CURVE('',#6139,#1882,#6147,.T.);
#6147 = LINE('',#6148,#6149);
#6148 = CARTESIAN_POINT('',(-1.020393639006,1.684350945468,3.001));
#6149 = VECTOR('',#6150,1.);
#6150 = DIRECTION('',(-0.,3.491481338843E-15,-1.));
#6151 = PLANE('',#6152);
#6152 = AXIS2_PLACEMENT_3D('',#6153,#6154,#6155);
#6153 = CARTESIAN_POINT('',(-1.093564370713,1.684350945468,3.001));
#6154 = DIRECTION('',(-0.,1.,3.491481338843E-15));
#6155 = DIRECTION('',(0.,-3.491481338843E-15,1.));
#6156 = ADVANCED_FACE('',(#6157),#6175,.T.);
#6157 = FACE_BOUND('',#6158,.T.);
#6158 = EDGE_LOOP('',(#6159,#6160,#6161,#6169));
#6159 = ORIENTED_EDGE('',*,*,#1889,.F.);
#6160 = ORIENTED_EDGE('',*,*,#6146,.F.);
#6161 = ORIENTED_EDGE('',*,*,#6162,.T.);
#6162 = EDGE_CURVE('',#6139,#6163,#6165,.T.);
#6163 = VERTEX_POINT('',#6164);
#6164 = CARTESIAN_POINT('',(-0.969802937786,1.824594847907,3.001));
#6165 = LINE('',#6166,#6167);
#6166 = CARTESIAN_POINT('',(-1.020393639006,1.684350945468,3.001));
#6167 = VECTOR('',#6168,1.);
#6168 = DIRECTION('',(0.339330377275,0.940667260544,2.908856555559E-15)
  );
#6169 = ORIENTED_EDGE('',*,*,#6170,.T.);
#6170 = EDGE_CURVE('',#6163,#1890,#6171,.T.);
#6171 = LINE('',#6172,#6173);
#6172 = CARTESIAN_POINT('',(-0.969802937786,1.824594847907,3.001));
#6173 = VECTOR('',#6174,1.);
#6174 = DIRECTION('',(-0.,3.491481338843E-15,-1.));
#6175 = PLANE('',#6176);
#6176 = AXIS2_PLACEMENT_3D('',#6177,#6178,#6179);
#6177 = CARTESIAN_POINT('',(-1.020393639006,1.684350945468,3.001));
#6178 = DIRECTION('',(-0.940667260544,0.339330377275,1.184765679958E-15)
  );
#6179 = DIRECTION('',(-0.339330377275,-0.940667260544,
    -9.860761315263E-32));
#6180 = ADVANCED_FACE('',(#6181),#6199,.T.);
#6181 = FACE_BOUND('',#6182,.T.);
#6182 = EDGE_LOOP('',(#6183,#6184,#6185,#6193));
#6183 = ORIENTED_EDGE('',*,*,#1897,.F.);
#6184 = ORIENTED_EDGE('',*,*,#6170,.F.);
#6185 = ORIENTED_EDGE('',*,*,#6186,.T.);
#6186 = EDGE_CURVE('',#6163,#6187,#6189,.T.);
#6187 = VERTEX_POINT('',#6188);
#6188 = CARTESIAN_POINT('',(-0.763248059738,1.824594847907,3.001));
#6189 = LINE('',#6190,#6191);
#6190 = CARTESIAN_POINT('',(-0.969802937786,1.824594847907,3.001));
#6191 = VECTOR('',#6192,1.);
#6192 = DIRECTION('',(1.,0.,0.));
#6193 = ORIENTED_EDGE('',*,*,#6194,.T.);
#6194 = EDGE_CURVE('',#6187,#1898,#6195,.T.);
#6195 = LINE('',#6196,#6197);
#6196 = CARTESIAN_POINT('',(-0.763248059738,1.824594847907,3.001));
#6197 = VECTOR('',#6198,1.);
#6198 = DIRECTION('',(-0.,3.491481338843E-15,-1.));
#6199 = PLANE('',#6200);
#6200 = AXIS2_PLACEMENT_3D('',#6201,#6202,#6203);
#6201 = CARTESIAN_POINT('',(-0.969802937786,1.824594847907,3.001));
#6202 = DIRECTION('',(-0.,1.,3.491481338843E-15));
#6203 = DIRECTION('',(0.,-3.491481338843E-15,1.));
#6204 = ADVANCED_FACE('',(#6205),#6223,.T.);
#6205 = FACE_BOUND('',#6206,.T.);
#6206 = EDGE_LOOP('',(#6207,#6208,#6209,#6217));
#6207 = ORIENTED_EDGE('',*,*,#1905,.F.);
#6208 = ORIENTED_EDGE('',*,*,#6194,.F.);
#6209 = ORIENTED_EDGE('',*,*,#6210,.T.);
#6210 = EDGE_CURVE('',#6187,#6211,#6213,.T.);
#6211 = VERTEX_POINT('',#6212);
#6212 = CARTESIAN_POINT('',(-0.715515590225,1.684350945468,3.001));
#6213 = LINE('',#6214,#6215);
#6214 = CARTESIAN_POINT('',(-0.763248059738,1.824594847907,3.001));
#6215 = VECTOR('',#6216,1.);
#6216 = DIRECTION('',(0.322202485606,-0.946670776072,-2.927421425662E-15
    ));
#6217 = ORIENTED_EDGE('',*,*,#6218,.T.);
#6218 = EDGE_CURVE('',#6211,#1906,#6219,.T.);
#6219 = LINE('',#6220,#6221);
#6220 = CARTESIAN_POINT('',(-0.715515590225,1.684350945468,3.001));
#6221 = VECTOR('',#6222,1.);
#6222 = DIRECTION('',(-0.,3.491481338843E-15,-1.));
#6223 = PLANE('',#6224);
#6224 = AXIS2_PLACEMENT_3D('',#6225,#6226,#6227);
#6225 = CARTESIAN_POINT('',(-0.763248059738,1.824594847907,3.001));
#6226 = DIRECTION('',(0.946670776072,0.322202485606,1.124963965823E-15)
  );
#6227 = DIRECTION('',(-0.322202485606,0.946670776072,0.));
#6228 = ADVANCED_FACE('',(#6229),#6247,.T.);
#6229 = FACE_BOUND('',#6230,.T.);
#6230 = EDGE_LOOP('',(#6231,#6232,#6233,#6241));
#6231 = ORIENTED_EDGE('',*,*,#1913,.F.);
#6232 = ORIENTED_EDGE('',*,*,#6218,.F.);
#6233 = ORIENTED_EDGE('',*,*,#6234,.T.);
#6234 = EDGE_CURVE('',#6211,#6235,#6237,.T.);
#6235 = VERTEX_POINT('',#6236);
#6236 = CARTESIAN_POINT('',(-0.642344858518,1.684350945468,3.001));
#6237 = LINE('',#6238,#6239);
#6238 = CARTESIAN_POINT('',(-0.715515590225,1.684350945468,3.001));
#6239 = VECTOR('',#6240,1.);
#6240 = DIRECTION('',(1.,0.,0.));
#6241 = ORIENTED_EDGE('',*,*,#6242,.T.);
#6242 = EDGE_CURVE('',#6235,#1914,#6243,.T.);
#6243 = LINE('',#6244,#6245);
#6244 = CARTESIAN_POINT('',(-0.642344858518,1.684350945468,3.001));
#6245 = VECTOR('',#6246,1.);
#6246 = DIRECTION('',(-0.,3.491481338843E-15,-1.));
#6247 = PLANE('',#6248);
#6248 = AXIS2_PLACEMENT_3D('',#6249,#6250,#6251);
#6249 = CARTESIAN_POINT('',(-0.715515590225,1.684350945468,3.001));
#6250 = DIRECTION('',(-0.,1.,3.491481338843E-15));
#6251 = DIRECTION('',(0.,-3.491481338843E-15,1.));
#6252 = ADVANCED_FACE('',(#6253),#6271,.T.);
#6253 = FACE_BOUND('',#6254,.T.);
#6254 = EDGE_LOOP('',(#6255,#6256,#6257,#6265));
#6255 = ORIENTED_EDGE('',*,*,#1921,.F.);
#6256 = ORIENTED_EDGE('',*,*,#6242,.F.);
#6257 = ORIENTED_EDGE('',*,*,#6258,.T.);
#6258 = EDGE_CURVE('',#6235,#6259,#6261,.T.);
#6259 = VERTEX_POINT('',#6260);
#6260 = CARTESIAN_POINT('',(-0.831369248762,2.184350945468,3.001));
#6261 = LINE('',#6262,#6263);
#6262 = CARTESIAN_POINT('',(-0.642344858518,1.684350945468,3.001));
#6263 = VECTOR('',#6264,1.);
#6264 = DIRECTION('',(-0.353622392329,0.93538826358,3.245279959971E-15)
  );
#6265 = ORIENTED_EDGE('',*,*,#6266,.T.);
#6266 = EDGE_CURVE('',#6259,#1922,#6267,.T.);
#6267 = LINE('',#6268,#6269);
#6268 = CARTESIAN_POINT('',(-0.831369248762,2.184350945468,3.001));
#6269 = VECTOR('',#6270,1.);
#6270 = DIRECTION('',(-0.,3.491481338843E-15,-1.));
#6271 = PLANE('',#6272);
#6272 = AXIS2_PLACEMENT_3D('',#6273,#6274,#6275);
#6273 = CARTESIAN_POINT('',(-0.642344858518,1.684350945468,3.001));
#6274 = DIRECTION('',(-0.93538826358,-0.353622392329,-1.234665983814E-15
    ));
#6275 = DIRECTION('',(0.353622392329,-0.93538826358,0.));
#6276 = ADVANCED_FACE('',(#6277),#6288,.T.);
#6277 = FACE_BOUND('',#6278,.T.);
#6278 = EDGE_LOOP('',(#6279,#6280,#6281,#6287));
#6279 = ORIENTED_EDGE('',*,*,#1929,.F.);
#6280 = ORIENTED_EDGE('',*,*,#6266,.F.);
#6281 = ORIENTED_EDGE('',*,*,#6282,.T.);
#6282 = EDGE_CURVE('',#6259,#6107,#6283,.T.);
#6283 = LINE('',#6284,#6285);
#6284 = CARTESIAN_POINT('',(-0.831369248762,2.184350945468,3.001));
#6285 = VECTOR('',#6286,1.);
#6286 = DIRECTION('',(-1.,0.,0.));
#6287 = ORIENTED_EDGE('',*,*,#6106,.T.);
#6288 = PLANE('',#6289);
#6289 = AXIS2_PLACEMENT_3D('',#6290,#6291,#6292);
#6290 = CARTESIAN_POINT('',(-0.831369248762,2.184350945468,3.001));
#6291 = DIRECTION('',(0.,-1.,-3.491481338843E-15));
#6292 = DIRECTION('',(0.,3.491481338843E-15,-1.));
#6293 = ADVANCED_FACE('',(#6294,#6352),#6362,.F.);
#6294 = FACE_BOUND('',#6295,.T.);
#6295 = EDGE_LOOP('',(#6296,#6306,#6314,#6326,#6334,#6346));
#6296 = ORIENTED_EDGE('',*,*,#6297,.F.);
#6297 = EDGE_CURVE('',#6298,#6300,#6302,.T.);
#6298 = VERTEX_POINT('',#6299);
#6299 = CARTESIAN_POINT('',(-0.780111626811,1.879472896687,3.001));
#6300 = VERTEX_POINT('',#6301);
#6301 = CARTESIAN_POINT('',(-0.947318181689,1.879472896687,3.001));
#6302 = LINE('',#6303,#6304);
#6303 = CARTESIAN_POINT('',(-0.780111626811,1.879472896687,3.001));
#6304 = VECTOR('',#6305,1.);
#6305 = DIRECTION('',(-1.,0.,0.));
#6306 = ORIENTED_EDGE('',*,*,#6307,.F.);
#6307 = EDGE_CURVE('',#6308,#6298,#6310,.T.);
#6308 = VERTEX_POINT('',#6309);
#6309 = CARTESIAN_POINT('',(-0.854711474372,2.088314360102,3.001));
#6310 = LINE('',#6311,#6312);
#6311 = CARTESIAN_POINT('',(-0.854711474372,2.088314360102,3.001));
#6312 = VECTOR('',#6313,1.);
#6313 = DIRECTION('',(0.336390827665,-0.941722470297,-3.911167950964E-15
    ));
#6314 = ORIENTED_EDGE('',*,*,#6315,.F.);
#6315 = EDGE_CURVE('',#6316,#6308,#6318,.T.);
#6316 = VERTEX_POINT('',#6317);
#6317 = CARTESIAN_POINT('',(-0.862714523152,2.123375335712,3.001));
#6318 = B_SPLINE_CURVE_WITH_KNOTS('',3,(#6319,#6320,#6321,#6322,#6323,
    #6324,#6325),.UNSPECIFIED.,.F.,.F.,(4,1,1,1,4),(0.,0.300541113159,
    0.567747146484,0.800033613737,1.),.UNSPECIFIED.);
#6319 = CARTESIAN_POINT('',(-0.862714523152,2.123375335712,3.001));
#6320 = CARTESIAN_POINT('',(-0.862131481916,2.119814889568,3.001));
#6321 = CARTESIAN_POINT('',(-0.861030068553,2.113088910825,3.001));
#6322 = CARTESIAN_POINT('',(-0.859170824449,2.103664422096,3.001));
#6323 = CARTESIAN_POINT('',(-0.857100754155,2.095519516484,3.001));
#6324 = CARTESIAN_POINT('',(-0.855467186337,2.090593299105,3.001));
#6325 = CARTESIAN_POINT('',(-0.854711474372,2.088314360102,3.001));
#6326 = ORIENTED_EDGE('',*,*,#6327,.F.);
#6327 = EDGE_CURVE('',#6328,#6316,#6330,.T.);
#6328 = VERTEX_POINT('',#6329);
#6329 = CARTESIAN_POINT('',(-0.864334187786,2.123375335712,3.001));
#6330 = LINE('',#6331,#6332);
#6331 = CARTESIAN_POINT('',(-0.864334187786,2.123375335712,3.001));
#6332 = VECTOR('',#6333,1.);
#6333 = DIRECTION('',(1.,0.,0.));
#6334 = ORIENTED_EDGE('',*,*,#6335,.F.);
#6335 = EDGE_CURVE('',#6336,#6328,#6338,.T.);
#6336 = VERTEX_POINT('',#6337);
#6337 = CARTESIAN_POINT('',(-0.872051413396,2.088314360102,3.001));
#6338 = B_SPLINE_CURVE_WITH_KNOTS('',3,(#6339,#6340,#6341,#6342,#6343,
    #6344,#6345),.UNSPECIFIED.,.F.,.F.,(4,1,1,1,4),(0.,0.174481715317,
    0.398285759128,0.673897847399,1.),.UNSPECIFIED.);
#6339 = CARTESIAN_POINT('',(-0.872051413396,2.088314360102,3.001));
#6340 = CARTESIAN_POINT('',(-0.871427460834,2.090309277329,3.001));
#6341 = CARTESIAN_POINT('',(-0.870003177383,2.094863033122,3.001));
#6342 = CARTESIAN_POINT('',(-0.868136773398,2.102722562909,3.001));
#6343 = CARTESIAN_POINT('',(-0.866306881425,2.112439388899,3.001));
#6344 = CARTESIAN_POINT('',(-0.865027535788,2.119531648726,3.001));
#6345 = CARTESIAN_POINT('',(-0.864334187786,2.123375335712,3.001));
#6346 = ORIENTED_EDGE('',*,*,#6347,.F.);
#6347 = EDGE_CURVE('',#6300,#6336,#6348,.T.);
#6348 = LINE('',#6349,#6350);
#6349 = CARTESIAN_POINT('',(-0.947318181689,1.879472896687,3.001));
#6350 = VECTOR('',#6351,1.);
#6351 = DIRECTION('',(0.339053795485,0.940766986967,3.907199631319E-15)
  );
#6352 = FACE_BOUND('',#6353,.T.);
#6353 = EDGE_LOOP('',(#6354,#6355,#6356,#6357,#6358,#6359,#6360,#6361));
#6354 = ORIENTED_EDGE('',*,*,#6114,.F.);
#6355 = ORIENTED_EDGE('',*,*,#6282,.F.);
#6356 = ORIENTED_EDGE('',*,*,#6258,.F.);
#6357 = ORIENTED_EDGE('',*,*,#6234,.F.);
#6358 = ORIENTED_EDGE('',*,*,#6210,.F.);
#6359 = ORIENTED_EDGE('',*,*,#6186,.F.);
#6360 = ORIENTED_EDGE('',*,*,#6162,.F.);
#6361 = ORIENTED_EDGE('',*,*,#6138,.F.);
#6362 = PLANE('',#6363);
#6363 = AXIS2_PLACEMENT_3D('',#6364,#6365,#6366);
#6364 = CARTESIAN_POINT('',(0.,-1.04118323372E-14,3.001));
#6365 = DIRECTION('',(0.,-3.469446951954E-15,1.));
#6366 = DIRECTION('',(0.,-1.,-3.469446951954E-15));
#6367 = ADVANCED_FACE('',(#6368),#6393,.T.);
#6368 = FACE_BOUND('',#6369,.T.);
#6369 = EDGE_LOOP('',(#6370,#6380,#6386,#6387));
#6370 = ORIENTED_EDGE('',*,*,#6371,.F.);
#6371 = EDGE_CURVE('',#6372,#6374,#6376,.T.);
#6372 = VERTEX_POINT('',#6373);
#6373 = CARTESIAN_POINT('',(-0.780111626811,1.879472896687,3.));
#6374 = VERTEX_POINT('',#6375);
#6375 = CARTESIAN_POINT('',(-0.947318181689,1.879472896687,3.));
#6376 = LINE('',#6377,#6378);
#6377 = CARTESIAN_POINT('',(-0.780111626811,1.879472896687,3.));
#6378 = VECTOR('',#6379,1.);
#6379 = DIRECTION('',(-1.,0.,0.));
#6380 = ORIENTED_EDGE('',*,*,#6381,.F.);
#6381 = EDGE_CURVE('',#6298,#6372,#6382,.T.);
#6382 = LINE('',#6383,#6384);
#6383 = CARTESIAN_POINT('',(-0.780111626811,1.879472896687,3.001));
#6384 = VECTOR('',#6385,1.);
#6385 = DIRECTION('',(-0.,3.491481338843E-15,-1.));
#6386 = ORIENTED_EDGE('',*,*,#6297,.T.);
#6387 = ORIENTED_EDGE('',*,*,#6388,.T.);
#6388 = EDGE_CURVE('',#6300,#6374,#6389,.T.);
#6389 = LINE('',#6390,#6391);
#6390 = CARTESIAN_POINT('',(-0.947318181689,1.879472896687,3.001));
#6391 = VECTOR('',#6392,1.);
#6392 = DIRECTION('',(-0.,3.491481338843E-15,-1.));
#6393 = PLANE('',#6394);
#6394 = AXIS2_PLACEMENT_3D('',#6395,#6396,#6397);
#6395 = CARTESIAN_POINT('',(-0.780111626811,1.879472896687,3.001));
#6396 = DIRECTION('',(0.,-1.,-3.491481338843E-15));
#6397 = DIRECTION('',(0.,3.491481338843E-15,-1.));
#6398 = ADVANCED_FACE('',(#6399),#6417,.T.);
#6399 = FACE_BOUND('',#6400,.T.);
#6400 = EDGE_LOOP('',(#6401,#6409,#6415,#6416));
#6401 = ORIENTED_EDGE('',*,*,#6402,.F.);
#6402 = EDGE_CURVE('',#6403,#6372,#6405,.T.);
#6403 = VERTEX_POINT('',#6404);
#6404 = CARTESIAN_POINT('',(-0.854711474372,2.088314360102,3.));
#6405 = LINE('',#6406,#6407);
#6406 = CARTESIAN_POINT('',(-0.854711474372,2.088314360102,3.));
#6407 = VECTOR('',#6408,1.);
#6408 = DIRECTION('',(0.336390827665,-0.941722470297,-3.911167950964E-15
    ));
#6409 = ORIENTED_EDGE('',*,*,#6410,.F.);
#6410 = EDGE_CURVE('',#6308,#6403,#6411,.T.);
#6411 = LINE('',#6412,#6413);
#6412 = CARTESIAN_POINT('',(-0.854711474372,2.088314360102,3.001));
#6413 = VECTOR('',#6414,1.);
#6414 = DIRECTION('',(-0.,3.491481338843E-15,-1.));
#6415 = ORIENTED_EDGE('',*,*,#6307,.T.);
#6416 = ORIENTED_EDGE('',*,*,#6381,.T.);
#6417 = PLANE('',#6418);
#6418 = AXIS2_PLACEMENT_3D('',#6419,#6420,#6421);
#6419 = CARTESIAN_POINT('',(-0.854711474372,2.088314360102,3.001));
#6420 = DIRECTION('',(0.941722470297,0.336390827665,1.174502297352E-15)
  );
#6421 = DIRECTION('',(-0.336390827665,0.941722470297,0.));
#6422 = ADVANCED_FACE('',(#6423),#6445,.T.);
#6423 = FACE_BOUND('',#6424,.T.);
#6424 = EDGE_LOOP('',(#6425,#6437,#6443,#6444));
#6425 = ORIENTED_EDGE('',*,*,#6426,.F.);
#6426 = EDGE_CURVE('',#6427,#6403,#6429,.T.);
#6427 = VERTEX_POINT('',#6428);
#6428 = CARTESIAN_POINT('',(-0.862714523152,2.123375335712,3.));
#6429 = B_SPLINE_CURVE_WITH_KNOTS('',3,(#6430,#6431,#6432,#6433,#6434,
    #6435,#6436),.UNSPECIFIED.,.F.,.F.,(4,1,1,1,4),(0.,0.300541113159,
    0.567747146484,0.800033613737,1.),.UNSPECIFIED.);
#6430 = CARTESIAN_POINT('',(-0.862714523152,2.123375335712,3.));
#6431 = CARTESIAN_POINT('',(-0.862131481916,2.119814889568,3.));
#6432 = CARTESIAN_POINT('',(-0.861030068553,2.113088910825,3.));
#6433 = CARTESIAN_POINT('',(-0.859170824449,2.103664422096,3.));
#6434 = CARTESIAN_POINT('',(-0.857100754155,2.095519516484,3.));
#6435 = CARTESIAN_POINT('',(-0.855467186337,2.090593299105,3.));
#6436 = CARTESIAN_POINT('',(-0.854711474372,2.088314360102,3.));
#6437 = ORIENTED_EDGE('',*,*,#6438,.F.);
#6438 = EDGE_CURVE('',#6316,#6427,#6439,.T.);
#6439 = LINE('',#6440,#6441);
#6440 = CARTESIAN_POINT('',(-0.862714523152,2.123375335712,3.001));
#6441 = VECTOR('',#6442,1.);
#6442 = DIRECTION('',(-0.,3.491481338843E-15,-1.));
#6443 = ORIENTED_EDGE('',*,*,#6315,.T.);
#6444 = ORIENTED_EDGE('',*,*,#6410,.T.);
#6445 = B_SPLINE_SURFACE_WITH_KNOTS('',3,1,(
    (#6446,#6447)
    ,(#6448,#6449)
    ,(#6450,#6451)
    ,(#6452,#6453)
    ,(#6454,#6455)
    ,(#6456,#6457)
    ,(#6458,#6459
    )),.UNSPECIFIED.,.F.,.F.,.F.,(4,1,1,1,4),(2,2),(0.,0.300541113159,
    0.567747146484,0.800033613737,1.),(0.,1.),.UNSPECIFIED.);
#6446 = CARTESIAN_POINT('',(-0.862714523152,2.123375335712,3.001));
#6447 = CARTESIAN_POINT('',(-0.862714523152,2.123375335712,3.));
#6448 = CARTESIAN_POINT('',(-0.862131481916,2.119814889568,3.001));
#6449 = CARTESIAN_POINT('',(-0.862131481916,2.119814889568,3.));
#6450 = CARTESIAN_POINT('',(-0.861030068553,2.113088910825,3.001));
#6451 = CARTESIAN_POINT('',(-0.861030068553,2.113088910825,3.));
#6452 = CARTESIAN_POINT('',(-0.859170824449,2.103664422096,3.001));
#6453 = CARTESIAN_POINT('',(-0.859170824449,2.103664422096,3.));
#6454 = CARTESIAN_POINT('',(-0.857100754155,2.095519516484,3.001));
#6455 = CARTESIAN_POINT('',(-0.857100754155,2.095519516484,3.));
#6456 = CARTESIAN_POINT('',(-0.855467186337,2.090593299105,3.001));
#6457 = CARTESIAN_POINT('',(-0.855467186337,2.090593299105,3.));
#6458 = CARTESIAN_POINT('',(-0.854711474372,2.088314360102,3.001));
#6459 = CARTESIAN_POINT('',(-0.854711474372,2.088314360102,3.));
#6460 = ADVANCED_FACE('',(#6461),#6479,.T.);
#6461 = FACE_BOUND('',#6462,.T.);
#6462 = EDGE_LOOP('',(#6463,#6471,#6477,#6478));
#6463 = ORIENTED_EDGE('',*,*,#6464,.F.);
#6464 = EDGE_CURVE('',#6465,#6427,#6467,.T.);
#6465 = VERTEX_POINT('',#6466);
#6466 = CARTESIAN_POINT('',(-0.864334187786,2.123375335712,3.));
#6467 = LINE('',#6468,#6469);
#6468 = CARTESIAN_POINT('',(-0.864334187786,2.123375335712,3.));
#6469 = VECTOR('',#6470,1.);
#6470 = DIRECTION('',(1.,0.,0.));
#6471 = ORIENTED_EDGE('',*,*,#6472,.F.);
#6472 = EDGE_CURVE('',#6328,#6465,#6473,.T.);
#6473 = LINE('',#6474,#6475);
#6474 = CARTESIAN_POINT('',(-0.864334187786,2.123375335712,3.001));
#6475 = VECTOR('',#6476,1.);
#6476 = DIRECTION('',(-0.,3.491481338843E-15,-1.));
#6477 = ORIENTED_EDGE('',*,*,#6327,.T.);
#6478 = ORIENTED_EDGE('',*,*,#6438,.T.);
#6479 = PLANE('',#6480);
#6480 = AXIS2_PLACEMENT_3D('',#6481,#6482,#6483);
#6481 = CARTESIAN_POINT('',(-0.864334187786,2.123375335712,3.001));
#6482 = DIRECTION('',(-0.,1.,3.491481338843E-15));
#6483 = DIRECTION('',(0.,-3.491481338843E-15,1.));
#6484 = ADVANCED_FACE('',(#6485),#6507,.T.);
#6485 = FACE_BOUND('',#6486,.T.);
#6486 = EDGE_LOOP('',(#6487,#6499,#6505,#6506));
#6487 = ORIENTED_EDGE('',*,*,#6488,.F.);
#6488 = EDGE_CURVE('',#6489,#6465,#6491,.T.);
#6489 = VERTEX_POINT('',#6490);
#6490 = CARTESIAN_POINT('',(-0.872051413396,2.088314360102,3.));
#6491 = B_SPLINE_CURVE_WITH_KNOTS('',3,(#6492,#6493,#6494,#6495,#6496,
    #6497,#6498),.UNSPECIFIED.,.F.,.F.,(4,1,1,1,4),(0.,0.174481715317,
    0.398285759128,0.673897847399,1.),.UNSPECIFIED.);
#6492 = CARTESIAN_POINT('',(-0.872051413396,2.088314360102,3.));
#6493 = CARTESIAN_POINT('',(-0.871427460834,2.090309277329,3.));
#6494 = CARTESIAN_POINT('',(-0.870003177383,2.094863033122,3.));
#6495 = CARTESIAN_POINT('',(-0.868136773398,2.102722562909,3.));
#6496 = CARTESIAN_POINT('',(-0.866306881425,2.112439388899,3.));
#6497 = CARTESIAN_POINT('',(-0.865027535788,2.119531648726,3.));
#6498 = CARTESIAN_POINT('',(-0.864334187786,2.123375335712,3.));
#6499 = ORIENTED_EDGE('',*,*,#6500,.F.);
#6500 = EDGE_CURVE('',#6336,#6489,#6501,.T.);
#6501 = LINE('',#6502,#6503);
#6502 = CARTESIAN_POINT('',(-0.872051413396,2.088314360102,3.001));
#6503 = VECTOR('',#6504,1.);
#6504 = DIRECTION('',(-0.,3.491481338843E-15,-1.));
#6505 = ORIENTED_EDGE('',*,*,#6335,.T.);
#6506 = ORIENTED_EDGE('',*,*,#6472,.T.);
#6507 = B_SPLINE_SURFACE_WITH_KNOTS('',3,1,(
    (#6508,#6509)
    ,(#6510,#6511)
    ,(#6512,#6513)
    ,(#6514,#6515)
    ,(#6516,#6517)
    ,(#6518,#6519)
    ,(#6520,#6521
    )),.UNSPECIFIED.,.F.,.F.,.F.,(4,1,1,1,4),(2,2),(0.,0.174481715317,
    0.398285759128,0.673897847399,1.),(0.,1.),.UNSPECIFIED.);
#6508 = CARTESIAN_POINT('',(-0.872051413396,2.088314360102,3.001));
#6509 = CARTESIAN_POINT('',(-0.872051413396,2.088314360102,3.));
#6510 = CARTESIAN_POINT('',(-0.871427460834,2.090309277329,3.001));
#6511 = CARTESIAN_POINT('',(-0.871427460834,2.090309277329,3.));
#6512 = CARTESIAN_POINT('',(-0.870003177383,2.094863033122,3.001));
#6513 = CARTESIAN_POINT('',(-0.870003177383,2.094863033122,3.));
#6514 = CARTESIAN_POINT('',(-0.868136773398,2.102722562909,3.001));
#6515 = CARTESIAN_POINT('',(-0.868136773398,2.102722562909,3.));
#6516 = CARTESIAN_POINT('',(-0.866306881425,2.112439388899,3.001));
#6517 = CARTESIAN_POINT('',(-0.866306881425,2.112439388899,3.));
#6518 = CARTESIAN_POINT('',(-0.865027535788,2.119531648726,3.001));
#6519 = CARTESIAN_POINT('',(-0.865027535788,2.119531648726,3.));
#6520 = CARTESIAN_POINT('',(-0.864334187786,2.123375335712,3.001));
#6521 = CARTESIAN_POINT('',(-0.864334187786,2.123375335712,3.));
#6522 = ADVANCED_FACE('',(#6523),#6534,.T.);
#6523 = FACE_BOUND('',#6524,.T.);
#6524 = EDGE_LOOP('',(#6525,#6531,#6532,#6533));
#6525 = ORIENTED_EDGE('',*,*,#6526,.F.);
#6526 = EDGE_CURVE('',#6374,#6489,#6527,.T.);
#6527 = LINE('',#6528,#6529);
#6528 = CARTESIAN_POINT('',(-0.947318181689,1.879472896687,3.));
#6529 = VECTOR('',#6530,1.);
#6530 = DIRECTION('',(0.339053795485,0.940766986967,3.907199631319E-15)
  );
#6531 = ORIENTED_EDGE('',*,*,#6388,.F.);
#6532 = ORIENTED_EDGE('',*,*,#6347,.T.);
#6533 = ORIENTED_EDGE('',*,*,#6500,.T.);
#6534 = PLANE('',#6535);
#6535 = AXIS2_PLACEMENT_3D('',#6536,#6537,#6538);
#6536 = CARTESIAN_POINT('',(-0.947318181689,1.879472896687,3.001));
#6537 = DIRECTION('',(-0.940766986967,0.339053795485,1.183799999801E-15)
  );
#6538 = DIRECTION('',(-0.339053795485,-0.940766986967,0.));
#6539 = ADVANCED_FACE('',(#6540),#6565,.T.);
#6540 = FACE_BOUND('',#6541,.T.);
#6541 = EDGE_LOOP('',(#6542,#6543,#6551,#6559));
#6542 = ORIENTED_EDGE('',*,*,#1763,.F.);
#6543 = ORIENTED_EDGE('',*,*,#6544,.F.);
#6544 = EDGE_CURVE('',#6545,#1764,#6547,.T.);
#6545 = VERTEX_POINT('',#6546);
#6546 = CARTESIAN_POINT('',(-0.339277023152,1.684350945468,3.001));
#6547 = LINE('',#6548,#6549);
#6548 = CARTESIAN_POINT('',(-0.339277023152,1.684350945468,3.001));
#6549 = VECTOR('',#6550,1.);
#6550 = DIRECTION('',(-0.,3.491481338843E-15,-1.));
#6551 = ORIENTED_EDGE('',*,*,#6552,.T.);
#6552 = EDGE_CURVE('',#6545,#6553,#6555,.T.);
#6553 = VERTEX_POINT('',#6554);
#6554 = CARTESIAN_POINT('',(-0.203320468274,1.684350945468,3.001));
#6555 = LINE('',#6556,#6557);
#6556 = CARTESIAN_POINT('',(-0.339277023152,1.684350945468,3.001));
#6557 = VECTOR('',#6558,1.);
#6558 = DIRECTION('',(1.,0.,0.));
#6559 = ORIENTED_EDGE('',*,*,#6560,.T.);
#6560 = EDGE_CURVE('',#6553,#1766,#6561,.T.);
#6561 = LINE('',#6562,#6563);
#6562 = CARTESIAN_POINT('',(-0.203320468274,1.684350945468,3.001));
#6563 = VECTOR('',#6564,1.);
#6564 = DIRECTION('',(-0.,3.491481338843E-15,-1.));
#6565 = PLANE('',#6566);
#6566 = AXIS2_PLACEMENT_3D('',#6567,#6568,#6569);
#6567 = CARTESIAN_POINT('',(-0.339277023152,1.684350945468,3.001));
#6568 = DIRECTION('',(-0.,1.,3.491481338843E-15));
#6569 = DIRECTION('',(0.,-3.491481338843E-15,1.));
#6570 = ADVANCED_FACE('',(#6571),#6589,.T.);
#6571 = FACE_BOUND('',#6572,.T.);
#6572 = EDGE_LOOP('',(#6573,#6574,#6575,#6583));
#6573 = ORIENTED_EDGE('',*,*,#1773,.F.);
#6574 = ORIENTED_EDGE('',*,*,#6560,.F.);
#6575 = ORIENTED_EDGE('',*,*,#6576,.T.);
#6576 = EDGE_CURVE('',#6553,#6577,#6579,.T.);
#6577 = VERTEX_POINT('',#6578);
#6578 = CARTESIAN_POINT('',(-0.203320468274,2.184350945468,3.001));
#6579 = LINE('',#6580,#6581);
#6580 = CARTESIAN_POINT('',(-0.203320468274,1.684350945468,3.001));
#6581 = VECTOR('',#6582,1.);
#6582 = DIRECTION('',(0.,1.,3.469446951954E-15));
#6583 = ORIENTED_EDGE('',*,*,#6584,.T.);
#6584 = EDGE_CURVE('',#6577,#1774,#6585,.T.);
#6585 = LINE('',#6586,#6587);
#6586 = CARTESIAN_POINT('',(-0.203320468274,2.184350945468,3.001));
#6587 = VECTOR('',#6588,1.);
#6588 = DIRECTION('',(-0.,3.491481338843E-15,-1.));
#6589 = PLANE('',#6590);
#6590 = AXIS2_PLACEMENT_3D('',#6591,#6592,#6593);
#6591 = CARTESIAN_POINT('',(-0.203320468274,1.684350945468,3.001));
#6592 = DIRECTION('',(-1.,0.,0.));
#6593 = DIRECTION('',(0.,0.,1.));
#6594 = ADVANCED_FACE('',(#6595),#6613,.T.);
#6595 = FACE_BOUND('',#6596,.T.);
#6596 = EDGE_LOOP('',(#6597,#6598,#6599,#6607));
#6597 = ORIENTED_EDGE('',*,*,#1781,.F.);
#6598 = ORIENTED_EDGE('',*,*,#6584,.F.);
#6599 = ORIENTED_EDGE('',*,*,#6600,.T.);
#6600 = EDGE_CURVE('',#6577,#6601,#6603,.T.);
#6601 = VERTEX_POINT('',#6602);
#6602 = CARTESIAN_POINT('',(-0.344421840225,2.184350945468,3.001));
#6603 = LINE('',#6604,#6605);
#6604 = CARTESIAN_POINT('',(-0.203320468274,2.184350945468,3.001));
#6605 = VECTOR('',#6606,1.);
#6606 = DIRECTION('',(-1.,0.,0.));
#6607 = ORIENTED_EDGE('',*,*,#6608,.T.);
#6608 = EDGE_CURVE('',#6601,#1782,#6609,.T.);
#6609 = LINE('',#6610,#6611);
#6610 = CARTESIAN_POINT('',(-0.344421840225,2.184350945468,3.001));
#6611 = VECTOR('',#6612,1.);
#6612 = DIRECTION('',(-0.,3.491481338843E-15,-1.));
#6613 = PLANE('',#6614);
#6614 = AXIS2_PLACEMENT_3D('',#6615,#6616,#6617);
#6615 = CARTESIAN_POINT('',(-0.203320468274,2.184350945468,3.001));
#6616 = DIRECTION('',(0.,-1.,-3.491481338843E-15));
#6617 = DIRECTION('',(0.,3.491481338843E-15,-1.));
#6618 = ADVANCED_FACE('',(#6619),#6653,.T.);
#6619 = FACE_BOUND('',#6620,.T.);
#6620 = EDGE_LOOP('',(#6621,#6622,#6623,#6647));
#6621 = ORIENTED_EDGE('',*,*,#1789,.F.);
#6622 = ORIENTED_EDGE('',*,*,#6608,.F.);
#6623 = ORIENTED_EDGE('',*,*,#6624,.T.);
#6624 = EDGE_CURVE('',#6601,#6625,#6627,.T.);
#6625 = VERTEX_POINT('',#6626);
#6626 = CARTESIAN_POINT('',(-0.605759492664,1.940639055224,3.001));
#6627 = B_SPLINE_CURVE_WITH_KNOTS('',3,(#6628,#6629,#6630,#6631,#6632,
    #6633,#6634,#6635,#6636,#6637,#6638,#6639,#6640,#6641,#6642,#6643,
    #6644,#6645,#6646),.UNSPECIFIED.,.F.,.F.,(4,1,1,1,1,1,1,1,1,1,1,1,1,
    1,1,1,4),(0.,6.86311786766E-02,0.134566466039,0.198328154011,
    0.260789766641,0.321999151484,0.382721746503,0.443537474036,
    0.505133429485,0.566213874765,0.626105864618,0.685349322161,
    0.744995870348,0.805415841815,0.867636266346,0.932307782302,1.),
  .UNSPECIFIED.);
#6628 = CARTESIAN_POINT('',(-0.344421840225,2.184350945468,3.001));
#6629 = CARTESIAN_POINT('',(-0.353607772259,2.184146199492,3.001));
#6630 = CARTESIAN_POINT('',(-0.371618805069,2.183744750136,3.001));
#6631 = CARTESIAN_POINT('',(-0.398030877162,2.180695272514,3.001));
#6632 = CARTESIAN_POINT('',(-0.423228798667,2.17540343761,3.001));
#6633 = CARTESIAN_POINT('',(-0.447281862182,2.168184188245,3.001));
#6634 = CARTESIAN_POINT('',(-0.470217929207,2.158961675973,3.001));
#6635 = CARTESIAN_POINT('',(-0.491820923109,2.14740833011,3.001));
#6636 = CARTESIAN_POINT('',(-0.512327875136,2.133925685811,3.001));
#6637 = CARTESIAN_POINT('',(-0.53147193137,2.118484501669,3.001));
#6638 = CARTESIAN_POINT('',(-0.54892106915,2.101315424425,3.001));
#6639 = CARTESIAN_POINT('',(-0.564132129604,2.082538087593,3.001));
#6640 = CARTESIAN_POINT('',(-0.577155159773,2.062403635292,3.001));
#6641 = CARTESIAN_POINT('',(-0.587635271919,2.040752866365,3.001));
#6642 = CARTESIAN_POINT('',(-0.595772766144,2.017702435155,3.001));
#6643 = CARTESIAN_POINT('',(-0.60153517322,1.993269056181,3.001));
#6644 = CARTESIAN_POINT('',(-0.60516964707,1.967425055638,3.001));
#6645 = CARTESIAN_POINT('',(-0.605559908717,1.94970253851,3.001));
#6646 = CARTESIAN_POINT('',(-0.605759492664,1.940639055224,3.001));
#6647 = ORIENTED_EDGE('',*,*,#6648,.T.);
#6648 = EDGE_CURVE('',#6625,#1790,#6649,.T.);
#6649 = LINE('',#6650,#6651);
#6650 = CARTESIAN_POINT('',(-0.605759492664,1.940639055224,3.001));
#6651 = VECTOR('',#6652,1.);
#6652 = DIRECTION('',(-0.,3.491481338843E-15,-1.));
#6653 = B_SPLINE_SURFACE_WITH_KNOTS('',3,1,(
    (#6654,#6655)
    ,(#6656,#6657)
    ,(#6658,#6659)
    ,(#6660,#6661)
    ,(#6662,#6663)
    ,(#6664,#6665)
    ,(#6666,#6667)
    ,(#6668,#6669)
    ,(#6670,#6671)
    ,(#6672,#6673)
    ,(#6674,#6675)
    ,(#6676,#6677)
    ,(#6678,#6679)
    ,(#6680,#6681)
    ,(#6682,#6683)
    ,(#6684,#6685)
    ,(#6686,#6687)
    ,(#6688,#6689)
    ,(#6690,#6691
    )),.UNSPECIFIED.,.F.,.F.,.F.,(4,1,1,1,1,1,1,1,1,1,1,1,1,1,1,1,4),(2,
    2),(0.,6.86311786766E-02,0.134566466039,0.198328154011,
    0.260789766641,0.321999151484,0.382721746503,0.443537474036,
    0.505133429485,0.566213874765,0.626105864618,0.685349322161,
    0.744995870348,0.805415841815,0.867636266346,0.932307782302,1.),(0.,
    1.),.UNSPECIFIED.);
#6654 = CARTESIAN_POINT('',(-0.344421840225,2.184350945468,3.001));
#6655 = CARTESIAN_POINT('',(-0.344421840225,2.184350945468,3.));
#6656 = CARTESIAN_POINT('',(-0.353607772259,2.184146199492,3.001));
#6657 = CARTESIAN_POINT('',(-0.353607772259,2.184146199492,3.));
#6658 = CARTESIAN_POINT('',(-0.371618805069,2.183744750136,3.001));
#6659 = CARTESIAN_POINT('',(-0.371618805069,2.183744750136,3.));
#6660 = CARTESIAN_POINT('',(-0.398030877162,2.180695272514,3.001));
#6661 = CARTESIAN_POINT('',(-0.398030877162,2.180695272514,3.));
#6662 = CARTESIAN_POINT('',(-0.423228798667,2.17540343761,3.001));
#6663 = CARTESIAN_POINT('',(-0.423228798667,2.17540343761,3.));
#6664 = CARTESIAN_POINT('',(-0.447281862182,2.168184188245,3.001));
#6665 = CARTESIAN_POINT('',(-0.447281862182,2.168184188245,3.));
#6666 = CARTESIAN_POINT('',(-0.470217929207,2.158961675973,3.001));
#6667 = CARTESIAN_POINT('',(-0.470217929207,2.158961675973,3.));
#6668 = CARTESIAN_POINT('',(-0.491820923109,2.14740833011,3.001));
#6669 = CARTESIAN_POINT('',(-0.491820923109,2.14740833011,3.));
#6670 = CARTESIAN_POINT('',(-0.512327875136,2.133925685811,3.001));
#6671 = CARTESIAN_POINT('',(-0.512327875136,2.133925685811,3.));
#6672 = CARTESIAN_POINT('',(-0.53147193137,2.118484501669,3.001));
#6673 = CARTESIAN_POINT('',(-0.53147193137,2.118484501669,3.));
#6674 = CARTESIAN_POINT('',(-0.54892106915,2.101315424425,3.001));
#6675 = CARTESIAN_POINT('',(-0.54892106915,2.101315424425,3.));
#6676 = CARTESIAN_POINT('',(-0.564132129604,2.082538087593,3.001));
#6677 = CARTESIAN_POINT('',(-0.564132129604,2.082538087593,3.));
#6678 = CARTESIAN_POINT('',(-0.577155159773,2.062403635292,3.001));
#6679 = CARTESIAN_POINT('',(-0.577155159773,2.062403635292,3.));
#6680 = CARTESIAN_POINT('',(-0.587635271919,2.040752866365,3.001));
#6681 = CARTESIAN_POINT('',(-0.587635271919,2.040752866365,3.));
#6682 = CARTESIAN_POINT('',(-0.595772766144,2.017702435155,3.001));
#6683 = CARTESIAN_POINT('',(-0.595772766144,2.017702435155,3.));
#6684 = CARTESIAN_POINT('',(-0.60153517322,1.993269056181,3.001));
#6685 = CARTESIAN_POINT('',(-0.60153517322,1.993269056181,3.));
#6686 = CARTESIAN_POINT('',(-0.60516964707,1.967425055638,3.001));
#6687 = CARTESIAN_POINT('',(-0.60516964707,1.967425055638,3.));
#6688 = CARTESIAN_POINT('',(-0.605559908717,1.94970253851,3.001));
#6689 = CARTESIAN_POINT('',(-0.605559908717,1.94970253851,3.));
#6690 = CARTESIAN_POINT('',(-0.605759492664,1.940639055224,3.001));
#6691 = CARTESIAN_POINT('',(-0.605759492664,1.940639055224,3.));
#6692 = ADVANCED_FACE('',(#6693),#6720,.T.);
#6693 = FACE_BOUND('',#6694,.T.);
#6694 = EDGE_LOOP('',(#6695,#6696,#6697,#6719));
#6695 = ORIENTED_EDGE('',*,*,#1813,.F.);
#6696 = ORIENTED_EDGE('',*,*,#6648,.F.);
#6697 = ORIENTED_EDGE('',*,*,#6698,.T.);
#6698 = EDGE_CURVE('',#6625,#6545,#6699,.T.);
#6699 = B_SPLINE_CURVE_WITH_KNOTS('',3,(#6700,#6701,#6702,#6703,#6704,
    #6705,#6706,#6707,#6708,#6709,#6710,#6711,#6712,#6713,#6714,#6715,
    #6716,#6717,#6718),.UNSPECIFIED.,.F.,.F.,(4,1,1,1,1,1,1,1,1,1,1,1,1,
    1,1,1,4),(0.,6.8068695845E-02,0.133427432819,0.196146033813,
    0.257048592449,0.316882663159,0.376187208666,0.435960335364,
    0.496535236863,0.557465343481,0.61768686341,0.677943640697,
    0.738805284806,0.800949336767,0.86481466747,0.931024781079,1.),
  .UNSPECIFIED.);
#6700 = CARTESIAN_POINT('',(-0.605759492664,1.940639055224,3.001));
#6701 = CARTESIAN_POINT('',(-0.605557559063,1.931195262971,3.001));
#6702 = CARTESIAN_POINT('',(-0.605161731265,1.912683655825,3.001));
#6703 = CARTESIAN_POINT('',(-0.601543841949,1.885667558286,3.001));
#6704 = CARTESIAN_POINT('',(-0.595768493907,1.860069041814,3.001));
#6705 = CARTESIAN_POINT('',(-0.587661612977,1.835902649395,3.001));
#6706 = CARTESIAN_POINT('',(-0.577165569922,1.81318581172,3.001));
#6707 = CARTESIAN_POINT('',(-0.56415204009,1.792001523209,3.001));
#6708 = CARTESIAN_POINT('',(-0.54897176487,1.77218826066,3.001));
#6709 = CARTESIAN_POINT('',(-0.531520740086,1.754017482026,3.001));
#6710 = CARTESIAN_POINT('',(-0.512221164302,1.737754699952,3.001));
#6711 = CARTESIAN_POINT('',(-0.491583746162,1.723291293822,3.001));
#6712 = CARTESIAN_POINT('',(-0.469431157532,1.71127413099,3.001));
#6713 = CARTESIAN_POINT('',(-0.445952603301,1.701455537184,3.001));
#6714 = CARTESIAN_POINT('',(-0.421189147514,1.693660160652,3.001));
#6715 = CARTESIAN_POINT('',(-0.395033468647,1.688352671424,3.001));
#6716 = CARTESIAN_POINT('',(-0.36760443838,1.68486346212,3.001));
#6717 = CARTESIAN_POINT('',(-0.348847381642,1.684524098156,3.001));
#6718 = CARTESIAN_POINT('',(-0.339277023152,1.684350945468,3.001));
#6719 = ORIENTED_EDGE('',*,*,#6544,.T.);
#6720 = B_SPLINE_SURFACE_WITH_KNOTS('',3,1,(
    (#6721,#6722)
    ,(#6723,#6724)
    ,(#6725,#6726)
    ,(#6727,#6728)
    ,(#6729,#6730)
    ,(#6731,#6732)
    ,(#6733,#6734)
    ,(#6735,#6736)
    ,(#6737,#6738)
    ,(#6739,#6740)
    ,(#6741,#6742)
    ,(#6743,#6744)
    ,(#6745,#6746)
    ,(#6747,#6748)
    ,(#6749,#6750)
    ,(#6751,#6752)
    ,(#6753,#6754)
    ,(#6755,#6756)
    ,(#6757,#6758
    )),.UNSPECIFIED.,.F.,.F.,.F.,(4,1,1,1,1,1,1,1,1,1,1,1,1,1,1,1,4),(2,
    2),(0.,6.8068695845E-02,0.133427432819,0.196146033813,0.257048592449
    ,0.316882663159,0.376187208666,0.435960335364,0.496535236863,
    0.557465343481,0.61768686341,0.677943640697,0.738805284806,
    0.800949336767,0.86481466747,0.931024781079,1.),(0.,1.),
  .UNSPECIFIED.);
#6721 = CARTESIAN_POINT('',(-0.605759492664,1.940639055224,3.001));
#6722 = CARTESIAN_POINT('',(-0.605759492664,1.940639055224,3.));
#6723 = CARTESIAN_POINT('',(-0.605557559063,1.931195262971,3.001));
#6724 = CARTESIAN_POINT('',(-0.605557559063,1.931195262971,3.));
#6725 = CARTESIAN_POINT('',(-0.605161731265,1.912683655825,3.001));
#6726 = CARTESIAN_POINT('',(-0.605161731265,1.912683655825,3.));
#6727 = CARTESIAN_POINT('',(-0.601543841949,1.885667558286,3.001));
#6728 = CARTESIAN_POINT('',(-0.601543841949,1.885667558286,3.));
#6729 = CARTESIAN_POINT('',(-0.595768493907,1.860069041814,3.001));
#6730 = CARTESIAN_POINT('',(-0.595768493907,1.860069041814,3.));
#6731 = CARTESIAN_POINT('',(-0.587661612977,1.835902649395,3.001));
#6732 = CARTESIAN_POINT('',(-0.587661612977,1.835902649395,3.));
#6733 = CARTESIAN_POINT('',(-0.577165569922,1.81318581172,3.001));
#6734 = CARTESIAN_POINT('',(-0.577165569922,1.81318581172,3.));
#6735 = CARTESIAN_POINT('',(-0.56415204009,1.792001523209,3.001));
#6736 = CARTESIAN_POINT('',(-0.56415204009,1.792001523209,3.));
#6737 = CARTESIAN_POINT('',(-0.54897176487,1.77218826066,3.001));
#6738 = CARTESIAN_POINT('',(-0.54897176487,1.77218826066,3.));
#6739 = CARTESIAN_POINT('',(-0.531520740086,1.754017482026,3.001));
#6740 = CARTESIAN_POINT('',(-0.531520740086,1.754017482026,3.));
#6741 = CARTESIAN_POINT('',(-0.512221164302,1.737754699952,3.001));
#6742 = CARTESIAN_POINT('',(-0.512221164302,1.737754699952,3.));
#6743 = CARTESIAN_POINT('',(-0.491583746162,1.723291293822,3.001));
#6744 = CARTESIAN_POINT('',(-0.491583746162,1.723291293822,3.));
#6745 = CARTESIAN_POINT('',(-0.469431157532,1.71127413099,3.001));
#6746 = CARTESIAN_POINT('',(-0.469431157532,1.71127413099,3.));
#6747 = CARTESIAN_POINT('',(-0.445952603301,1.701455537184,3.001));
#6748 = CARTESIAN_POINT('',(-0.445952603301,1.701455537184,3.));
#6749 = CARTESIAN_POINT('',(-0.421189147514,1.693660160652,3.001));
#6750 = CARTESIAN_POINT('',(-0.421189147514,1.693660160652,3.));
#6751 = CARTESIAN_POINT('',(-0.395033468647,1.688352671424,3.001));
#6752 = CARTESIAN_POINT('',(-0.395033468647,1.688352671424,3.));
#6753 = CARTESIAN_POINT('',(-0.36760443838,1.68486346212,3.001));
#6754 = CARTESIAN_POINT('',(-0.36760443838,1.68486346212,3.));
#6755 = CARTESIAN_POINT('',(-0.348847381642,1.684524098156,3.001));
#6756 = CARTESIAN_POINT('',(-0.348847381642,1.684524098156,3.));
#6757 = CARTESIAN_POINT('',(-0.339277023152,1.684350945468,3.001));
#6758 = CARTESIAN_POINT('',(-0.339277023152,1.684350945468,3.));
#6759 = ADVANCED_FACE('',(#6760,#6834),#6841,.T.);
#6760 = FACE_BOUND('',#6761,.T.);
#6761 = EDGE_LOOP('',(#6762,#6788,#6812,#6820,#6828));
#6762 = ORIENTED_EDGE('',*,*,#6763,.F.);
#6763 = EDGE_CURVE('',#6764,#6766,#6768,.T.);
#6764 = VERTEX_POINT('',#6765);
#6765 = CARTESIAN_POINT('',(-0.538686321933,1.93920993937,3.001));
#6766 = VERTEX_POINT('',#6767);
#6767 = CARTESIAN_POINT('',(-0.344136017055,2.129472896687,3.001));
#6768 = B_SPLINE_CURVE_WITH_KNOTS('',3,(#6769,#6770,#6771,#6772,#6773,
    #6774,#6775,#6776,#6777,#6778,#6779,#6780,#6781,#6782,#6783,#6784,
    #6785,#6786,#6787),.UNSPECIFIED.,.F.,.F.,(4,1,1,1,1,1,1,1,1,1,1,1,1,
    1,1,1,4),(0.,7.430379644282E-02,0.144393610364,0.210499496103,
    0.273542606503,0.333824744579,0.392529672409,0.4500874546,
    0.507820611556,0.565464912777,0.623148722334,0.681297192791,
    0.740913498157,0.801855752196,0.865241237721,0.930941657047,1.),
  .UNSPECIFIED.);
#6769 = CARTESIAN_POINT('',(-0.538686321933,1.93920993937,3.001));
#6770 = CARTESIAN_POINT('',(-0.538522431641,1.946870381939,3.001));
#6771 = CARTESIAN_POINT('',(-0.53820394575,1.961756821293,3.001));
#6772 = CARTESIAN_POINT('',(-0.535725838649,1.983347325226,3.001));
#6773 = CARTESIAN_POINT('',(-0.531572846126,2.003490812794,3.001));
#6774 = CARTESIAN_POINT('',(-0.525668440789,2.022140186199,3.001));
#6775 = CARTESIAN_POINT('',(-0.518132175609,2.039367356173,3.001));
#6776 = CARTESIAN_POINT('',(-0.508852259859,2.055073620387,3.001));
#6777 = CARTESIAN_POINT('',(-0.497900626332,2.06933597877,3.001));
#6778 = CARTESIAN_POINT('',(-0.485278852119,2.081990764969,3.001));
#6779 = CARTESIAN_POINT('',(-0.471296839698,2.093116148364,3.001));
#6780 = CARTESIAN_POINT('',(-0.456298342472,2.102907033439,3.001));
#6781 = CARTESIAN_POINT('',(-0.440153252709,2.111127853615,3.001));
#6782 = CARTESIAN_POINT('',(-0.422988036767,2.117883316633,3.001));
#6783 = CARTESIAN_POINT('',(-0.404744600377,2.123154593416,3.001));
#6784 = CARTESIAN_POINT('',(-0.385478913328,2.126813393884,3.001));
#6785 = CARTESIAN_POINT('',(-0.36514874291,2.129040528773,3.001));
#6786 = CARTESIAN_POINT('',(-0.351255655158,2.129326399603,3.001));
#6787 = CARTESIAN_POINT('',(-0.344136017055,2.129472896687,3.001));
#6788 = ORIENTED_EDGE('',*,*,#6789,.F.);
#6789 = EDGE_CURVE('',#6790,#6764,#6792,.T.);
#6790 = VERTEX_POINT('',#6791);
#6791 = CARTESIAN_POINT('',(-0.341373059738,1.739228994248,3.001));
#6792 = B_SPLINE_CURVE_WITH_KNOTS('',3,(#6793,#6794,#6795,#6796,#6797,
    #6798,#6799,#6800,#6801,#6802,#6803,#6804,#6805,#6806,#6807,#6808,
    #6809,#6810,#6811),.UNSPECIFIED.,.F.,.F.,(4,1,1,1,1,1,1,1,1,1,1,1,1,
    1,1,1,4),(0.,7.082657255516E-02,0.13816903328,0.202475331534,
    0.263973754414,0.323380320598,0.381797622713,0.439390074519,
    0.496902724546,0.554662169609,0.612741878492,0.671538836391,
    0.73165572209,0.794297811614,0.859482204979,0.927681325453,1.),
  .UNSPECIFIED.);
#6793 = CARTESIAN_POINT('',(-0.341373059738,1.739228994248,3.001));
#6794 = CARTESIAN_POINT('',(-0.348906844123,1.739391848707,3.001));
#6795 = CARTESIAN_POINT('',(-0.363603809796,1.739709546462,3.001));
#6796 = CARTESIAN_POINT('',(-0.385022088068,1.742232447268,3.001));
#6797 = CARTESIAN_POINT('',(-0.405180520639,1.746283744526,3.001));
#6798 = CARTESIAN_POINT('',(-0.424081776954,1.751958991939,3.001));
#6799 = CARTESIAN_POINT('',(-0.441643970445,1.759481802294,3.001));
#6800 = CARTESIAN_POINT('',(-0.458008776908,1.768509601532,3.001));
#6801 = CARTESIAN_POINT('',(-0.473063792868,1.779252511138,3.001));
#6802 = CARTESIAN_POINT('',(-0.486747990294,1.791590041494,3.001));
#6803 = CARTESIAN_POINT('',(-0.49894536224,1.805460756854,3.001));
#6804 = CARTESIAN_POINT('',(-0.509706545173,1.820647678533,3.001));
#6805 = CARTESIAN_POINT('',(-0.518647300252,1.837257326278,3.001));
#6806 = CARTESIAN_POINT('',(-0.52605104536,1.855124970951,3.001));
#6807 = CARTESIAN_POINT('',(-0.531708554773,1.874329351002,3.001));
#6808 = CARTESIAN_POINT('',(-0.535809693452,1.894793532613,3.001));
#6809 = CARTESIAN_POINT('',(-0.53817847748,1.916574251927,3.001));
#6810 = CARTESIAN_POINT('',(-0.538513763922,1.931518668618,3.001));
#6811 = CARTESIAN_POINT('',(-0.538686321933,1.93920993937,3.001));
#6812 = ORIENTED_EDGE('',*,*,#6813,.F.);
#6813 = EDGE_CURVE('',#6814,#6790,#6816,.T.);
#6814 = VERTEX_POINT('',#6815);
#6815 = CARTESIAN_POINT('',(-0.270393639006,1.739228994248,3.001));
#6816 = LINE('',#6817,#6818);
#6817 = CARTESIAN_POINT('',(-0.270393639006,1.739228994248,3.001));
#6818 = VECTOR('',#6819,1.);
#6819 = DIRECTION('',(-1.,0.,0.));
#6820 = ORIENTED_EDGE('',*,*,#6821,.F.);
#6821 = EDGE_CURVE('',#6822,#6814,#6824,.T.);
#6822 = VERTEX_POINT('',#6823);
#6823 = CARTESIAN_POINT('',(-0.270393639006,2.129472896687,3.001));
#6824 = LINE('',#6825,#6826);
#6825 = CARTESIAN_POINT('',(-0.270393639006,2.129472896687,3.001));
#6826 = VECTOR('',#6827,1.);
#6827 = DIRECTION('',(0.,-1.,-3.333921680393E-15));
#6828 = ORIENTED_EDGE('',*,*,#6829,.F.);
#6829 = EDGE_CURVE('',#6766,#6822,#6830,.T.);
#6830 = LINE('',#6831,#6832);
#6831 = CARTESIAN_POINT('',(-0.344136017055,2.129472896687,3.001));
#6832 = VECTOR('',#6833,1.);
#6833 = DIRECTION('',(1.,0.,0.));
#6834 = FACE_BOUND('',#6835,.T.);
#6835 = EDGE_LOOP('',(#6836,#6837,#6838,#6839,#6840));
#6836 = ORIENTED_EDGE('',*,*,#6552,.F.);
#6837 = ORIENTED_EDGE('',*,*,#6698,.F.);
#6838 = ORIENTED_EDGE('',*,*,#6624,.F.);
#6839 = ORIENTED_EDGE('',*,*,#6600,.F.);
#6840 = ORIENTED_EDGE('',*,*,#6576,.F.);
#6841 = PLANE('',#6842);
#6842 = AXIS2_PLACEMENT_3D('',#6843,#6844,#6845);
#6843 = CARTESIAN_POINT('',(-0.529710262075,2.119501295683,3.001));
#6844 = DIRECTION('',(3.928169181234E-15,-1.762373833533E-13,-1.));
#6845 = DIRECTION('',(0.,1.,-1.762373833533E-13));
#6846 = ADVANCED_FACE('',(#6847),#6872,.T.);
#6847 = FACE_BOUND('',#6848,.T.);
#6848 = EDGE_LOOP('',(#6849,#6859,#6865,#6866));
#6849 = ORIENTED_EDGE('',*,*,#6850,.F.);
#6850 = EDGE_CURVE('',#6851,#6853,#6855,.T.);
#6851 = VERTEX_POINT('',#6852);
#6852 = CARTESIAN_POINT('',(-0.344136017055,2.129472896687,3.));
#6853 = VERTEX_POINT('',#6854);
#6854 = CARTESIAN_POINT('',(-0.270393639006,2.129472896687,3.));
#6855 = LINE('',#6856,#6857);
#6856 = CARTESIAN_POINT('',(-0.344136017055,2.129472896687,3.));
#6857 = VECTOR('',#6858,1.);
#6858 = DIRECTION('',(1.,0.,0.));
#6859 = ORIENTED_EDGE('',*,*,#6860,.F.);
#6860 = EDGE_CURVE('',#6766,#6851,#6861,.T.);
#6861 = LINE('',#6862,#6863);
#6862 = CARTESIAN_POINT('',(-0.344136017055,2.129472896687,3.001));
#6863 = VECTOR('',#6864,1.);
#6864 = DIRECTION('',(-0.,3.491481338843E-15,-1.));
#6865 = ORIENTED_EDGE('',*,*,#6829,.T.);
#6866 = ORIENTED_EDGE('',*,*,#6867,.T.);
#6867 = EDGE_CURVE('',#6822,#6853,#6868,.T.);
#6868 = LINE('',#6869,#6870);
#6869 = CARTESIAN_POINT('',(-0.270393639006,2.129472896687,3.001));
#6870 = VECTOR('',#6871,1.);
#6871 = DIRECTION('',(-0.,3.491481338843E-15,-1.));
#6872 = PLANE('',#6873);
#6873 = AXIS2_PLACEMENT_3D('',#6874,#6875,#6876);
#6874 = CARTESIAN_POINT('',(-0.344136017055,2.129472896687,3.001));
#6875 = DIRECTION('',(-0.,1.,3.491481338843E-15));
#6876 = DIRECTION('',(0.,-3.491481338843E-15,1.));
#6877 = ADVANCED_FACE('',(#6878),#6912,.T.);
#6878 = FACE_BOUND('',#6879,.T.);
#6879 = EDGE_LOOP('',(#6880,#6904,#6910,#6911));
#6880 = ORIENTED_EDGE('',*,*,#6881,.F.);
#6881 = EDGE_CURVE('',#6882,#6851,#6884,.T.);
#6882 = VERTEX_POINT('',#6883);
#6883 = CARTESIAN_POINT('',(-0.538686321933,1.93920993937,3.));
#6884 = B_SPLINE_CURVE_WITH_KNOTS('',3,(#6885,#6886,#6887,#6888,#6889,
    #6890,#6891,#6892,#6893,#6894,#6895,#6896,#6897,#6898,#6899,#6900,
    #6901,#6902,#6903),.UNSPECIFIED.,.F.,.F.,(4,1,1,1,1,1,1,1,1,1,1,1,1,
    1,1,1,4),(0.,7.430379644282E-02,0.144393610364,0.210499496103,
    0.273542606503,0.333824744579,0.392529672409,0.4500874546,
    0.507820611556,0.565464912777,0.623148722334,0.681297192791,
    0.740913498157,0.801855752196,0.865241237721,0.930941657047,1.),
  .UNSPECIFIED.);
#6885 = CARTESIAN_POINT('',(-0.538686321933,1.93920993937,3.));
#6886 = CARTESIAN_POINT('',(-0.538522431641,1.946870381939,3.));
#6887 = CARTESIAN_POINT('',(-0.53820394575,1.961756821293,3.));
#6888 = CARTESIAN_POINT('',(-0.535725838649,1.983347325226,3.));
#6889 = CARTESIAN_POINT('',(-0.531572846126,2.003490812794,3.));
#6890 = CARTESIAN_POINT('',(-0.525668440789,2.022140186199,3.));
#6891 = CARTESIAN_POINT('',(-0.518132175609,2.039367356173,3.));
#6892 = CARTESIAN_POINT('',(-0.508852259859,2.055073620387,3.));
#6893 = CARTESIAN_POINT('',(-0.497900626332,2.06933597877,3.));
#6894 = CARTESIAN_POINT('',(-0.485278852119,2.081990764969,3.));
#6895 = CARTESIAN_POINT('',(-0.471296839698,2.093116148364,3.));
#6896 = CARTESIAN_POINT('',(-0.456298342472,2.102907033439,3.));
#6897 = CARTESIAN_POINT('',(-0.440153252709,2.111127853615,3.));
#6898 = CARTESIAN_POINT('',(-0.422988036767,2.117883316633,3.));
#6899 = CARTESIAN_POINT('',(-0.404744600377,2.123154593416,3.));
#6900 = CARTESIAN_POINT('',(-0.385478913328,2.126813393884,3.));
#6901 = CARTESIAN_POINT('',(-0.36514874291,2.129040528773,3.));
#6902 = CARTESIAN_POINT('',(-0.351255655158,2.129326399603,3.));
#6903 = CARTESIAN_POINT('',(-0.344136017055,2.129472896687,3.));
#6904 = ORIENTED_EDGE('',*,*,#6905,.F.);
#6905 = EDGE_CURVE('',#6764,#6882,#6906,.T.);
#6906 = LINE('',#6907,#6908);
#6907 = CARTESIAN_POINT('',(-0.538686321933,1.93920993937,3.001));
#6908 = VECTOR('',#6909,1.);
#6909 = DIRECTION('',(-0.,3.491481338843E-15,-1.));
#6910 = ORIENTED_EDGE('',*,*,#6763,.T.);
#6911 = ORIENTED_EDGE('',*,*,#6860,.T.);
#6912 = B_SPLINE_SURFACE_WITH_KNOTS('',3,1,(
    (#6913,#6914)
    ,(#6915,#6916)
    ,(#6917,#6918)
    ,(#6919,#6920)
    ,(#6921,#6922)
    ,(#6923,#6924)
    ,(#6925,#6926)
    ,(#6927,#6928)
    ,(#6929,#6930)
    ,(#6931,#6932)
    ,(#6933,#6934)
    ,(#6935,#6936)
    ,(#6937,#6938)
    ,(#6939,#6940)
    ,(#6941,#6942)
    ,(#6943,#6944)
    ,(#6945,#6946)
    ,(#6947,#6948)
    ,(#6949,#6950
    )),.UNSPECIFIED.,.F.,.F.,.F.,(4,1,1,1,1,1,1,1,1,1,1,1,1,1,1,1,4),(2,
    2),(0.,7.430379644282E-02,0.144393610364,0.210499496103,
    0.273542606503,0.333824744579,0.392529672409,0.4500874546,
    0.507820611556,0.565464912777,0.623148722334,0.681297192791,
    0.740913498157,0.801855752196,0.865241237721,0.930941657047,1.),(0.,
    1.),.UNSPECIFIED.);
#6913 = CARTESIAN_POINT('',(-0.538686321933,1.93920993937,3.001));
#6914 = CARTESIAN_POINT('',(-0.538686321933,1.93920993937,3.));
#6915 = CARTESIAN_POINT('',(-0.538522431641,1.946870381939,3.001));
#6916 = CARTESIAN_POINT('',(-0.538522431641,1.946870381939,3.));
#6917 = CARTESIAN_POINT('',(-0.53820394575,1.961756821293,3.001));
#6918 = CARTESIAN_POINT('',(-0.53820394575,1.961756821293,3.));
#6919 = CARTESIAN_POINT('',(-0.535725838649,1.983347325226,3.001));
#6920 = CARTESIAN_POINT('',(-0.535725838649,1.983347325226,3.));
#6921 = CARTESIAN_POINT('',(-0.531572846126,2.003490812794,3.001));
#6922 = CARTESIAN_POINT('',(-0.531572846126,2.003490812794,3.));
#6923 = CARTESIAN_POINT('',(-0.525668440789,2.022140186199,3.001));
#6924 = CARTESIAN_POINT('',(-0.525668440789,2.022140186199,3.));
#6925 = CARTESIAN_POINT('',(-0.518132175609,2.039367356173,3.001));
#6926 = CARTESIAN_POINT('',(-0.518132175609,2.039367356173,3.));
#6927 = CARTESIAN_POINT('',(-0.508852259859,2.055073620387,3.001));
#6928 = CARTESIAN_POINT('',(-0.508852259859,2.055073620387,3.));
#6929 = CARTESIAN_POINT('',(-0.497900626332,2.06933597877,3.001));
#6930 = CARTESIAN_POINT('',(-0.497900626332,2.06933597877,3.));
#6931 = CARTESIAN_POINT('',(-0.485278852119,2.081990764969,3.001));
#6932 = CARTESIAN_POINT('',(-0.485278852119,2.081990764969,3.));
#6933 = CARTESIAN_POINT('',(-0.471296839698,2.093116148364,3.001));
#6934 = CARTESIAN_POINT('',(-0.471296839698,2.093116148364,3.));
#6935 = CARTESIAN_POINT('',(-0.456298342472,2.102907033439,3.001));
#6936 = CARTESIAN_POINT('',(-0.456298342472,2.102907033439,3.));
#6937 = CARTESIAN_POINT('',(-0.440153252709,2.111127853615,3.001));
#6938 = CARTESIAN_POINT('',(-0.440153252709,2.111127853615,3.));
#6939 = CARTESIAN_POINT('',(-0.422988036767,2.117883316633,3.001));
#6940 = CARTESIAN_POINT('',(-0.422988036767,2.117883316633,3.));
#6941 = CARTESIAN_POINT('',(-0.404744600377,2.123154593416,3.001));
#6942 = CARTESIAN_POINT('',(-0.404744600377,2.123154593416,3.));
#6943 = CARTESIAN_POINT('',(-0.385478913328,2.126813393884,3.001));
#6944 = CARTESIAN_POINT('',(-0.385478913328,2.126813393884,3.));
#6945 = CARTESIAN_POINT('',(-0.36514874291,2.129040528773,3.001));
#6946 = CARTESIAN_POINT('',(-0.36514874291,2.129040528773,3.));
#6947 = CARTESIAN_POINT('',(-0.351255655158,2.129326399603,3.001));
#6948 = CARTESIAN_POINT('',(-0.351255655158,2.129326399603,3.));
#6949 = CARTESIAN_POINT('',(-0.344136017055,2.129472896687,3.001));
#6950 = CARTESIAN_POINT('',(-0.344136017055,2.129472896687,3.));
#6951 = ADVANCED_FACE('',(#6952),#6986,.T.);
#6952 = FACE_BOUND('',#6953,.T.);
#6953 = EDGE_LOOP('',(#6954,#6978,#6984,#6985));
#6954 = ORIENTED_EDGE('',*,*,#6955,.F.);
#6955 = EDGE_CURVE('',#6956,#6882,#6958,.T.);
#6956 = VERTEX_POINT('',#6957);
#6957 = CARTESIAN_POINT('',(-0.341373059738,1.739228994248,3.));
#6958 = B_SPLINE_CURVE_WITH_KNOTS('',3,(#6959,#6960,#6961,#6962,#6963,
    #6964,#6965,#6966,#6967,#6968,#6969,#6970,#6971,#6972,#6973,#6974,
    #6975,#6976,#6977),.UNSPECIFIED.,.F.,.F.,(4,1,1,1,1,1,1,1,1,1,1,1,1,
    1,1,1,4),(0.,7.082657255516E-02,0.13816903328,0.202475331534,
    0.263973754414,0.323380320598,0.381797622713,0.439390074519,
    0.496902724546,0.554662169609,0.612741878492,0.671538836391,
    0.73165572209,0.794297811614,0.859482204979,0.927681325453,1.),
  .UNSPECIFIED.);
#6959 = CARTESIAN_POINT('',(-0.341373059738,1.739228994248,3.));
#6960 = CARTESIAN_POINT('',(-0.348906844123,1.739391848707,3.));
#6961 = CARTESIAN_POINT('',(-0.363603809796,1.739709546462,3.));
#6962 = CARTESIAN_POINT('',(-0.385022088068,1.742232447268,3.));
#6963 = CARTESIAN_POINT('',(-0.405180520639,1.746283744526,3.));
#6964 = CARTESIAN_POINT('',(-0.424081776954,1.751958991939,3.));
#6965 = CARTESIAN_POINT('',(-0.441643970445,1.759481802294,3.));
#6966 = CARTESIAN_POINT('',(-0.458008776908,1.768509601532,3.));
#6967 = CARTESIAN_POINT('',(-0.473063792868,1.779252511138,3.));
#6968 = CARTESIAN_POINT('',(-0.486747990294,1.791590041494,3.));
#6969 = CARTESIAN_POINT('',(-0.49894536224,1.805460756854,3.));
#6970 = CARTESIAN_POINT('',(-0.509706545173,1.820647678533,3.));
#6971 = CARTESIAN_POINT('',(-0.518647300252,1.837257326278,3.));
#6972 = CARTESIAN_POINT('',(-0.52605104536,1.855124970951,3.));
#6973 = CARTESIAN_POINT('',(-0.531708554773,1.874329351002,3.));
#6974 = CARTESIAN_POINT('',(-0.535809693452,1.894793532613,3.));
#6975 = CARTESIAN_POINT('',(-0.53817847748,1.916574251927,3.));
#6976 = CARTESIAN_POINT('',(-0.538513763922,1.931518668618,3.));
#6977 = CARTESIAN_POINT('',(-0.538686321933,1.93920993937,3.));
#6978 = ORIENTED_EDGE('',*,*,#6979,.F.);
#6979 = EDGE_CURVE('',#6790,#6956,#6980,.T.);
#6980 = LINE('',#6981,#6982);
#6981 = CARTESIAN_POINT('',(-0.341373059738,1.739228994248,3.001));
#6982 = VECTOR('',#6983,1.);
#6983 = DIRECTION('',(-0.,3.491481338843E-15,-1.));
#6984 = ORIENTED_EDGE('',*,*,#6789,.T.);
#6985 = ORIENTED_EDGE('',*,*,#6905,.T.);
#6986 = B_SPLINE_SURFACE_WITH_KNOTS('',3,1,(
    (#6987,#6988)
    ,(#6989,#6990)
    ,(#6991,#6992)
    ,(#6993,#6994)
    ,(#6995,#6996)
    ,(#6997,#6998)
    ,(#6999,#7000)
    ,(#7001,#7002)
    ,(#7003,#7004)
    ,(#7005,#7006)
    ,(#7007,#7008)
    ,(#7009,#7010)
    ,(#7011,#7012)
    ,(#7013,#7014)
    ,(#7015,#7016)
    ,(#7017,#7018)
    ,(#7019,#7020)
    ,(#7021,#7022)
    ,(#7023,#7024
    )),.UNSPECIFIED.,.F.,.F.,.F.,(4,1,1,1,1,1,1,1,1,1,1,1,1,1,1,1,4),(2,
    2),(0.,7.082657255516E-02,0.13816903328,0.202475331534,
    0.263973754414,0.323380320598,0.381797622713,0.439390074519,
    0.496902724546,0.554662169609,0.612741878492,0.671538836391,
    0.73165572209,0.794297811614,0.859482204979,0.927681325453,1.),(0.,
    1.),.UNSPECIFIED.);
#6987 = CARTESIAN_POINT('',(-0.341373059738,1.739228994248,3.001));
#6988 = CARTESIAN_POINT('',(-0.341373059738,1.739228994248,3.));
#6989 = CARTESIAN_POINT('',(-0.348906844123,1.739391848707,3.001));
#6990 = CARTESIAN_POINT('',(-0.348906844123,1.739391848707,3.));
#6991 = CARTESIAN_POINT('',(-0.363603809796,1.739709546462,3.001));
#6992 = CARTESIAN_POINT('',(-0.363603809796,1.739709546462,3.));
#6993 = CARTESIAN_POINT('',(-0.385022088068,1.742232447268,3.001));
#6994 = CARTESIAN_POINT('',(-0.385022088068,1.742232447268,3.));
#6995 = CARTESIAN_POINT('',(-0.405180520639,1.746283744526,3.001));
#6996 = CARTESIAN_POINT('',(-0.405180520639,1.746283744526,3.));
#6997 = CARTESIAN_POINT('',(-0.424081776954,1.751958991939,3.001));
#6998 = CARTESIAN_POINT('',(-0.424081776954,1.751958991939,3.));
#6999 = CARTESIAN_POINT('',(-0.441643970445,1.759481802294,3.001));
#7000 = CARTESIAN_POINT('',(-0.441643970445,1.759481802294,3.));
#7001 = CARTESIAN_POINT('',(-0.458008776908,1.768509601532,3.001));
#7002 = CARTESIAN_POINT('',(-0.458008776908,1.768509601532,3.));
#7003 = CARTESIAN_POINT('',(-0.473063792868,1.779252511138,3.001));
#7004 = CARTESIAN_POINT('',(-0.473063792868,1.779252511138,3.));
#7005 = CARTESIAN_POINT('',(-0.486747990294,1.791590041494,3.001));
#7006 = CARTESIAN_POINT('',(-0.486747990294,1.791590041494,3.));
#7007 = CARTESIAN_POINT('',(-0.49894536224,1.805460756854,3.001));
#7008 = CARTESIAN_POINT('',(-0.49894536224,1.805460756854,3.));
#7009 = CARTESIAN_POINT('',(-0.509706545173,1.820647678533,3.001));
#7010 = CARTESIAN_POINT('',(-0.509706545173,1.820647678533,3.));
#7011 = CARTESIAN_POINT('',(-0.518647300252,1.837257326278,3.001));
#7012 = CARTESIAN_POINT('',(-0.518647300252,1.837257326278,3.));
#7013 = CARTESIAN_POINT('',(-0.52605104536,1.855124970951,3.001));
#7014 = CARTESIAN_POINT('',(-0.52605104536,1.855124970951,3.));
#7015 = CARTESIAN_POINT('',(-0.531708554773,1.874329351002,3.001));
#7016 = CARTESIAN_POINT('',(-0.531708554773,1.874329351002,3.));
#7017 = CARTESIAN_POINT('',(-0.535809693452,1.894793532613,3.001));
#7018 = CARTESIAN_POINT('',(-0.535809693452,1.894793532613,3.));
#7019 = CARTESIAN_POINT('',(-0.53817847748,1.916574251927,3.001));
#7020 = CARTESIAN_POINT('',(-0.53817847748,1.916574251927,3.));
#7021 = CARTESIAN_POINT('',(-0.538513763922,1.931518668618,3.001));
#7022 = CARTESIAN_POINT('',(-0.538513763922,1.931518668618,3.));
#7023 = CARTESIAN_POINT('',(-0.538686321933,1.93920993937,3.001));
#7024 = CARTESIAN_POINT('',(-0.538686321933,1.93920993937,3.));
#7025 = ADVANCED_FACE('',(#7026),#7044,.T.);
#7026 = FACE_BOUND('',#7027,.T.);
#7027 = EDGE_LOOP('',(#7028,#7036,#7042,#7043));
#7028 = ORIENTED_EDGE('',*,*,#7029,.F.);
#7029 = EDGE_CURVE('',#7030,#6956,#7032,.T.);
#7030 = VERTEX_POINT('',#7031);
#7031 = CARTESIAN_POINT('',(-0.270393639006,1.739228994248,3.));
#7032 = LINE('',#7033,#7034);
#7033 = CARTESIAN_POINT('',(-0.270393639006,1.739228994248,3.));
#7034 = VECTOR('',#7035,1.);
#7035 = DIRECTION('',(-1.,0.,0.));
#7036 = ORIENTED_EDGE('',*,*,#7037,.F.);
#7037 = EDGE_CURVE('',#6814,#7030,#7038,.T.);
#7038 = LINE('',#7039,#7040);
#7039 = CARTESIAN_POINT('',(-0.270393639006,1.739228994248,3.001));
#7040 = VECTOR('',#7041,1.);
#7041 = DIRECTION('',(-0.,3.491481338843E-15,-1.));
#7042 = ORIENTED_EDGE('',*,*,#6813,.T.);
#7043 = ORIENTED_EDGE('',*,*,#6979,.T.);
#7044 = PLANE('',#7045);
#7045 = AXIS2_PLACEMENT_3D('',#7046,#7047,#7048);
#7046 = CARTESIAN_POINT('',(-0.270393639006,1.739228994248,3.001));
#7047 = DIRECTION('',(0.,-1.,-3.491481338843E-15));
#7048 = DIRECTION('',(0.,3.491481338843E-15,-1.));
#7049 = ADVANCED_FACE('',(#7050),#7061,.T.);
#7050 = FACE_BOUND('',#7051,.T.);
#7051 = EDGE_LOOP('',(#7052,#7058,#7059,#7060));
#7052 = ORIENTED_EDGE('',*,*,#7053,.F.);
#7053 = EDGE_CURVE('',#6853,#7030,#7054,.T.);
#7054 = LINE('',#7055,#7056);
#7055 = CARTESIAN_POINT('',(-0.270393639006,2.129472896687,3.));
#7056 = VECTOR('',#7057,1.);
#7057 = DIRECTION('',(0.,-1.,-3.333921680393E-15));
#7058 = ORIENTED_EDGE('',*,*,#6867,.F.);
#7059 = ORIENTED_EDGE('',*,*,#6821,.T.);
#7060 = ORIENTED_EDGE('',*,*,#7037,.T.);
#7061 = PLANE('',#7062);
#7062 = AXIS2_PLACEMENT_3D('',#7063,#7064,#7065);
#7063 = CARTESIAN_POINT('',(-0.270393639006,2.129472896687,3.001));
#7064 = DIRECTION('',(1.,0.,0.));
#7065 = DIRECTION('',(0.,0.,-1.));
#7066 = ADVANCED_FACE('',(#7067),#7092,.T.);
#7067 = FACE_BOUND('',#7068,.T.);
#7068 = EDGE_LOOP('',(#7069,#7070,#7078,#7086));
#7069 = ORIENTED_EDGE('',*,*,#1937,.F.);
#7070 = ORIENTED_EDGE('',*,*,#7071,.F.);
#7071 = EDGE_CURVE('',#7072,#1938,#7074,.T.);
#7072 = VERTEX_POINT('',#7073);
#7073 = CARTESIAN_POINT('',(-0.105759492664,1.739228994248,3.001));
#7074 = LINE('',#7075,#7076);
#7075 = CARTESIAN_POINT('',(-0.105759492664,1.739228994248,3.001));
#7076 = VECTOR('',#7077,1.);
#7077 = DIRECTION('',(-0.,3.491481338843E-15,-1.));
#7078 = ORIENTED_EDGE('',*,*,#7079,.T.);
#7079 = EDGE_CURVE('',#7072,#7080,#7082,.T.);
#7080 = VERTEX_POINT('',#7081);
#7081 = CARTESIAN_POINT('',(-0.105759492664,1.684350945468,3.001));
#7082 = LINE('',#7083,#7084);
#7083 = CARTESIAN_POINT('',(-0.105759492664,1.739228994248,3.001));
#7084 = VECTOR('',#7085,1.);
#7085 = DIRECTION('',(0.,-1.,0.));
#7086 = ORIENTED_EDGE('',*,*,#7087,.T.);
#7087 = EDGE_CURVE('',#7080,#1940,#7088,.T.);
#7088 = LINE('',#7089,#7090);
#7089 = CARTESIAN_POINT('',(-0.105759492664,1.684350945468,3.001));
#7090 = VECTOR('',#7091,1.);
#7091 = DIRECTION('',(-0.,3.491481338843E-15,-1.));
#7092 = PLANE('',#7093);
#7093 = AXIS2_PLACEMENT_3D('',#7094,#7095,#7096);
#7094 = CARTESIAN_POINT('',(-0.105759492664,1.739228994248,3.001));
#7095 = DIRECTION('',(1.,0.,0.));
#7096 = DIRECTION('',(0.,0.,-1.));
#7097 = ADVANCED_FACE('',(#7098),#7116,.T.);
#7098 = FACE_BOUND('',#7099,.T.);
#7099 = EDGE_LOOP('',(#7100,#7101,#7102,#7110));
#7100 = ORIENTED_EDGE('',*,*,#1947,.F.);
#7101 = ORIENTED_EDGE('',*,*,#7087,.F.);
#7102 = ORIENTED_EDGE('',*,*,#7103,.T.);
#7103 = EDGE_CURVE('',#7080,#7104,#7106,.T.);
#7104 = VERTEX_POINT('',#7105);
#7105 = CARTESIAN_POINT('',(0.162533190262,1.684350945468,3.001));
#7106 = LINE('',#7107,#7108);
#7107 = CARTESIAN_POINT('',(-0.105759492664,1.684350945468,3.001));
#7108 = VECTOR('',#7109,1.);
#7109 = DIRECTION('',(1.,0.,0.));
#7110 = ORIENTED_EDGE('',*,*,#7111,.T.);
#7111 = EDGE_CURVE('',#7104,#1948,#7112,.T.);
#7112 = LINE('',#7113,#7114);
#7113 = CARTESIAN_POINT('',(0.162533190262,1.684350945468,3.001));
#7114 = VECTOR('',#7115,1.);
#7115 = DIRECTION('',(-0.,3.491481338843E-15,-1.));
#7116 = PLANE('',#7117);
#7117 = AXIS2_PLACEMENT_3D('',#7118,#7119,#7120);
#7118 = CARTESIAN_POINT('',(-0.105759492664,1.684350945468,3.001));
#7119 = DIRECTION('',(-0.,1.,3.491481338843E-15));
#7120 = DIRECTION('',(0.,-3.491481338843E-15,1.));
#7121 = ADVANCED_FACE('',(#7122),#7140,.T.);
#7122 = FACE_BOUND('',#7123,.T.);
#7123 = EDGE_LOOP('',(#7124,#7125,#7126,#7134));
#7124 = ORIENTED_EDGE('',*,*,#1955,.F.);
#7125 = ORIENTED_EDGE('',*,*,#7111,.F.);
#7126 = ORIENTED_EDGE('',*,*,#7127,.T.);
#7127 = EDGE_CURVE('',#7104,#7128,#7130,.T.);
#7128 = VERTEX_POINT('',#7129);
#7129 = CARTESIAN_POINT('',(0.162533190262,2.184350945468,3.001));
#7130 = LINE('',#7131,#7132);
#7131 = CARTESIAN_POINT('',(0.162533190262,1.684350945468,3.001));
#7132 = VECTOR('',#7133,1.);
#7133 = DIRECTION('',(0.,1.,3.469446951954E-15));
#7134 = ORIENTED_EDGE('',*,*,#7135,.T.);
#7135 = EDGE_CURVE('',#7128,#1956,#7136,.T.);
#7136 = LINE('',#7137,#7138);
#7137 = CARTESIAN_POINT('',(0.162533190262,2.184350945468,3.001));
#7138 = VECTOR('',#7139,1.);
#7139 = DIRECTION('',(-0.,3.491481338843E-15,-1.));
#7140 = PLANE('',#7141);
#7141 = AXIS2_PLACEMENT_3D('',#7142,#7143,#7144);
#7142 = CARTESIAN_POINT('',(0.162533190262,1.684350945468,3.001));
#7143 = DIRECTION('',(-1.,0.,0.));
#7144 = DIRECTION('',(0.,0.,1.));
#7145 = ADVANCED_FACE('',(#7146),#7164,.T.);
#7146 = FACE_BOUND('',#7147,.T.);
#7147 = EDGE_LOOP('',(#7148,#7149,#7150,#7158));
#7148 = ORIENTED_EDGE('',*,*,#1963,.F.);
#7149 = ORIENTED_EDGE('',*,*,#7135,.F.);
#7150 = ORIENTED_EDGE('',*,*,#7151,.T.);
#7151 = EDGE_CURVE('',#7128,#7152,#7154,.T.);
#7152 = VERTEX_POINT('',#7153);
#7153 = CARTESIAN_POINT('',(-9.356437071314E-02,2.184350945468,3.001));
#7154 = LINE('',#7155,#7156);
#7155 = CARTESIAN_POINT('',(0.162533190262,2.184350945468,3.001));
#7156 = VECTOR('',#7157,1.);
#7157 = DIRECTION('',(-1.,0.,0.));
#7158 = ORIENTED_EDGE('',*,*,#7159,.T.);
#7159 = EDGE_CURVE('',#7152,#1964,#7160,.T.);
#7160 = LINE('',#7161,#7162);
#7161 = CARTESIAN_POINT('',(-9.356437071314E-02,2.184350945468,3.001));
#7162 = VECTOR('',#7163,1.);
#7163 = DIRECTION('',(-0.,3.491481338843E-15,-1.));
#7164 = PLANE('',#7165);
#7165 = AXIS2_PLACEMENT_3D('',#7166,#7167,#7168);
#7166 = CARTESIAN_POINT('',(0.162533190262,2.184350945468,3.001));
#7167 = DIRECTION('',(0.,-1.,-3.491481338843E-15));
#7168 = DIRECTION('',(0.,3.491481338843E-15,-1.));
#7169 = ADVANCED_FACE('',(#7170),#7188,.T.);
#7170 = FACE_BOUND('',#7171,.T.);
#7171 = EDGE_LOOP('',(#7172,#7173,#7174,#7182));
#7172 = ORIENTED_EDGE('',*,*,#1971,.F.);
#7173 = ORIENTED_EDGE('',*,*,#7159,.F.);
#7174 = ORIENTED_EDGE('',*,*,#7175,.T.);
#7175 = EDGE_CURVE('',#7152,#7176,#7178,.T.);
#7176 = VERTEX_POINT('',#7177);
#7177 = CARTESIAN_POINT('',(-9.356437071314E-02,2.129472896687,3.001));
#7178 = LINE('',#7179,#7180);
#7179 = CARTESIAN_POINT('',(-9.356437071314E-02,2.184350945468,3.001));
#7180 = VECTOR('',#7181,1.);
#7181 = DIRECTION('',(0.,-1.,-7.902629168339E-15));
#7182 = ORIENTED_EDGE('',*,*,#7183,.T.);
#7183 = EDGE_CURVE('',#7176,#1972,#7184,.T.);
#7184 = LINE('',#7185,#7186);
#7185 = CARTESIAN_POINT('',(-9.356437071314E-02,2.129472896687,3.001));
#7186 = VECTOR('',#7187,1.);
#7187 = DIRECTION('',(-0.,3.491481338843E-15,-1.));
#7188 = PLANE('',#7189);
#7189 = AXIS2_PLACEMENT_3D('',#7190,#7191,#7192);
#7190 = CARTESIAN_POINT('',(-9.356437071314E-02,2.184350945468,3.001));
#7191 = DIRECTION('',(1.,0.,0.));
#7192 = DIRECTION('',(0.,0.,-1.));
#7193 = ADVANCED_FACE('',(#7194),#7212,.T.);
#7194 = FACE_BOUND('',#7195,.T.);
#7195 = EDGE_LOOP('',(#7196,#7197,#7198,#7206));
#7196 = ORIENTED_EDGE('',*,*,#1979,.F.);
#7197 = ORIENTED_EDGE('',*,*,#7183,.F.);
#7198 = ORIENTED_EDGE('',*,*,#7199,.T.);
#7199 = EDGE_CURVE('',#7176,#7200,#7202,.T.);
#7200 = VERTEX_POINT('',#7201);
#7201 = CARTESIAN_POINT('',(9.546001953077E-02,2.129472896687,3.001));
#7202 = LINE('',#7203,#7204);
#7203 = CARTESIAN_POINT('',(-9.356437071314E-02,2.129472896687,3.001));
#7204 = VECTOR('',#7205,1.);
#7205 = DIRECTION('',(1.,0.,0.));
#7206 = ORIENTED_EDGE('',*,*,#7207,.T.);
#7207 = EDGE_CURVE('',#7200,#1980,#7208,.T.);
#7208 = LINE('',#7209,#7210);
#7209 = CARTESIAN_POINT('',(9.546001953077E-02,2.129472896687,3.001));
#7210 = VECTOR('',#7211,1.);
#7211 = DIRECTION('',(-0.,3.491481338843E-15,-1.));
#7212 = PLANE('',#7213);
#7213 = AXIS2_PLACEMENT_3D('',#7214,#7215,#7216);
#7214 = CARTESIAN_POINT('',(-9.356437071314E-02,2.129472896687,3.001));
#7215 = DIRECTION('',(-0.,1.,3.491481338843E-15));
#7216 = DIRECTION('',(0.,-3.491481338843E-15,1.));
#7217 = ADVANCED_FACE('',(#7218),#7236,.T.);
#7218 = FACE_BOUND('',#7219,.T.);
#7219 = EDGE_LOOP('',(#7220,#7221,#7222,#7230));
#7220 = ORIENTED_EDGE('',*,*,#1987,.F.);
#7221 = ORIENTED_EDGE('',*,*,#7207,.F.);
#7222 = ORIENTED_EDGE('',*,*,#7223,.T.);
#7223 = EDGE_CURVE('',#7200,#7224,#7226,.T.);
#7224 = VERTEX_POINT('',#7225);
#7225 = CARTESIAN_POINT('',(9.546001953077E-02,1.964838750346,3.001));
#7226 = LINE('',#7227,#7228);
#7227 = CARTESIAN_POINT('',(9.546001953077E-02,2.129472896687,3.001));
#7228 = VECTOR('',#7229,1.);
#7229 = DIRECTION('',(0.,-1.,-2.63420972278E-15));
#7230 = ORIENTED_EDGE('',*,*,#7231,.T.);
#7231 = EDGE_CURVE('',#7224,#1988,#7232,.T.);
#7232 = LINE('',#7233,#7234);
#7233 = CARTESIAN_POINT('',(9.546001953077E-02,1.964838750346,3.001));
#7234 = VECTOR('',#7235,1.);
#7235 = DIRECTION('',(-0.,3.491481338843E-15,-1.));
#7236 = PLANE('',#7237);
#7237 = AXIS2_PLACEMENT_3D('',#7238,#7239,#7240);
#7238 = CARTESIAN_POINT('',(9.546001953077E-02,2.129472896687,3.001));
#7239 = DIRECTION('',(1.,0.,0.));
#7240 = DIRECTION('',(0.,0.,-1.));
#7241 = ADVANCED_FACE('',(#7242),#7260,.T.);
#7242 = FACE_BOUND('',#7243,.T.);
#7243 = EDGE_LOOP('',(#7244,#7245,#7246,#7254));
#7244 = ORIENTED_EDGE('',*,*,#1995,.F.);
#7245 = ORIENTED_EDGE('',*,*,#7231,.F.);
#7246 = ORIENTED_EDGE('',*,*,#7247,.T.);
#7247 = EDGE_CURVE('',#7224,#7248,#7250,.T.);
#7248 = VERTEX_POINT('',#7249);
#7249 = CARTESIAN_POINT('',(-8.136924876192E-02,1.964838750346,3.001));
#7250 = LINE('',#7251,#7252);
#7251 = CARTESIAN_POINT('',(9.546001953077E-02,1.964838750346,3.001));
#7252 = VECTOR('',#7253,1.);
#7253 = DIRECTION('',(-1.,0.,0.));
#7254 = ORIENTED_EDGE('',*,*,#7255,.T.);
#7255 = EDGE_CURVE('',#7248,#1996,#7256,.T.);
#7256 = LINE('',#7257,#7258);
#7257 = CARTESIAN_POINT('',(-8.136924876192E-02,1.964838750346,3.001));
#7258 = VECTOR('',#7259,1.);
#7259 = DIRECTION('',(-0.,3.491481338843E-15,-1.));
#7260 = PLANE('',#7261);
#7261 = AXIS2_PLACEMENT_3D('',#7262,#7263,#7264);
#7262 = CARTESIAN_POINT('',(9.546001953077E-02,1.964838750346,3.001));
#7263 = DIRECTION('',(0.,-1.,-3.491481338843E-15));
#7264 = DIRECTION('',(0.,3.491481338843E-15,-1.));
#7265 = ADVANCED_FACE('',(#7266),#7284,.T.);
#7266 = FACE_BOUND('',#7267,.T.);
#7267 = EDGE_LOOP('',(#7268,#7269,#7270,#7278));
#7268 = ORIENTED_EDGE('',*,*,#2003,.F.);
#7269 = ORIENTED_EDGE('',*,*,#7255,.F.);
#7270 = ORIENTED_EDGE('',*,*,#7271,.T.);
#7271 = EDGE_CURVE('',#7248,#7272,#7274,.T.);
#7272 = VERTEX_POINT('',#7273);
#7273 = CARTESIAN_POINT('',(-8.136924876192E-02,1.909960701565,3.001));
#7274 = LINE('',#7275,#7276);
#7275 = CARTESIAN_POINT('',(-8.136924876192E-02,1.964838750346,3.001));
#7276 = VECTOR('',#7277,1.);
#7277 = DIRECTION('',(0.,-1.,0.));
#7278 = ORIENTED_EDGE('',*,*,#7279,.T.);
#7279 = EDGE_CURVE('',#7272,#2004,#7280,.T.);
#7280 = LINE('',#7281,#7282);
#7281 = CARTESIAN_POINT('',(-8.136924876192E-02,1.909960701565,3.001));
#7282 = VECTOR('',#7283,1.);
#7283 = DIRECTION('',(-0.,3.491481338843E-15,-1.));
#7284 = PLANE('',#7285);
#7285 = AXIS2_PLACEMENT_3D('',#7286,#7287,#7288);
#7286 = CARTESIAN_POINT('',(-8.136924876192E-02,1.964838750346,3.001));
#7287 = DIRECTION('',(1.,0.,0.));
#7288 = DIRECTION('',(0.,0.,-1.));
#7289 = ADVANCED_FACE('',(#7290),#7308,.T.);
#7290 = FACE_BOUND('',#7291,.T.);
#7291 = EDGE_LOOP('',(#7292,#7293,#7294,#7302));
#7292 = ORIENTED_EDGE('',*,*,#2011,.F.);
#7293 = ORIENTED_EDGE('',*,*,#7279,.F.);
#7294 = ORIENTED_EDGE('',*,*,#7295,.T.);
#7295 = EDGE_CURVE('',#7272,#7296,#7298,.T.);
#7296 = VERTEX_POINT('',#7297);
#7297 = CARTESIAN_POINT('',(9.546001953077E-02,1.909960701565,3.001));
#7298 = LINE('',#7299,#7300);
#7299 = CARTESIAN_POINT('',(-8.136924876192E-02,1.909960701565,3.001));
#7300 = VECTOR('',#7301,1.);
#7301 = DIRECTION('',(1.,0.,0.));
#7302 = ORIENTED_EDGE('',*,*,#7303,.T.);
#7303 = EDGE_CURVE('',#7296,#2012,#7304,.T.);
#7304 = LINE('',#7305,#7306);
#7305 = CARTESIAN_POINT('',(9.546001953077E-02,1.909960701565,3.001));
#7306 = VECTOR('',#7307,1.);
#7307 = DIRECTION('',(-0.,3.491481338843E-15,-1.));
#7308 = PLANE('',#7309);
#7309 = AXIS2_PLACEMENT_3D('',#7310,#7311,#7312);
#7310 = CARTESIAN_POINT('',(-8.136924876192E-02,1.909960701565,3.001));
#7311 = DIRECTION('',(-0.,1.,3.491481338843E-15));
#7312 = DIRECTION('',(0.,-3.491481338843E-15,1.));
#7313 = ADVANCED_FACE('',(#7314),#7332,.T.);
#7314 = FACE_BOUND('',#7315,.T.);
#7315 = EDGE_LOOP('',(#7316,#7317,#7318,#7326));
#7316 = ORIENTED_EDGE('',*,*,#2019,.F.);
#7317 = ORIENTED_EDGE('',*,*,#7303,.F.);
#7318 = ORIENTED_EDGE('',*,*,#7319,.T.);
#7319 = EDGE_CURVE('',#7296,#7320,#7322,.T.);
#7320 = VERTEX_POINT('',#7321);
#7321 = CARTESIAN_POINT('',(9.546001953077E-02,1.739228994248,3.001));
#7322 = LINE('',#7323,#7324);
#7323 = CARTESIAN_POINT('',(9.546001953077E-02,1.909960701565,3.001));
#7324 = VECTOR('',#7325,1.);
#7325 = DIRECTION('',(0.,-1.,-5.080261608218E-15));
#7326 = ORIENTED_EDGE('',*,*,#7327,.T.);
#7327 = EDGE_CURVE('',#7320,#2020,#7328,.T.);
#7328 = LINE('',#7329,#7330);
#7329 = CARTESIAN_POINT('',(9.546001953077E-02,1.739228994248,3.001));
#7330 = VECTOR('',#7331,1.);
#7331 = DIRECTION('',(-0.,3.491481338843E-15,-1.));
#7332 = PLANE('',#7333);
#7333 = AXIS2_PLACEMENT_3D('',#7334,#7335,#7336);
#7334 = CARTESIAN_POINT('',(9.546001953077E-02,1.909960701565,3.001));
#7335 = DIRECTION('',(1.,0.,0.));
#7336 = DIRECTION('',(0.,0.,-1.));
#7337 = ADVANCED_FACE('',(#7338),#7349,.T.);
#7338 = FACE_BOUND('',#7339,.T.);
#7339 = EDGE_LOOP('',(#7340,#7341,#7342,#7348));
#7340 = ORIENTED_EDGE('',*,*,#2027,.F.);
#7341 = ORIENTED_EDGE('',*,*,#7327,.F.);
#7342 = ORIENTED_EDGE('',*,*,#7343,.T.);
#7343 = EDGE_CURVE('',#7320,#7072,#7344,.T.);
#7344 = LINE('',#7345,#7346);
#7345 = CARTESIAN_POINT('',(9.546001953077E-02,1.739228994248,3.001));
#7346 = VECTOR('',#7347,1.);
#7347 = DIRECTION('',(-1.,0.,0.));
#7348 = ORIENTED_EDGE('',*,*,#7071,.T.);
#7349 = PLANE('',#7350);
#7350 = AXIS2_PLACEMENT_3D('',#7351,#7352,#7353);
#7351 = CARTESIAN_POINT('',(9.546001953077E-02,1.739228994248,3.001));
#7352 = DIRECTION('',(0.,-1.,-3.491481338843E-15));
#7353 = DIRECTION('',(0.,3.491481338843E-15,-1.));
#7354 = ADVANCED_FACE('',(#7355),#7369,.F.);
#7355 = FACE_BOUND('',#7356,.T.);
#7356 = EDGE_LOOP('',(#7357,#7358,#7359,#7360,#7361,#7362,#7363,#7364,
    #7365,#7366,#7367,#7368));
#7357 = ORIENTED_EDGE('',*,*,#7079,.F.);
#7358 = ORIENTED_EDGE('',*,*,#7343,.F.);
#7359 = ORIENTED_EDGE('',*,*,#7319,.F.);
#7360 = ORIENTED_EDGE('',*,*,#7295,.F.);
#7361 = ORIENTED_EDGE('',*,*,#7271,.F.);
#7362 = ORIENTED_EDGE('',*,*,#7247,.F.);
#7363 = ORIENTED_EDGE('',*,*,#7223,.F.);
#7364 = ORIENTED_EDGE('',*,*,#7199,.F.);
#7365 = ORIENTED_EDGE('',*,*,#7175,.F.);
#7366 = ORIENTED_EDGE('',*,*,#7151,.F.);
#7367 = ORIENTED_EDGE('',*,*,#7127,.F.);
#7368 = ORIENTED_EDGE('',*,*,#7103,.F.);
#7369 = PLANE('',#7370);
#7370 = AXIS2_PLACEMENT_3D('',#7371,#7372,#7373);
#7371 = CARTESIAN_POINT('',(0.,-3.491481338843E-18,3.001));
#7372 = DIRECTION('',(-0.,0.,1.));
#7373 = DIRECTION('',(1.,0.,0.));
#7374 = ADVANCED_FACE('',(#7375),#7400,.T.);
#7375 = FACE_BOUND('',#7376,.T.);
#7376 = EDGE_LOOP('',(#7377,#7378,#7386,#7394));
#7377 = ORIENTED_EDGE('',*,*,#1585,.F.);
#7378 = ORIENTED_EDGE('',*,*,#7379,.F.);
#7379 = EDGE_CURVE('',#7380,#1586,#7382,.T.);
#7380 = VERTEX_POINT('',#7381);
#7381 = CARTESIAN_POINT('',(0.260094165872,1.765143628395,3.001));
#7382 = LINE('',#7383,#7384);
#7383 = CARTESIAN_POINT('',(0.260094165872,1.765143628395,3.001));
#7384 = VECTOR('',#7385,1.);
#7385 = DIRECTION('',(-0.,3.491481338843E-15,-1.));
#7386 = ORIENTED_EDGE('',*,*,#7387,.T.);
#7387 = EDGE_CURVE('',#7380,#7388,#7390,.T.);
#7388 = VERTEX_POINT('',#7389);
#7389 = CARTESIAN_POINT('',(0.260094165872,1.710265579614,3.001));
#7390 = LINE('',#7391,#7392);
#7391 = CARTESIAN_POINT('',(0.260094165872,1.765143628395,3.001));
#7392 = VECTOR('',#7393,1.);
#7393 = DIRECTION('',(0.,-1.,0.));
#7394 = ORIENTED_EDGE('',*,*,#7395,.T.);
#7395 = EDGE_CURVE('',#7388,#1588,#7396,.T.);
#7396 = LINE('',#7397,#7398);
#7397 = CARTESIAN_POINT('',(0.260094165872,1.710265579614,3.001));
#7398 = VECTOR('',#7399,1.);
#7399 = DIRECTION('',(-0.,3.491481338843E-15,-1.));
#7400 = PLANE('',#7401);
#7401 = AXIS2_PLACEMENT_3D('',#7402,#7403,#7404);
#7402 = CARTESIAN_POINT('',(0.260094165872,1.765143628395,3.001));
#7403 = DIRECTION('',(1.,0.,0.));
#7404 = DIRECTION('',(0.,0.,-1.));
#7405 = ADVANCED_FACE('',(#7406),#7432,.T.);
#7406 = FACE_BOUND('',#7407,.T.);
#7407 = EDGE_LOOP('',(#7408,#7409,#7410,#7426));
#7408 = ORIENTED_EDGE('',*,*,#1595,.F.);
#7409 = ORIENTED_EDGE('',*,*,#7395,.F.);
#7410 = ORIENTED_EDGE('',*,*,#7411,.T.);
#7411 = EDGE_CURVE('',#7388,#7412,#7414,.T.);
#7412 = VERTEX_POINT('',#7413);
#7413 = CARTESIAN_POINT('',(0.397670385384,1.678253384492,3.001));
#7414 = B_SPLINE_CURVE_WITH_KNOTS('',3,(#7415,#7416,#7417,#7418,#7419,
    #7420,#7421,#7422,#7423,#7424,#7425),.UNSPECIFIED.,.F.,.F.,(4,1,1,1,
    1,1,1,1,4),(0.,0.112448389909,0.226527675213,0.344401949326,
    0.465864972487,0.591659449352,0.722168487025,0.858606387555,1.),
  .UNSPECIFIED.);
#7415 = CARTESIAN_POINT('',(0.260094165872,1.710265579614,3.001));
#7416 = CARTESIAN_POINT('',(0.26478586126,1.707675954779,3.001));
#7417 = CARTESIAN_POINT('',(0.274237298046,1.702459146482,3.001));
#7418 = CARTESIAN_POINT('',(0.289352130288,1.696022101426,3.001));
#7419 = CARTESIAN_POINT('',(0.30525659675,1.69046984712,3.001));
#7420 = CARTESIAN_POINT('',(0.322089902989,1.68604242234,3.001));
#7421 = CARTESIAN_POINT('',(0.339740146146,1.682484214465,3.001));
#7422 = CARTESIAN_POINT('',(0.358300850764,1.680074112772,3.001));
#7423 = CARTESIAN_POINT('',(0.377698485229,1.678487621266,3.001));
#7424 = CARTESIAN_POINT('',(0.390934388568,1.678332386398,3.001));
#7425 = CARTESIAN_POINT('',(0.397670385384,1.678253384492,3.001));
#7426 = ORIENTED_EDGE('',*,*,#7427,.T.);
#7427 = EDGE_CURVE('',#7412,#1596,#7428,.T.);
#7428 = LINE('',#7429,#7430);
#7429 = CARTESIAN_POINT('',(0.397670385384,1.678253384492,3.001));
#7430 = VECTOR('',#7431,1.);
#7431 = DIRECTION('',(-0.,3.491481338843E-15,-1.));
#7432 = B_SPLINE_SURFACE_WITH_KNOTS('',3,1,(
    (#7433,#7434)
    ,(#7435,#7436)
    ,(#7437,#7438)
    ,(#7439,#7440)
    ,(#7441,#7442)
    ,(#7443,#7444)
    ,(#7445,#7446)
    ,(#7447,#7448)
    ,(#7449,#7450)
    ,(#7451,#7452)
    ,(#7453,#7454
  )),.UNSPECIFIED.,.F.,.F.,.F.,(4,1,1,1,1,1,1,1,4),(2,2),(0.,
    0.112448389909,0.226527675213,0.344401949326,0.465864972487,
    0.591659449352,0.722168487025,0.858606387555,1.),(0.,1.),
  .UNSPECIFIED.);
#7433 = CARTESIAN_POINT('',(0.260094165872,1.710265579614,3.001));
#7434 = CARTESIAN_POINT('',(0.260094165872,1.710265579614,3.));
#7435 = CARTESIAN_POINT('',(0.26478586126,1.707675954779,3.001));
#7436 = CARTESIAN_POINT('',(0.26478586126,1.707675954779,3.));
#7437 = CARTESIAN_POINT('',(0.274237298046,1.702459146482,3.001));
#7438 = CARTESIAN_POINT('',(0.274237298046,1.702459146482,3.));
#7439 = CARTESIAN_POINT('',(0.289352130288,1.696022101426,3.001));
#7440 = CARTESIAN_POINT('',(0.289352130288,1.696022101426,3.));
#7441 = CARTESIAN_POINT('',(0.30525659675,1.69046984712,3.001));
#7442 = CARTESIAN_POINT('',(0.30525659675,1.69046984712,3.));
#7443 = CARTESIAN_POINT('',(0.322089902989,1.68604242234,3.001));
#7444 = CARTESIAN_POINT('',(0.322089902989,1.68604242234,3.));
#7445 = CARTESIAN_POINT('',(0.339740146146,1.682484214465,3.001));
#7446 = CARTESIAN_POINT('',(0.339740146146,1.682484214465,3.));
#7447 = CARTESIAN_POINT('',(0.358300850764,1.680074112772,3.001));
#7448 = CARTESIAN_POINT('',(0.358300850764,1.680074112772,3.));
#7449 = CARTESIAN_POINT('',(0.377698485229,1.678487621266,3.001));
#7450 = CARTESIAN_POINT('',(0.377698485229,1.678487621266,3.));
#7451 = CARTESIAN_POINT('',(0.390934388568,1.678332386398,3.001));
#7452 = CARTESIAN_POINT('',(0.390934388568,1.678332386398,3.));
#7453 = CARTESIAN_POINT('',(0.397670385384,1.678253384492,3.001));
#7454 = CARTESIAN_POINT('',(0.397670385384,1.678253384492,3.));
#7455 = ADVANCED_FACE('',(#7456),#7490,.T.);
#7456 = FACE_BOUND('',#7457,.T.);
#7457 = EDGE_LOOP('',(#7458,#7459,#7460,#7484));
#7458 = ORIENTED_EDGE('',*,*,#1611,.F.);
#7459 = ORIENTED_EDGE('',*,*,#7427,.F.);
#7460 = ORIENTED_EDGE('',*,*,#7461,.T.);
#7461 = EDGE_CURVE('',#7412,#7462,#7464,.T.);
#7462 = VERTEX_POINT('',#7463);
#7463 = CARTESIAN_POINT('',(0.632045385384,1.924918780834,3.001));
#7464 = B_SPLINE_CURVE_WITH_KNOTS('',3,(#7465,#7466,#7467,#7468,#7469,
    #7470,#7471,#7472,#7473,#7474,#7475,#7476,#7477,#7478,#7479,#7480,
    #7481,#7482,#7483),.UNSPECIFIED.,.F.,.F.,(4,1,1,1,1,1,1,1,1,1,1,1,1,
    1,1,1,4),(0.,6.783324845577E-02,0.132655536508,0.195050884051,
    0.255582933069,0.314799834147,0.373600472826,0.432545595327,
    0.492430629284,0.552671255963,0.612513044188,0.672610250357,
    0.733838369314,0.796594238568,0.861449799291,0.929198942351,1.),
  .UNSPECIFIED.);
#7465 = CARTESIAN_POINT('',(0.397670385384,1.678253384492,3.001));
#7466 = CARTESIAN_POINT('',(0.40634991616,1.678446963035,3.001));
#7467 = CARTESIAN_POINT('',(0.423323713493,1.678825527618,3.001));
#7468 = CARTESIAN_POINT('',(0.448119944425,1.682009803747,3.001));
#7469 = CARTESIAN_POINT('',(0.471578082815,1.687326061195,3.001));
#7470 = CARTESIAN_POINT('',(0.493689980934,1.694795598351,3.001));
#7471 = CARTESIAN_POINT('',(0.514532996564,1.704234137201,3.001));
#7472 = CARTESIAN_POINT('',(0.533999160804,1.715901102398,3.001));
#7473 = CARTESIAN_POINT('',(0.55195965514,1.729888375089,3.001));
#7474 = CARTESIAN_POINT('',(0.568652144136,1.745632120605,3.001));
#7475 = CARTESIAN_POINT('',(0.583546319953,1.763247174135,3.001));
#7476 = CARTESIAN_POINT('',(0.596583360115,1.782300516544,3.001));
#7477 = CARTESIAN_POINT('',(0.607612634403,1.802732885358,3.001));
#7478 = CARTESIAN_POINT('',(0.616562145153,1.824555497702,3.001));
#7479 = CARTESIAN_POINT('',(0.623536461863,1.847724055498,3.001));
#7480 = CARTESIAN_POINT('',(0.628413730275,1.872259413714,3.001));
#7481 = CARTESIAN_POINT('',(0.631583298925,1.898127149657,3.001));
#7482 = CARTESIAN_POINT('',(0.631889111139,1.915858047985,3.001));
#7483 = CARTESIAN_POINT('',(0.632045385384,1.924918780834,3.001));
#7484 = ORIENTED_EDGE('',*,*,#7485,.T.);
#7485 = EDGE_CURVE('',#7462,#1612,#7486,.T.);
#7486 = LINE('',#7487,#7488);
#7487 = CARTESIAN_POINT('',(0.632045385384,1.924918780834,3.001));
#7488 = VECTOR('',#7489,1.);
#7489 = DIRECTION('',(-0.,3.491481338843E-15,-1.));
#7490 = B_SPLINE_SURFACE_WITH_KNOTS('',3,1,(
    (#7491,#7492)
    ,(#7493,#7494)
    ,(#7495,#7496)
    ,(#7497,#7498)
    ,(#7499,#7500)
    ,(#7501,#7502)
    ,(#7503,#7504)
    ,(#7505,#7506)
    ,(#7507,#7508)
    ,(#7509,#7510)
    ,(#7511,#7512)
    ,(#7513,#7514)
    ,(#7515,#7516)
    ,(#7517,#7518)
    ,(#7519,#7520)
    ,(#7521,#7522)
    ,(#7523,#7524)
    ,(#7525,#7526)
    ,(#7527,#7528
    )),.UNSPECIFIED.,.F.,.F.,.F.,(4,1,1,1,1,1,1,1,1,1,1,1,1,1,1,1,4),(2,
    2),(0.,6.783324845577E-02,0.132655536508,0.195050884051,
    0.255582933069,0.314799834147,0.373600472826,0.432545595327,
    0.492430629284,0.552671255963,0.612513044188,0.672610250357,
    0.733838369314,0.796594238568,0.861449799291,0.929198942351,1.),(0.,
    1.),.UNSPECIFIED.);
#7491 = CARTESIAN_POINT('',(0.397670385384,1.678253384492,3.001));
#7492 = CARTESIAN_POINT('',(0.397670385384,1.678253384492,3.));
#7493 = CARTESIAN_POINT('',(0.40634991616,1.678446963035,3.001));
#7494 = CARTESIAN_POINT('',(0.40634991616,1.678446963035,3.));
#7495 = CARTESIAN_POINT('',(0.423323713493,1.678825527618,3.001));
#7496 = CARTESIAN_POINT('',(0.423323713493,1.678825527618,3.));
#7497 = CARTESIAN_POINT('',(0.448119944425,1.682009803747,3.001));
#7498 = CARTESIAN_POINT('',(0.448119944425,1.682009803747,3.));
#7499 = CARTESIAN_POINT('',(0.471578082815,1.687326061195,3.001));
#7500 = CARTESIAN_POINT('',(0.471578082815,1.687326061195,3.));
#7501 = CARTESIAN_POINT('',(0.493689980934,1.694795598351,3.001));
#7502 = CARTESIAN_POINT('',(0.493689980934,1.694795598351,3.));
#7503 = CARTESIAN_POINT('',(0.514532996564,1.704234137201,3.001));
#7504 = CARTESIAN_POINT('',(0.514532996564,1.704234137201,3.));
#7505 = CARTESIAN_POINT('',(0.533999160804,1.715901102398,3.001));
#7506 = CARTESIAN_POINT('',(0.533999160804,1.715901102398,3.));
#7507 = CARTESIAN_POINT('',(0.55195965514,1.729888375089,3.001));
#7508 = CARTESIAN_POINT('',(0.55195965514,1.729888375089,3.));
#7509 = CARTESIAN_POINT('',(0.568652144136,1.745632120605,3.001));
#7510 = CARTESIAN_POINT('',(0.568652144136,1.745632120605,3.));
#7511 = CARTESIAN_POINT('',(0.583546319953,1.763247174135,3.001));
#7512 = CARTESIAN_POINT('',(0.583546319953,1.763247174135,3.));
#7513 = CARTESIAN_POINT('',(0.596583360115,1.782300516544,3.001));
#7514 = CARTESIAN_POINT('',(0.596583360115,1.782300516544,3.));
#7515 = CARTESIAN_POINT('',(0.607612634403,1.802732885358,3.001));
#7516 = CARTESIAN_POINT('',(0.607612634403,1.802732885358,3.));
#7517 = CARTESIAN_POINT('',(0.616562145153,1.824555497702,3.001));
#7518 = CARTESIAN_POINT('',(0.616562145153,1.824555497702,3.));
#7519 = CARTESIAN_POINT('',(0.623536461863,1.847724055498,3.001));
#7520 = CARTESIAN_POINT('',(0.623536461863,1.847724055498,3.));
#7521 = CARTESIAN_POINT('',(0.628413730275,1.872259413714,3.001));
#7522 = CARTESIAN_POINT('',(0.628413730275,1.872259413714,3.));
#7523 = CARTESIAN_POINT('',(0.631583298925,1.898127149657,3.001));
#7524 = CARTESIAN_POINT('',(0.631583298925,1.898127149657,3.));
#7525 = CARTESIAN_POINT('',(0.631889111139,1.915858047985,3.001));
#7526 = CARTESIAN_POINT('',(0.631889111139,1.915858047985,3.));
#7527 = CARTESIAN_POINT('',(0.632045385384,1.924918780834,3.001));
#7528 = CARTESIAN_POINT('',(0.632045385384,1.924918780834,3.));
#7529 = ADVANCED_FACE('',(#7530),#7564,.T.);
#7530 = FACE_BOUND('',#7531,.T.);
#7531 = EDGE_LOOP('',(#7532,#7533,#7534,#7558));
#7532 = ORIENTED_EDGE('',*,*,#1635,.F.);
#7533 = ORIENTED_EDGE('',*,*,#7485,.F.);
#7534 = ORIENTED_EDGE('',*,*,#7535,.T.);
#7535 = EDGE_CURVE('',#7462,#7536,#7538,.T.);
#7536 = VERTEX_POINT('',#7537);
#7537 = CARTESIAN_POINT('',(0.377758037823,2.190448506444,3.001));
#7538 = B_SPLINE_CURVE_WITH_KNOTS('',3,(#7539,#7540,#7541,#7542,#7543,
    #7544,#7545,#7546,#7547,#7548,#7549,#7550,#7551,#7552,#7553,#7554,
    #7555,#7556,#7557),.UNSPECIFIED.,.F.,.F.,(4,1,1,1,1,1,1,1,1,1,1,1,1,
    1,1,1,4),(0.,7.064371857535E-02,0.138256715509,0.203364124218,
    0.266324093803,0.327904761543,0.388737715173,0.449423528109,
    0.510861011459,0.572079396048,0.631734428731,0.691117210579,
    0.75036002949,0.810032900531,0.871362450829,0.934427141231,1.),
  .UNSPECIFIED.);
#7539 = CARTESIAN_POINT('',(0.632045385384,1.924918780834,3.001));
#7540 = CARTESIAN_POINT('',(0.631827623657,1.934646536389,3.001));
#7541 = CARTESIAN_POINT('',(0.631401442507,1.953684712173,3.001));
#7542 = CARTESIAN_POINT('',(0.628013884664,1.981523191362,3.001));
#7543 = CARTESIAN_POINT('',(0.622455455462,2.007920189089,3.001));
#7544 = CARTESIAN_POINT('',(0.614500613293,2.032835635429,3.001));
#7545 = CARTESIAN_POINT('',(0.604370768183,2.056303205221,3.001));
#7546 = CARTESIAN_POINT('',(0.592057310777,2.078354124168,3.001));
#7547 = CARTESIAN_POINT('',(0.577360160189,2.098874779061,3.001));
#7548 = CARTESIAN_POINT('',(0.560513372944,2.117725692072,3.001));
#7549 = CARTESIAN_POINT('',(0.542074395583,2.134812445322,3.001));
#7550 = CARTESIAN_POINT('',(0.522178816994,2.149722656726,3.001));
#7551 = CARTESIAN_POINT('',(0.50106662704,2.162323031171,3.001));
#7552 = CARTESIAN_POINT('',(0.478767708991,2.172696659376,3.001));
#7553 = CARTESIAN_POINT('',(0.455200088323,2.180615290808,3.001));
#7554 = CARTESIAN_POINT('',(0.430474031433,2.186302241552,3.001));
#7555 = CARTESIAN_POINT('',(0.404504382371,2.189826205748,3.001));
#7556 = CARTESIAN_POINT('',(0.386788626308,2.190238393937,3.001));
#7557 = CARTESIAN_POINT('',(0.377758037823,2.190448506444,3.001));
#7558 = ORIENTED_EDGE('',*,*,#7559,.T.);
#7559 = EDGE_CURVE('',#7536,#1636,#7560,.T.);
#7560 = LINE('',#7561,#7562);
#7561 = CARTESIAN_POINT('',(0.377758037823,2.190448506444,3.001));
#7562 = VECTOR('',#7563,1.);
#7563 = DIRECTION('',(-0.,3.491481338843E-15,-1.));
#7564 = B_SPLINE_SURFACE_WITH_KNOTS('',3,1,(
    (#7565,#7566)
    ,(#7567,#7568)
    ,(#7569,#7570)
    ,(#7571,#7572)
    ,(#7573,#7574)
    ,(#7575,#7576)
    ,(#7577,#7578)
    ,(#7579,#7580)
    ,(#7581,#7582)
    ,(#7583,#7584)
    ,(#7585,#7586)
    ,(#7587,#7588)
    ,(#7589,#7590)
    ,(#7591,#7592)
    ,(#7593,#7594)
    ,(#7595,#7596)
    ,(#7597,#7598)
    ,(#7599,#7600)
    ,(#7601,#7602
    )),.UNSPECIFIED.,.F.,.F.,.F.,(4,1,1,1,1,1,1,1,1,1,1,1,1,1,1,1,4),(2,
    2),(0.,7.064371857535E-02,0.138256715509,0.203364124218,
    0.266324093803,0.327904761543,0.388737715173,0.449423528109,
    0.510861011459,0.572079396048,0.631734428731,0.691117210579,
    0.75036002949,0.810032900531,0.871362450829,0.934427141231,1.),(0.,
    1.),.UNSPECIFIED.);
#7565 = CARTESIAN_POINT('',(0.632045385384,1.924918780834,3.001));
#7566 = CARTESIAN_POINT('',(0.632045385384,1.924918780834,3.));
#7567 = CARTESIAN_POINT('',(0.631827623657,1.934646536389,3.001));
#7568 = CARTESIAN_POINT('',(0.631827623657,1.934646536389,3.));
#7569 = CARTESIAN_POINT('',(0.631401442507,1.953684712173,3.001));
#7570 = CARTESIAN_POINT('',(0.631401442507,1.953684712173,3.));
#7571 = CARTESIAN_POINT('',(0.628013884664,1.981523191362,3.001));
#7572 = CARTESIAN_POINT('',(0.628013884664,1.981523191362,3.));
#7573 = CARTESIAN_POINT('',(0.622455455462,2.007920189089,3.001));
#7574 = CARTESIAN_POINT('',(0.622455455462,2.007920189089,3.));
#7575 = CARTESIAN_POINT('',(0.614500613293,2.032835635429,3.001));
#7576 = CARTESIAN_POINT('',(0.614500613293,2.032835635429,3.));
#7577 = CARTESIAN_POINT('',(0.604370768183,2.056303205221,3.001));
#7578 = CARTESIAN_POINT('',(0.604370768183,2.056303205221,3.));
#7579 = CARTESIAN_POINT('',(0.592057310777,2.078354124168,3.001));
#7580 = CARTESIAN_POINT('',(0.592057310777,2.078354124168,3.));
#7581 = CARTESIAN_POINT('',(0.577360160189,2.098874779061,3.001));
#7582 = CARTESIAN_POINT('',(0.577360160189,2.098874779061,3.));
#7583 = CARTESIAN_POINT('',(0.560513372944,2.117725692072,3.001));
#7584 = CARTESIAN_POINT('',(0.560513372944,2.117725692072,3.));
#7585 = CARTESIAN_POINT('',(0.542074395583,2.134812445322,3.001));
#7586 = CARTESIAN_POINT('',(0.542074395583,2.134812445322,3.));
#7587 = CARTESIAN_POINT('',(0.522178816994,2.149722656726,3.001));
#7588 = CARTESIAN_POINT('',(0.522178816994,2.149722656726,3.));
#7589 = CARTESIAN_POINT('',(0.50106662704,2.162323031171,3.001));
#7590 = CARTESIAN_POINT('',(0.50106662704,2.162323031171,3.));
#7591 = CARTESIAN_POINT('',(0.478767708991,2.172696659376,3.001));
#7592 = CARTESIAN_POINT('',(0.478767708991,2.172696659376,3.));
#7593 = CARTESIAN_POINT('',(0.455200088323,2.180615290808,3.001));
#7594 = CARTESIAN_POINT('',(0.455200088323,2.180615290808,3.));
#7595 = CARTESIAN_POINT('',(0.430474031433,2.186302241552,3.001));
#7596 = CARTESIAN_POINT('',(0.430474031433,2.186302241552,3.));
#7597 = CARTESIAN_POINT('',(0.404504382371,2.189826205748,3.001));
#7598 = CARTESIAN_POINT('',(0.404504382371,2.189826205748,3.));
#7599 = CARTESIAN_POINT('',(0.386788626308,2.190238393937,3.001));
#7600 = CARTESIAN_POINT('',(0.386788626308,2.190238393937,3.));
#7601 = CARTESIAN_POINT('',(0.377758037823,2.190448506444,3.001));
#7602 = CARTESIAN_POINT('',(0.377758037823,2.190448506444,3.));
#7603 = ADVANCED_FACE('',(#7604),#7630,.T.);
#7604 = FACE_BOUND('',#7605,.T.);
#7605 = EDGE_LOOP('',(#7606,#7607,#7608,#7624));
#7606 = ORIENTED_EDGE('',*,*,#1659,.F.);
#7607 = ORIENTED_EDGE('',*,*,#7559,.F.);
#7608 = ORIENTED_EDGE('',*,*,#7609,.T.);
#7609 = EDGE_CURVE('',#7536,#7610,#7612,.T.);
#7610 = VERTEX_POINT('',#7611);
#7611 = CARTESIAN_POINT('',(0.260094165872,2.170631433273,3.001));
#7612 = B_SPLINE_CURVE_WITH_KNOTS('',3,(#7613,#7614,#7615,#7616,#7617,
    #7618,#7619,#7620,#7621,#7622,#7623),.UNSPECIFIED.,.F.,.F.,(4,1,1,1,
    1,1,1,1,4),(0.,0.145186866472,0.28344261092,0.416524365929,
    0.543181123535,0.665153082638,0.781360206313,0.892756655642,1.),
  .UNSPECIFIED.);
#7613 = CARTESIAN_POINT('',(0.377758037823,2.190448506444,3.001));
#7614 = CARTESIAN_POINT('',(0.371944607512,2.190406834226,3.001));
#7615 = CARTESIAN_POINT('',(0.360595276088,2.190325479193,3.001));
#7616 = CARTESIAN_POINT('',(0.343945653603,2.189305279561,3.001));
#7617 = CARTESIAN_POINT('',(0.328072015039,2.187863425201,3.001));
#7618 = CARTESIAN_POINT('',(0.312951389369,2.185615114333,3.001));
#7619 = CARTESIAN_POINT('',(0.298584554628,2.182938734638,3.001));
#7620 = CARTESIAN_POINT('',(0.285025331148,2.179449945375,3.001));
#7621 = CARTESIAN_POINT('',(0.272188482981,2.175540783232,3.001));
#7622 = CARTESIAN_POINT('',(0.264074227628,2.172247028088,3.001));
#7623 = CARTESIAN_POINT('',(0.260094165872,2.170631433273,3.001));
#7624 = ORIENTED_EDGE('',*,*,#7625,.T.);
#7625 = EDGE_CURVE('',#7610,#1660,#7626,.T.);
#7626 = LINE('',#7627,#7628);
#7627 = CARTESIAN_POINT('',(0.260094165872,2.170631433273,3.001));
#7628 = VECTOR('',#7629,1.);
#7629 = DIRECTION('',(-0.,3.491481338843E-15,-1.));
#7630 = B_SPLINE_SURFACE_WITH_KNOTS('',3,1,(
    (#7631,#7632)
    ,(#7633,#7634)
    ,(#7635,#7636)
    ,(#7637,#7638)
    ,(#7639,#7640)
    ,(#7641,#7642)
    ,(#7643,#7644)
    ,(#7645,#7646)
    ,(#7647,#7648)
    ,(#7649,#7650)
    ,(#7651,#7652
  )),.UNSPECIFIED.,.F.,.F.,.F.,(4,1,1,1,1,1,1,1,4),(2,2),(0.,
    0.145186866472,0.28344261092,0.416524365929,0.543181123535,
    0.665153082638,0.781360206313,0.892756655642,1.),(0.,1.),
  .UNSPECIFIED.);
#7631 = CARTESIAN_POINT('',(0.377758037823,2.190448506444,3.001));
#7632 = CARTESIAN_POINT('',(0.377758037823,2.190448506444,3.));
#7633 = CARTESIAN_POINT('',(0.371944607512,2.190406834226,3.001));
#7634 = CARTESIAN_POINT('',(0.371944607512,2.190406834226,3.));
#7635 = CARTESIAN_POINT('',(0.360595276088,2.190325479193,3.001));
#7636 = CARTESIAN_POINT('',(0.360595276088,2.190325479193,3.));
#7637 = CARTESIAN_POINT('',(0.343945653603,2.189305279561,3.001));
#7638 = CARTESIAN_POINT('',(0.343945653603,2.189305279561,3.));
#7639 = CARTESIAN_POINT('',(0.328072015039,2.187863425201,3.001));
#7640 = CARTESIAN_POINT('',(0.328072015039,2.187863425201,3.));
#7641 = CARTESIAN_POINT('',(0.312951389369,2.185615114333,3.001));
#7642 = CARTESIAN_POINT('',(0.312951389369,2.185615114333,3.));
#7643 = CARTESIAN_POINT('',(0.298584554628,2.182938734638,3.001));
#7644 = CARTESIAN_POINT('',(0.298584554628,2.182938734638,3.));
#7645 = CARTESIAN_POINT('',(0.285025331148,2.179449945375,3.001));
#7646 = CARTESIAN_POINT('',(0.285025331148,2.179449945375,3.));
#7647 = CARTESIAN_POINT('',(0.272188482981,2.175540783232,3.001));
#7648 = CARTESIAN_POINT('',(0.272188482981,2.175540783232,3.));
#7649 = CARTESIAN_POINT('',(0.264074227628,2.172247028088,3.001));
#7650 = CARTESIAN_POINT('',(0.264074227628,2.172247028088,3.));
#7651 = CARTESIAN_POINT('',(0.260094165872,2.170631433273,3.001));
#7652 = CARTESIAN_POINT('',(0.260094165872,2.170631433273,3.));
#7653 = ADVANCED_FACE('',(#7654),#7672,.T.);
#7654 = FACE_BOUND('',#7655,.T.);
#7655 = EDGE_LOOP('',(#7656,#7657,#7658,#7666));
#7656 = ORIENTED_EDGE('',*,*,#1675,.F.);
#7657 = ORIENTED_EDGE('',*,*,#7625,.F.);
#7658 = ORIENTED_EDGE('',*,*,#7659,.T.);
#7659 = EDGE_CURVE('',#7610,#7660,#7662,.T.);
#7660 = VERTEX_POINT('',#7661);
#7661 = CARTESIAN_POINT('',(0.260094165872,2.103558262541,3.001));
#7662 = LINE('',#7663,#7664);
#7663 = CARTESIAN_POINT('',(0.260094165872,2.170631433273,3.001));
#7664 = VECTOR('',#7665,1.);
#7665 = DIRECTION('',(0.,-1.,-6.465787501368E-15));
#7666 = ORIENTED_EDGE('',*,*,#7667,.T.);
#7667 = EDGE_CURVE('',#7660,#1676,#7668,.T.);
#7668 = LINE('',#7669,#7670);
#7669 = CARTESIAN_POINT('',(0.260094165872,2.103558262541,3.001));
#7670 = VECTOR('',#7671,1.);
#7671 = DIRECTION('',(-0.,3.491481338843E-15,-1.));
#7672 = PLANE('',#7673);
#7673 = AXIS2_PLACEMENT_3D('',#7674,#7675,#7676);
#7674 = CARTESIAN_POINT('',(0.260094165872,2.170631433273,3.001));
#7675 = DIRECTION('',(1.,0.,0.));
#7676 = DIRECTION('',(0.,0.,-1.));
#7677 = ADVANCED_FACE('',(#7678),#7704,.T.);
#7678 = FACE_BOUND('',#7679,.T.);
#7679 = EDGE_LOOP('',(#7680,#7681,#7682,#7698));
#7680 = ORIENTED_EDGE('',*,*,#1683,.F.);
#7681 = ORIENTED_EDGE('',*,*,#7667,.F.);
#7682 = ORIENTED_EDGE('',*,*,#7683,.T.);
#7683 = EDGE_CURVE('',#7660,#7684,#7686,.T.);
#7684 = VERTEX_POINT('',#7685);
#7685 = CARTESIAN_POINT('',(0.377186391482,2.135570457663,3.001));
#7686 = B_SPLINE_CURVE_WITH_KNOTS('',3,(#7687,#7688,#7689,#7690,#7691,
    #7692,#7693,#7694,#7695,#7696,#7697),.UNSPECIFIED.,.F.,.F.,(4,1,1,1,
    1,1,1,1,4),(0.,0.125279696736,0.249419970742,0.373356799493,
    0.496681278782,0.620202915744,0.745086320161,0.871269195019,1.),
  .UNSPECIFIED.);
#7687 = CARTESIAN_POINT('',(0.260094165872,2.103558262541,3.001));
#7688 = CARTESIAN_POINT('',(0.264534358686,2.106138349037,3.001));
#7689 = CARTESIAN_POINT('',(0.273374360622,2.111275056062,3.001));
#7690 = CARTESIAN_POINT('',(0.287278076429,2.117696950775,3.001));
#7691 = CARTESIAN_POINT('',(0.301449698005,2.123267019862,3.001));
#7692 = CARTESIAN_POINT('',(0.315988433782,2.127713520277,3.001));
#7693 = CARTESIAN_POINT('',(0.330802781279,2.131304103487,3.001));
#7694 = CARTESIAN_POINT('',(0.345970423949,2.133712408844,3.001));
#7695 = CARTESIAN_POINT('',(0.361462624483,2.135332725638,3.001));
#7696 = CARTESIAN_POINT('',(0.371910326627,2.135490687365,3.001));
#7697 = CARTESIAN_POINT('',(0.377186391482,2.135570457663,3.001));
#7698 = ORIENTED_EDGE('',*,*,#7699,.T.);
#7699 = EDGE_CURVE('',#7684,#1684,#7700,.T.);
#7700 = LINE('',#7701,#7702);
#7701 = CARTESIAN_POINT('',(0.377186391482,2.135570457663,3.001));
#7702 = VECTOR('',#7703,1.);
#7703 = DIRECTION('',(-0.,3.491481338843E-15,-1.));
#7704 = B_SPLINE_SURFACE_WITH_KNOTS('',3,1,(
    (#7705,#7706)
    ,(#7707,#7708)
    ,(#7709,#7710)
    ,(#7711,#7712)
    ,(#7713,#7714)
    ,(#7715,#7716)
    ,(#7717,#7718)
    ,(#7719,#7720)
    ,(#7721,#7722)
    ,(#7723,#7724)
    ,(#7725,#7726
  )),.UNSPECIFIED.,.F.,.F.,.F.,(4,1,1,1,1,1,1,1,4),(2,2),(0.,
    0.125279696736,0.249419970742,0.373356799493,0.496681278782,
    0.620202915744,0.745086320161,0.871269195019,1.),(0.,1.),
  .UNSPECIFIED.);
#7705 = CARTESIAN_POINT('',(0.260094165872,2.103558262541,3.001));
#7706 = CARTESIAN_POINT('',(0.260094165872,2.103558262541,3.));
#7707 = CARTESIAN_POINT('',(0.264534358686,2.106138349037,3.001));
#7708 = CARTESIAN_POINT('',(0.264534358686,2.106138349037,3.));
#7709 = CARTESIAN_POINT('',(0.273374360622,2.111275056062,3.001));
#7710 = CARTESIAN_POINT('',(0.273374360622,2.111275056062,3.));
#7711 = CARTESIAN_POINT('',(0.287278076429,2.117696950775,3.001));
#7712 = CARTESIAN_POINT('',(0.287278076429,2.117696950775,3.));
#7713 = CARTESIAN_POINT('',(0.301449698005,2.123267019862,3.001));
#7714 = CARTESIAN_POINT('',(0.301449698005,2.123267019862,3.));
#7715 = CARTESIAN_POINT('',(0.315988433782,2.127713520277,3.001));
#7716 = CARTESIAN_POINT('',(0.315988433782,2.127713520277,3.));
#7717 = CARTESIAN_POINT('',(0.330802781279,2.131304103487,3.001));
#7718 = CARTESIAN_POINT('',(0.330802781279,2.131304103487,3.));
#7719 = CARTESIAN_POINT('',(0.345970423949,2.133712408844,3.001));
#7720 = CARTESIAN_POINT('',(0.345970423949,2.133712408844,3.));
#7721 = CARTESIAN_POINT('',(0.361462624483,2.135332725638,3.001));
#7722 = CARTESIAN_POINT('',(0.361462624483,2.135332725638,3.));
#7723 = CARTESIAN_POINT('',(0.371910326627,2.135490687365,3.001));
#7724 = CARTESIAN_POINT('',(0.371910326627,2.135490687365,3.));
#7725 = CARTESIAN_POINT('',(0.377186391482,2.135570457663,3.001));
#7726 = CARTESIAN_POINT('',(0.377186391482,2.135570457663,3.));
#7727 = ADVANCED_FACE('',(#7728),#7762,.T.);
#7728 = FACE_BOUND('',#7729,.T.);
#7729 = EDGE_LOOP('',(#7730,#7731,#7732,#7756));
#7730 = ORIENTED_EDGE('',*,*,#1699,.F.);
#7731 = ORIENTED_EDGE('',*,*,#7699,.F.);
#7732 = ORIENTED_EDGE('',*,*,#7733,.T.);
#7733 = EDGE_CURVE('',#7684,#7734,#7736,.T.);
#7734 = VERTEX_POINT('',#7735);
#7735 = CARTESIAN_POINT('',(0.564972214653,1.929015579614,3.001));
#7736 = B_SPLINE_CURVE_WITH_KNOTS('',3,(#7737,#7738,#7739,#7740,#7741,
    #7742,#7743,#7744,#7745,#7746,#7747,#7748,#7749,#7750,#7751,#7752,
    #7753,#7754,#7755),.UNSPECIFIED.,.F.,.F.,(4,1,1,1,1,1,1,1,1,1,1,1,1,
    1,1,1,4),(0.,6.460397028839E-02,0.126702413963,0.186756814036,
    0.245505687365,0.30365202445,0.361503073971,0.420240222928,
    0.480033340777,0.540678134776,0.601191806381,0.662333502477,
    0.724739510297,0.789467736173,0.856504860044,0.926312095839,1.),
  .UNSPECIFIED.);
#7737 = CARTESIAN_POINT('',(0.377186391482,2.135570457663,3.001));
#7738 = CARTESIAN_POINT('',(0.383961072414,2.13542478962,3.001));
#7739 = CARTESIAN_POINT('',(0.397247692789,2.135139102957,3.001));
#7740 = CARTESIAN_POINT('',(0.416658431645,2.132334188114,3.001));
#7741 = CARTESIAN_POINT('',(0.435172128236,2.128137718498,3.001));
#7742 = CARTESIAN_POINT('',(0.452714543895,2.121995859859,3.001));
#7743 = CARTESIAN_POINT('',(0.469265759129,2.114068844686,3.001));
#7744 = CARTESIAN_POINT('',(0.484811421128,2.10432694103,3.001));
#7745 = CARTESIAN_POINT('',(0.499447001657,2.092979014843,3.001));
#7746 = CARTESIAN_POINT('',(0.512949239906,2.079883496216,3.001));
#7747 = CARTESIAN_POINT('',(0.525253534794,2.065401944328,3.001));
#7748 = CARTESIAN_POINT('',(0.535814949962,2.049438588992,3.001));
#7749 = CARTESIAN_POINT('',(0.544973300072,2.032425498949,3.001));
#7750 = CARTESIAN_POINT('',(0.552307289034,2.014064183832,3.001));
#7751 = CARTESIAN_POINT('',(0.557987038657,1.994495521897,3.001));
#7752 = CARTESIAN_POINT('',(0.562086620671,1.973746214564,3.001));
#7753 = CARTESIAN_POINT('',(0.564461862013,1.951777992855,3.001));
#7754 = CARTESIAN_POINT('',(0.564799057413,1.936738625086,3.001));
#7755 = CARTESIAN_POINT('',(0.564972214653,1.929015579614,3.001));
#7756 = ORIENTED_EDGE('',*,*,#7757,.T.);
#7757 = EDGE_CURVE('',#7734,#1700,#7758,.T.);
#7758 = LINE('',#7759,#7760);
#7759 = CARTESIAN_POINT('',(0.564972214653,1.929015579614,3.001));
#7760 = VECTOR('',#7761,1.);
#7761 = DIRECTION('',(-0.,3.491481338843E-15,-1.));
#7762 = B_SPLINE_SURFACE_WITH_KNOTS('',3,1,(
    (#7763,#7764)
    ,(#7765,#7766)
    ,(#7767,#7768)
    ,(#7769,#7770)
    ,(#7771,#7772)
    ,(#7773,#7774)
    ,(#7775,#7776)
    ,(#7777,#7778)
    ,(#7779,#7780)
    ,(#7781,#7782)
    ,(#7783,#7784)
    ,(#7785,#7786)
    ,(#7787,#7788)
    ,(#7789,#7790)
    ,(#7791,#7792)
    ,(#7793,#7794)
    ,(#7795,#7796)
    ,(#7797,#7798)
    ,(#7799,#7800
    )),.UNSPECIFIED.,.F.,.F.,.F.,(4,1,1,1,1,1,1,1,1,1,1,1,1,1,1,1,4),(2,
    2),(0.,6.460397028839E-02,0.126702413963,0.186756814036,
    0.245505687365,0.30365202445,0.361503073971,0.420240222928,
    0.480033340777,0.540678134776,0.601191806381,0.662333502477,
    0.724739510297,0.789467736173,0.856504860044,0.926312095839,1.),(0.,
    1.),.UNSPECIFIED.);
#7763 = CARTESIAN_POINT('',(0.377186391482,2.135570457663,3.001));
#7764 = CARTESIAN_POINT('',(0.377186391482,2.135570457663,3.));
#7765 = CARTESIAN_POINT('',(0.383961072414,2.13542478962,3.001));
#7766 = CARTESIAN_POINT('',(0.383961072414,2.13542478962,3.));
#7767 = CARTESIAN_POINT('',(0.397247692789,2.135139102957,3.001));
#7768 = CARTESIAN_POINT('',(0.397247692789,2.135139102957,3.));
#7769 = CARTESIAN_POINT('',(0.416658431645,2.132334188114,3.001));
#7770 = CARTESIAN_POINT('',(0.416658431645,2.132334188114,3.));
#7771 = CARTESIAN_POINT('',(0.435172128236,2.128137718498,3.001));
#7772 = CARTESIAN_POINT('',(0.435172128236,2.128137718498,3.));
#7773 = CARTESIAN_POINT('',(0.452714543895,2.121995859859,3.001));
#7774 = CARTESIAN_POINT('',(0.452714543895,2.121995859859,3.));
#7775 = CARTESIAN_POINT('',(0.469265759129,2.114068844686,3.001));
#7776 = CARTESIAN_POINT('',(0.469265759129,2.114068844686,3.));
#7777 = CARTESIAN_POINT('',(0.484811421128,2.10432694103,3.001));
#7778 = CARTESIAN_POINT('',(0.484811421128,2.10432694103,3.));
#7779 = CARTESIAN_POINT('',(0.499447001657,2.092979014843,3.001));
#7780 = CARTESIAN_POINT('',(0.499447001657,2.092979014843,3.));
#7781 = CARTESIAN_POINT('',(0.512949239906,2.079883496216,3.001));
#7782 = CARTESIAN_POINT('',(0.512949239906,2.079883496216,3.));
#7783 = CARTESIAN_POINT('',(0.525253534794,2.065401944328,3.001));
#7784 = CARTESIAN_POINT('',(0.525253534794,2.065401944328,3.));
#7785 = CARTESIAN_POINT('',(0.535814949962,2.049438588992,3.001));
#7786 = CARTESIAN_POINT('',(0.535814949962,2.049438588992,3.));
#7787 = CARTESIAN_POINT('',(0.544973300072,2.032425498949,3.001));
#7788 = CARTESIAN_POINT('',(0.544973300072,2.032425498949,3.));
#7789 = CARTESIAN_POINT('',(0.552307289034,2.014064183832,3.001));
#7790 = CARTESIAN_POINT('',(0.552307289034,2.014064183832,3.));
#7791 = CARTESIAN_POINT('',(0.557987038657,1.994495521897,3.001));
#7792 = CARTESIAN_POINT('',(0.557987038657,1.994495521897,3.));
#7793 = CARTESIAN_POINT('',(0.562086620671,1.973746214564,3.001));
#7794 = CARTESIAN_POINT('',(0.562086620671,1.973746214564,3.));
#7795 = CARTESIAN_POINT('',(0.564461862013,1.951777992855,3.001));
#7796 = CARTESIAN_POINT('',(0.564461862013,1.951777992855,3.));
#7797 = CARTESIAN_POINT('',(0.564799057413,1.936738625086,3.001));
#7798 = CARTESIAN_POINT('',(0.564799057413,1.936738625086,3.));
#7799 = CARTESIAN_POINT('',(0.564972214653,1.929015579614,3.001));
#7800 = CARTESIAN_POINT('',(0.564972214653,1.929015579614,3.));
#7801 = ADVANCED_FACE('',(#7802),#7836,.T.);
#7802 = FACE_BOUND('',#7803,.T.);
#7803 = EDGE_LOOP('',(#7804,#7805,#7806,#7830));
#7804 = ORIENTED_EDGE('',*,*,#1723,.F.);
#7805 = ORIENTED_EDGE('',*,*,#7757,.F.);
#7806 = ORIENTED_EDGE('',*,*,#7807,.T.);
#7807 = EDGE_CURVE('',#7734,#7808,#7810,.T.);
#7808 = VERTEX_POINT('',#7809);
#7809 = CARTESIAN_POINT('',(0.388428769531,1.733131433273,3.001));
#7810 = B_SPLINE_CURVE_WITH_KNOTS('',3,(#7811,#7812,#7813,#7814,#7815,
    #7816,#7817,#7818,#7819,#7820,#7821,#7822,#7823,#7824,#7825,#7826,
    #7827,#7828,#7829),.UNSPECIFIED.,.F.,.F.,(4,1,1,1,1,1,1,1,1,1,1,1,1,
    1,1,1,4),(0.,7.377411937406E-02,0.144079114726,0.211348518309,
    0.27607688574,0.33852091582,0.399885116693,0.460254067465,
    0.520588964391,0.580207684563,0.638632908553,0.696364549491,
    0.75400177466,0.812805681374,0.872754425526,0.935181996978,1.),
  .UNSPECIFIED.);
#7811 = CARTESIAN_POINT('',(0.564972214653,1.929015579614,3.001));
#7812 = CARTESIAN_POINT('',(0.564833304728,1.921704976766,3.001));
#7813 = CARTESIAN_POINT('',(0.564562016921,1.90742754187,3.001));
#7814 = CARTESIAN_POINT('',(0.562231223609,1.886588702908,3.001));
#7815 = CARTESIAN_POINT('',(0.558455601488,1.866885341986,3.001));
#7816 = CARTESIAN_POINT('',(0.553149430639,1.848334826396,3.001));
#7817 = CARTESIAN_POINT('',(0.546230378044,1.830954323358,3.001));
#7818 = CARTESIAN_POINT('',(0.537872405002,1.814697652931,3.001));
#7819 = CARTESIAN_POINT('',(0.527879396125,1.799638227114,3.001));
#7820 = CARTESIAN_POINT('',(0.516471946226,1.78584654749,3.001));
#7821 = CARTESIAN_POINT('',(0.503806672049,1.773478721435,3.001));
#7822 = CARTESIAN_POINT('',(0.490148793079,1.762616991274,3.001));
#7823 = CARTESIAN_POINT('',(0.47546855301,1.753550827859,3.001));
#7824 = CARTESIAN_POINT('',(0.459902842672,1.746032877418,3.001));
#7825 = CARTESIAN_POINT('',(0.443381333146,1.740220464821,3.001));
#7826 = CARTESIAN_POINT('',(0.425873097991,1.736145759748,3.001));
#7827 = CARTESIAN_POINT('',(0.407461894948,1.733621975094,3.001));
#7828 = CARTESIAN_POINT('',(0.394852107036,1.733296982315,3.001));
#7829 = CARTESIAN_POINT('',(0.388428769531,1.733131433273,3.001));
#7830 = ORIENTED_EDGE('',*,*,#7831,.T.);
#7831 = EDGE_CURVE('',#7808,#1724,#7832,.T.);
#7832 = LINE('',#7833,#7834);
#7833 = CARTESIAN_POINT('',(0.388428769531,1.733131433273,3.001));
#7834 = VECTOR('',#7835,1.);
#7835 = DIRECTION('',(-0.,3.491481338843E-15,-1.));
#7836 = B_SPLINE_SURFACE_WITH_KNOTS('',3,1,(
    (#7837,#7838)
    ,(#7839,#7840)
    ,(#7841,#7842)
    ,(#7843,#7844)
    ,(#7845,#7846)
    ,(#7847,#7848)
    ,(#7849,#7850)
    ,(#7851,#7852)
    ,(#7853,#7854)
    ,(#7855,#7856)
    ,(#7857,#7858)
    ,(#7859,#7860)
    ,(#7861,#7862)
    ,(#7863,#7864)
    ,(#7865,#7866)
    ,(#7867,#7868)
    ,(#7869,#7870)
    ,(#7871,#7872)
    ,(#7873,#7874
    )),.UNSPECIFIED.,.F.,.F.,.F.,(4,1,1,1,1,1,1,1,1,1,1,1,1,1,1,1,4),(2,
    2),(0.,7.377411937406E-02,0.144079114726,0.211348518309,
    0.27607688574,0.33852091582,0.399885116693,0.460254067465,
    0.520588964391,0.580207684563,0.638632908553,0.696364549491,
    0.75400177466,0.812805681374,0.872754425526,0.935181996978,1.),(0.,
    1.),.UNSPECIFIED.);
#7837 = CARTESIAN_POINT('',(0.564972214653,1.929015579614,3.001));
#7838 = CARTESIAN_POINT('',(0.564972214653,1.929015579614,3.));
#7839 = CARTESIAN_POINT('',(0.564833304728,1.921704976766,3.001));
#7840 = CARTESIAN_POINT('',(0.564833304728,1.921704976766,3.));
#7841 = CARTESIAN_POINT('',(0.564562016921,1.90742754187,3.001));
#7842 = CARTESIAN_POINT('',(0.564562016921,1.90742754187,3.));
#7843 = CARTESIAN_POINT('',(0.562231223609,1.886588702908,3.001));
#7844 = CARTESIAN_POINT('',(0.562231223609,1.886588702908,3.));
#7845 = CARTESIAN_POINT('',(0.558455601488,1.866885341986,3.001));
#7846 = CARTESIAN_POINT('',(0.558455601488,1.866885341986,3.));
#7847 = CARTESIAN_POINT('',(0.553149430639,1.848334826396,3.001));
#7848 = CARTESIAN_POINT('',(0.553149430639,1.848334826396,3.));
#7849 = CARTESIAN_POINT('',(0.546230378044,1.830954323358,3.001));
#7850 = CARTESIAN_POINT('',(0.546230378044,1.830954323358,3.));
#7851 = CARTESIAN_POINT('',(0.537872405002,1.814697652931,3.001));
#7852 = CARTESIAN_POINT('',(0.537872405002,1.814697652931,3.));
#7853 = CARTESIAN_POINT('',(0.527879396125,1.799638227114,3.001));
#7854 = CARTESIAN_POINT('',(0.527879396125,1.799638227114,3.));
#7855 = CARTESIAN_POINT('',(0.516471946226,1.78584654749,3.001));
#7856 = CARTESIAN_POINT('',(0.516471946226,1.78584654749,3.));
#7857 = CARTESIAN_POINT('',(0.503806672049,1.773478721435,3.001));
#7858 = CARTESIAN_POINT('',(0.503806672049,1.773478721435,3.));
#7859 = CARTESIAN_POINT('',(0.490148793079,1.762616991274,3.001));
#7860 = CARTESIAN_POINT('',(0.490148793079,1.762616991274,3.));
#7861 = CARTESIAN_POINT('',(0.47546855301,1.753550827859,3.001));
#7862 = CARTESIAN_POINT('',(0.47546855301,1.753550827859,3.));
#7863 = CARTESIAN_POINT('',(0.459902842672,1.746032877418,3.001));
#7864 = CARTESIAN_POINT('',(0.459902842672,1.746032877418,3.));
#7865 = CARTESIAN_POINT('',(0.443381333146,1.740220464821,3.001));
#7866 = CARTESIAN_POINT('',(0.443381333146,1.740220464821,3.));
#7867 = CARTESIAN_POINT('',(0.425873097991,1.736145759748,3.001));
#7868 = CARTESIAN_POINT('',(0.425873097991,1.736145759748,3.));
#7869 = CARTESIAN_POINT('',(0.407461894948,1.733621975094,3.001));
#7870 = CARTESIAN_POINT('',(0.407461894948,1.733621975094,3.));
#7871 = CARTESIAN_POINT('',(0.394852107036,1.733296982315,3.001));
#7872 = CARTESIAN_POINT('',(0.394852107036,1.733296982315,3.));
#7873 = CARTESIAN_POINT('',(0.388428769531,1.733131433273,3.001));
#7874 = CARTESIAN_POINT('',(0.388428769531,1.733131433273,3.));
#7875 = ADVANCED_FACE('',(#7876),#7895,.T.);
#7876 = FACE_BOUND('',#7877,.T.);
#7877 = EDGE_LOOP('',(#7878,#7879,#7880,#7894));
#7878 = ORIENTED_EDGE('',*,*,#1747,.F.);
#7879 = ORIENTED_EDGE('',*,*,#7831,.F.);
#7880 = ORIENTED_EDGE('',*,*,#7881,.T.);
#7881 = EDGE_CURVE('',#7808,#7380,#7882,.T.);
#7882 = B_SPLINE_CURVE_WITH_KNOTS('',3,(#7883,#7884,#7885,#7886,#7887,
    #7888,#7889,#7890,#7891,#7892,#7893),.UNSPECIFIED.,.F.,.F.,(4,1,1,1,
    1,1,1,1,4),(0.,0.135294604763,0.266765657925,0.394816018836,
    0.520051654434,0.642175702971,0.762651820558,0.881834004381,1.),
  .UNSPECIFIED.);
#7883 = CARTESIAN_POINT('',(0.388428769531,1.733131433273,3.001));
#7884 = CARTESIAN_POINT('',(0.382391059248,1.733210703547,3.001));
#7885 = CARTESIAN_POINT('',(0.370486270001,1.733367003842,3.001));
#7886 = CARTESIAN_POINT('',(0.35293032908,1.734970991317,3.001));
#7887 = CARTESIAN_POINT('',(0.335925214689,1.737385100974,3.001));
#7888 = CARTESIAN_POINT('',(0.319544839263,1.740938458335,3.001));
#7889 = CARTESIAN_POINT('',(0.303733042274,1.74538645976,3.001));
#7890 = CARTESIAN_POINT('',(0.288579465782,1.750973490314,3.001));
#7891 = CARTESIAN_POINT('',(0.273922186554,1.757355034507,3.001));
#7892 = CARTESIAN_POINT('',(0.264690330937,1.762554851306,3.001));
#7893 = CARTESIAN_POINT('',(0.260094165872,1.765143628395,3.001));
#7894 = ORIENTED_EDGE('',*,*,#7379,.T.);
#7895 = B_SPLINE_SURFACE_WITH_KNOTS('',3,1,(
    (#7896,#7897)
    ,(#7898,#7899)
    ,(#7900,#7901)
    ,(#7902,#7903)
    ,(#7904,#7905)
    ,(#7906,#7907)
    ,(#7908,#7909)
    ,(#7910,#7911)
    ,(#7912,#7913)
    ,(#7914,#7915)
    ,(#7916,#7917
  )),.UNSPECIFIED.,.F.,.F.,.F.,(4,1,1,1,1,1,1,1,4),(2,2),(0.,
    0.135294604763,0.266765657925,0.394816018836,0.520051654434,
    0.642175702971,0.762651820558,0.881834004381,1.),(0.,1.),
  .UNSPECIFIED.);
#7896 = CARTESIAN_POINT('',(0.388428769531,1.733131433273,3.001));
#7897 = CARTESIAN_POINT('',(0.388428769531,1.733131433273,3.));
#7898 = CARTESIAN_POINT('',(0.382391059248,1.733210703547,3.001));
#7899 = CARTESIAN_POINT('',(0.382391059248,1.733210703547,3.));
#7900 = CARTESIAN_POINT('',(0.370486270001,1.733367003842,3.001));
#7901 = CARTESIAN_POINT('',(0.370486270001,1.733367003842,3.));
#7902 = CARTESIAN_POINT('',(0.35293032908,1.734970991317,3.001));
#7903 = CARTESIAN_POINT('',(0.35293032908,1.734970991317,3.));
#7904 = CARTESIAN_POINT('',(0.335925214689,1.737385100974,3.001));
#7905 = CARTESIAN_POINT('',(0.335925214689,1.737385100974,3.));
#7906 = CARTESIAN_POINT('',(0.319544839263,1.740938458335,3.001));
#7907 = CARTESIAN_POINT('',(0.319544839263,1.740938458335,3.));
#7908 = CARTESIAN_POINT('',(0.303733042274,1.74538645976,3.001));
#7909 = CARTESIAN_POINT('',(0.303733042274,1.74538645976,3.));
#7910 = CARTESIAN_POINT('',(0.288579465782,1.750973490314,3.001));
#7911 = CARTESIAN_POINT('',(0.288579465782,1.750973490314,3.));
#7912 = CARTESIAN_POINT('',(0.273922186554,1.757355034507,3.001));
#7913 = CARTESIAN_POINT('',(0.273922186554,1.757355034507,3.));
#7914 = CARTESIAN_POINT('',(0.264690330937,1.762554851306,3.001));
#7915 = CARTESIAN_POINT('',(0.264690330937,1.762554851306,3.));
#7916 = CARTESIAN_POINT('',(0.260094165872,1.765143628395,3.001));
#7917 = CARTESIAN_POINT('',(0.260094165872,1.765143628395,3.));
#7918 = ADVANCED_FACE('',(#7919),#7931,.T.);
#7919 = FACE_BOUND('',#7920,.T.);
#7920 = EDGE_LOOP('',(#7921,#7922,#7923,#7924,#7925,#7926,#7927,#7928,
    #7929,#7930));
#7921 = ORIENTED_EDGE('',*,*,#7387,.F.);
#7922 = ORIENTED_EDGE('',*,*,#7881,.F.);
#7923 = ORIENTED_EDGE('',*,*,#7807,.F.);
#7924 = ORIENTED_EDGE('',*,*,#7733,.F.);
#7925 = ORIENTED_EDGE('',*,*,#7683,.F.);
#7926 = ORIENTED_EDGE('',*,*,#7659,.F.);
#7927 = ORIENTED_EDGE('',*,*,#7609,.F.);
#7928 = ORIENTED_EDGE('',*,*,#7535,.F.);
#7929 = ORIENTED_EDGE('',*,*,#7461,.F.);
#7930 = ORIENTED_EDGE('',*,*,#7411,.F.);
#7931 = PLANE('',#7932);
#7932 = AXIS2_PLACEMENT_3D('',#7933,#7934,#7935);
#7933 = CARTESIAN_POINT('',(0.326688187667,1.685189717715,3.001));
#7934 = DIRECTION('',(5.652613999697E-13,1.19156841961E-12,-1.));
#7935 = DIRECTION('',(0.,1.,1.19156841961E-12));
#7936 = ADVANCED_FACE('',(#7937),#7962,.T.);
#7937 = FACE_BOUND('',#7938,.T.);
#7938 = EDGE_LOOP('',(#7939,#7940,#7948,#7956));
#7939 = ORIENTED_EDGE('',*,*,#2035,.F.);
#7940 = ORIENTED_EDGE('',*,*,#7941,.F.);
#7941 = EDGE_CURVE('',#7942,#2036,#7944,.T.);
#7942 = VERTEX_POINT('',#7943);
#7943 = CARTESIAN_POINT('',(0.674728312214,1.739228994248,3.001));
#7944 = LINE('',#7945,#7946);
#7945 = CARTESIAN_POINT('',(0.674728312214,1.739228994248,3.001));
#7946 = VECTOR('',#7947,1.);
#7947 = DIRECTION('',(-0.,3.491481338843E-15,-1.));
#7948 = ORIENTED_EDGE('',*,*,#7949,.T.);
#7949 = EDGE_CURVE('',#7942,#7950,#7952,.T.);
#7950 = VERTEX_POINT('',#7951);
#7951 = CARTESIAN_POINT('',(0.674728312214,1.684350945468,3.001));
#7952 = LINE('',#7953,#7954);
#7953 = CARTESIAN_POINT('',(0.674728312214,1.739228994248,3.001));
#7954 = VECTOR('',#7955,1.);
#7955 = DIRECTION('',(0.,-1.,0.));
#7956 = ORIENTED_EDGE('',*,*,#7957,.T.);
#7957 = EDGE_CURVE('',#7950,#2038,#7958,.T.);
#7958 = LINE('',#7959,#7960);
#7959 = CARTESIAN_POINT('',(0.674728312214,1.684350945468,3.001));
#7960 = VECTOR('',#7961,1.);
#7961 = DIRECTION('',(-0.,3.491481338843E-15,-1.));
#7962 = PLANE('',#7963);
#7963 = AXIS2_PLACEMENT_3D('',#7964,#7965,#7966);
#7964 = CARTESIAN_POINT('',(0.674728312214,1.739228994248,3.001));
#7965 = DIRECTION('',(1.,0.,0.));
#7966 = DIRECTION('',(0.,0.,-1.));
#7967 = ADVANCED_FACE('',(#7968),#7986,.T.);
#7968 = FACE_BOUND('',#7969,.T.);
#7969 = EDGE_LOOP('',(#7970,#7971,#7972,#7980));
#7970 = ORIENTED_EDGE('',*,*,#2045,.F.);
#7971 = ORIENTED_EDGE('',*,*,#7957,.F.);
#7972 = ORIENTED_EDGE('',*,*,#7973,.T.);
#7973 = EDGE_CURVE('',#7950,#7974,#7976,.T.);
#7974 = VERTEX_POINT('',#7975);
#7975 = CARTESIAN_POINT('',(0.930825873189,1.684350945468,3.001));
#7976 = LINE('',#7977,#7978);
#7977 = CARTESIAN_POINT('',(0.674728312214,1.684350945468,3.001));
#7978 = VECTOR('',#7979,1.);
#7979 = DIRECTION('',(1.,0.,0.));
#7980 = ORIENTED_EDGE('',*,*,#7981,.T.);
#7981 = EDGE_CURVE('',#7974,#2046,#7982,.T.);
#7982 = LINE('',#7983,#7984);
#7983 = CARTESIAN_POINT('',(0.930825873189,1.684350945468,3.001));
#7984 = VECTOR('',#7985,1.);
#7985 = DIRECTION('',(-0.,3.491481338843E-15,-1.));
#7986 = PLANE('',#7987);
#7987 = AXIS2_PLACEMENT_3D('',#7988,#7989,#7990);
#7988 = CARTESIAN_POINT('',(0.674728312214,1.684350945468,3.001));
#7989 = DIRECTION('',(-0.,1.,3.491481338843E-15));
#7990 = DIRECTION('',(0.,-3.491481338843E-15,1.));
#7991 = ADVANCED_FACE('',(#7992),#8010,.T.);
#7992 = FACE_BOUND('',#7993,.T.);
#7993 = EDGE_LOOP('',(#7994,#7995,#7996,#8004));
#7994 = ORIENTED_EDGE('',*,*,#2053,.F.);
#7995 = ORIENTED_EDGE('',*,*,#7981,.F.);
#7996 = ORIENTED_EDGE('',*,*,#7997,.T.);
#7997 = EDGE_CURVE('',#7974,#7998,#8000,.T.);
#7998 = VERTEX_POINT('',#7999);
#7999 = CARTESIAN_POINT('',(0.930825873189,2.184350945468,3.001));
#8000 = LINE('',#8001,#8002);
#8001 = CARTESIAN_POINT('',(0.930825873189,1.684350945468,3.001));
#8002 = VECTOR('',#8003,1.);
#8003 = DIRECTION('',(0.,1.,3.469446951954E-15));
#8004 = ORIENTED_EDGE('',*,*,#8005,.T.);
#8005 = EDGE_CURVE('',#7998,#2054,#8006,.T.);
#8006 = LINE('',#8007,#8008);
#8007 = CARTESIAN_POINT('',(0.930825873189,2.184350945468,3.001));
#8008 = VECTOR('',#8009,1.);
#8009 = DIRECTION('',(-0.,3.491481338843E-15,-1.));
#8010 = PLANE('',#8011);
#8011 = AXIS2_PLACEMENT_3D('',#8012,#8013,#8014);
#8012 = CARTESIAN_POINT('',(0.930825873189,1.684350945468,3.001));
#8013 = DIRECTION('',(-1.,0.,0.));
#8014 = DIRECTION('',(0.,0.,1.));
#8015 = ADVANCED_FACE('',(#8016),#8034,.T.);
#8016 = FACE_BOUND('',#8017,.T.);
#8017 = EDGE_LOOP('',(#8018,#8019,#8020,#8028));
#8018 = ORIENTED_EDGE('',*,*,#2061,.F.);
#8019 = ORIENTED_EDGE('',*,*,#8005,.F.);
#8020 = ORIENTED_EDGE('',*,*,#8021,.T.);
#8021 = EDGE_CURVE('',#7998,#8022,#8024,.T.);
#8022 = VERTEX_POINT('',#8023);
#8023 = CARTESIAN_POINT('',(0.863752702458,2.184350945468,3.001));
#8024 = LINE('',#8025,#8026);
#8025 = CARTESIAN_POINT('',(0.930825873189,2.184350945468,3.001));
#8026 = VECTOR('',#8027,1.);
#8027 = DIRECTION('',(-1.,0.,0.));
#8028 = ORIENTED_EDGE('',*,*,#8029,.T.);
#8029 = EDGE_CURVE('',#8022,#2062,#8030,.T.);
#8030 = LINE('',#8031,#8032);
#8031 = CARTESIAN_POINT('',(0.863752702458,2.184350945468,3.001));
#8032 = VECTOR('',#8033,1.);
#8033 = DIRECTION('',(-0.,3.491481338843E-15,-1.));
#8034 = PLANE('',#8035);
#8035 = AXIS2_PLACEMENT_3D('',#8036,#8037,#8038);
#8036 = CARTESIAN_POINT('',(0.930825873189,2.184350945468,3.001));
#8037 = DIRECTION('',(0.,-1.,-3.491481338843E-15));
#8038 = DIRECTION('',(0.,3.491481338843E-15,-1.));
#8039 = ADVANCED_FACE('',(#8040),#8058,.T.);
#8040 = FACE_BOUND('',#8041,.T.);
#8041 = EDGE_LOOP('',(#8042,#8043,#8044,#8052));
#8042 = ORIENTED_EDGE('',*,*,#2069,.F.);
#8043 = ORIENTED_EDGE('',*,*,#8029,.F.);
#8044 = ORIENTED_EDGE('',*,*,#8045,.T.);
#8045 = EDGE_CURVE('',#8022,#8046,#8048,.T.);
#8046 = VERTEX_POINT('',#8047);
#8047 = CARTESIAN_POINT('',(0.863752702458,1.739228994248,3.001));
#8048 = LINE('',#8049,#8050);
#8049 = CARTESIAN_POINT('',(0.863752702458,2.184350945468,3.001));
#8050 = VECTOR('',#8051,1.);
#8051 = DIRECTION('',(0.,-1.,-3.897186987126E-15));
#8052 = ORIENTED_EDGE('',*,*,#8053,.T.);
#8053 = EDGE_CURVE('',#8046,#2070,#8054,.T.);
#8054 = LINE('',#8055,#8056);
#8055 = CARTESIAN_POINT('',(0.863752702458,1.739228994248,3.001));
#8056 = VECTOR('',#8057,1.);
#8057 = DIRECTION('',(-0.,3.491481338843E-15,-1.));
#8058 = PLANE('',#8059);
#8059 = AXIS2_PLACEMENT_3D('',#8060,#8061,#8062);
#8060 = CARTESIAN_POINT('',(0.863752702458,2.184350945468,3.001));
#8061 = DIRECTION('',(1.,0.,0.));
#8062 = DIRECTION('',(0.,0.,-1.));
#8063 = ADVANCED_FACE('',(#8064),#8075,.T.);
#8064 = FACE_BOUND('',#8065,.T.);
#8065 = EDGE_LOOP('',(#8066,#8067,#8068,#8074));
#8066 = ORIENTED_EDGE('',*,*,#2077,.F.);
#8067 = ORIENTED_EDGE('',*,*,#8053,.F.);
#8068 = ORIENTED_EDGE('',*,*,#8069,.T.);
#8069 = EDGE_CURVE('',#8046,#7942,#8070,.T.);
#8070 = LINE('',#8071,#8072);
#8071 = CARTESIAN_POINT('',(0.863752702458,1.739228994248,3.001));
#8072 = VECTOR('',#8073,1.);
#8073 = DIRECTION('',(-1.,0.,0.));
#8074 = ORIENTED_EDGE('',*,*,#7941,.T.);
#8075 = PLANE('',#8076);
#8076 = AXIS2_PLACEMENT_3D('',#8077,#8078,#8079);
#8077 = CARTESIAN_POINT('',(0.863752702458,1.739228994248,3.001));
#8078 = DIRECTION('',(0.,-1.,-3.491481338843E-15));
#8079 = DIRECTION('',(0.,3.491481338843E-15,-1.));
#8080 = ADVANCED_FACE('',(#8081),#8089,.F.);
#8081 = FACE_BOUND('',#8082,.T.);
#8082 = EDGE_LOOP('',(#8083,#8084,#8085,#8086,#8087,#8088));
#8083 = ORIENTED_EDGE('',*,*,#7949,.F.);
#8084 = ORIENTED_EDGE('',*,*,#8069,.F.);
#8085 = ORIENTED_EDGE('',*,*,#8045,.F.);
#8086 = ORIENTED_EDGE('',*,*,#8021,.F.);
#8087 = ORIENTED_EDGE('',*,*,#7997,.F.);
#8088 = ORIENTED_EDGE('',*,*,#7973,.F.);
#8089 = PLANE('',#8090);
#8090 = AXIS2_PLACEMENT_3D('',#8091,#8092,#8093);
#8091 = CARTESIAN_POINT('',(0.,-3.491481338843E-18,3.001));
#8092 = DIRECTION('',(-0.,0.,1.));
#8093 = DIRECTION('',(1.,0.,0.));
#8094 = ADVANCED_FACE('',(#8095),#8103,.F.);
#8095 = FACE_BOUND('',#8096,.T.);
#8096 = EDGE_LOOP('',(#8097,#8098,#8099,#8100,#8101,#8102));
#8097 = ORIENTED_EDGE('',*,*,#6371,.T.);
#8098 = ORIENTED_EDGE('',*,*,#6526,.T.);
#8099 = ORIENTED_EDGE('',*,*,#6488,.T.);
#8100 = ORIENTED_EDGE('',*,*,#6464,.T.);
#8101 = ORIENTED_EDGE('',*,*,#6426,.T.);
#8102 = ORIENTED_EDGE('',*,*,#6402,.T.);
#8103 = PLANE('',#8104);
#8104 = AXIS2_PLACEMENT_3D('',#8105,#8106,#8107);
#8105 = CARTESIAN_POINT('',(-3.25,1.15,3.));
#8106 = DIRECTION('',(0.,-3.491481338843E-15,1.));
#8107 = DIRECTION('',(0.,-1.,-3.491481338843E-15));
#8108 = ADVANCED_FACE('',(#8109),#8116,.F.);
#8109 = FACE_BOUND('',#8110,.T.);
#8110 = EDGE_LOOP('',(#8111,#8112,#8113,#8114,#8115));
#8111 = ORIENTED_EDGE('',*,*,#6850,.T.);
#8112 = ORIENTED_EDGE('',*,*,#7053,.T.);
#8113 = ORIENTED_EDGE('',*,*,#7029,.T.);
#8114 = ORIENTED_EDGE('',*,*,#6955,.T.);
#8115 = ORIENTED_EDGE('',*,*,#6881,.T.);
#8116 = PLANE('',#8117);
#8117 = AXIS2_PLACEMENT_3D('',#8118,#8119,#8120);
#8118 = CARTESIAN_POINT('',(-3.25,1.15,3.));
#8119 = DIRECTION('',(0.,-3.491481338843E-15,1.));
#8120 = DIRECTION('',(0.,-1.,-3.491481338843E-15));
#8121 = ADVANCED_FACE('',(#8122),#8129,.T.);
#8122 = FACE_BOUND('',#8123,.T.);
#8123 = EDGE_LOOP('',(#8124,#8125,#8126,#8127,#8128));
#8124 = ORIENTED_EDGE('',*,*,#32,.F.);
#8125 = ORIENTED_EDGE('',*,*,#6077,.F.);
#8126 = ORIENTED_EDGE('',*,*,#58,.T.);
#8127 = ORIENTED_EDGE('',*,*,#6059,.F.);
#8128 = ORIENTED_EDGE('',*,*,#117,.F.);
#8129 = CONICAL_SURFACE('',#8130,0.45,0.785398163397);
#8130 = AXIS2_PLACEMENT_3D('',#8131,#8132,#8133);
#8131 = CARTESIAN_POINT('',(0.,6.55,6.25));
#8132 = DIRECTION('',(-0.,-1.,-8.673617379884E-15));
#8133 = DIRECTION('',(0.,8.673617379884E-15,-1.));
#8134 = ( GEOMETRIC_REPRESENTATION_CONTEXT(3) 
GLOBAL_UNCERTAINTY_ASSIGNED_CONTEXT((#8138)) 
GLOBAL_UNIT_ASSIGNED_CONTEXT((#8135,#8136,#8137)) REPRESENTATION_CONTEXT
('Context #1','3D Context with UNIT and UNCERTAINTY') );
#8135 = ( LENGTH_UNIT() NAMED_UNIT(*) SI_UNIT(.MILLI.,.METRE.) );
#8136 = ( NAMED_UNIT(*) PLANE_ANGLE_UNIT() SI_UNIT($,.RADIAN.) );
#8137 = ( NAMED_UNIT(*) SI_UNIT($,.STERADIAN.) SOLID_ANGLE_UNIT() );
#8138 = UNCERTAINTY_MEASURE_WITH_UNIT(LENGTH_MEASURE(2.E-06),#8135,
  'distance_accuracy_value','confusion accuracy');
#8139 = PRODUCT_RELATED_PRODUCT_CATEGORY('part',$,(#7));
#8140 = MECHANICAL_DESIGN_GEOMETRIC_PRESENTATION_REPRESENTATION('',(
    #8141,#8152,#8160,#8168,#8175,#8182,#8189,#8196,#8203,#8211,#8218,
    #8225,#8232,#8239,#8246,#8253,#8260,#8267,#8274,#8281,#8288,#8295,
    #8302,#8309,#8316,#8323,#8330,#8337,#8344,#8351,#8358,#8365,#8372,
    #8379,#8386,#8393,#8400,#8407,#8414,#8421,#8428,#8435,#8442,#8449,
    #8456,#8463,#8470,#8477,#8484,#8491,#8498,#8505,#8512,#8519,#8526,
    #8533,#8540,#8547,#8554,#8561,#8568,#8575,#8582,#8589,#8596),#8134);
#8141 = STYLED_ITEM('color',(#8142),#15);
#8142 = PRESENTATION_STYLE_ASSIGNMENT((#8143,#8149));
#8143 = SURFACE_STYLE_USAGE(.BOTH.,#8144);
#8144 = SURFACE_SIDE_STYLE('',(#8145));
#8145 = SURFACE_STYLE_FILL_AREA(#8146);
#8146 = FILL_AREA_STYLE('',(#8147));
#8147 = FILL_AREA_STYLE_COLOUR('',#8148);
#8148 = COLOUR_RGB('',0.996078432391,0.870588247378,0.760784316928);
#8149 = CURVE_STYLE('',#8150,POSITIVE_LENGTH_MEASURE(0.1),#8151);
#8150 = DRAUGHTING_PRE_DEFINED_CURVE_FONT('continuous');
#8151 = COLOUR_RGB('',9.803921802644E-02,9.803921802644E-02,
  9.803921802644E-02);
#8152 = OVER_RIDING_STYLED_ITEM('overriding color',(#8153),#149,#8141);
#8153 = PRESENTATION_STYLE_ASSIGNMENT((#8154));
#8154 = SURFACE_STYLE_USAGE(.BOTH.,#8155);
#8155 = SURFACE_SIDE_STYLE('',(#8156));
#8156 = SURFACE_STYLE_FILL_AREA(#8157);
#8157 = FILL_AREA_STYLE('',(#8158));
#8158 = FILL_AREA_STYLE_COLOUR('',#8159);
#8159 = DRAUGHTING_PRE_DEFINED_COLOUR('white');
#8160 = OVER_RIDING_STYLED_ITEM('overriding color',(#8161),#275,#8141);
#8161 = PRESENTATION_STYLE_ASSIGNMENT((#8162));
#8162 = SURFACE_STYLE_USAGE(.BOTH.,#8163);
#8163 = SURFACE_SIDE_STYLE('',(#8164));
#8164 = SURFACE_STYLE_FILL_AREA(#8165);
#8165 = FILL_AREA_STYLE('',(#8166));
#8166 = FILL_AREA_STYLE_COLOUR('',#8167);
#8167 = DRAUGHTING_PRE_DEFINED_COLOUR('yellow');
#8168 = OVER_RIDING_STYLED_ITEM('overriding color',(#8169),#5506,#8141);
#8169 = PRESENTATION_STYLE_ASSIGNMENT((#8170));
#8170 = SURFACE_STYLE_USAGE(.BOTH.,#8171);
#8171 = SURFACE_SIDE_STYLE('',(#8172));
#8172 = SURFACE_STYLE_FILL_AREA(#8173);
#8173 = FILL_AREA_STYLE('',(#8174));
#8174 = FILL_AREA_STYLE_COLOUR('',#8159);
#8175 = OVER_RIDING_STYLED_ITEM('overriding color',(#8176),#5526,#8141);
#8176 = PRESENTATION_STYLE_ASSIGNMENT((#8177));
#8177 = SURFACE_STYLE_USAGE(.BOTH.,#8178);
#8178 = SURFACE_SIDE_STYLE('',(#8179));
#8179 = SURFACE_STYLE_FILL_AREA(#8180);
#8180 = FILL_AREA_STYLE('',(#8181));
#8181 = FILL_AREA_STYLE_COLOUR('',#8167);
#8182 = OVER_RIDING_STYLED_ITEM('overriding color',(#8183),#5550,#8141);
#8183 = PRESENTATION_STYLE_ASSIGNMENT((#8184));
#8184 = SURFACE_STYLE_USAGE(.BOTH.,#8185);
#8185 = SURFACE_SIDE_STYLE('',(#8186));
#8186 = SURFACE_STYLE_FILL_AREA(#8187);
#8187 = FILL_AREA_STYLE('',(#8188));
#8188 = FILL_AREA_STYLE_COLOUR('',#8167);
#8189 = OVER_RIDING_STYLED_ITEM('overriding color',(#8190),#6016,#8141);
#8190 = PRESENTATION_STYLE_ASSIGNMENT((#8191));
#8191 = SURFACE_STYLE_USAGE(.BOTH.,#8192);
#8192 = SURFACE_SIDE_STYLE('',(#8193));
#8193 = SURFACE_STYLE_FILL_AREA(#8194);
#8194 = FILL_AREA_STYLE('',(#8195));
#8195 = FILL_AREA_STYLE_COLOUR('',#8159);
#8196 = OVER_RIDING_STYLED_ITEM('overriding color',(#8197),#6034,#8141);
#8197 = PRESENTATION_STYLE_ASSIGNMENT((#8198));
#8198 = SURFACE_STYLE_USAGE(.BOTH.,#8199);
#8199 = SURFACE_SIDE_STYLE('',(#8200));
#8200 = SURFACE_STYLE_FILL_AREA(#8201);
#8201 = FILL_AREA_STYLE('',(#8202));
#8202 = FILL_AREA_STYLE_COLOUR('',#8159);
#8203 = OVER_RIDING_STYLED_ITEM('overriding color',(#8204),#6101,#8141);
#8204 = PRESENTATION_STYLE_ASSIGNMENT((#8205));
#8205 = SURFACE_STYLE_USAGE(.BOTH.,#8206);
#8206 = SURFACE_SIDE_STYLE('',(#8207));
#8207 = SURFACE_STYLE_FILL_AREA(#8208);
#8208 = FILL_AREA_STYLE('',(#8209));
#8209 = FILL_AREA_STYLE_COLOUR('',#8210);
#8210 = DRAUGHTING_PRE_DEFINED_COLOUR('black');
#8211 = OVER_RIDING_STYLED_ITEM('overriding color',(#8212),#6132,#8141);
#8212 = PRESENTATION_STYLE_ASSIGNMENT((#8213));
#8213 = SURFACE_STYLE_USAGE(.BOTH.,#8214);
#8214 = SURFACE_SIDE_STYLE('',(#8215));
#8215 = SURFACE_STYLE_FILL_AREA(#8216);
#8216 = FILL_AREA_STYLE('',(#8217));
#8217 = FILL_AREA_STYLE_COLOUR('',#8210);
#8218 = OVER_RIDING_STYLED_ITEM('overriding color',(#8219),#6156,#8141);
#8219 = PRESENTATION_STYLE_ASSIGNMENT((#8220));
#8220 = SURFACE_STYLE_USAGE(.BOTH.,#8221);
#8221 = SURFACE_SIDE_STYLE('',(#8222));
#8222 = SURFACE_STYLE_FILL_AREA(#8223);
#8223 = FILL_AREA_STYLE('',(#8224));
#8224 = FILL_AREA_STYLE_COLOUR('',#8210);
#8225 = OVER_RIDING_STYLED_ITEM('overriding color',(#8226),#6180,#8141);
#8226 = PRESENTATION_STYLE_ASSIGNMENT((#8227));
#8227 = SURFACE_STYLE_USAGE(.BOTH.,#8228);
#8228 = SURFACE_SIDE_STYLE('',(#8229));
#8229 = SURFACE_STYLE_FILL_AREA(#8230);
#8230 = FILL_AREA_STYLE('',(#8231));
#8231 = FILL_AREA_STYLE_COLOUR('',#8210);
#8232 = OVER_RIDING_STYLED_ITEM('overriding color',(#8233),#6204,#8141);
#8233 = PRESENTATION_STYLE_ASSIGNMENT((#8234));
#8234 = SURFACE_STYLE_USAGE(.BOTH.,#8235);
#8235 = SURFACE_SIDE_STYLE('',(#8236));
#8236 = SURFACE_STYLE_FILL_AREA(#8237);
#8237 = FILL_AREA_STYLE('',(#8238));
#8238 = FILL_AREA_STYLE_COLOUR('',#8210);
#8239 = OVER_RIDING_STYLED_ITEM('overriding color',(#8240),#6228,#8141);
#8240 = PRESENTATION_STYLE_ASSIGNMENT((#8241));
#8241 = SURFACE_STYLE_USAGE(.BOTH.,#8242);
#8242 = SURFACE_SIDE_STYLE('',(#8243));
#8243 = SURFACE_STYLE_FILL_AREA(#8244);
#8244 = FILL_AREA_STYLE('',(#8245));
#8245 = FILL_AREA_STYLE_COLOUR('',#8210);
#8246 = OVER_RIDING_STYLED_ITEM('overriding color',(#8247),#6252,#8141);
#8247 = PRESENTATION_STYLE_ASSIGNMENT((#8248));
#8248 = SURFACE_STYLE_USAGE(.BOTH.,#8249);
#8249 = SURFACE_SIDE_STYLE('',(#8250));
#8250 = SURFACE_STYLE_FILL_AREA(#8251);
#8251 = FILL_AREA_STYLE('',(#8252));
#8252 = FILL_AREA_STYLE_COLOUR('',#8210);
#8253 = OVER_RIDING_STYLED_ITEM('overriding color',(#8254),#6276,#8141);
#8254 = PRESENTATION_STYLE_ASSIGNMENT((#8255));
#8255 = SURFACE_STYLE_USAGE(.BOTH.,#8256);
#8256 = SURFACE_SIDE_STYLE('',(#8257));
#8257 = SURFACE_STYLE_FILL_AREA(#8258);
#8258 = FILL_AREA_STYLE('',(#8259));
#8259 = FILL_AREA_STYLE_COLOUR('',#8210);
#8260 = OVER_RIDING_STYLED_ITEM('overriding color',(#8261),#6293,#8141);
#8261 = PRESENTATION_STYLE_ASSIGNMENT((#8262));
#8262 = SURFACE_STYLE_USAGE(.BOTH.,#8263);
#8263 = SURFACE_SIDE_STYLE('',(#8264));
#8264 = SURFACE_STYLE_FILL_AREA(#8265);
#8265 = FILL_AREA_STYLE('',(#8266));
#8266 = FILL_AREA_STYLE_COLOUR('',#8210);
#8267 = OVER_RIDING_STYLED_ITEM('overriding color',(#8268),#6367,#8141);
#8268 = PRESENTATION_STYLE_ASSIGNMENT((#8269));
#8269 = SURFACE_STYLE_USAGE(.BOTH.,#8270);
#8270 = SURFACE_SIDE_STYLE('',(#8271));
#8271 = SURFACE_STYLE_FILL_AREA(#8272);
#8272 = FILL_AREA_STYLE('',(#8273));
#8273 = FILL_AREA_STYLE_COLOUR('',#8210);
#8274 = OVER_RIDING_STYLED_ITEM('overriding color',(#8275),#6398,#8141);
#8275 = PRESENTATION_STYLE_ASSIGNMENT((#8276));
#8276 = SURFACE_STYLE_USAGE(.BOTH.,#8277);
#8277 = SURFACE_SIDE_STYLE('',(#8278));
#8278 = SURFACE_STYLE_FILL_AREA(#8279);
#8279 = FILL_AREA_STYLE('',(#8280));
#8280 = FILL_AREA_STYLE_COLOUR('',#8210);
#8281 = OVER_RIDING_STYLED_ITEM('overriding color',(#8282),#6422,#8141);
#8282 = PRESENTATION_STYLE_ASSIGNMENT((#8283));
#8283 = SURFACE_STYLE_USAGE(.BOTH.,#8284);
#8284 = SURFACE_SIDE_STYLE('',(#8285));
#8285 = SURFACE_STYLE_FILL_AREA(#8286);
#8286 = FILL_AREA_STYLE('',(#8287));
#8287 = FILL_AREA_STYLE_COLOUR('',#8210);
#8288 = OVER_RIDING_STYLED_ITEM('overriding color',(#8289),#6460,#8141);
#8289 = PRESENTATION_STYLE_ASSIGNMENT((#8290));
#8290 = SURFACE_STYLE_USAGE(.BOTH.,#8291);
#8291 = SURFACE_SIDE_STYLE('',(#8292));
#8292 = SURFACE_STYLE_FILL_AREA(#8293);
#8293 = FILL_AREA_STYLE('',(#8294));
#8294 = FILL_AREA_STYLE_COLOUR('',#8210);
#8295 = OVER_RIDING_STYLED_ITEM('overriding color',(#8296),#6484,#8141);
#8296 = PRESENTATION_STYLE_ASSIGNMENT((#8297));
#8297 = SURFACE_STYLE_USAGE(.BOTH.,#8298);
#8298 = SURFACE_SIDE_STYLE('',(#8299));
#8299 = SURFACE_STYLE_FILL_AREA(#8300);
#8300 = FILL_AREA_STYLE('',(#8301));
#8301 = FILL_AREA_STYLE_COLOUR('',#8210);
#8302 = OVER_RIDING_STYLED_ITEM('overriding color',(#8303),#6522,#8141);
#8303 = PRESENTATION_STYLE_ASSIGNMENT((#8304));
#8304 = SURFACE_STYLE_USAGE(.BOTH.,#8305);
#8305 = SURFACE_SIDE_STYLE('',(#8306));
#8306 = SURFACE_STYLE_FILL_AREA(#8307);
#8307 = FILL_AREA_STYLE('',(#8308));
#8308 = FILL_AREA_STYLE_COLOUR('',#8210);
#8309 = OVER_RIDING_STYLED_ITEM('overriding color',(#8310),#6539,#8141);
#8310 = PRESENTATION_STYLE_ASSIGNMENT((#8311));
#8311 = SURFACE_STYLE_USAGE(.BOTH.,#8312);
#8312 = SURFACE_SIDE_STYLE('',(#8313));
#8313 = SURFACE_STYLE_FILL_AREA(#8314);
#8314 = FILL_AREA_STYLE('',(#8315));
#8315 = FILL_AREA_STYLE_COLOUR('',#8210);
#8316 = OVER_RIDING_STYLED_ITEM('overriding color',(#8317),#6570,#8141);
#8317 = PRESENTATION_STYLE_ASSIGNMENT((#8318));
#8318 = SURFACE_STYLE_USAGE(.BOTH.,#8319);
#8319 = SURFACE_SIDE_STYLE('',(#8320));
#8320 = SURFACE_STYLE_FILL_AREA(#8321);
#8321 = FILL_AREA_STYLE('',(#8322));
#8322 = FILL_AREA_STYLE_COLOUR('',#8210);
#8323 = OVER_RIDING_STYLED_ITEM('overriding color',(#8324),#6594,#8141);
#8324 = PRESENTATION_STYLE_ASSIGNMENT((#8325));
#8325 = SURFACE_STYLE_USAGE(.BOTH.,#8326);
#8326 = SURFACE_SIDE_STYLE('',(#8327));
#8327 = SURFACE_STYLE_FILL_AREA(#8328);
#8328 = FILL_AREA_STYLE('',(#8329));
#8329 = FILL_AREA_STYLE_COLOUR('',#8210);
#8330 = OVER_RIDING_STYLED_ITEM('overriding color',(#8331),#6618,#8141);
#8331 = PRESENTATION_STYLE_ASSIGNMENT((#8332));
#8332 = SURFACE_STYLE_USAGE(.BOTH.,#8333);
#8333 = SURFACE_SIDE_STYLE('',(#8334));
#8334 = SURFACE_STYLE_FILL_AREA(#8335);
#8335 = FILL_AREA_STYLE('',(#8336));
#8336 = FILL_AREA_STYLE_COLOUR('',#8210);
#8337 = OVER_RIDING_STYLED_ITEM('overriding color',(#8338),#6692,#8141);
#8338 = PRESENTATION_STYLE_ASSIGNMENT((#8339));
#8339 = SURFACE_STYLE_USAGE(.BOTH.,#8340);
#8340 = SURFACE_SIDE_STYLE('',(#8341));
#8341 = SURFACE_STYLE_FILL_AREA(#8342);
#8342 = FILL_AREA_STYLE('',(#8343));
#8343 = FILL_AREA_STYLE_COLOUR('',#8210);
#8344 = OVER_RIDING_STYLED_ITEM('overriding color',(#8345),#6759,#8141);
#8345 = PRESENTATION_STYLE_ASSIGNMENT((#8346));
#8346 = SURFACE_STYLE_USAGE(.BOTH.,#8347);
#8347 = SURFACE_SIDE_STYLE('',(#8348));
#8348 = SURFACE_STYLE_FILL_AREA(#8349);
#8349 = FILL_AREA_STYLE('',(#8350));
#8350 = FILL_AREA_STYLE_COLOUR('',#8210);
#8351 = OVER_RIDING_STYLED_ITEM('overriding color',(#8352),#6846,#8141);
#8352 = PRESENTATION_STYLE_ASSIGNMENT((#8353));
#8353 = SURFACE_STYLE_USAGE(.BOTH.,#8354);
#8354 = SURFACE_SIDE_STYLE('',(#8355));
#8355 = SURFACE_STYLE_FILL_AREA(#8356);
#8356 = FILL_AREA_STYLE('',(#8357));
#8357 = FILL_AREA_STYLE_COLOUR('',#8210);
#8358 = OVER_RIDING_STYLED_ITEM('overriding color',(#8359),#6877,#8141);
#8359 = PRESENTATION_STYLE_ASSIGNMENT((#8360));
#8360 = SURFACE_STYLE_USAGE(.BOTH.,#8361);
#8361 = SURFACE_SIDE_STYLE('',(#8362));
#8362 = SURFACE_STYLE_FILL_AREA(#8363);
#8363 = FILL_AREA_STYLE('',(#8364));
#8364 = FILL_AREA_STYLE_COLOUR('',#8210);
#8365 = OVER_RIDING_STYLED_ITEM('overriding color',(#8366),#6951,#8141);
#8366 = PRESENTATION_STYLE_ASSIGNMENT((#8367));
#8367 = SURFACE_STYLE_USAGE(.BOTH.,#8368);
#8368 = SURFACE_SIDE_STYLE('',(#8369));
#8369 = SURFACE_STYLE_FILL_AREA(#8370);
#8370 = FILL_AREA_STYLE('',(#8371));
#8371 = FILL_AREA_STYLE_COLOUR('',#8210);
#8372 = OVER_RIDING_STYLED_ITEM('overriding color',(#8373),#7025,#8141);
#8373 = PRESENTATION_STYLE_ASSIGNMENT((#8374));
#8374 = SURFACE_STYLE_USAGE(.BOTH.,#8375);
#8375 = SURFACE_SIDE_STYLE('',(#8376));
#8376 = SURFACE_STYLE_FILL_AREA(#8377);
#8377 = FILL_AREA_STYLE('',(#8378));
#8378 = FILL_AREA_STYLE_COLOUR('',#8210);
#8379 = OVER_RIDING_STYLED_ITEM('overriding color',(#8380),#7049,#8141);
#8380 = PRESENTATION_STYLE_ASSIGNMENT((#8381));
#8381 = SURFACE_STYLE_USAGE(.BOTH.,#8382);
#8382 = SURFACE_SIDE_STYLE('',(#8383));
#8383 = SURFACE_STYLE_FILL_AREA(#8384);
#8384 = FILL_AREA_STYLE('',(#8385));
#8385 = FILL_AREA_STYLE_COLOUR('',#8210);
#8386 = OVER_RIDING_STYLED_ITEM('overriding color',(#8387),#7066,#8141);
#8387 = PRESENTATION_STYLE_ASSIGNMENT((#8388));
#8388 = SURFACE_STYLE_USAGE(.BOTH.,#8389);
#8389 = SURFACE_SIDE_STYLE('',(#8390));
#8390 = SURFACE_STYLE_FILL_AREA(#8391);
#8391 = FILL_AREA_STYLE('',(#8392));
#8392 = FILL_AREA_STYLE_COLOUR('',#8210);
#8393 = OVER_RIDING_STYLED_ITEM('overriding color',(#8394),#7097,#8141);
#8394 = PRESENTATION_STYLE_ASSIGNMENT((#8395));
#8395 = SURFACE_STYLE_USAGE(.BOTH.,#8396);
#8396 = SURFACE_SIDE_STYLE('',(#8397));
#8397 = SURFACE_STYLE_FILL_AREA(#8398);
#8398 = FILL_AREA_STYLE('',(#8399));
#8399 = FILL_AREA_STYLE_COLOUR('',#8210);
#8400 = OVER_RIDING_STYLED_ITEM('overriding color',(#8401),#7121,#8141);
#8401 = PRESENTATION_STYLE_ASSIGNMENT((#8402));
#8402 = SURFACE_STYLE_USAGE(.BOTH.,#8403);
#8403 = SURFACE_SIDE_STYLE('',(#8404));
#8404 = SURFACE_STYLE_FILL_AREA(#8405);
#8405 = FILL_AREA_STYLE('',(#8406));
#8406 = FILL_AREA_STYLE_COLOUR('',#8210);
#8407 = OVER_RIDING_STYLED_ITEM('overriding color',(#8408),#7145,#8141);
#8408 = PRESENTATION_STYLE_ASSIGNMENT((#8409));
#8409 = SURFACE_STYLE_USAGE(.BOTH.,#8410);
#8410 = SURFACE_SIDE_STYLE('',(#8411));
#8411 = SURFACE_STYLE_FILL_AREA(#8412);
#8412 = FILL_AREA_STYLE('',(#8413));
#8413 = FILL_AREA_STYLE_COLOUR('',#8210);
#8414 = OVER_RIDING_STYLED_ITEM('overriding color',(#8415),#7169,#8141);
#8415 = PRESENTATION_STYLE_ASSIGNMENT((#8416));
#8416 = SURFACE_STYLE_USAGE(.BOTH.,#8417);
#8417 = SURFACE_SIDE_STYLE('',(#8418));
#8418 = SURFACE_STYLE_FILL_AREA(#8419);
#8419 = FILL_AREA_STYLE('',(#8420));
#8420 = FILL_AREA_STYLE_COLOUR('',#8210);
#8421 = OVER_RIDING_STYLED_ITEM('overriding color',(#8422),#7193,#8141);
#8422 = PRESENTATION_STYLE_ASSIGNMENT((#8423));
#8423 = SURFACE_STYLE_USAGE(.BOTH.,#8424);
#8424 = SURFACE_SIDE_STYLE('',(#8425));
#8425 = SURFACE_STYLE_FILL_AREA(#8426);
#8426 = FILL_AREA_STYLE('',(#8427));
#8427 = FILL_AREA_STYLE_COLOUR('',#8210);
#8428 = OVER_RIDING_STYLED_ITEM('overriding color',(#8429),#7217,#8141);
#8429 = PRESENTATION_STYLE_ASSIGNMENT((#8430));
#8430 = SURFACE_STYLE_USAGE(.BOTH.,#8431);
#8431 = SURFACE_SIDE_STYLE('',(#8432));
#8432 = SURFACE_STYLE_FILL_AREA(#8433);
#8433 = FILL_AREA_STYLE('',(#8434));
#8434 = FILL_AREA_STYLE_COLOUR('',#8210);
#8435 = OVER_RIDING_STYLED_ITEM('overriding color',(#8436),#7241,#8141);
#8436 = PRESENTATION_STYLE_ASSIGNMENT((#8437));
#8437 = SURFACE_STYLE_USAGE(.BOTH.,#8438);
#8438 = SURFACE_SIDE_STYLE('',(#8439));
#8439 = SURFACE_STYLE_FILL_AREA(#8440);
#8440 = FILL_AREA_STYLE('',(#8441));
#8441 = FILL_AREA_STYLE_COLOUR('',#8210);
#8442 = OVER_RIDING_STYLED_ITEM('overriding color',(#8443),#7265,#8141);
#8443 = PRESENTATION_STYLE_ASSIGNMENT((#8444));
#8444 = SURFACE_STYLE_USAGE(.BOTH.,#8445);
#8445 = SURFACE_SIDE_STYLE('',(#8446));
#8446 = SURFACE_STYLE_FILL_AREA(#8447);
#8447 = FILL_AREA_STYLE('',(#8448));
#8448 = FILL_AREA_STYLE_COLOUR('',#8210);
#8449 = OVER_RIDING_STYLED_ITEM('overriding color',(#8450),#7289,#8141);
#8450 = PRESENTATION_STYLE_ASSIGNMENT((#8451));
#8451 = SURFACE_STYLE_USAGE(.BOTH.,#8452);
#8452 = SURFACE_SIDE_STYLE('',(#8453));
#8453 = SURFACE_STYLE_FILL_AREA(#8454);
#8454 = FILL_AREA_STYLE('',(#8455));
#8455 = FILL_AREA_STYLE_COLOUR('',#8210);
#8456 = OVER_RIDING_STYLED_ITEM('overriding color',(#8457),#7313,#8141);
#8457 = PRESENTATION_STYLE_ASSIGNMENT((#8458));
#8458 = SURFACE_STYLE_USAGE(.BOTH.,#8459);
#8459 = SURFACE_SIDE_STYLE('',(#8460));
#8460 = SURFACE_STYLE_FILL_AREA(#8461);
#8461 = FILL_AREA_STYLE('',(#8462));
#8462 = FILL_AREA_STYLE_COLOUR('',#8210);
#8463 = OVER_RIDING_STYLED_ITEM('overriding color',(#8464),#7337,#8141);
#8464 = PRESENTATION_STYLE_ASSIGNMENT((#8465));
#8465 = SURFACE_STYLE_USAGE(.BOTH.,#8466);
#8466 = SURFACE_SIDE_STYLE('',(#8467));
#8467 = SURFACE_STYLE_FILL_AREA(#8468);
#8468 = FILL_AREA_STYLE('',(#8469));
#8469 = FILL_AREA_STYLE_COLOUR('',#8210);
#8470 = OVER_RIDING_STYLED_ITEM('overriding color',(#8471),#7354,#8141);
#8471 = PRESENTATION_STYLE_ASSIGNMENT((#8472));
#8472 = SURFACE_STYLE_USAGE(.BOTH.,#8473);
#8473 = SURFACE_SIDE_STYLE('',(#8474));
#8474 = SURFACE_STYLE_FILL_AREA(#8475);
#8475 = FILL_AREA_STYLE('',(#8476));
#8476 = FILL_AREA_STYLE_COLOUR('',#8210);
#8477 = OVER_RIDING_STYLED_ITEM('overriding color',(#8478),#7374,#8141);
#8478 = PRESENTATION_STYLE_ASSIGNMENT((#8479));
#8479 = SURFACE_STYLE_USAGE(.BOTH.,#8480);
#8480 = SURFACE_SIDE_STYLE('',(#8481));
#8481 = SURFACE_STYLE_FILL_AREA(#8482);
#8482 = FILL_AREA_STYLE('',(#8483));
#8483 = FILL_AREA_STYLE_COLOUR('',#8210);
#8484 = OVER_RIDING_STYLED_ITEM('overriding color',(#8485),#7405,#8141);
#8485 = PRESENTATION_STYLE_ASSIGNMENT((#8486));
#8486 = SURFACE_STYLE_USAGE(.BOTH.,#8487);
#8487 = SURFACE_SIDE_STYLE('',(#8488));
#8488 = SURFACE_STYLE_FILL_AREA(#8489);
#8489 = FILL_AREA_STYLE('',(#8490));
#8490 = FILL_AREA_STYLE_COLOUR('',#8210);
#8491 = OVER_RIDING_STYLED_ITEM('overriding color',(#8492),#7455,#8141);
#8492 = PRESENTATION_STYLE_ASSIGNMENT((#8493));
#8493 = SURFACE_STYLE_USAGE(.BOTH.,#8494);
#8494 = SURFACE_SIDE_STYLE('',(#8495));
#8495 = SURFACE_STYLE_FILL_AREA(#8496);
#8496 = FILL_AREA_STYLE('',(#8497));
#8497 = FILL_AREA_STYLE_COLOUR('',#8210);
#8498 = OVER_RIDING_STYLED_ITEM('overriding color',(#8499),#7529,#8141);
#8499 = PRESENTATION_STYLE_ASSIGNMENT((#8500));
#8500 = SURFACE_STYLE_USAGE(.BOTH.,#8501);
#8501 = SURFACE_SIDE_STYLE('',(#8502));
#8502 = SURFACE_STYLE_FILL_AREA(#8503);
#8503 = FILL_AREA_STYLE('',(#8504));
#8504 = FILL_AREA_STYLE_COLOUR('',#8210);
#8505 = OVER_RIDING_STYLED_ITEM('overriding color',(#8506),#7603,#8141);
#8506 = PRESENTATION_STYLE_ASSIGNMENT((#8507));
#8507 = SURFACE_STYLE_USAGE(.BOTH.,#8508);
#8508 = SURFACE_SIDE_STYLE('',(#8509));
#8509 = SURFACE_STYLE_FILL_AREA(#8510);
#8510 = FILL_AREA_STYLE('',(#8511));
#8511 = FILL_AREA_STYLE_COLOUR('',#8210);
#8512 = OVER_RIDING_STYLED_ITEM('overriding color',(#8513),#7653,#8141);
#8513 = PRESENTATION_STYLE_ASSIGNMENT((#8514));
#8514 = SURFACE_STYLE_USAGE(.BOTH.,#8515);
#8515 = SURFACE_SIDE_STYLE('',(#8516));
#8516 = SURFACE_STYLE_FILL_AREA(#8517);
#8517 = FILL_AREA_STYLE('',(#8518));
#8518 = FILL_AREA_STYLE_COLOUR('',#8210);
#8519 = OVER_RIDING_STYLED_ITEM('overriding color',(#8520),#7677,#8141);
#8520 = PRESENTATION_STYLE_ASSIGNMENT((#8521));
#8521 = SURFACE_STYLE_USAGE(.BOTH.,#8522);
#8522 = SURFACE_SIDE_STYLE('',(#8523));
#8523 = SURFACE_STYLE_FILL_AREA(#8524);
#8524 = FILL_AREA_STYLE('',(#8525));
#8525 = FILL_AREA_STYLE_COLOUR('',#8210);
#8526 = OVER_RIDING_STYLED_ITEM('overriding color',(#8527),#7727,#8141);
#8527 = PRESENTATION_STYLE_ASSIGNMENT((#8528));
#8528 = SURFACE_STYLE_USAGE(.BOTH.,#8529);
#8529 = SURFACE_SIDE_STYLE('',(#8530));
#8530 = SURFACE_STYLE_FILL_AREA(#8531);
#8531 = FILL_AREA_STYLE('',(#8532));
#8532 = FILL_AREA_STYLE_COLOUR('',#8210);
#8533 = OVER_RIDING_STYLED_ITEM('overriding color',(#8534),#7801,#8141);
#8534 = PRESENTATION_STYLE_ASSIGNMENT((#8535));
#8535 = SURFACE_STYLE_USAGE(.BOTH.,#8536);
#8536 = SURFACE_SIDE_STYLE('',(#8537));
#8537 = SURFACE_STYLE_FILL_AREA(#8538);
#8538 = FILL_AREA_STYLE('',(#8539));
#8539 = FILL_AREA_STYLE_COLOUR('',#8210);
#8540 = OVER_RIDING_STYLED_ITEM('overriding color',(#8541),#7875,#8141);
#8541 = PRESENTATION_STYLE_ASSIGNMENT((#8542));
#8542 = SURFACE_STYLE_USAGE(.BOTH.,#8543);
#8543 = SURFACE_SIDE_STYLE('',(#8544));
#8544 = SURFACE_STYLE_FILL_AREA(#8545);
#8545 = FILL_AREA_STYLE('',(#8546));
#8546 = FILL_AREA_STYLE_COLOUR('',#8210);
#8547 = OVER_RIDING_STYLED_ITEM('overriding color',(#8548),#7918,#8141);
#8548 = PRESENTATION_STYLE_ASSIGNMENT((#8549));
#8549 = SURFACE_STYLE_USAGE(.BOTH.,#8550);
#8550 = SURFACE_SIDE_STYLE('',(#8551));
#8551 = SURFACE_STYLE_FILL_AREA(#8552);
#8552 = FILL_AREA_STYLE('',(#8553));
#8553 = FILL_AREA_STYLE_COLOUR('',#8210);
#8554 = OVER_RIDING_STYLED_ITEM('overriding color',(#8555),#7936,#8141);
#8555 = PRESENTATION_STYLE_ASSIGNMENT((#8556));
#8556 = SURFACE_STYLE_USAGE(.BOTH.,#8557);
#8557 = SURFACE_SIDE_STYLE('',(#8558));
#8558 = SURFACE_STYLE_FILL_AREA(#8559);
#8559 = FILL_AREA_STYLE('',(#8560));
#8560 = FILL_AREA_STYLE_COLOUR('',#8210);
#8561 = OVER_RIDING_STYLED_ITEM('overriding color',(#8562),#7967,#8141);
#8562 = PRESENTATION_STYLE_ASSIGNMENT((#8563));
#8563 = SURFACE_STYLE_USAGE(.BOTH.,#8564);
#8564 = SURFACE_SIDE_STYLE('',(#8565));
#8565 = SURFACE_STYLE_FILL_AREA(#8566);
#8566 = FILL_AREA_STYLE('',(#8567));
#8567 = FILL_AREA_STYLE_COLOUR('',#8210);
#8568 = OVER_RIDING_STYLED_ITEM('overriding color',(#8569),#7991,#8141);
#8569 = PRESENTATION_STYLE_ASSIGNMENT((#8570));
#8570 = SURFACE_STYLE_USAGE(.BOTH.,#8571);
#8571 = SURFACE_SIDE_STYLE('',(#8572));
#8572 = SURFACE_STYLE_FILL_AREA(#8573);
#8573 = FILL_AREA_STYLE('',(#8574));
#8574 = FILL_AREA_STYLE_COLOUR('',#8210);
#8575 = OVER_RIDING_STYLED_ITEM('overriding color',(#8576),#8015,#8141);
#8576 = PRESENTATION_STYLE_ASSIGNMENT((#8577));
#8577 = SURFACE_STYLE_USAGE(.BOTH.,#8578);
#8578 = SURFACE_SIDE_STYLE('',(#8579));
#8579 = SURFACE_STYLE_FILL_AREA(#8580);
#8580 = FILL_AREA_STYLE('',(#8581));
#8581 = FILL_AREA_STYLE_COLOUR('',#8210);
#8582 = OVER_RIDING_STYLED_ITEM('overriding color',(#8583),#8039,#8141);
#8583 = PRESENTATION_STYLE_ASSIGNMENT((#8584));
#8584 = SURFACE_STYLE_USAGE(.BOTH.,#8585);
#8585 = SURFACE_SIDE_STYLE('',(#8586));
#8586 = SURFACE_STYLE_FILL_AREA(#8587);
#8587 = FILL_AREA_STYLE('',(#8588));
#8588 = FILL_AREA_STYLE_COLOUR('',#8210);
#8589 = OVER_RIDING_STYLED_ITEM('overriding color',(#8590),#8063,#8141);
#8590 = PRESENTATION_STYLE_ASSIGNMENT((#8591));
#8591 = SURFACE_STYLE_USAGE(.BOTH.,#8592);
#8592 = SURFACE_SIDE_STYLE('',(#8593));
#8593 = SURFACE_STYLE_FILL_AREA(#8594);
#8594 = FILL_AREA_STYLE('',(#8595));
#8595 = FILL_AREA_STYLE_COLOUR('',#8210);
#8596 = OVER_RIDING_STYLED_ITEM('overriding color',(#8597),#8080,#8141);
#8597 = PRESENTATION_STYLE_ASSIGNMENT((#8598));
#8598 = SURFACE_STYLE_USAGE(.BOTH.,#8599);
#8599 = SURFACE_SIDE_STYLE('',(#8600));
#8600 = SURFACE_STYLE_FILL_AREA(#8601);
#8601 = FILL_AREA_STYLE('',(#8602));
#8602 = FILL_AREA_STYLE_COLOUR('',#8210);
ENDSEC;
END-ISO-10303-21;
