ISO-10303-21;
HEADER;
FILE_DESCRIPTION(('FreeCAD Model'),'2;1');
FILE_NAME('Open CASCADE Shape Model','2026-07-24T17:31:15',('Author'),(
    ''),'Open CASCADE STEP processor 7.8','FreeCAD','Unknown');
FILE_SCHEMA(('AUTOMOTIVE_DESIGN { 1 0 10303 214 1 1 1 1 }'));
ENDSEC;
DATA;
#1 = APPLICATION_PROTOCOL_DEFINITION('international standard',
  'automotive_design',2000,#2);
#2 = APPLICATION_CONTEXT(
  'core data for automotive mechanical design processes');
#3 = SHAPE_DEFINITION_REPRESENTATION(#4,#10);
#4 = PRODUCT_DEFINITION_SHAPE('','',#5);
#5 = PRODUCT_DEFINITION('design','',#6,#9);
#6 = PRODUCT_DEFINITION_FORMATION('','',#7);
#7 = PRODUCT('TCXO-3225','TCXO-3225','',(#8));
#8 = PRODUCT_CONTEXT('',#2,'mechanical');
#9 = PRODUCT_DEFINITION_CONTEXT('part definition',#2,'design');
#10 = SHAPE_REPRESENTATION('',(#11,#15,#19,#23,#27,#31,#35,#39,#43,#47),
  #51);
#11 = AXIS2_PLACEMENT_3D('',#12,#13,#14);
#12 = CARTESIAN_POINT('',(0.,0.,0.));
#13 = DIRECTION('',(0.,0.,1.));
#14 = DIRECTION('',(1.,0.,-0.));
#15 = AXIS2_PLACEMENT_3D('',#16,#17,#18);
#16 = CARTESIAN_POINT('',(0.,0.,0.));
#17 = DIRECTION('',(0.,0.,1.));
#18 = DIRECTION('',(1.,0.,-0.));
#19 = AXIS2_PLACEMENT_3D('',#20,#21,#22);
#20 = CARTESIAN_POINT('',(0.,0.,0.));
#21 = DIRECTION('',(0.,0.,1.));
#22 = DIRECTION('',(1.,0.,-0.));
#23 = AXIS2_PLACEMENT_3D('',#24,#25,#26);
#24 = CARTESIAN_POINT('',(0.,0.,0.));
#25 = DIRECTION('',(0.,0.,1.));
#26 = DIRECTION('',(1.,0.,-0.));
#27 = AXIS2_PLACEMENT_3D('',#28,#29,#30);
#28 = CARTESIAN_POINT('',(0.,0.,0.));
#29 = DIRECTION('',(0.,0.,1.));
#30 = DIRECTION('',(1.,0.,-0.));
#31 = AXIS2_PLACEMENT_3D('',#32,#33,#34);
#32 = CARTESIAN_POINT('',(0.,0.,0.));
#33 = DIRECTION('',(0.,0.,1.));
#34 = DIRECTION('',(1.,0.,-0.));
#35 = AXIS2_PLACEMENT_3D('',#36,#37,#38);
#36 = CARTESIAN_POINT('',(0.,0.,0.));
#37 = DIRECTION('',(0.,0.,1.));
#38 = DIRECTION('',(1.,0.,-0.));
#39 = AXIS2_PLACEMENT_3D('',#40,#41,#42);
#40 = CARTESIAN_POINT('',(0.,0.,0.));
#41 = DIRECTION('',(0.,0.,1.));
#42 = DIRECTION('',(1.,0.,-0.));
#43 = AXIS2_PLACEMENT_3D('',#44,#45,#46);
#44 = CARTESIAN_POINT('',(0.,0.,0.));
#45 = DIRECTION('',(0.,0.,1.));
#46 = DIRECTION('',(1.,0.,-0.));
#47 = AXIS2_PLACEMENT_3D('',#48,#49,#50);
#48 = CARTESIAN_POINT('',(0.,0.,0.));
#49 = DIRECTION('',(0.,0.,1.));
#50 = DIRECTION('',(1.,0.,-0.));
#51 = ( GEOMETRIC_REPRESENTATION_CONTEXT(3) 
GLOBAL_UNCERTAINTY_ASSIGNED_CONTEXT((#55)) GLOBAL_UNIT_ASSIGNED_CONTEXT(
(#52,#53,#54)) REPRESENTATION_CONTEXT('Context #1',
  '3D Context with UNIT and UNCERTAINTY') );
#52 = ( LENGTH_UNIT() NAMED_UNIT(*) SI_UNIT(.MILLI.,.METRE.) );
#53 = ( NAMED_UNIT(*) PLANE_ANGLE_UNIT() SI_UNIT($,.RADIAN.) );
#54 = ( NAMED_UNIT(*) SI_UNIT($,.STERADIAN.) SOLID_ANGLE_UNIT() );
#55 = UNCERTAINTY_MEASURE_WITH_UNIT(LENGTH_MEASURE(1.E-07),#52,
  'distance_accuracy_value','confusion accuracy');
#56 = PRODUCT_RELATED_PRODUCT_CATEGORY('part',$,(#7));
#57 = SHAPE_DEFINITION_REPRESENTATION(#58,#64);
#58 = PRODUCT_DEFINITION_SHAPE('','',#59);
#59 = PRODUCT_DEFINITION('design','',#60,#63);
#60 = PRODUCT_DEFINITION_FORMATION('','',#61);
#61 = PRODUCT('TCXO-3225-001','TCXO-3225-001','',(#62));
#62 = PRODUCT_CONTEXT('',#2,'mechanical');
#63 = PRODUCT_DEFINITION_CONTEXT('part definition',#2,'design');
#64 = ADVANCED_BREP_SHAPE_REPRESENTATION('',(#11,#65),#1600);
#65 = MANIFOLD_SOLID_BREP('',#66);
#66 = CLOSED_SHELL('',(#67,#109,#151,#191,#224,#271,#304,#358,#405,#438,
    #469,#502,#549,#582,#636,#683,#707,#731,#951,#976,#1000,#1024,#1048,
    #1072,#1090,#1107,#1132,#1157,#1181,#1205,#1229,#1253,#1270,#1288,
    #1319,#1343,#1367,#1385,#1410,#1427,#1444,#1469,#1494,#1518,#1542,
    #1566,#1583));
#67 = ADVANCED_FACE('',(#68),#104,.F.);
#68 = FACE_BOUND('',#69,.F.);
#69 = EDGE_LOOP('',(#70,#81,#89,#98));
#70 = ORIENTED_EDGE('',*,*,#71,.F.);
#71 = EDGE_CURVE('',#72,#74,#76,.T.);
#72 = VERTEX_POINT('',#73);
#73 = CARTESIAN_POINT('',(-1.6,0.9,-1.15));
#74 = VERTEX_POINT('',#75);
#75 = CARTESIAN_POINT('',(-1.5,0.9,-1.25));
#76 = CIRCLE('',#77,0.1);
#77 = AXIS2_PLACEMENT_3D('',#78,#79,#80);
#78 = CARTESIAN_POINT('',(-1.6,0.9,-1.25));
#79 = DIRECTION('',(0.,1.,-0.));
#80 = DIRECTION('',(0.,0.,1.));
#81 = ORIENTED_EDGE('',*,*,#82,.T.);
#82 = EDGE_CURVE('',#72,#83,#85,.T.);
#83 = VERTEX_POINT('',#84);
#84 = CARTESIAN_POINT('',(-1.6,0.4,-1.15));
#85 = LINE('',#86,#87);
#86 = CARTESIAN_POINT('',(-1.6,0.9,-1.15));
#87 = VECTOR('',#88,1.);
#88 = DIRECTION('',(-0.,-1.,-0.));
#89 = ORIENTED_EDGE('',*,*,#90,.T.);
#90 = EDGE_CURVE('',#83,#91,#93,.T.);
#91 = VERTEX_POINT('',#92);
#92 = CARTESIAN_POINT('',(-1.5,0.4,-1.25));
#93 = CIRCLE('',#94,0.1);
#94 = AXIS2_PLACEMENT_3D('',#95,#96,#97);
#95 = CARTESIAN_POINT('',(-1.6,0.4,-1.25));
#96 = DIRECTION('',(-0.,1.,0.));
#97 = DIRECTION('',(0.,0.,-1.));
#98 = ORIENTED_EDGE('',*,*,#99,.F.);
#99 = EDGE_CURVE('',#74,#91,#100,.T.);
#100 = LINE('',#101,#102);
#101 = CARTESIAN_POINT('',(-1.5,0.9,-1.25));
#102 = VECTOR('',#103,1.);
#103 = DIRECTION('',(-0.,-1.,-0.));
#104 = CYLINDRICAL_SURFACE('',#105,0.1);
#105 = AXIS2_PLACEMENT_3D('',#106,#107,#108);
#106 = CARTESIAN_POINT('',(-1.6,0.9,-1.25));
#107 = DIRECTION('',(-0.,-1.,-0.));
#108 = DIRECTION('',(0.,0.,-1.));
#109 = ADVANCED_FACE('',(#110),#146,.F.);
#110 = FACE_BOUND('',#111,.F.);
#111 = EDGE_LOOP('',(#112,#123,#131,#140));
#112 = ORIENTED_EDGE('',*,*,#113,.F.);
#113 = EDGE_CURVE('',#114,#116,#118,.T.);
#114 = VERTEX_POINT('',#115);
#115 = CARTESIAN_POINT('',(1.6,0.9,1.15));
#116 = VERTEX_POINT('',#117);
#117 = CARTESIAN_POINT('',(1.5,0.9,1.25));
#118 = CIRCLE('',#119,0.1);
#119 = AXIS2_PLACEMENT_3D('',#120,#121,#122);
#120 = CARTESIAN_POINT('',(1.6,0.9,1.25));
#121 = DIRECTION('',(0.,1.,-0.));
#122 = DIRECTION('',(0.,0.,1.));
#123 = ORIENTED_EDGE('',*,*,#124,.T.);
#124 = EDGE_CURVE('',#114,#125,#127,.T.);
#125 = VERTEX_POINT('',#126);
#126 = CARTESIAN_POINT('',(1.6,0.4,1.15));
#127 = LINE('',#128,#129);
#128 = CARTESIAN_POINT('',(1.6,0.9,1.15));
#129 = VECTOR('',#130,1.);
#130 = DIRECTION('',(-0.,-1.,-0.));
#131 = ORIENTED_EDGE('',*,*,#132,.T.);
#132 = EDGE_CURVE('',#125,#133,#135,.T.);
#133 = VERTEX_POINT('',#134);
#134 = CARTESIAN_POINT('',(1.5,0.4,1.25));
#135 = CIRCLE('',#136,0.1);
#136 = AXIS2_PLACEMENT_3D('',#137,#138,#139);
#137 = CARTESIAN_POINT('',(1.6,0.4,1.25));
#138 = DIRECTION('',(-0.,1.,0.));
#139 = DIRECTION('',(0.,0.,-1.));
#140 = ORIENTED_EDGE('',*,*,#141,.F.);
#141 = EDGE_CURVE('',#116,#133,#142,.T.);
#142 = LINE('',#143,#144);
#143 = CARTESIAN_POINT('',(1.5,0.9,1.25));
#144 = VECTOR('',#145,1.);
#145 = DIRECTION('',(-0.,-1.,-0.));
#146 = CYLINDRICAL_SURFACE('',#147,0.1);
#147 = AXIS2_PLACEMENT_3D('',#148,#149,#150);
#148 = CARTESIAN_POINT('',(1.6,0.9,1.25));
#149 = DIRECTION('',(-0.,-1.,-0.));
#150 = DIRECTION('',(0.,0.,-1.));
#151 = ADVANCED_FACE('',(#152),#186,.F.);
#152 = FACE_BOUND('',#153,.T.);
#153 = EDGE_LOOP('',(#154,#164,#172,#180));
#154 = ORIENTED_EDGE('',*,*,#155,.T.);
#155 = EDGE_CURVE('',#156,#158,#160,.T.);
#156 = VERTEX_POINT('',#157);
#157 = CARTESIAN_POINT('',(1.6,0.,0.3));
#158 = VERTEX_POINT('',#159);
#159 = CARTESIAN_POINT('',(1.6,0.,-0.3));
#160 = LINE('',#161,#162);
#161 = CARTESIAN_POINT('',(1.6,0.,0.));
#162 = VECTOR('',#163,1.);
#163 = DIRECTION('',(0.,0.,-1.));
#164 = ORIENTED_EDGE('',*,*,#165,.F.);
#165 = EDGE_CURVE('',#166,#158,#168,.T.);
#166 = VERTEX_POINT('',#167);
#167 = CARTESIAN_POINT('',(1.6,0.9,-0.3));
#168 = LINE('',#169,#170);
#169 = CARTESIAN_POINT('',(1.6,0.9,-0.3));
#170 = VECTOR('',#171,1.);
#171 = DIRECTION('',(-0.,-1.,-0.));
#172 = ORIENTED_EDGE('',*,*,#173,.F.);
#173 = EDGE_CURVE('',#174,#166,#176,.T.);
#174 = VERTEX_POINT('',#175);
#175 = CARTESIAN_POINT('',(1.6,0.9,0.3));
#176 = LINE('',#177,#178);
#177 = CARTESIAN_POINT('',(1.6,0.9,0.));
#178 = VECTOR('',#179,1.);
#179 = DIRECTION('',(0.,0.,-1.));
#180 = ORIENTED_EDGE('',*,*,#181,.T.);
#181 = EDGE_CURVE('',#174,#156,#182,.T.);
#182 = LINE('',#183,#184);
#183 = CARTESIAN_POINT('',(1.6,0.9,0.3));
#184 = VECTOR('',#185,1.);
#185 = DIRECTION('',(-0.,-1.,-0.));
#186 = PLANE('',#187);
#187 = AXIS2_PLACEMENT_3D('',#188,#189,#190);
#188 = CARTESIAN_POINT('',(1.6,0.9,0.));
#189 = DIRECTION('',(-1.,0.,0.));
#190 = DIRECTION('',(0.,0.,1.));
#191 = ADVANCED_FACE('',(#192),#219,.F.);
#192 = FACE_BOUND('',#193,.F.);
#193 = EDGE_LOOP('',(#194,#195,#204,#212));
#194 = ORIENTED_EDGE('',*,*,#165,.F.);
#195 = ORIENTED_EDGE('',*,*,#196,.T.);
#196 = EDGE_CURVE('',#166,#197,#199,.T.);
#197 = VERTEX_POINT('',#198);
#198 = CARTESIAN_POINT('',(1.6,0.9,-0.5));
#199 = CIRCLE('',#200,0.1);
#200 = AXIS2_PLACEMENT_3D('',#201,#202,#203);
#201 = CARTESIAN_POINT('',(1.6,0.9,-0.4));
#202 = DIRECTION('',(-0.,-1.,0.));
#203 = DIRECTION('',(-1.301042606983E-14,0.,1.));
#204 = ORIENTED_EDGE('',*,*,#205,.T.);
#205 = EDGE_CURVE('',#197,#206,#208,.T.);
#206 = VERTEX_POINT('',#207);
#207 = CARTESIAN_POINT('',(1.6,0.,-0.5));
#208 = LINE('',#209,#210);
#209 = CARTESIAN_POINT('',(1.6,0.9,-0.5));
#210 = VECTOR('',#211,1.);
#211 = DIRECTION('',(-0.,-1.,-0.));
#212 = ORIENTED_EDGE('',*,*,#213,.F.);
#213 = EDGE_CURVE('',#158,#206,#214,.T.);
#214 = CIRCLE('',#215,0.1);
#215 = AXIS2_PLACEMENT_3D('',#216,#217,#218);
#216 = CARTESIAN_POINT('',(1.6,0.,-0.4));
#217 = DIRECTION('',(-0.,-1.,0.));
#218 = DIRECTION('',(-1.301042606983E-14,0.,1.));
#219 = CYLINDRICAL_SURFACE('',#220,0.1);
#220 = AXIS2_PLACEMENT_3D('',#221,#222,#223);
#221 = CARTESIAN_POINT('',(1.6,0.9,-0.4));
#222 = DIRECTION('',(-0.,-1.,-0.));
#223 = DIRECTION('',(0.,0.,-1.));
#224 = ADVANCED_FACE('',(#225),#266,.F.);
#225 = FACE_BOUND('',#226,.T.);
#226 = EDGE_LOOP('',(#227,#235,#243,#251,#259,#265));
#227 = ORIENTED_EDGE('',*,*,#228,.T.);
#228 = EDGE_CURVE('',#206,#229,#231,.T.);
#229 = VERTEX_POINT('',#230);
#230 = CARTESIAN_POINT('',(1.6,0.,-1.075));
#231 = LINE('',#232,#233);
#232 = CARTESIAN_POINT('',(1.6,0.,0.));
#233 = VECTOR('',#234,1.);
#234 = DIRECTION('',(0.,0.,-1.));
#235 = ORIENTED_EDGE('',*,*,#236,.F.);
#236 = EDGE_CURVE('',#237,#229,#239,.T.);
#237 = VERTEX_POINT('',#238);
#238 = CARTESIAN_POINT('',(1.6,0.4,-1.075));
#239 = LINE('',#240,#241);
#240 = CARTESIAN_POINT('',(1.6,0.4,-1.075));
#241 = VECTOR('',#242,1.);
#242 = DIRECTION('',(-0.,-1.,-0.));
#243 = ORIENTED_EDGE('',*,*,#244,.F.);
#244 = EDGE_CURVE('',#245,#237,#247,.T.);
#245 = VERTEX_POINT('',#246);
#246 = CARTESIAN_POINT('',(1.6,0.4,-1.15));
#247 = LINE('',#248,#249);
#248 = CARTESIAN_POINT('',(1.6,0.4,-1.075));
#249 = VECTOR('',#250,1.);
#250 = DIRECTION('',(5.782411586589E-15,-0.,1.));
#251 = ORIENTED_EDGE('',*,*,#252,.F.);
#252 = EDGE_CURVE('',#253,#245,#255,.T.);
#253 = VERTEX_POINT('',#254);
#254 = CARTESIAN_POINT('',(1.6,0.9,-1.15));
#255 = LINE('',#256,#257);
#256 = CARTESIAN_POINT('',(1.6,0.9,-1.15));
#257 = VECTOR('',#258,1.);
#258 = DIRECTION('',(-0.,-1.,-0.));
#259 = ORIENTED_EDGE('',*,*,#260,.F.);
#260 = EDGE_CURVE('',#197,#253,#261,.T.);
#261 = LINE('',#262,#263);
#262 = CARTESIAN_POINT('',(1.6,0.9,0.));
#263 = VECTOR('',#264,1.);
#264 = DIRECTION('',(0.,0.,-1.));
#265 = ORIENTED_EDGE('',*,*,#205,.T.);
#266 = PLANE('',#267);
#267 = AXIS2_PLACEMENT_3D('',#268,#269,#270);
#268 = CARTESIAN_POINT('',(1.6,0.9,0.));
#269 = DIRECTION('',(-1.,0.,0.));
#270 = DIRECTION('',(0.,0.,1.));
#271 = ADVANCED_FACE('',(#272),#299,.F.);
#272 = FACE_BOUND('',#273,.F.);
#273 = EDGE_LOOP('',(#274,#275,#284,#292));
#274 = ORIENTED_EDGE('',*,*,#252,.F.);
#275 = ORIENTED_EDGE('',*,*,#276,.F.);
#276 = EDGE_CURVE('',#277,#253,#279,.T.);
#277 = VERTEX_POINT('',#278);
#278 = CARTESIAN_POINT('',(1.5,0.9,-1.25));
#279 = CIRCLE('',#280,0.1);
#280 = AXIS2_PLACEMENT_3D('',#281,#282,#283);
#281 = CARTESIAN_POINT('',(1.6,0.9,-1.25));
#282 = DIRECTION('',(0.,1.,-0.));
#283 = DIRECTION('',(0.,0.,1.));
#284 = ORIENTED_EDGE('',*,*,#285,.T.);
#285 = EDGE_CURVE('',#277,#286,#288,.T.);
#286 = VERTEX_POINT('',#287);
#287 = CARTESIAN_POINT('',(1.5,0.4,-1.25));
#288 = LINE('',#289,#290);
#289 = CARTESIAN_POINT('',(1.5,0.9,-1.25));
#290 = VECTOR('',#291,1.);
#291 = DIRECTION('',(-0.,-1.,-0.));
#292 = ORIENTED_EDGE('',*,*,#293,.T.);
#293 = EDGE_CURVE('',#286,#245,#294,.T.);
#294 = CIRCLE('',#295,0.1);
#295 = AXIS2_PLACEMENT_3D('',#296,#297,#298);
#296 = CARTESIAN_POINT('',(1.6,0.4,-1.25));
#297 = DIRECTION('',(-0.,1.,0.));
#298 = DIRECTION('',(0.,0.,1.));
#299 = CYLINDRICAL_SURFACE('',#300,0.1);
#300 = AXIS2_PLACEMENT_3D('',#301,#302,#303);
#301 = CARTESIAN_POINT('',(1.6,0.9,-1.25));
#302 = DIRECTION('',(-0.,-1.,-0.));
#303 = DIRECTION('',(0.,0.,-1.));
#304 = ADVANCED_FACE('',(#305),#353,.T.);
#305 = FACE_BOUND('',#306,.T.);
#306 = EDGE_LOOP('',(#307,#317,#325,#333,#339,#340,#346,#347));
#307 = ORIENTED_EDGE('',*,*,#308,.T.);
#308 = EDGE_CURVE('',#309,#311,#313,.T.);
#309 = VERTEX_POINT('',#310);
#310 = CARTESIAN_POINT('',(1.425,0.4,-1.25));
#311 = VERTEX_POINT('',#312);
#312 = CARTESIAN_POINT('',(1.425,0.,-1.25));
#313 = LINE('',#314,#315);
#314 = CARTESIAN_POINT('',(1.425,0.4,-1.25));
#315 = VECTOR('',#316,1.);
#316 = DIRECTION('',(-0.,-1.,-0.));
#317 = ORIENTED_EDGE('',*,*,#318,.F.);
#318 = EDGE_CURVE('',#319,#311,#321,.T.);
#319 = VERTEX_POINT('',#320);
#320 = CARTESIAN_POINT('',(-1.425,0.,-1.25));
#321 = LINE('',#322,#323);
#322 = CARTESIAN_POINT('',(0.,0.,-1.25));
#323 = VECTOR('',#324,1.);
#324 = DIRECTION('',(1.,-0.,0.));
#325 = ORIENTED_EDGE('',*,*,#326,.F.);
#326 = EDGE_CURVE('',#327,#319,#329,.T.);
#327 = VERTEX_POINT('',#328);
#328 = CARTESIAN_POINT('',(-1.425,0.4,-1.25));
#329 = LINE('',#330,#331);
#330 = CARTESIAN_POINT('',(-1.425,0.4,-1.25));
#331 = VECTOR('',#332,1.);
#332 = DIRECTION('',(-0.,-1.,-0.));
#333 = ORIENTED_EDGE('',*,*,#334,.F.);
#334 = EDGE_CURVE('',#91,#327,#335,.T.);
#335 = LINE('',#336,#337);
#336 = CARTESIAN_POINT('',(-1.425,0.4,-1.25));
#337 = VECTOR('',#338,1.);
#338 = DIRECTION('',(1.,-0.,1.156482317318E-14));
#339 = ORIENTED_EDGE('',*,*,#99,.F.);
#340 = ORIENTED_EDGE('',*,*,#341,.T.);
#341 = EDGE_CURVE('',#74,#277,#342,.T.);
#342 = LINE('',#343,#344);
#343 = CARTESIAN_POINT('',(0.,0.9,-1.25));
#344 = VECTOR('',#345,1.);
#345 = DIRECTION('',(1.,-0.,0.));
#346 = ORIENTED_EDGE('',*,*,#285,.T.);
#347 = ORIENTED_EDGE('',*,*,#348,.F.);
#348 = EDGE_CURVE('',#309,#286,#349,.T.);
#349 = LINE('',#350,#351);
#350 = CARTESIAN_POINT('',(1.425,0.4,-1.25));
#351 = VECTOR('',#352,1.);
#352 = DIRECTION('',(1.,0.,-1.156482317318E-14));
#353 = PLANE('',#354);
#354 = AXIS2_PLACEMENT_3D('',#355,#356,#357);
#355 = CARTESIAN_POINT('',(0.,0.9,-1.25));
#356 = DIRECTION('',(0.,0.,-1.));
#357 = DIRECTION('',(-1.,0.,-0.));
#358 = ADVANCED_FACE('',(#359),#400,.T.);
#359 = FACE_BOUND('',#360,.T.);
#360 = EDGE_LOOP('',(#361,#371,#379,#387,#393,#394));
#361 = ORIENTED_EDGE('',*,*,#362,.T.);
#362 = EDGE_CURVE('',#363,#365,#367,.T.);
#363 = VERTEX_POINT('',#364);
#364 = CARTESIAN_POINT('',(-1.6,0.4,-1.075));
#365 = VERTEX_POINT('',#366);
#366 = CARTESIAN_POINT('',(-1.6,0.,-1.075));
#367 = LINE('',#368,#369);
#368 = CARTESIAN_POINT('',(-1.6,0.4,-1.075));
#369 = VECTOR('',#370,1.);
#370 = DIRECTION('',(-0.,-1.,-0.));
#371 = ORIENTED_EDGE('',*,*,#372,.F.);
#372 = EDGE_CURVE('',#373,#365,#375,.T.);
#373 = VERTEX_POINT('',#374);
#374 = CARTESIAN_POINT('',(-1.6,0.,-0.5));
#375 = LINE('',#376,#377);
#376 = CARTESIAN_POINT('',(-1.6,0.,-0.));
#377 = VECTOR('',#378,1.);
#378 = DIRECTION('',(0.,0.,-1.));
#379 = ORIENTED_EDGE('',*,*,#380,.F.);
#380 = EDGE_CURVE('',#381,#373,#383,.T.);
#381 = VERTEX_POINT('',#382);
#382 = CARTESIAN_POINT('',(-1.6,0.9,-0.5));
#383 = LINE('',#384,#385);
#384 = CARTESIAN_POINT('',(-1.6,0.9,-0.5));
#385 = VECTOR('',#386,1.);
#386 = DIRECTION('',(-0.,-1.,-0.));
#387 = ORIENTED_EDGE('',*,*,#388,.T.);
#388 = EDGE_CURVE('',#381,#72,#389,.T.);
#389 = LINE('',#390,#391);
#390 = CARTESIAN_POINT('',(-1.6,0.9,0.));
#391 = VECTOR('',#392,1.);
#392 = DIRECTION('',(0.,0.,-1.));
#393 = ORIENTED_EDGE('',*,*,#82,.T.);
#394 = ORIENTED_EDGE('',*,*,#395,.F.);
#395 = EDGE_CURVE('',#363,#83,#396,.T.);
#396 = LINE('',#397,#398);
#397 = CARTESIAN_POINT('',(-1.6,0.4,-1.075));
#398 = VECTOR('',#399,1.);
#399 = DIRECTION('',(5.782411586589E-15,0.,-1.));
#400 = PLANE('',#401);
#401 = AXIS2_PLACEMENT_3D('',#402,#403,#404);
#402 = CARTESIAN_POINT('',(-1.6,0.9,0.));
#403 = DIRECTION('',(-1.,0.,0.));
#404 = DIRECTION('',(0.,0.,1.));
#405 = ADVANCED_FACE('',(#406),#433,.F.);
#406 = FACE_BOUND('',#407,.F.);
#407 = EDGE_LOOP('',(#408,#409,#418,#426));
#408 = ORIENTED_EDGE('',*,*,#380,.F.);
#409 = ORIENTED_EDGE('',*,*,#410,.F.);
#410 = EDGE_CURVE('',#411,#381,#413,.T.);
#411 = VERTEX_POINT('',#412);
#412 = CARTESIAN_POINT('',(-1.6,0.9,-0.3));
#413 = CIRCLE('',#414,0.1);
#414 = AXIS2_PLACEMENT_3D('',#415,#416,#417);
#415 = CARTESIAN_POINT('',(-1.6,0.9,-0.4));
#416 = DIRECTION('',(0.,1.,-0.));
#417 = DIRECTION('',(0.,0.,1.));
#418 = ORIENTED_EDGE('',*,*,#419,.T.);
#419 = EDGE_CURVE('',#411,#420,#422,.T.);
#420 = VERTEX_POINT('',#421);
#421 = CARTESIAN_POINT('',(-1.6,0.,-0.3));
#422 = LINE('',#423,#424);
#423 = CARTESIAN_POINT('',(-1.6,0.9,-0.3));
#424 = VECTOR('',#425,1.);
#425 = DIRECTION('',(-0.,-1.,-0.));
#426 = ORIENTED_EDGE('',*,*,#427,.T.);
#427 = EDGE_CURVE('',#420,#373,#428,.T.);
#428 = CIRCLE('',#429,0.1);
#429 = AXIS2_PLACEMENT_3D('',#430,#431,#432);
#430 = CARTESIAN_POINT('',(-1.6,0.,-0.4));
#431 = DIRECTION('',(0.,1.,-0.));
#432 = DIRECTION('',(0.,0.,1.));
#433 = CYLINDRICAL_SURFACE('',#434,0.1);
#434 = AXIS2_PLACEMENT_3D('',#435,#436,#437);
#435 = CARTESIAN_POINT('',(-1.6,0.9,-0.4));
#436 = DIRECTION('',(-0.,-1.,-0.));
#437 = DIRECTION('',(0.,0.,-1.));
#438 = ADVANCED_FACE('',(#439),#464,.T.);
#439 = FACE_BOUND('',#440,.T.);
#440 = EDGE_LOOP('',(#441,#449,#457,#463));
#441 = ORIENTED_EDGE('',*,*,#442,.F.);
#442 = EDGE_CURVE('',#443,#420,#445,.T.);
#443 = VERTEX_POINT('',#444);
#444 = CARTESIAN_POINT('',(-1.6,0.,0.3));
#445 = LINE('',#446,#447);
#446 = CARTESIAN_POINT('',(-1.6,0.,-0.));
#447 = VECTOR('',#448,1.);
#448 = DIRECTION('',(0.,0.,-1.));
#449 = ORIENTED_EDGE('',*,*,#450,.F.);
#450 = EDGE_CURVE('',#451,#443,#453,.T.);
#451 = VERTEX_POINT('',#452);
#452 = CARTESIAN_POINT('',(-1.6,0.9,0.3));
#453 = LINE('',#454,#455);
#454 = CARTESIAN_POINT('',(-1.6,0.9,0.3));
#455 = VECTOR('',#456,1.);
#456 = DIRECTION('',(-0.,-1.,-0.));
#457 = ORIENTED_EDGE('',*,*,#458,.T.);
#458 = EDGE_CURVE('',#451,#411,#459,.T.);
#459 = LINE('',#460,#461);
#460 = CARTESIAN_POINT('',(-1.6,0.9,0.));
#461 = VECTOR('',#462,1.);
#462 = DIRECTION('',(0.,0.,-1.));
#463 = ORIENTED_EDGE('',*,*,#419,.T.);
#464 = PLANE('',#465);
#465 = AXIS2_PLACEMENT_3D('',#466,#467,#468);
#466 = CARTESIAN_POINT('',(-1.6,0.9,0.));
#467 = DIRECTION('',(-1.,0.,0.));
#468 = DIRECTION('',(0.,0.,1.));
#469 = ADVANCED_FACE('',(#470),#497,.F.);
#470 = FACE_BOUND('',#471,.F.);
#471 = EDGE_LOOP('',(#472,#473,#482,#490));
#472 = ORIENTED_EDGE('',*,*,#450,.F.);
#473 = ORIENTED_EDGE('',*,*,#474,.F.);
#474 = EDGE_CURVE('',#475,#451,#477,.T.);
#475 = VERTEX_POINT('',#476);
#476 = CARTESIAN_POINT('',(-1.6,0.9,0.5));
#477 = CIRCLE('',#478,0.1);
#478 = AXIS2_PLACEMENT_3D('',#479,#480,#481);
#479 = CARTESIAN_POINT('',(-1.6,0.9,0.4));
#480 = DIRECTION('',(0.,1.,-0.));
#481 = DIRECTION('',(0.,0.,1.));
#482 = ORIENTED_EDGE('',*,*,#483,.T.);
#483 = EDGE_CURVE('',#475,#484,#486,.T.);
#484 = VERTEX_POINT('',#485);
#485 = CARTESIAN_POINT('',(-1.6,0.,0.5));
#486 = LINE('',#487,#488);
#487 = CARTESIAN_POINT('',(-1.6,0.9,0.5));
#488 = VECTOR('',#489,1.);
#489 = DIRECTION('',(-0.,-1.,-0.));
#490 = ORIENTED_EDGE('',*,*,#491,.T.);
#491 = EDGE_CURVE('',#484,#443,#492,.T.);
#492 = CIRCLE('',#493,0.1);
#493 = AXIS2_PLACEMENT_3D('',#494,#495,#496);
#494 = CARTESIAN_POINT('',(-1.6,0.,0.4));
#495 = DIRECTION('',(0.,1.,-0.));
#496 = DIRECTION('',(0.,0.,1.));
#497 = CYLINDRICAL_SURFACE('',#498,0.1);
#498 = AXIS2_PLACEMENT_3D('',#499,#500,#501);
#499 = CARTESIAN_POINT('',(-1.6,0.9,0.4));
#500 = DIRECTION('',(-0.,-1.,-0.));
#501 = DIRECTION('',(0.,0.,-1.));
#502 = ADVANCED_FACE('',(#503),#544,.T.);
#503 = FACE_BOUND('',#504,.T.);
#504 = EDGE_LOOP('',(#505,#515,#523,#531,#537,#538));
#505 = ORIENTED_EDGE('',*,*,#506,.F.);
#506 = EDGE_CURVE('',#507,#509,#511,.T.);
#507 = VERTEX_POINT('',#508);
#508 = CARTESIAN_POINT('',(-1.6,0.4,1.075));
#509 = VERTEX_POINT('',#510);
#510 = CARTESIAN_POINT('',(-1.6,0.,1.075));
#511 = LINE('',#512,#513);
#512 = CARTESIAN_POINT('',(-1.6,0.4,1.075));
#513 = VECTOR('',#514,1.);
#514 = DIRECTION('',(-0.,-1.,-0.));
#515 = ORIENTED_EDGE('',*,*,#516,.F.);
#516 = EDGE_CURVE('',#517,#507,#519,.T.);
#517 = VERTEX_POINT('',#518);
#518 = CARTESIAN_POINT('',(-1.6,0.4,1.15));
#519 = LINE('',#520,#521);
#520 = CARTESIAN_POINT('',(-1.6,0.4,1.075));
#521 = VECTOR('',#522,1.);
#522 = DIRECTION('',(-0.,-0.,-1.));
#523 = ORIENTED_EDGE('',*,*,#524,.F.);
#524 = EDGE_CURVE('',#525,#517,#527,.T.);
#525 = VERTEX_POINT('',#526);
#526 = CARTESIAN_POINT('',(-1.6,0.9,1.15));
#527 = LINE('',#528,#529);
#528 = CARTESIAN_POINT('',(-1.6,0.9,1.15));
#529 = VECTOR('',#530,1.);
#530 = DIRECTION('',(-0.,-1.,-0.));
#531 = ORIENTED_EDGE('',*,*,#532,.T.);
#532 = EDGE_CURVE('',#525,#475,#533,.T.);
#533 = LINE('',#534,#535);
#534 = CARTESIAN_POINT('',(-1.6,0.9,0.));
#535 = VECTOR('',#536,1.);
#536 = DIRECTION('',(0.,0.,-1.));
#537 = ORIENTED_EDGE('',*,*,#483,.T.);
#538 = ORIENTED_EDGE('',*,*,#539,.F.);
#539 = EDGE_CURVE('',#509,#484,#540,.T.);
#540 = LINE('',#541,#542);
#541 = CARTESIAN_POINT('',(-1.6,0.,-0.));
#542 = VECTOR('',#543,1.);
#543 = DIRECTION('',(0.,0.,-1.));
#544 = PLANE('',#545);
#545 = AXIS2_PLACEMENT_3D('',#546,#547,#548);
#546 = CARTESIAN_POINT('',(-1.6,0.9,0.));
#547 = DIRECTION('',(-1.,0.,0.));
#548 = DIRECTION('',(0.,0.,1.));
#549 = ADVANCED_FACE('',(#550),#577,.F.);
#550 = FACE_BOUND('',#551,.F.);
#551 = EDGE_LOOP('',(#552,#553,#562,#570));
#552 = ORIENTED_EDGE('',*,*,#524,.F.);
#553 = ORIENTED_EDGE('',*,*,#554,.F.);
#554 = EDGE_CURVE('',#555,#525,#557,.T.);
#555 = VERTEX_POINT('',#556);
#556 = CARTESIAN_POINT('',(-1.5,0.9,1.25));
#557 = CIRCLE('',#558,0.1);
#558 = AXIS2_PLACEMENT_3D('',#559,#560,#561);
#559 = CARTESIAN_POINT('',(-1.6,0.9,1.25));
#560 = DIRECTION('',(0.,1.,-0.));
#561 = DIRECTION('',(0.,0.,1.));
#562 = ORIENTED_EDGE('',*,*,#563,.T.);
#563 = EDGE_CURVE('',#555,#564,#566,.T.);
#564 = VERTEX_POINT('',#565);
#565 = CARTESIAN_POINT('',(-1.5,0.4,1.25));
#566 = LINE('',#567,#568);
#567 = CARTESIAN_POINT('',(-1.5,0.9,1.25));
#568 = VECTOR('',#569,1.);
#569 = DIRECTION('',(-0.,-1.,-0.));
#570 = ORIENTED_EDGE('',*,*,#571,.T.);
#571 = EDGE_CURVE('',#564,#517,#572,.T.);
#572 = CIRCLE('',#573,0.1);
#573 = AXIS2_PLACEMENT_3D('',#574,#575,#576);
#574 = CARTESIAN_POINT('',(-1.6,0.4,1.25));
#575 = DIRECTION('',(-0.,1.,0.));
#576 = DIRECTION('',(0.,0.,1.));
#577 = CYLINDRICAL_SURFACE('',#578,0.1);
#578 = AXIS2_PLACEMENT_3D('',#579,#580,#581);
#579 = CARTESIAN_POINT('',(-1.6,0.9,1.25));
#580 = DIRECTION('',(-0.,-1.,-0.));
#581 = DIRECTION('',(0.,0.,-1.));
#582 = ADVANCED_FACE('',(#583),#631,.F.);
#583 = FACE_BOUND('',#584,.T.);
#584 = EDGE_LOOP('',(#585,#593,#601,#609,#617,#623,#624,#630));
#585 = ORIENTED_EDGE('',*,*,#586,.F.);
#586 = EDGE_CURVE('',#587,#564,#589,.T.);
#587 = VERTEX_POINT('',#588);
#588 = CARTESIAN_POINT('',(-1.425,0.4,1.25));
#589 = LINE('',#590,#591);
#590 = CARTESIAN_POINT('',(-1.425,0.4,1.25));
#591 = VECTOR('',#592,1.);
#592 = DIRECTION('',(-1.,0.,0.));
#593 = ORIENTED_EDGE('',*,*,#594,.T.);
#594 = EDGE_CURVE('',#587,#595,#597,.T.);
#595 = VERTEX_POINT('',#596);
#596 = CARTESIAN_POINT('',(-1.425,0.,1.25));
#597 = LINE('',#598,#599);
#598 = CARTESIAN_POINT('',(-1.425,0.4,1.25));
#599 = VECTOR('',#600,1.);
#600 = DIRECTION('',(-0.,-1.,-0.));
#601 = ORIENTED_EDGE('',*,*,#602,.T.);
#602 = EDGE_CURVE('',#595,#603,#605,.T.);
#603 = VERTEX_POINT('',#604);
#604 = CARTESIAN_POINT('',(1.425,0.,1.25));
#605 = LINE('',#606,#607);
#606 = CARTESIAN_POINT('',(0.,0.,1.25));
#607 = VECTOR('',#608,1.);
#608 = DIRECTION('',(1.,-0.,0.));
#609 = ORIENTED_EDGE('',*,*,#610,.F.);
#610 = EDGE_CURVE('',#611,#603,#613,.T.);
#611 = VERTEX_POINT('',#612);
#612 = CARTESIAN_POINT('',(1.425,0.4,1.25));
#613 = LINE('',#614,#615);
#614 = CARTESIAN_POINT('',(1.425,0.4,1.25));
#615 = VECTOR('',#616,1.);
#616 = DIRECTION('',(-0.,-1.,-0.));
#617 = ORIENTED_EDGE('',*,*,#618,.F.);
#618 = EDGE_CURVE('',#133,#611,#619,.T.);
#619 = LINE('',#620,#621);
#620 = CARTESIAN_POINT('',(1.425,0.4,1.25));
#621 = VECTOR('',#622,1.);
#622 = DIRECTION('',(-1.,-0.,-0.));
#623 = ORIENTED_EDGE('',*,*,#141,.F.);
#624 = ORIENTED_EDGE('',*,*,#625,.F.);
#625 = EDGE_CURVE('',#555,#116,#626,.T.);
#626 = LINE('',#627,#628);
#627 = CARTESIAN_POINT('',(0.,0.9,1.25));
#628 = VECTOR('',#629,1.);
#629 = DIRECTION('',(1.,-0.,0.));
#630 = ORIENTED_EDGE('',*,*,#563,.T.);
#631 = PLANE('',#632);
#632 = AXIS2_PLACEMENT_3D('',#633,#634,#635);
#633 = CARTESIAN_POINT('',(0.,0.9,1.25));
#634 = DIRECTION('',(0.,0.,-1.));
#635 = DIRECTION('',(-1.,0.,-0.));
#636 = ADVANCED_FACE('',(#637),#678,.F.);
#637 = FACE_BOUND('',#638,.T.);
#638 = EDGE_LOOP('',(#639,#647,#655,#663,#671,#677));
#639 = ORIENTED_EDGE('',*,*,#640,.F.);
#640 = EDGE_CURVE('',#641,#125,#643,.T.);
#641 = VERTEX_POINT('',#642);
#642 = CARTESIAN_POINT('',(1.6,0.4,1.075));
#643 = LINE('',#644,#645);
#644 = CARTESIAN_POINT('',(1.6,0.4,1.075));
#645 = VECTOR('',#646,1.);
#646 = DIRECTION('',(0.,0.,1.));
#647 = ORIENTED_EDGE('',*,*,#648,.T.);
#648 = EDGE_CURVE('',#641,#649,#651,.T.);
#649 = VERTEX_POINT('',#650);
#650 = CARTESIAN_POINT('',(1.6,0.,1.075));
#651 = LINE('',#652,#653);
#652 = CARTESIAN_POINT('',(1.6,0.4,1.075));
#653 = VECTOR('',#654,1.);
#654 = DIRECTION('',(-0.,-1.,-0.));
#655 = ORIENTED_EDGE('',*,*,#656,.T.);
#656 = EDGE_CURVE('',#649,#657,#659,.T.);
#657 = VERTEX_POINT('',#658);
#658 = CARTESIAN_POINT('',(1.6,0.,0.5));
#659 = LINE('',#660,#661);
#660 = CARTESIAN_POINT('',(1.6,0.,0.));
#661 = VECTOR('',#662,1.);
#662 = DIRECTION('',(0.,0.,-1.));
#663 = ORIENTED_EDGE('',*,*,#664,.F.);
#664 = EDGE_CURVE('',#665,#657,#667,.T.);
#665 = VERTEX_POINT('',#666);
#666 = CARTESIAN_POINT('',(1.6,0.9,0.5));
#667 = LINE('',#668,#669);
#668 = CARTESIAN_POINT('',(1.6,0.9,0.5));
#669 = VECTOR('',#670,1.);
#670 = DIRECTION('',(-0.,-1.,-0.));
#671 = ORIENTED_EDGE('',*,*,#672,.F.);
#672 = EDGE_CURVE('',#114,#665,#673,.T.);
#673 = LINE('',#674,#675);
#674 = CARTESIAN_POINT('',(1.6,0.9,0.));
#675 = VECTOR('',#676,1.);
#676 = DIRECTION('',(0.,0.,-1.));
#677 = ORIENTED_EDGE('',*,*,#124,.T.);
#678 = PLANE('',#679);
#679 = AXIS2_PLACEMENT_3D('',#680,#681,#682);
#680 = CARTESIAN_POINT('',(1.6,0.9,0.));
#681 = DIRECTION('',(-1.,0.,0.));
#682 = DIRECTION('',(0.,0.,1.));
#683 = ADVANCED_FACE('',(#684),#702,.F.);
#684 = FACE_BOUND('',#685,.F.);
#685 = EDGE_LOOP('',(#686,#687,#694,#695));
#686 = ORIENTED_EDGE('',*,*,#664,.F.);
#687 = ORIENTED_EDGE('',*,*,#688,.T.);
#688 = EDGE_CURVE('',#665,#174,#689,.T.);
#689 = CIRCLE('',#690,0.1);
#690 = AXIS2_PLACEMENT_3D('',#691,#692,#693);
#691 = CARTESIAN_POINT('',(1.6,0.9,0.4));
#692 = DIRECTION('',(-0.,-1.,0.));
#693 = DIRECTION('',(-1.301042606983E-14,0.,1.));
#694 = ORIENTED_EDGE('',*,*,#181,.T.);
#695 = ORIENTED_EDGE('',*,*,#696,.F.);
#696 = EDGE_CURVE('',#657,#156,#697,.T.);
#697 = CIRCLE('',#698,0.1);
#698 = AXIS2_PLACEMENT_3D('',#699,#700,#701);
#699 = CARTESIAN_POINT('',(1.6,0.,0.4));
#700 = DIRECTION('',(-0.,-1.,0.));
#701 = DIRECTION('',(-1.301042606983E-14,0.,1.));
#702 = CYLINDRICAL_SURFACE('',#703,0.1);
#703 = AXIS2_PLACEMENT_3D('',#704,#705,#706);
#704 = CARTESIAN_POINT('',(1.6,0.9,0.4));
#705 = DIRECTION('',(-0.,-1.,-0.));
#706 = DIRECTION('',(0.,0.,-1.));
#707 = ADVANCED_FACE('',(#708),#726,.T.);
#708 = FACE_BOUND('',#709,.T.);
#709 = EDGE_LOOP('',(#710,#711,#712,#713,#714,#715,#716,#717,#718,#719,
    #720,#721,#722,#723,#724,#725));
#710 = ORIENTED_EDGE('',*,*,#173,.T.);
#711 = ORIENTED_EDGE('',*,*,#196,.T.);
#712 = ORIENTED_EDGE('',*,*,#260,.T.);
#713 = ORIENTED_EDGE('',*,*,#276,.F.);
#714 = ORIENTED_EDGE('',*,*,#341,.F.);
#715 = ORIENTED_EDGE('',*,*,#71,.F.);
#716 = ORIENTED_EDGE('',*,*,#388,.F.);
#717 = ORIENTED_EDGE('',*,*,#410,.F.);
#718 = ORIENTED_EDGE('',*,*,#458,.F.);
#719 = ORIENTED_EDGE('',*,*,#474,.F.);
#720 = ORIENTED_EDGE('',*,*,#532,.F.);
#721 = ORIENTED_EDGE('',*,*,#554,.F.);
#722 = ORIENTED_EDGE('',*,*,#625,.T.);
#723 = ORIENTED_EDGE('',*,*,#113,.F.);
#724 = ORIENTED_EDGE('',*,*,#672,.T.);
#725 = ORIENTED_EDGE('',*,*,#688,.T.);
#726 = PLANE('',#727);
#727 = AXIS2_PLACEMENT_3D('',#728,#729,#730);
#728 = CARTESIAN_POINT('',(0.,0.9,0.));
#729 = DIRECTION('',(0.,1.,-0.));
#730 = DIRECTION('',(0.,0.,1.));
#731 = ADVANCED_FACE('',(#732),#946,.F.);
#732 = FACE_BOUND('',#733,.T.);
#733 = EDGE_LOOP('',(#734,#744,#751,#752,#753,#754,#755,#756,#765,#773,
    #781,#789,#797,#804,#805,#814,#822,#830,#838,#846,#854,#861,#862,
    #863,#864,#865,#866,#875,#883,#891,#899,#907,#914,#915,#924,#932,
    #940));
#734 = ORIENTED_EDGE('',*,*,#735,.F.);
#735 = EDGE_CURVE('',#736,#738,#740,.T.);
#736 = VERTEX_POINT('',#737);
#737 = CARTESIAN_POINT('',(1.5,0.,-1.106385933837));
#738 = VERTEX_POINT('',#739);
#739 = CARTESIAN_POINT('',(1.5,0.,-0.5));
#740 = LINE('',#741,#742);
#741 = CARTESIAN_POINT('',(1.5,0.,-0.5));
#742 = VECTOR('',#743,1.);
#743 = DIRECTION('',(-7.151895266606E-16,-0.,1.));
#744 = ORIENTED_EDGE('',*,*,#745,.F.);
#745 = EDGE_CURVE('',#229,#736,#746,.T.);
#746 = CIRCLE('',#747,0.175);
#747 = AXIS2_PLACEMENT_3D('',#748,#749,#750);
#748 = CARTESIAN_POINT('',(1.6,0.,-1.25));
#749 = DIRECTION('',(0.,-1.,0.));
#750 = DIRECTION('',(0.,0.,1.));
#751 = ORIENTED_EDGE('',*,*,#228,.F.);
#752 = ORIENTED_EDGE('',*,*,#213,.F.);
#753 = ORIENTED_EDGE('',*,*,#155,.F.);
#754 = ORIENTED_EDGE('',*,*,#696,.F.);
#755 = ORIENTED_EDGE('',*,*,#656,.F.);
#756 = ORIENTED_EDGE('',*,*,#757,.F.);
#757 = EDGE_CURVE('',#758,#649,#760,.T.);
#758 = VERTEX_POINT('',#759);
#759 = CARTESIAN_POINT('',(1.5,0.,1.106385933837));
#760 = CIRCLE('',#761,0.175);
#761 = AXIS2_PLACEMENT_3D('',#762,#763,#764);
#762 = CARTESIAN_POINT('',(1.6,0.,1.25));
#763 = DIRECTION('',(0.,-1.,0.));
#764 = DIRECTION('',(0.,0.,-1.));
#765 = ORIENTED_EDGE('',*,*,#766,.F.);
#766 = EDGE_CURVE('',#767,#758,#769,.T.);
#767 = VERTEX_POINT('',#768);
#768 = CARTESIAN_POINT('',(1.5,0.,0.5));
#769 = LINE('',#770,#771);
#770 = CARTESIAN_POINT('',(1.5,0.,0.5));
#771 = VECTOR('',#772,1.);
#772 = DIRECTION('',(0.,0.,1.));
#773 = ORIENTED_EDGE('',*,*,#774,.F.);
#774 = EDGE_CURVE('',#775,#767,#777,.T.);
#775 = VERTEX_POINT('',#776);
#776 = CARTESIAN_POINT('',(0.6,0.,0.5));
#777 = LINE('',#778,#779);
#778 = CARTESIAN_POINT('',(0.6,0.,0.5));
#779 = VECTOR('',#780,1.);
#780 = DIRECTION('',(1.,0.,0.));
#781 = ORIENTED_EDGE('',*,*,#782,.F.);
#782 = EDGE_CURVE('',#783,#775,#785,.T.);
#783 = VERTEX_POINT('',#784);
#784 = CARTESIAN_POINT('',(0.6,0.,1.15));
#785 = LINE('',#786,#787);
#786 = CARTESIAN_POINT('',(0.6,0.,1.15));
#787 = VECTOR('',#788,1.);
#788 = DIRECTION('',(3.336006684571E-16,0.,-1.));
#789 = ORIENTED_EDGE('',*,*,#790,.F.);
#790 = EDGE_CURVE('',#791,#783,#793,.T.);
#791 = VERTEX_POINT('',#792);
#792 = CARTESIAN_POINT('',(1.456385933837,0.,1.15));
#793 = LINE('',#794,#795);
#794 = CARTESIAN_POINT('',(1.456385933837,0.,1.15));
#795 = VECTOR('',#796,1.);
#796 = DIRECTION('',(-1.,0.,-2.532041056836E-16));
#797 = ORIENTED_EDGE('',*,*,#798,.F.);
#798 = EDGE_CURVE('',#603,#791,#799,.T.);
#799 = CIRCLE('',#800,0.175);
#800 = AXIS2_PLACEMENT_3D('',#801,#802,#803);
#801 = CARTESIAN_POINT('',(1.6,0.,1.25));
#802 = DIRECTION('',(0.,-1.,0.));
#803 = DIRECTION('',(0.,0.,-1.));
#804 = ORIENTED_EDGE('',*,*,#602,.F.);
#805 = ORIENTED_EDGE('',*,*,#806,.F.);
#806 = EDGE_CURVE('',#807,#595,#809,.T.);
#807 = VERTEX_POINT('',#808);
#808 = CARTESIAN_POINT('',(-1.456385933837,0.,1.15));
#809 = CIRCLE('',#810,0.175);
#810 = AXIS2_PLACEMENT_3D('',#811,#812,#813);
#811 = CARTESIAN_POINT('',(-1.6,0.,1.25));
#812 = DIRECTION('',(0.,-1.,0.));
#813 = DIRECTION('',(0.,0.,1.));
#814 = ORIENTED_EDGE('',*,*,#815,.F.);
#815 = EDGE_CURVE('',#816,#807,#818,.T.);
#816 = VERTEX_POINT('',#817);
#817 = CARTESIAN_POINT('',(-0.6,0.,1.15));
#818 = LINE('',#819,#820);
#819 = CARTESIAN_POINT('',(-1.456385933837,0.,1.15));
#820 = VECTOR('',#821,1.);
#821 = DIRECTION('',(-1.,-0.,-2.532041056836E-16));
#822 = ORIENTED_EDGE('',*,*,#823,.F.);
#823 = EDGE_CURVE('',#824,#816,#826,.T.);
#824 = VERTEX_POINT('',#825);
#825 = CARTESIAN_POINT('',(-0.6,0.,0.7));
#826 = LINE('',#827,#828);
#827 = CARTESIAN_POINT('',(-0.6,0.,1.15));
#828 = VECTOR('',#829,1.);
#829 = DIRECTION('',(4.818676322158E-16,-0.,1.));
#830 = ORIENTED_EDGE('',*,*,#831,.F.);
#831 = EDGE_CURVE('',#832,#824,#834,.T.);
#832 = VERTEX_POINT('',#833);
#833 = CARTESIAN_POINT('',(-0.8,0.,0.5));
#834 = LINE('',#835,#836);
#835 = CARTESIAN_POINT('',(-0.6,0.,0.7));
#836 = VECTOR('',#837,1.);
#837 = DIRECTION('',(0.707106781187,-0.,0.707106781187));
#838 = ORIENTED_EDGE('',*,*,#839,.F.);
#839 = EDGE_CURVE('',#840,#832,#842,.T.);
#840 = VERTEX_POINT('',#841);
#841 = CARTESIAN_POINT('',(-1.5,0.,0.5));
#842 = LINE('',#843,#844);
#843 = CARTESIAN_POINT('',(-0.8,0.,0.5));
#844 = VECTOR('',#845,1.);
#845 = DIRECTION('',(1.,-0.,-0.));
#846 = ORIENTED_EDGE('',*,*,#847,.F.);
#847 = EDGE_CURVE('',#848,#840,#850,.T.);
#848 = VERTEX_POINT('',#849);
#849 = CARTESIAN_POINT('',(-1.5,0.,1.106385933837));
#850 = LINE('',#851,#852);
#851 = CARTESIAN_POINT('',(-1.5,0.,0.5));
#852 = VECTOR('',#853,1.);
#853 = DIRECTION('',(-0.,-0.,-1.));
#854 = ORIENTED_EDGE('',*,*,#855,.F.);
#855 = EDGE_CURVE('',#509,#848,#856,.T.);
#856 = CIRCLE('',#857,0.175);
#857 = AXIS2_PLACEMENT_3D('',#858,#859,#860);
#858 = CARTESIAN_POINT('',(-1.6,0.,1.25));
#859 = DIRECTION('',(0.,-1.,0.));
#860 = DIRECTION('',(0.,0.,1.));
#861 = ORIENTED_EDGE('',*,*,#539,.T.);
#862 = ORIENTED_EDGE('',*,*,#491,.T.);
#863 = ORIENTED_EDGE('',*,*,#442,.T.);
#864 = ORIENTED_EDGE('',*,*,#427,.T.);
#865 = ORIENTED_EDGE('',*,*,#372,.T.);
#866 = ORIENTED_EDGE('',*,*,#867,.F.);
#867 = EDGE_CURVE('',#868,#365,#870,.T.);
#868 = VERTEX_POINT('',#869);
#869 = CARTESIAN_POINT('',(-1.5,0.,-1.106385933837));
#870 = CIRCLE('',#871,0.175);
#871 = AXIS2_PLACEMENT_3D('',#872,#873,#874);
#872 = CARTESIAN_POINT('',(-1.6,0.,-1.25));
#873 = DIRECTION('',(0.,-1.,0.));
#874 = DIRECTION('',(0.,0.,-1.));
#875 = ORIENTED_EDGE('',*,*,#876,.F.);
#876 = EDGE_CURVE('',#877,#868,#879,.T.);
#877 = VERTEX_POINT('',#878);
#878 = CARTESIAN_POINT('',(-1.5,0.,-0.5));
#879 = LINE('',#880,#881);
#880 = CARTESIAN_POINT('',(-1.5,0.,-0.5));
#881 = VECTOR('',#882,1.);
#882 = DIRECTION('',(0.,0.,-1.));
#883 = ORIENTED_EDGE('',*,*,#884,.F.);
#884 = EDGE_CURVE('',#885,#877,#887,.T.);
#885 = VERTEX_POINT('',#886);
#886 = CARTESIAN_POINT('',(-0.6,0.,-0.5));
#887 = LINE('',#888,#889);
#888 = CARTESIAN_POINT('',(-0.6,0.,-0.5));
#889 = VECTOR('',#890,1.);
#890 = DIRECTION('',(-1.,0.,0.));
#891 = ORIENTED_EDGE('',*,*,#892,.F.);
#892 = EDGE_CURVE('',#893,#885,#895,.T.);
#893 = VERTEX_POINT('',#894);
#894 = CARTESIAN_POINT('',(-0.6,0.,-1.15));
#895 = LINE('',#896,#897);
#896 = CARTESIAN_POINT('',(-0.6,0.,-1.15));
#897 = VECTOR('',#898,1.);
#898 = DIRECTION('',(-3.336006684571E-16,0.,1.));
#899 = ORIENTED_EDGE('',*,*,#900,.F.);
#900 = EDGE_CURVE('',#901,#893,#903,.T.);
#901 = VERTEX_POINT('',#902);
#902 = CARTESIAN_POINT('',(-1.456385933837,0.,-1.15));
#903 = LINE('',#904,#905);
#904 = CARTESIAN_POINT('',(-1.456385933837,0.,-1.15));
#905 = VECTOR('',#906,1.);
#906 = DIRECTION('',(1.,0.,7.596123170508E-16));
#907 = ORIENTED_EDGE('',*,*,#908,.F.);
#908 = EDGE_CURVE('',#319,#901,#909,.T.);
#909 = CIRCLE('',#910,0.175);
#910 = AXIS2_PLACEMENT_3D('',#911,#912,#913);
#911 = CARTESIAN_POINT('',(-1.6,0.,-1.25));
#912 = DIRECTION('',(0.,-1.,0.));
#913 = DIRECTION('',(0.,0.,-1.));
#914 = ORIENTED_EDGE('',*,*,#318,.T.);
#915 = ORIENTED_EDGE('',*,*,#916,.F.);
#916 = EDGE_CURVE('',#917,#311,#919,.T.);
#917 = VERTEX_POINT('',#918);
#918 = CARTESIAN_POINT('',(1.456385933837,0.,-1.15));
#919 = CIRCLE('',#920,0.175);
#920 = AXIS2_PLACEMENT_3D('',#921,#922,#923);
#921 = CARTESIAN_POINT('',(1.6,0.,-1.25));
#922 = DIRECTION('',(0.,-1.,0.));
#923 = DIRECTION('',(0.,0.,1.));
#924 = ORIENTED_EDGE('',*,*,#925,.F.);
#925 = EDGE_CURVE('',#926,#917,#928,.T.);
#926 = VERTEX_POINT('',#927);
#927 = CARTESIAN_POINT('',(0.6,0.,-1.15));
#928 = LINE('',#929,#930);
#929 = CARTESIAN_POINT('',(1.456385933837,0.,-1.15));
#930 = VECTOR('',#931,1.);
#931 = DIRECTION('',(1.,-0.,-2.532041056836E-16));
#932 = ORIENTED_EDGE('',*,*,#933,.F.);
#933 = EDGE_CURVE('',#934,#926,#936,.T.);
#934 = VERTEX_POINT('',#935);
#935 = CARTESIAN_POINT('',(0.6,0.,-0.5));
#936 = LINE('',#937,#938);
#937 = CARTESIAN_POINT('',(0.6,0.,-1.15));
#938 = VECTOR('',#939,1.);
#939 = DIRECTION('',(-3.336006684571E-16,-0.,-1.));
#940 = ORIENTED_EDGE('',*,*,#941,.F.);
#941 = EDGE_CURVE('',#738,#934,#942,.T.);
#942 = LINE('',#943,#944);
#943 = CARTESIAN_POINT('',(0.6,0.,-0.5));
#944 = VECTOR('',#945,1.);
#945 = DIRECTION('',(-1.,-0.,-0.));
#946 = PLANE('',#947);
#947 = AXIS2_PLACEMENT_3D('',#948,#949,#950);
#948 = CARTESIAN_POINT('',(0.,0.,0.));
#949 = DIRECTION('',(0.,1.,-0.));
#950 = DIRECTION('',(0.,0.,1.));
#951 = ADVANCED_FACE('',(#952),#971,.F.);
#952 = FACE_BOUND('',#953,.F.);
#953 = EDGE_LOOP('',(#954,#962,#969,#970));
#954 = ORIENTED_EDGE('',*,*,#955,.F.);
#955 = EDGE_CURVE('',#956,#758,#958,.T.);
#956 = VERTEX_POINT('',#957);
#957 = CARTESIAN_POINT('',(1.5,0.4,1.106385933837));
#958 = LINE('',#959,#960);
#959 = CARTESIAN_POINT('',(1.5,0.4,1.106385933837));
#960 = VECTOR('',#961,1.);
#961 = DIRECTION('',(-0.,-1.,-0.));
#962 = ORIENTED_EDGE('',*,*,#963,.T.);
#963 = EDGE_CURVE('',#956,#641,#964,.T.);
#964 = CIRCLE('',#965,0.175);
#965 = AXIS2_PLACEMENT_3D('',#966,#967,#968);
#966 = CARTESIAN_POINT('',(1.6,0.4,1.25));
#967 = DIRECTION('',(0.,-1.,0.));
#968 = DIRECTION('',(0.,0.,-1.));
#969 = ORIENTED_EDGE('',*,*,#648,.T.);
#970 = ORIENTED_EDGE('',*,*,#757,.F.);
#971 = CYLINDRICAL_SURFACE('',#972,0.175);
#972 = AXIS2_PLACEMENT_3D('',#973,#974,#975);
#973 = CARTESIAN_POINT('',(1.6,0.4,1.25));
#974 = DIRECTION('',(-0.,-1.,-0.));
#975 = DIRECTION('',(0.,0.,-1.));
#976 = ADVANCED_FACE('',(#977),#995,.F.);
#977 = FACE_BOUND('',#978,.T.);
#978 = EDGE_LOOP('',(#979,#980,#981,#989));
#979 = ORIENTED_EDGE('',*,*,#766,.T.);
#980 = ORIENTED_EDGE('',*,*,#955,.F.);
#981 = ORIENTED_EDGE('',*,*,#982,.F.);
#982 = EDGE_CURVE('',#983,#956,#985,.T.);
#983 = VERTEX_POINT('',#984);
#984 = CARTESIAN_POINT('',(1.5,0.4,0.5));
#985 = LINE('',#986,#987);
#986 = CARTESIAN_POINT('',(1.5,0.4,0.5));
#987 = VECTOR('',#988,1.);
#988 = DIRECTION('',(0.,0.,1.));
#989 = ORIENTED_EDGE('',*,*,#990,.T.);
#990 = EDGE_CURVE('',#983,#767,#991,.T.);
#991 = LINE('',#992,#993);
#992 = CARTESIAN_POINT('',(1.5,0.4,0.5));
#993 = VECTOR('',#994,1.);
#994 = DIRECTION('',(-0.,-1.,-0.));
#995 = PLANE('',#996);
#996 = AXIS2_PLACEMENT_3D('',#997,#998,#999);
#997 = CARTESIAN_POINT('',(1.5,0.4,0.5));
#998 = DIRECTION('',(1.,0.,0.));
#999 = DIRECTION('',(0.,0.,-1.));
#1000 = ADVANCED_FACE('',(#1001),#1019,.F.);
#1001 = FACE_BOUND('',#1002,.T.);
#1002 = EDGE_LOOP('',(#1003,#1004,#1005,#1013));
#1003 = ORIENTED_EDGE('',*,*,#774,.T.);
#1004 = ORIENTED_EDGE('',*,*,#990,.F.);
#1005 = ORIENTED_EDGE('',*,*,#1006,.F.);
#1006 = EDGE_CURVE('',#1007,#983,#1009,.T.);
#1007 = VERTEX_POINT('',#1008);
#1008 = CARTESIAN_POINT('',(0.6,0.4,0.5));
#1009 = LINE('',#1010,#1011);
#1010 = CARTESIAN_POINT('',(0.6,0.4,0.5));
#1011 = VECTOR('',#1012,1.);
#1012 = DIRECTION('',(1.,0.,0.));
#1013 = ORIENTED_EDGE('',*,*,#1014,.T.);
#1014 = EDGE_CURVE('',#1007,#775,#1015,.T.);
#1015 = LINE('',#1016,#1017);
#1016 = CARTESIAN_POINT('',(0.6,0.4,0.5));
#1017 = VECTOR('',#1018,1.);
#1018 = DIRECTION('',(-0.,-1.,-0.));
#1019 = PLANE('',#1020);
#1020 = AXIS2_PLACEMENT_3D('',#1021,#1022,#1023);
#1021 = CARTESIAN_POINT('',(0.6,0.4,0.5));
#1022 = DIRECTION('',(0.,0.,-1.));
#1023 = DIRECTION('',(-1.,0.,-0.));
#1024 = ADVANCED_FACE('',(#1025),#1043,.F.);
#1025 = FACE_BOUND('',#1026,.T.);
#1026 = EDGE_LOOP('',(#1027,#1028,#1029,#1037));
#1027 = ORIENTED_EDGE('',*,*,#782,.T.);
#1028 = ORIENTED_EDGE('',*,*,#1014,.F.);
#1029 = ORIENTED_EDGE('',*,*,#1030,.F.);
#1030 = EDGE_CURVE('',#1031,#1007,#1033,.T.);
#1031 = VERTEX_POINT('',#1032);
#1032 = CARTESIAN_POINT('',(0.6,0.4,1.15));
#1033 = LINE('',#1034,#1035);
#1034 = CARTESIAN_POINT('',(0.6,0.4,1.15));
#1035 = VECTOR('',#1036,1.);
#1036 = DIRECTION('',(3.336006684571E-16,0.,-1.));
#1037 = ORIENTED_EDGE('',*,*,#1038,.T.);
#1038 = EDGE_CURVE('',#1031,#783,#1039,.T.);
#1039 = LINE('',#1040,#1041);
#1040 = CARTESIAN_POINT('',(0.6,0.4,1.15));
#1041 = VECTOR('',#1042,1.);
#1042 = DIRECTION('',(-0.,-1.,-0.));
#1043 = PLANE('',#1044);
#1044 = AXIS2_PLACEMENT_3D('',#1045,#1046,#1047);
#1045 = CARTESIAN_POINT('',(0.6,0.4,1.15));
#1046 = DIRECTION('',(-1.,0.,-3.336006684571E-16));
#1047 = DIRECTION('',(-3.336006684571E-16,0.,1.));
#1048 = ADVANCED_FACE('',(#1049),#1067,.F.);
#1049 = FACE_BOUND('',#1050,.T.);
#1050 = EDGE_LOOP('',(#1051,#1052,#1053,#1061));
#1051 = ORIENTED_EDGE('',*,*,#790,.T.);
#1052 = ORIENTED_EDGE('',*,*,#1038,.F.);
#1053 = ORIENTED_EDGE('',*,*,#1054,.F.);
#1054 = EDGE_CURVE('',#1055,#1031,#1057,.T.);
#1055 = VERTEX_POINT('',#1056);
#1056 = CARTESIAN_POINT('',(1.456385933837,0.4,1.15));
#1057 = LINE('',#1058,#1059);
#1058 = CARTESIAN_POINT('',(1.456385933837,0.4,1.15));
#1059 = VECTOR('',#1060,1.);
#1060 = DIRECTION('',(-1.,0.,-2.532041056836E-16));
#1061 = ORIENTED_EDGE('',*,*,#1062,.T.);
#1062 = EDGE_CURVE('',#1055,#791,#1063,.T.);
#1063 = LINE('',#1064,#1065);
#1064 = CARTESIAN_POINT('',(1.456385933837,0.4,1.15));
#1065 = VECTOR('',#1066,1.);
#1066 = DIRECTION('',(-0.,-1.,-0.));
#1067 = PLANE('',#1068);
#1068 = AXIS2_PLACEMENT_3D('',#1069,#1070,#1071);
#1069 = CARTESIAN_POINT('',(1.456385933837,0.4,1.15));
#1070 = DIRECTION('',(-2.532041056836E-16,0.,1.));
#1071 = DIRECTION('',(1.,0.,2.532041056836E-16));
#1072 = ADVANCED_FACE('',(#1073),#1085,.F.);
#1073 = FACE_BOUND('',#1074,.F.);
#1074 = EDGE_LOOP('',(#1075,#1076,#1083,#1084));
#1075 = ORIENTED_EDGE('',*,*,#610,.F.);
#1076 = ORIENTED_EDGE('',*,*,#1077,.T.);
#1077 = EDGE_CURVE('',#611,#1055,#1078,.T.);
#1078 = CIRCLE('',#1079,0.175);
#1079 = AXIS2_PLACEMENT_3D('',#1080,#1081,#1082);
#1080 = CARTESIAN_POINT('',(1.6,0.4,1.25));
#1081 = DIRECTION('',(0.,-1.,0.));
#1082 = DIRECTION('',(0.,0.,-1.));
#1083 = ORIENTED_EDGE('',*,*,#1062,.T.);
#1084 = ORIENTED_EDGE('',*,*,#798,.F.);
#1085 = CYLINDRICAL_SURFACE('',#1086,0.175);
#1086 = AXIS2_PLACEMENT_3D('',#1087,#1088,#1089);
#1087 = CARTESIAN_POINT('',(1.6,0.4,1.25));
#1088 = DIRECTION('',(-0.,-1.,-0.));
#1089 = DIRECTION('',(0.,0.,-1.));
#1090 = ADVANCED_FACE('',(#1091),#1102,.T.);
#1091 = FACE_BOUND('',#1092,.T.);
#1092 = EDGE_LOOP('',(#1093,#1094,#1095,#1096,#1097,#1098,#1099,#1100,
    #1101));
#1093 = ORIENTED_EDGE('',*,*,#132,.T.);
#1094 = ORIENTED_EDGE('',*,*,#618,.T.);
#1095 = ORIENTED_EDGE('',*,*,#1077,.T.);
#1096 = ORIENTED_EDGE('',*,*,#1054,.T.);
#1097 = ORIENTED_EDGE('',*,*,#1030,.T.);
#1098 = ORIENTED_EDGE('',*,*,#1006,.T.);
#1099 = ORIENTED_EDGE('',*,*,#982,.T.);
#1100 = ORIENTED_EDGE('',*,*,#963,.T.);
#1101 = ORIENTED_EDGE('',*,*,#640,.T.);
#1102 = PLANE('',#1103);
#1103 = AXIS2_PLACEMENT_3D('',#1104,#1105,#1106);
#1104 = CARTESIAN_POINT('',(1.6,0.4,1.25));
#1105 = DIRECTION('',(0.,-1.,0.));
#1106 = DIRECTION('',(0.,-0.,-1.));
#1107 = ADVANCED_FACE('',(#1108),#1127,.F.);
#1108 = FACE_BOUND('',#1109,.F.);
#1109 = EDGE_LOOP('',(#1110,#1111,#1120,#1126));
#1110 = ORIENTED_EDGE('',*,*,#506,.F.);
#1111 = ORIENTED_EDGE('',*,*,#1112,.T.);
#1112 = EDGE_CURVE('',#507,#1113,#1115,.T.);
#1113 = VERTEX_POINT('',#1114);
#1114 = CARTESIAN_POINT('',(-1.5,0.4,1.106385933837));
#1115 = CIRCLE('',#1116,0.175);
#1116 = AXIS2_PLACEMENT_3D('',#1117,#1118,#1119);
#1117 = CARTESIAN_POINT('',(-1.6,0.4,1.25));
#1118 = DIRECTION('',(0.,-1.,0.));
#1119 = DIRECTION('',(0.,0.,1.));
#1120 = ORIENTED_EDGE('',*,*,#1121,.T.);
#1121 = EDGE_CURVE('',#1113,#848,#1122,.T.);
#1122 = LINE('',#1123,#1124);
#1123 = CARTESIAN_POINT('',(-1.5,0.4,1.106385933837));
#1124 = VECTOR('',#1125,1.);
#1125 = DIRECTION('',(-0.,-1.,-0.));
#1126 = ORIENTED_EDGE('',*,*,#855,.F.);
#1127 = CYLINDRICAL_SURFACE('',#1128,0.175);
#1128 = AXIS2_PLACEMENT_3D('',#1129,#1130,#1131);
#1129 = CARTESIAN_POINT('',(-1.6,0.4,1.25));
#1130 = DIRECTION('',(-0.,-1.,-0.));
#1131 = DIRECTION('',(0.,0.,-1.));
#1132 = ADVANCED_FACE('',(#1133),#1152,.F.);
#1133 = FACE_BOUND('',#1134,.F.);
#1134 = EDGE_LOOP('',(#1135,#1143,#1150,#1151));
#1135 = ORIENTED_EDGE('',*,*,#1136,.F.);
#1136 = EDGE_CURVE('',#1137,#807,#1139,.T.);
#1137 = VERTEX_POINT('',#1138);
#1138 = CARTESIAN_POINT('',(-1.456385933837,0.4,1.15));
#1139 = LINE('',#1140,#1141);
#1140 = CARTESIAN_POINT('',(-1.456385933837,0.4,1.15));
#1141 = VECTOR('',#1142,1.);
#1142 = DIRECTION('',(-0.,-1.,-0.));
#1143 = ORIENTED_EDGE('',*,*,#1144,.T.);
#1144 = EDGE_CURVE('',#1137,#587,#1145,.T.);
#1145 = CIRCLE('',#1146,0.175);
#1146 = AXIS2_PLACEMENT_3D('',#1147,#1148,#1149);
#1147 = CARTESIAN_POINT('',(-1.6,0.4,1.25));
#1148 = DIRECTION('',(0.,-1.,0.));
#1149 = DIRECTION('',(0.,0.,1.));
#1150 = ORIENTED_EDGE('',*,*,#594,.T.);
#1151 = ORIENTED_EDGE('',*,*,#806,.F.);
#1152 = CYLINDRICAL_SURFACE('',#1153,0.175);
#1153 = AXIS2_PLACEMENT_3D('',#1154,#1155,#1156);
#1154 = CARTESIAN_POINT('',(-1.6,0.4,1.25));
#1155 = DIRECTION('',(-0.,-1.,-0.));
#1156 = DIRECTION('',(0.,0.,-1.));
#1157 = ADVANCED_FACE('',(#1158),#1176,.F.);
#1158 = FACE_BOUND('',#1159,.T.);
#1159 = EDGE_LOOP('',(#1160,#1161,#1162,#1170));
#1160 = ORIENTED_EDGE('',*,*,#815,.T.);
#1161 = ORIENTED_EDGE('',*,*,#1136,.F.);
#1162 = ORIENTED_EDGE('',*,*,#1163,.F.);
#1163 = EDGE_CURVE('',#1164,#1137,#1166,.T.);
#1164 = VERTEX_POINT('',#1165);
#1165 = CARTESIAN_POINT('',(-0.6,0.4,1.15));
#1166 = LINE('',#1167,#1168);
#1167 = CARTESIAN_POINT('',(-1.456385933837,0.4,1.15));
#1168 = VECTOR('',#1169,1.);
#1169 = DIRECTION('',(-1.,-0.,-2.532041056836E-16));
#1170 = ORIENTED_EDGE('',*,*,#1171,.T.);
#1171 = EDGE_CURVE('',#1164,#816,#1172,.T.);
#1172 = LINE('',#1173,#1174);
#1173 = CARTESIAN_POINT('',(-0.6,0.4,1.15));
#1174 = VECTOR('',#1175,1.);
#1175 = DIRECTION('',(-0.,-1.,-0.));
#1176 = PLANE('',#1177);
#1177 = AXIS2_PLACEMENT_3D('',#1178,#1179,#1180);
#1178 = CARTESIAN_POINT('',(-1.456385933837,0.4,1.15));
#1179 = DIRECTION('',(-2.532041056836E-16,0.,1.));
#1180 = DIRECTION('',(1.,0.,2.532041056836E-16));
#1181 = ADVANCED_FACE('',(#1182),#1200,.F.);
#1182 = FACE_BOUND('',#1183,.T.);
#1183 = EDGE_LOOP('',(#1184,#1185,#1186,#1194));
#1184 = ORIENTED_EDGE('',*,*,#823,.T.);
#1185 = ORIENTED_EDGE('',*,*,#1171,.F.);
#1186 = ORIENTED_EDGE('',*,*,#1187,.F.);
#1187 = EDGE_CURVE('',#1188,#1164,#1190,.T.);
#1188 = VERTEX_POINT('',#1189);
#1189 = CARTESIAN_POINT('',(-0.6,0.4,0.7));
#1190 = LINE('',#1191,#1192);
#1191 = CARTESIAN_POINT('',(-0.6,0.4,1.15));
#1192 = VECTOR('',#1193,1.);
#1193 = DIRECTION('',(4.818676322158E-16,-0.,1.));
#1194 = ORIENTED_EDGE('',*,*,#1195,.T.);
#1195 = EDGE_CURVE('',#1188,#824,#1196,.T.);
#1196 = LINE('',#1197,#1198);
#1197 = CARTESIAN_POINT('',(-0.6,0.4,0.7));
#1198 = VECTOR('',#1199,1.);
#1199 = DIRECTION('',(-0.,-1.,-0.));
#1200 = PLANE('',#1201);
#1201 = AXIS2_PLACEMENT_3D('',#1202,#1203,#1204);
#1202 = CARTESIAN_POINT('',(-0.6,0.4,1.15));
#1203 = DIRECTION('',(1.,0.,-4.818676322158E-16));
#1204 = DIRECTION('',(-4.818676322158E-16,0.,-1.));
#1205 = ADVANCED_FACE('',(#1206),#1224,.F.);
#1206 = FACE_BOUND('',#1207,.T.);
#1207 = EDGE_LOOP('',(#1208,#1209,#1210,#1218));
#1208 = ORIENTED_EDGE('',*,*,#831,.T.);
#1209 = ORIENTED_EDGE('',*,*,#1195,.F.);
#1210 = ORIENTED_EDGE('',*,*,#1211,.F.);
#1211 = EDGE_CURVE('',#1212,#1188,#1214,.T.);
#1212 = VERTEX_POINT('',#1213);
#1213 = CARTESIAN_POINT('',(-0.8,0.4,0.5));
#1214 = LINE('',#1215,#1216);
#1215 = CARTESIAN_POINT('',(-0.6,0.4,0.7));
#1216 = VECTOR('',#1217,1.);
#1217 = DIRECTION('',(0.707106781187,-0.,0.707106781187));
#1218 = ORIENTED_EDGE('',*,*,#1219,.T.);
#1219 = EDGE_CURVE('',#1212,#832,#1220,.T.);
#1220 = LINE('',#1221,#1222);
#1221 = CARTESIAN_POINT('',(-0.8,0.4,0.5));
#1222 = VECTOR('',#1223,1.);
#1223 = DIRECTION('',(-0.,-1.,-0.));
#1224 = PLANE('',#1225);
#1225 = AXIS2_PLACEMENT_3D('',#1226,#1227,#1228);
#1226 = CARTESIAN_POINT('',(-0.6,0.4,0.7));
#1227 = DIRECTION('',(0.707106781187,0.,-0.707106781187));
#1228 = DIRECTION('',(-0.707106781187,0.,-0.707106781187));
#1229 = ADVANCED_FACE('',(#1230),#1248,.F.);
#1230 = FACE_BOUND('',#1231,.T.);
#1231 = EDGE_LOOP('',(#1232,#1233,#1234,#1242));
#1232 = ORIENTED_EDGE('',*,*,#839,.T.);
#1233 = ORIENTED_EDGE('',*,*,#1219,.F.);
#1234 = ORIENTED_EDGE('',*,*,#1235,.F.);
#1235 = EDGE_CURVE('',#1236,#1212,#1238,.T.);
#1236 = VERTEX_POINT('',#1237);
#1237 = CARTESIAN_POINT('',(-1.5,0.4,0.5));
#1238 = LINE('',#1239,#1240);
#1239 = CARTESIAN_POINT('',(-0.8,0.4,0.5));
#1240 = VECTOR('',#1241,1.);
#1241 = DIRECTION('',(1.,-0.,-0.));
#1242 = ORIENTED_EDGE('',*,*,#1243,.T.);
#1243 = EDGE_CURVE('',#1236,#840,#1244,.T.);
#1244 = LINE('',#1245,#1246);
#1245 = CARTESIAN_POINT('',(-1.5,0.4,0.5));
#1246 = VECTOR('',#1247,1.);
#1247 = DIRECTION('',(-0.,-1.,-0.));
#1248 = PLANE('',#1249);
#1249 = AXIS2_PLACEMENT_3D('',#1250,#1251,#1252);
#1250 = CARTESIAN_POINT('',(-0.8,0.4,0.5));
#1251 = DIRECTION('',(0.,0.,-1.));
#1252 = DIRECTION('',(-1.,0.,-0.));
#1253 = ADVANCED_FACE('',(#1254),#1265,.F.);
#1254 = FACE_BOUND('',#1255,.T.);
#1255 = EDGE_LOOP('',(#1256,#1257,#1258,#1264));
#1256 = ORIENTED_EDGE('',*,*,#847,.T.);
#1257 = ORIENTED_EDGE('',*,*,#1243,.F.);
#1258 = ORIENTED_EDGE('',*,*,#1259,.F.);
#1259 = EDGE_CURVE('',#1113,#1236,#1260,.T.);
#1260 = LINE('',#1261,#1262);
#1261 = CARTESIAN_POINT('',(-1.5,0.4,0.5));
#1262 = VECTOR('',#1263,1.);
#1263 = DIRECTION('',(-0.,-0.,-1.));
#1264 = ORIENTED_EDGE('',*,*,#1121,.T.);
#1265 = PLANE('',#1266);
#1266 = AXIS2_PLACEMENT_3D('',#1267,#1268,#1269);
#1267 = CARTESIAN_POINT('',(-1.5,0.4,0.5));
#1268 = DIRECTION('',(-1.,0.,0.));
#1269 = DIRECTION('',(0.,0.,1.));
#1270 = ADVANCED_FACE('',(#1271),#1283,.F.);
#1271 = FACE_BOUND('',#1272,.T.);
#1272 = EDGE_LOOP('',(#1273,#1274,#1275,#1276,#1277,#1278,#1279,#1280,
    #1281,#1282));
#1273 = ORIENTED_EDGE('',*,*,#1112,.T.);
#1274 = ORIENTED_EDGE('',*,*,#1259,.T.);
#1275 = ORIENTED_EDGE('',*,*,#1235,.T.);
#1276 = ORIENTED_EDGE('',*,*,#1211,.T.);
#1277 = ORIENTED_EDGE('',*,*,#1187,.T.);
#1278 = ORIENTED_EDGE('',*,*,#1163,.T.);
#1279 = ORIENTED_EDGE('',*,*,#1144,.T.);
#1280 = ORIENTED_EDGE('',*,*,#586,.T.);
#1281 = ORIENTED_EDGE('',*,*,#571,.T.);
#1282 = ORIENTED_EDGE('',*,*,#516,.T.);
#1283 = PLANE('',#1284);
#1284 = AXIS2_PLACEMENT_3D('',#1285,#1286,#1287);
#1285 = CARTESIAN_POINT('',(-1.6,0.4,1.25));
#1286 = DIRECTION('',(-0.,1.,0.));
#1287 = DIRECTION('',(0.,0.,1.));
#1288 = ADVANCED_FACE('',(#1289),#1314,.F.);
#1289 = FACE_BOUND('',#1290,.T.);
#1290 = EDGE_LOOP('',(#1291,#1292,#1300,#1308));
#1291 = ORIENTED_EDGE('',*,*,#884,.T.);
#1292 = ORIENTED_EDGE('',*,*,#1293,.F.);
#1293 = EDGE_CURVE('',#1294,#877,#1296,.T.);
#1294 = VERTEX_POINT('',#1295);
#1295 = CARTESIAN_POINT('',(-1.5,0.4,-0.5));
#1296 = LINE('',#1297,#1298);
#1297 = CARTESIAN_POINT('',(-1.5,0.4,-0.5));
#1298 = VECTOR('',#1299,1.);
#1299 = DIRECTION('',(-0.,-1.,-0.));
#1300 = ORIENTED_EDGE('',*,*,#1301,.F.);
#1301 = EDGE_CURVE('',#1302,#1294,#1304,.T.);
#1302 = VERTEX_POINT('',#1303);
#1303 = CARTESIAN_POINT('',(-0.6,0.4,-0.5));
#1304 = LINE('',#1305,#1306);
#1305 = CARTESIAN_POINT('',(-0.6,0.4,-0.5));
#1306 = VECTOR('',#1307,1.);
#1307 = DIRECTION('',(-1.,0.,0.));
#1308 = ORIENTED_EDGE('',*,*,#1309,.T.);
#1309 = EDGE_CURVE('',#1302,#885,#1310,.T.);
#1310 = LINE('',#1311,#1312);
#1311 = CARTESIAN_POINT('',(-0.6,0.4,-0.5));
#1312 = VECTOR('',#1313,1.);
#1313 = DIRECTION('',(-0.,-1.,-0.));
#1314 = PLANE('',#1315);
#1315 = AXIS2_PLACEMENT_3D('',#1316,#1317,#1318);
#1316 = CARTESIAN_POINT('',(-0.6,0.4,-0.5));
#1317 = DIRECTION('',(0.,-0.,1.));
#1318 = DIRECTION('',(1.,0.,0.));
#1319 = ADVANCED_FACE('',(#1320),#1338,.F.);
#1320 = FACE_BOUND('',#1321,.T.);
#1321 = EDGE_LOOP('',(#1322,#1323,#1324,#1332));
#1322 = ORIENTED_EDGE('',*,*,#892,.T.);
#1323 = ORIENTED_EDGE('',*,*,#1309,.F.);
#1324 = ORIENTED_EDGE('',*,*,#1325,.F.);
#1325 = EDGE_CURVE('',#1326,#1302,#1328,.T.);
#1326 = VERTEX_POINT('',#1327);
#1327 = CARTESIAN_POINT('',(-0.6,0.4,-1.15));
#1328 = LINE('',#1329,#1330);
#1329 = CARTESIAN_POINT('',(-0.6,0.4,-1.15));
#1330 = VECTOR('',#1331,1.);
#1331 = DIRECTION('',(-3.336006684571E-16,0.,1.));
#1332 = ORIENTED_EDGE('',*,*,#1333,.T.);
#1333 = EDGE_CURVE('',#1326,#893,#1334,.T.);
#1334 = LINE('',#1335,#1336);
#1335 = CARTESIAN_POINT('',(-0.6,0.4,-1.15));
#1336 = VECTOR('',#1337,1.);
#1337 = DIRECTION('',(-0.,-1.,-0.));
#1338 = PLANE('',#1339);
#1339 = AXIS2_PLACEMENT_3D('',#1340,#1341,#1342);
#1340 = CARTESIAN_POINT('',(-0.6,0.4,-1.15));
#1341 = DIRECTION('',(1.,-0.,3.336006684571E-16));
#1342 = DIRECTION('',(3.336006684571E-16,0.,-1.));
#1343 = ADVANCED_FACE('',(#1344),#1362,.F.);
#1344 = FACE_BOUND('',#1345,.T.);
#1345 = EDGE_LOOP('',(#1346,#1347,#1348,#1356));
#1346 = ORIENTED_EDGE('',*,*,#900,.T.);
#1347 = ORIENTED_EDGE('',*,*,#1333,.F.);
#1348 = ORIENTED_EDGE('',*,*,#1349,.F.);
#1349 = EDGE_CURVE('',#1350,#1326,#1352,.T.);
#1350 = VERTEX_POINT('',#1351);
#1351 = CARTESIAN_POINT('',(-1.456385933837,0.4,-1.15));
#1352 = LINE('',#1353,#1354);
#1353 = CARTESIAN_POINT('',(-1.456385933837,0.4,-1.15));
#1354 = VECTOR('',#1355,1.);
#1355 = DIRECTION('',(1.,0.,7.596123170508E-16));
#1356 = ORIENTED_EDGE('',*,*,#1357,.T.);
#1357 = EDGE_CURVE('',#1350,#901,#1358,.T.);
#1358 = LINE('',#1359,#1360);
#1359 = CARTESIAN_POINT('',(-1.456385933837,0.4,-1.15));
#1360 = VECTOR('',#1361,1.);
#1361 = DIRECTION('',(-0.,-1.,-0.));
#1362 = PLANE('',#1363);
#1363 = AXIS2_PLACEMENT_3D('',#1364,#1365,#1366);
#1364 = CARTESIAN_POINT('',(-1.456385933837,0.4,-1.15));
#1365 = DIRECTION('',(7.596123170508E-16,0.,-1.));
#1366 = DIRECTION('',(-1.,0.,-7.596123170508E-16));
#1367 = ADVANCED_FACE('',(#1368),#1380,.F.);
#1368 = FACE_BOUND('',#1369,.F.);
#1369 = EDGE_LOOP('',(#1370,#1371,#1378,#1379));
#1370 = ORIENTED_EDGE('',*,*,#326,.F.);
#1371 = ORIENTED_EDGE('',*,*,#1372,.T.);
#1372 = EDGE_CURVE('',#327,#1350,#1373,.T.);
#1373 = CIRCLE('',#1374,0.175);
#1374 = AXIS2_PLACEMENT_3D('',#1375,#1376,#1377);
#1375 = CARTESIAN_POINT('',(-1.6,0.4,-1.25));
#1376 = DIRECTION('',(0.,-1.,0.));
#1377 = DIRECTION('',(0.,0.,-1.));
#1378 = ORIENTED_EDGE('',*,*,#1357,.T.);
#1379 = ORIENTED_EDGE('',*,*,#908,.F.);
#1380 = CYLINDRICAL_SURFACE('',#1381,0.175);
#1381 = AXIS2_PLACEMENT_3D('',#1382,#1383,#1384);
#1382 = CARTESIAN_POINT('',(-1.6,0.4,-1.25));
#1383 = DIRECTION('',(-0.,-1.,-0.));
#1384 = DIRECTION('',(0.,0.,-1.));
#1385 = ADVANCED_FACE('',(#1386),#1405,.F.);
#1386 = FACE_BOUND('',#1387,.F.);
#1387 = EDGE_LOOP('',(#1388,#1396,#1403,#1404));
#1388 = ORIENTED_EDGE('',*,*,#1389,.F.);
#1389 = EDGE_CURVE('',#1390,#868,#1392,.T.);
#1390 = VERTEX_POINT('',#1391);
#1391 = CARTESIAN_POINT('',(-1.5,0.4,-1.106385933837));
#1392 = LINE('',#1393,#1394);
#1393 = CARTESIAN_POINT('',(-1.5,0.4,-1.106385933837));
#1394 = VECTOR('',#1395,1.);
#1395 = DIRECTION('',(-0.,-1.,-0.));
#1396 = ORIENTED_EDGE('',*,*,#1397,.T.);
#1397 = EDGE_CURVE('',#1390,#363,#1398,.T.);
#1398 = CIRCLE('',#1399,0.175);
#1399 = AXIS2_PLACEMENT_3D('',#1400,#1401,#1402);
#1400 = CARTESIAN_POINT('',(-1.6,0.4,-1.25));
#1401 = DIRECTION('',(0.,-1.,0.));
#1402 = DIRECTION('',(0.,0.,-1.));
#1403 = ORIENTED_EDGE('',*,*,#362,.T.);
#1404 = ORIENTED_EDGE('',*,*,#867,.F.);
#1405 = CYLINDRICAL_SURFACE('',#1406,0.175);
#1406 = AXIS2_PLACEMENT_3D('',#1407,#1408,#1409);
#1407 = CARTESIAN_POINT('',(-1.6,0.4,-1.25));
#1408 = DIRECTION('',(-0.,-1.,-0.));
#1409 = DIRECTION('',(0.,0.,-1.));
#1410 = ADVANCED_FACE('',(#1411),#1422,.F.);
#1411 = FACE_BOUND('',#1412,.T.);
#1412 = EDGE_LOOP('',(#1413,#1414,#1415,#1421));
#1413 = ORIENTED_EDGE('',*,*,#876,.T.);
#1414 = ORIENTED_EDGE('',*,*,#1389,.F.);
#1415 = ORIENTED_EDGE('',*,*,#1416,.F.);
#1416 = EDGE_CURVE('',#1294,#1390,#1417,.T.);
#1417 = LINE('',#1418,#1419);
#1418 = CARTESIAN_POINT('',(-1.5,0.4,-0.5));
#1419 = VECTOR('',#1420,1.);
#1420 = DIRECTION('',(0.,0.,-1.));
#1421 = ORIENTED_EDGE('',*,*,#1293,.T.);
#1422 = PLANE('',#1423);
#1423 = AXIS2_PLACEMENT_3D('',#1424,#1425,#1426);
#1424 = CARTESIAN_POINT('',(-1.5,0.4,-0.5));
#1425 = DIRECTION('',(-1.,0.,0.));
#1426 = DIRECTION('',(0.,0.,1.));
#1427 = ADVANCED_FACE('',(#1428),#1439,.T.);
#1428 = FACE_BOUND('',#1429,.T.);
#1429 = EDGE_LOOP('',(#1430,#1431,#1432,#1433,#1434,#1435,#1436,#1437,
    #1438));
#1430 = ORIENTED_EDGE('',*,*,#1301,.T.);
#1431 = ORIENTED_EDGE('',*,*,#1416,.T.);
#1432 = ORIENTED_EDGE('',*,*,#1397,.T.);
#1433 = ORIENTED_EDGE('',*,*,#395,.T.);
#1434 = ORIENTED_EDGE('',*,*,#90,.T.);
#1435 = ORIENTED_EDGE('',*,*,#334,.T.);
#1436 = ORIENTED_EDGE('',*,*,#1372,.T.);
#1437 = ORIENTED_EDGE('',*,*,#1349,.T.);
#1438 = ORIENTED_EDGE('',*,*,#1325,.T.);
#1439 = PLANE('',#1440);
#1440 = AXIS2_PLACEMENT_3D('',#1441,#1442,#1443);
#1441 = CARTESIAN_POINT('',(-1.6,0.4,-1.25));
#1442 = DIRECTION('',(0.,-1.,0.));
#1443 = DIRECTION('',(0.,-0.,-1.));
#1444 = ADVANCED_FACE('',(#1445),#1464,.F.);
#1445 = FACE_BOUND('',#1446,.F.);
#1446 = EDGE_LOOP('',(#1447,#1448,#1457,#1463));
#1447 = ORIENTED_EDGE('',*,*,#236,.F.);
#1448 = ORIENTED_EDGE('',*,*,#1449,.T.);
#1449 = EDGE_CURVE('',#237,#1450,#1452,.T.);
#1450 = VERTEX_POINT('',#1451);
#1451 = CARTESIAN_POINT('',(1.5,0.4,-1.106385933837));
#1452 = CIRCLE('',#1453,0.175);
#1453 = AXIS2_PLACEMENT_3D('',#1454,#1455,#1456);
#1454 = CARTESIAN_POINT('',(1.6,0.4,-1.25));
#1455 = DIRECTION('',(0.,-1.,0.));
#1456 = DIRECTION('',(0.,0.,1.));
#1457 = ORIENTED_EDGE('',*,*,#1458,.T.);
#1458 = EDGE_CURVE('',#1450,#736,#1459,.T.);
#1459 = LINE('',#1460,#1461);
#1460 = CARTESIAN_POINT('',(1.5,0.4,-1.106385933837));
#1461 = VECTOR('',#1462,1.);
#1462 = DIRECTION('',(-0.,-1.,-0.));
#1463 = ORIENTED_EDGE('',*,*,#745,.F.);
#1464 = CYLINDRICAL_SURFACE('',#1465,0.175);
#1465 = AXIS2_PLACEMENT_3D('',#1466,#1467,#1468);
#1466 = CARTESIAN_POINT('',(1.6,0.4,-1.25));
#1467 = DIRECTION('',(-0.,-1.,-0.));
#1468 = DIRECTION('',(0.,0.,-1.));
#1469 = ADVANCED_FACE('',(#1470),#1489,.F.);
#1470 = FACE_BOUND('',#1471,.F.);
#1471 = EDGE_LOOP('',(#1472,#1480,#1487,#1488));
#1472 = ORIENTED_EDGE('',*,*,#1473,.F.);
#1473 = EDGE_CURVE('',#1474,#917,#1476,.T.);
#1474 = VERTEX_POINT('',#1475);
#1475 = CARTESIAN_POINT('',(1.456385933837,0.4,-1.15));
#1476 = LINE('',#1477,#1478);
#1477 = CARTESIAN_POINT('',(1.456385933837,0.4,-1.15));
#1478 = VECTOR('',#1479,1.);
#1479 = DIRECTION('',(-0.,-1.,-0.));
#1480 = ORIENTED_EDGE('',*,*,#1481,.T.);
#1481 = EDGE_CURVE('',#1474,#309,#1482,.T.);
#1482 = CIRCLE('',#1483,0.175);
#1483 = AXIS2_PLACEMENT_3D('',#1484,#1485,#1486);
#1484 = CARTESIAN_POINT('',(1.6,0.4,-1.25));
#1485 = DIRECTION('',(0.,-1.,0.));
#1486 = DIRECTION('',(0.,0.,1.));
#1487 = ORIENTED_EDGE('',*,*,#308,.T.);
#1488 = ORIENTED_EDGE('',*,*,#916,.F.);
#1489 = CYLINDRICAL_SURFACE('',#1490,0.175);
#1490 = AXIS2_PLACEMENT_3D('',#1491,#1492,#1493);
#1491 = CARTESIAN_POINT('',(1.6,0.4,-1.25));
#1492 = DIRECTION('',(-0.,-1.,-0.));
#1493 = DIRECTION('',(0.,0.,-1.));
#1494 = ADVANCED_FACE('',(#1495),#1513,.F.);
#1495 = FACE_BOUND('',#1496,.T.);
#1496 = EDGE_LOOP('',(#1497,#1498,#1499,#1507));
#1497 = ORIENTED_EDGE('',*,*,#925,.T.);
#1498 = ORIENTED_EDGE('',*,*,#1473,.F.);
#1499 = ORIENTED_EDGE('',*,*,#1500,.F.);
#1500 = EDGE_CURVE('',#1501,#1474,#1503,.T.);
#1501 = VERTEX_POINT('',#1502);
#1502 = CARTESIAN_POINT('',(0.6,0.4,-1.15));
#1503 = LINE('',#1504,#1505);
#1504 = CARTESIAN_POINT('',(1.456385933837,0.4,-1.15));
#1505 = VECTOR('',#1506,1.);
#1506 = DIRECTION('',(1.,-0.,-2.532041056836E-16));
#1507 = ORIENTED_EDGE('',*,*,#1508,.T.);
#1508 = EDGE_CURVE('',#1501,#926,#1509,.T.);
#1509 = LINE('',#1510,#1511);
#1510 = CARTESIAN_POINT('',(0.6,0.4,-1.15));
#1511 = VECTOR('',#1512,1.);
#1512 = DIRECTION('',(-0.,-1.,-0.));
#1513 = PLANE('',#1514);
#1514 = AXIS2_PLACEMENT_3D('',#1515,#1516,#1517);
#1515 = CARTESIAN_POINT('',(1.456385933837,0.4,-1.15));
#1516 = DIRECTION('',(-2.532041056836E-16,0.,-1.));
#1517 = DIRECTION('',(-1.,0.,2.532041056836E-16));
#1518 = ADVANCED_FACE('',(#1519),#1537,.F.);
#1519 = FACE_BOUND('',#1520,.T.);
#1520 = EDGE_LOOP('',(#1521,#1522,#1523,#1531));
#1521 = ORIENTED_EDGE('',*,*,#933,.T.);
#1522 = ORIENTED_EDGE('',*,*,#1508,.F.);
#1523 = ORIENTED_EDGE('',*,*,#1524,.F.);
#1524 = EDGE_CURVE('',#1525,#1501,#1527,.T.);
#1525 = VERTEX_POINT('',#1526);
#1526 = CARTESIAN_POINT('',(0.6,0.4,-0.5));
#1527 = LINE('',#1528,#1529);
#1528 = CARTESIAN_POINT('',(0.6,0.4,-1.15));
#1529 = VECTOR('',#1530,1.);
#1530 = DIRECTION('',(-3.336006684571E-16,-0.,-1.));
#1531 = ORIENTED_EDGE('',*,*,#1532,.T.);
#1532 = EDGE_CURVE('',#1525,#934,#1533,.T.);
#1533 = LINE('',#1534,#1535);
#1534 = CARTESIAN_POINT('',(0.6,0.4,-0.5));
#1535 = VECTOR('',#1536,1.);
#1536 = DIRECTION('',(-0.,-1.,-0.));
#1537 = PLANE('',#1538);
#1538 = AXIS2_PLACEMENT_3D('',#1539,#1540,#1541);
#1539 = CARTESIAN_POINT('',(0.6,0.4,-1.15));
#1540 = DIRECTION('',(-1.,0.,3.336006684571E-16));
#1541 = DIRECTION('',(3.336006684571E-16,0.,1.));
#1542 = ADVANCED_FACE('',(#1543),#1561,.F.);
#1543 = FACE_BOUND('',#1544,.T.);
#1544 = EDGE_LOOP('',(#1545,#1546,#1547,#1555));
#1545 = ORIENTED_EDGE('',*,*,#941,.T.);
#1546 = ORIENTED_EDGE('',*,*,#1532,.F.);
#1547 = ORIENTED_EDGE('',*,*,#1548,.F.);
#1548 = EDGE_CURVE('',#1549,#1525,#1551,.T.);
#1549 = VERTEX_POINT('',#1550);
#1550 = CARTESIAN_POINT('',(1.5,0.4,-0.5));
#1551 = LINE('',#1552,#1553);
#1552 = CARTESIAN_POINT('',(0.6,0.4,-0.5));
#1553 = VECTOR('',#1554,1.);
#1554 = DIRECTION('',(-1.,-0.,-0.));
#1555 = ORIENTED_EDGE('',*,*,#1556,.T.);
#1556 = EDGE_CURVE('',#1549,#738,#1557,.T.);
#1557 = LINE('',#1558,#1559);
#1558 = CARTESIAN_POINT('',(1.5,0.4,-0.5));
#1559 = VECTOR('',#1560,1.);
#1560 = DIRECTION('',(-0.,-1.,-0.));
#1561 = PLANE('',#1562);
#1562 = AXIS2_PLACEMENT_3D('',#1563,#1564,#1565);
#1563 = CARTESIAN_POINT('',(0.6,0.4,-0.5));
#1564 = DIRECTION('',(0.,0.,1.));
#1565 = DIRECTION('',(1.,0.,-0.));
#1566 = ADVANCED_FACE('',(#1567),#1578,.F.);
#1567 = FACE_BOUND('',#1568,.T.);
#1568 = EDGE_LOOP('',(#1569,#1570,#1571,#1577));
#1569 = ORIENTED_EDGE('',*,*,#735,.T.);
#1570 = ORIENTED_EDGE('',*,*,#1556,.F.);
#1571 = ORIENTED_EDGE('',*,*,#1572,.F.);
#1572 = EDGE_CURVE('',#1450,#1549,#1573,.T.);
#1573 = LINE('',#1574,#1575);
#1574 = CARTESIAN_POINT('',(1.5,0.4,-0.5));
#1575 = VECTOR('',#1576,1.);
#1576 = DIRECTION('',(-7.151895266606E-16,-0.,1.));
#1577 = ORIENTED_EDGE('',*,*,#1458,.T.);
#1578 = PLANE('',#1579);
#1579 = AXIS2_PLACEMENT_3D('',#1580,#1581,#1582);
#1580 = CARTESIAN_POINT('',(1.5,0.4,-0.5));
#1581 = DIRECTION('',(1.,-0.,7.151895266606E-16));
#1582 = DIRECTION('',(7.151895266606E-16,0.,-1.));
#1583 = ADVANCED_FACE('',(#1584),#1595,.F.);
#1584 = FACE_BOUND('',#1585,.T.);
#1585 = EDGE_LOOP('',(#1586,#1587,#1588,#1589,#1590,#1591,#1592,#1593,
    #1594));
#1586 = ORIENTED_EDGE('',*,*,#1449,.T.);
#1587 = ORIENTED_EDGE('',*,*,#1572,.T.);
#1588 = ORIENTED_EDGE('',*,*,#1548,.T.);
#1589 = ORIENTED_EDGE('',*,*,#1524,.T.);
#1590 = ORIENTED_EDGE('',*,*,#1500,.T.);
#1591 = ORIENTED_EDGE('',*,*,#1481,.T.);
#1592 = ORIENTED_EDGE('',*,*,#348,.T.);
#1593 = ORIENTED_EDGE('',*,*,#293,.T.);
#1594 = ORIENTED_EDGE('',*,*,#244,.T.);
#1595 = PLANE('',#1596);
#1596 = AXIS2_PLACEMENT_3D('',#1597,#1598,#1599);
#1597 = CARTESIAN_POINT('',(1.6,0.4,-1.25));
#1598 = DIRECTION('',(-0.,1.,0.));
#1599 = DIRECTION('',(0.,0.,1.));
#1600 = ( GEOMETRIC_REPRESENTATION_CONTEXT(3) 
GLOBAL_UNCERTAINTY_ASSIGNED_CONTEXT((#1604)) 
GLOBAL_UNIT_ASSIGNED_CONTEXT((#1601,#1602,#1603)) REPRESENTATION_CONTEXT
('Context #1','3D Context with UNIT and UNCERTAINTY') );
#1601 = ( LENGTH_UNIT() NAMED_UNIT(*) SI_UNIT(.MILLI.,.METRE.) );
#1602 = ( NAMED_UNIT(*) PLANE_ANGLE_UNIT() SI_UNIT($,.RADIAN.) );
#1603 = ( NAMED_UNIT(*) SI_UNIT($,.STERADIAN.) SOLID_ANGLE_UNIT() );
#1604 = UNCERTAINTY_MEASURE_WITH_UNIT(LENGTH_MEASURE(1.E-07),#1601,
  'distance_accuracy_value','confusion accuracy');
#1605 = CONTEXT_DEPENDENT_SHAPE_REPRESENTATION(#1606,#1608);
#1606 = ( REPRESENTATION_RELATIONSHIP('','',#64,#10) 
REPRESENTATION_RELATIONSHIP_WITH_TRANSFORMATION(#1607) 
SHAPE_REPRESENTATION_RELATIONSHIP() );
#1607 = ITEM_DEFINED_TRANSFORMATION('','',#11,#15);
#1608 = PRODUCT_DEFINITION_SHAPE('Placement','Placement of an item',
  #1609);
#1609 = NEXT_ASSEMBLY_USAGE_OCCURRENCE('3','TCXO-3225-001','',#5,#59,$);
#1610 = PRODUCT_RELATED_PRODUCT_CATEGORY('part',$,(#61));
#1611 = SHAPE_DEFINITION_REPRESENTATION(#1612,#1618);
#1612 = PRODUCT_DEFINITION_SHAPE('','',#1613);
#1613 = PRODUCT_DEFINITION('design','',#1614,#1617);
#1614 = PRODUCT_DEFINITION_FORMATION('','',#1615);
#1615 = PRODUCT('TCXO-3225-002','TCXO-3225-002','',(#1616));
#1616 = PRODUCT_CONTEXT('',#2,'mechanical');
#1617 = PRODUCT_DEFINITION_CONTEXT('part definition',#2,'design');
#1618 = ADVANCED_BREP_SHAPE_REPRESENTATION('',(#11,#1619),#2389);
#1619 = MANIFOLD_SOLID_BREP('',#1620);
#1620 = CLOSED_SHELL('',(#1621,#1767,#1913,#1945,#1969,#1994,#2018,#2043
    ,#2067,#2092,#2109,#2131,#2148,#2165,#2182,#2199,#2216,#2233,#2245,
    #2269,#2287,#2305,#2323,#2341,#2359,#2377));
#1621 = ADVANCED_FACE('',(#1622,#1692),#1762,.T.);
#1622 = FACE_BOUND('',#1623,.T.);
#1623 = EDGE_LOOP('',(#1624,#1635,#1643,#1652,#1660,#1669,#1677,#1686));
#1624 = ORIENTED_EDGE('',*,*,#1625,.T.);
#1625 = EDGE_CURVE('',#1626,#1628,#1630,.T.);
#1626 = VERTEX_POINT('',#1627);
#1627 = CARTESIAN_POINT('',(-1.2,1.1,-1.1));
#1628 = VERTEX_POINT('',#1629);
#1629 = CARTESIAN_POINT('',(-1.45,1.1,-0.85));
#1630 = CIRCLE('',#1631,0.25);
#1631 = AXIS2_PLACEMENT_3D('',#1632,#1633,#1634);
#1632 = CARTESIAN_POINT('',(-1.2,1.1,-0.85));
#1633 = DIRECTION('',(0.,1.,0.));
#1634 = DIRECTION('',(0.,-0.,1.));
#1635 = ORIENTED_EDGE('',*,*,#1636,.T.);
#1636 = EDGE_CURVE('',#1628,#1637,#1639,.T.);
#1637 = VERTEX_POINT('',#1638);
#1638 = CARTESIAN_POINT('',(-1.45,1.1,0.85));
#1639 = LINE('',#1640,#1641);
#1640 = CARTESIAN_POINT('',(-1.45,1.1,0.85));
#1641 = VECTOR('',#1642,1.);
#1642 = DIRECTION('',(1.27553196763E-16,-0.,1.));
#1643 = ORIENTED_EDGE('',*,*,#1644,.T.);
#1644 = EDGE_CURVE('',#1637,#1645,#1647,.T.);
#1645 = VERTEX_POINT('',#1646);
#1646 = CARTESIAN_POINT('',(-1.2,1.1,1.1));
#1647 = CIRCLE('',#1648,0.25);
#1648 = AXIS2_PLACEMENT_3D('',#1649,#1650,#1651);
#1649 = CARTESIAN_POINT('',(-1.2,1.1,0.85));
#1650 = DIRECTION('',(0.,1.,0.));
#1651 = DIRECTION('',(0.,-0.,1.));
#1652 = ORIENTED_EDGE('',*,*,#1653,.T.);
#1653 = EDGE_CURVE('',#1645,#1654,#1656,.T.);
#1654 = VERTEX_POINT('',#1655);
#1655 = CARTESIAN_POINT('',(1.2,1.1,1.1));
#1656 = LINE('',#1657,#1658);
#1657 = CARTESIAN_POINT('',(1.2,1.1,1.1));
#1658 = VECTOR('',#1659,1.);
#1659 = DIRECTION('',(1.,0.,-9.035018104046E-17));
#1660 = ORIENTED_EDGE('',*,*,#1661,.T.);
#1661 = EDGE_CURVE('',#1654,#1662,#1664,.T.);
#1662 = VERTEX_POINT('',#1663);
#1663 = CARTESIAN_POINT('',(1.45,1.1,0.85));
#1664 = CIRCLE('',#1665,0.25);
#1665 = AXIS2_PLACEMENT_3D('',#1666,#1667,#1668);
#1666 = CARTESIAN_POINT('',(1.2,1.1,0.85));
#1667 = DIRECTION('',(0.,1.,0.));
#1668 = DIRECTION('',(0.,-0.,1.));
#1669 = ORIENTED_EDGE('',*,*,#1670,.T.);
#1670 = EDGE_CURVE('',#1662,#1671,#1673,.T.);
#1671 = VERTEX_POINT('',#1672);
#1672 = CARTESIAN_POINT('',(1.45,1.1,-0.85));
#1673 = LINE('',#1674,#1675);
#1674 = CARTESIAN_POINT('',(1.45,1.1,-0.85));
#1675 = VECTOR('',#1676,1.);
#1676 = DIRECTION('',(0.,0.,-1.));
#1677 = ORIENTED_EDGE('',*,*,#1678,.T.);
#1678 = EDGE_CURVE('',#1671,#1679,#1681,.T.);
#1679 = VERTEX_POINT('',#1680);
#1680 = CARTESIAN_POINT('',(1.2,1.1,-1.1));
#1681 = CIRCLE('',#1682,0.25);
#1682 = AXIS2_PLACEMENT_3D('',#1683,#1684,#1685);
#1683 = CARTESIAN_POINT('',(1.2,1.1,-0.85));
#1684 = DIRECTION('',(0.,1.,0.));
#1685 = DIRECTION('',(0.,-0.,1.));
#1686 = ORIENTED_EDGE('',*,*,#1687,.T.);
#1687 = EDGE_CURVE('',#1679,#1626,#1688,.T.);
#1688 = LINE('',#1689,#1690);
#1689 = CARTESIAN_POINT('',(-1.2,1.1,-1.1));
#1690 = VECTOR('',#1691,1.);
#1691 = DIRECTION('',(-1.,0.,1.807003620809E-16));
#1692 = FACE_BOUND('',#1693,.T.);
#1693 = EDGE_LOOP('',(#1694,#1704,#1713,#1721,#1730,#1738,#1747,#1755));
#1694 = ORIENTED_EDGE('',*,*,#1695,.F.);
#1695 = EDGE_CURVE('',#1696,#1698,#1700,.T.);
#1696 = VERTEX_POINT('',#1697);
#1697 = CARTESIAN_POINT('',(1.4,1.1,0.85));
#1698 = VERTEX_POINT('',#1699);
#1699 = CARTESIAN_POINT('',(1.4,1.1,-0.85));
#1700 = LINE('',#1701,#1702);
#1701 = CARTESIAN_POINT('',(1.4,1.1,0.85));
#1702 = VECTOR('',#1703,1.);
#1703 = DIRECTION('',(0.,0.,-1.));
#1704 = ORIENTED_EDGE('',*,*,#1705,.F.);
#1705 = EDGE_CURVE('',#1706,#1696,#1708,.T.);
#1706 = VERTEX_POINT('',#1707);
#1707 = CARTESIAN_POINT('',(1.2,1.1,1.05));
#1708 = CIRCLE('',#1709,0.2);
#1709 = AXIS2_PLACEMENT_3D('',#1710,#1711,#1712);
#1710 = CARTESIAN_POINT('',(1.2,1.1,0.85));
#1711 = DIRECTION('',(0.,1.,0.));
#1712 = DIRECTION('',(0.,-0.,1.));
#1713 = ORIENTED_EDGE('',*,*,#1714,.F.);
#1714 = EDGE_CURVE('',#1715,#1706,#1717,.T.);
#1715 = VERTEX_POINT('',#1716);
#1716 = CARTESIAN_POINT('',(-1.2,1.1,1.05));
#1717 = LINE('',#1718,#1719);
#1718 = CARTESIAN_POINT('',(-1.2,1.1,1.05));
#1719 = VECTOR('',#1720,1.);
#1720 = DIRECTION('',(1.,0.,0.));
#1721 = ORIENTED_EDGE('',*,*,#1722,.F.);
#1722 = EDGE_CURVE('',#1723,#1715,#1725,.T.);
#1723 = VERTEX_POINT('',#1724);
#1724 = CARTESIAN_POINT('',(-1.4,1.1,0.85));
#1725 = CIRCLE('',#1726,0.2);
#1726 = AXIS2_PLACEMENT_3D('',#1727,#1728,#1729);
#1727 = CARTESIAN_POINT('',(-1.2,1.1,0.85));
#1728 = DIRECTION('',(0.,1.,0.));
#1729 = DIRECTION('',(0.,-0.,1.));
#1730 = ORIENTED_EDGE('',*,*,#1731,.F.);
#1731 = EDGE_CURVE('',#1732,#1723,#1734,.T.);
#1732 = VERTEX_POINT('',#1733);
#1733 = CARTESIAN_POINT('',(-1.4,1.1,-0.85));
#1734 = LINE('',#1735,#1736);
#1735 = CARTESIAN_POINT('',(-1.4,1.1,-0.85));
#1736 = VECTOR('',#1737,1.);
#1737 = DIRECTION('',(0.,0.,1.));
#1738 = ORIENTED_EDGE('',*,*,#1739,.F.);
#1739 = EDGE_CURVE('',#1740,#1732,#1742,.T.);
#1740 = VERTEX_POINT('',#1741);
#1741 = CARTESIAN_POINT('',(-1.2,1.1,-1.05));
#1742 = CIRCLE('',#1743,0.2);
#1743 = AXIS2_PLACEMENT_3D('',#1744,#1745,#1746);
#1744 = CARTESIAN_POINT('',(-1.2,1.1,-0.85));
#1745 = DIRECTION('',(0.,1.,0.));
#1746 = DIRECTION('',(0.,-0.,1.));
#1747 = ORIENTED_EDGE('',*,*,#1748,.F.);
#1748 = EDGE_CURVE('',#1749,#1740,#1751,.T.);
#1749 = VERTEX_POINT('',#1750);
#1750 = CARTESIAN_POINT('',(1.2,1.1,-1.05));
#1751 = LINE('',#1752,#1753);
#1752 = CARTESIAN_POINT('',(1.2,1.1,-1.05));
#1753 = VECTOR('',#1754,1.);
#1754 = DIRECTION('',(-1.,0.,-9.035018104046E-17));
#1755 = ORIENTED_EDGE('',*,*,#1756,.F.);
#1756 = EDGE_CURVE('',#1698,#1749,#1757,.T.);
#1757 = CIRCLE('',#1758,0.2);
#1758 = AXIS2_PLACEMENT_3D('',#1759,#1760,#1761);
#1759 = CARTESIAN_POINT('',(1.2,1.1,-0.85));
#1760 = DIRECTION('',(0.,1.,0.));
#1761 = DIRECTION('',(0.,-0.,1.));
#1762 = PLANE('',#1763);
#1763 = AXIS2_PLACEMENT_3D('',#1764,#1765,#1766);
#1764 = CARTESIAN_POINT('',(-1.2,1.1,-0.85));
#1765 = DIRECTION('',(0.,1.,0.));
#1766 = DIRECTION('',(0.,-0.,1.));
#1767 = ADVANCED_FACE('',(#1768,#1838),#1908,.F.);
#1768 = FACE_BOUND('',#1769,.T.);
#1769 = EDGE_LOOP('',(#1770,#1781,#1789,#1798,#1806,#1815,#1823,#1832));
#1770 = ORIENTED_EDGE('',*,*,#1771,.F.);
#1771 = EDGE_CURVE('',#1772,#1774,#1776,.T.);
#1772 = VERTEX_POINT('',#1773);
#1773 = CARTESIAN_POINT('',(-1.2,0.9,-1.15));
#1774 = VERTEX_POINT('',#1775);
#1775 = CARTESIAN_POINT('',(-1.5,0.9,-0.85));
#1776 = CIRCLE('',#1777,0.3);
#1777 = AXIS2_PLACEMENT_3D('',#1778,#1779,#1780);
#1778 = CARTESIAN_POINT('',(-1.2,0.9,-0.85));
#1779 = DIRECTION('',(0.,1.,0.));
#1780 = DIRECTION('',(0.,-0.,1.));
#1781 = ORIENTED_EDGE('',*,*,#1782,.F.);
#1782 = EDGE_CURVE('',#1783,#1772,#1785,.T.);
#1783 = VERTEX_POINT('',#1784);
#1784 = CARTESIAN_POINT('',(1.2,0.9,-1.15));
#1785 = LINE('',#1786,#1787);
#1786 = CARTESIAN_POINT('',(1.2,0.9,-1.15));
#1787 = VECTOR('',#1788,1.);
#1788 = DIRECTION('',(-1.,0.,1.807003620809E-16));
#1789 = ORIENTED_EDGE('',*,*,#1790,.F.);
#1790 = EDGE_CURVE('',#1791,#1783,#1793,.T.);
#1791 = VERTEX_POINT('',#1792);
#1792 = CARTESIAN_POINT('',(1.5,0.9,-0.85));
#1793 = CIRCLE('',#1794,0.3);
#1794 = AXIS2_PLACEMENT_3D('',#1795,#1796,#1797);
#1795 = CARTESIAN_POINT('',(1.2,0.9,-0.85));
#1796 = DIRECTION('',(0.,1.,0.));
#1797 = DIRECTION('',(0.,-0.,1.));
#1798 = ORIENTED_EDGE('',*,*,#1799,.F.);
#1799 = EDGE_CURVE('',#1800,#1791,#1802,.T.);
#1800 = VERTEX_POINT('',#1801);
#1801 = CARTESIAN_POINT('',(1.5,0.9,0.85));
#1802 = LINE('',#1803,#1804);
#1803 = CARTESIAN_POINT('',(1.5,0.9,0.85));
#1804 = VECTOR('',#1805,1.);
#1805 = DIRECTION('',(0.,0.,-1.));
#1806 = ORIENTED_EDGE('',*,*,#1807,.F.);
#1807 = EDGE_CURVE('',#1808,#1800,#1810,.T.);
#1808 = VERTEX_POINT('',#1809);
#1809 = CARTESIAN_POINT('',(1.2,0.9,1.15));
#1810 = CIRCLE('',#1811,0.3);
#1811 = AXIS2_PLACEMENT_3D('',#1812,#1813,#1814);
#1812 = CARTESIAN_POINT('',(1.2,0.9,0.85));
#1813 = DIRECTION('',(0.,1.,0.));
#1814 = DIRECTION('',(0.,-0.,1.));
#1815 = ORIENTED_EDGE('',*,*,#1816,.F.);
#1816 = EDGE_CURVE('',#1817,#1808,#1819,.T.);
#1817 = VERTEX_POINT('',#1818);
#1818 = CARTESIAN_POINT('',(-1.2,0.9,1.15));
#1819 = LINE('',#1820,#1821);
#1820 = CARTESIAN_POINT('',(-1.2,0.9,1.15));
#1821 = VECTOR('',#1822,1.);
#1822 = DIRECTION('',(1.,0.,-9.035018104046E-17));
#1823 = ORIENTED_EDGE('',*,*,#1824,.F.);
#1824 = EDGE_CURVE('',#1825,#1817,#1827,.T.);
#1825 = VERTEX_POINT('',#1826);
#1826 = CARTESIAN_POINT('',(-1.5,0.9,0.85));
#1827 = CIRCLE('',#1828,0.3);
#1828 = AXIS2_PLACEMENT_3D('',#1829,#1830,#1831);
#1829 = CARTESIAN_POINT('',(-1.2,0.9,0.85));
#1830 = DIRECTION('',(0.,1.,0.));
#1831 = DIRECTION('',(0.,-0.,1.));
#1832 = ORIENTED_EDGE('',*,*,#1833,.F.);
#1833 = EDGE_CURVE('',#1774,#1825,#1834,.T.);
#1834 = LINE('',#1835,#1836);
#1835 = CARTESIAN_POINT('',(-1.5,0.9,-0.85));
#1836 = VECTOR('',#1837,1.);
#1837 = DIRECTION('',(1.27553196763E-16,0.,1.));
#1838 = FACE_BOUND('',#1839,.T.);
#1839 = EDGE_LOOP('',(#1840,#1851,#1859,#1868,#1876,#1885,#1893,#1902));
#1840 = ORIENTED_EDGE('',*,*,#1841,.T.);
#1841 = EDGE_CURVE('',#1842,#1844,#1846,.T.);
#1842 = VERTEX_POINT('',#1843);
#1843 = CARTESIAN_POINT('',(1.2,0.9,1.05));
#1844 = VERTEX_POINT('',#1845);
#1845 = CARTESIAN_POINT('',(1.4,0.9,0.85));
#1846 = CIRCLE('',#1847,0.2);
#1847 = AXIS2_PLACEMENT_3D('',#1848,#1849,#1850);
#1848 = CARTESIAN_POINT('',(1.2,0.9,0.85));
#1849 = DIRECTION('',(0.,1.,0.));
#1850 = DIRECTION('',(0.,-0.,1.));
#1851 = ORIENTED_EDGE('',*,*,#1852,.T.);
#1852 = EDGE_CURVE('',#1844,#1853,#1855,.T.);
#1853 = VERTEX_POINT('',#1854);
#1854 = CARTESIAN_POINT('',(1.4,0.9,-0.85));
#1855 = LINE('',#1856,#1857);
#1856 = CARTESIAN_POINT('',(1.4,0.9,0.85));
#1857 = VECTOR('',#1858,1.);
#1858 = DIRECTION('',(0.,0.,-1.));
#1859 = ORIENTED_EDGE('',*,*,#1860,.T.);
#1860 = EDGE_CURVE('',#1853,#1861,#1863,.T.);
#1861 = VERTEX_POINT('',#1862);
#1862 = CARTESIAN_POINT('',(1.2,0.9,-1.05));
#1863 = CIRCLE('',#1864,0.2);
#1864 = AXIS2_PLACEMENT_3D('',#1865,#1866,#1867);
#1865 = CARTESIAN_POINT('',(1.2,0.9,-0.85));
#1866 = DIRECTION('',(0.,1.,0.));
#1867 = DIRECTION('',(0.,-0.,1.));
#1868 = ORIENTED_EDGE('',*,*,#1869,.T.);
#1869 = EDGE_CURVE('',#1861,#1870,#1872,.T.);
#1870 = VERTEX_POINT('',#1871);
#1871 = CARTESIAN_POINT('',(-1.2,0.9,-1.05));
#1872 = LINE('',#1873,#1874);
#1873 = CARTESIAN_POINT('',(1.2,0.9,-1.05));
#1874 = VECTOR('',#1875,1.);
#1875 = DIRECTION('',(-1.,0.,-9.035018104046E-17));
#1876 = ORIENTED_EDGE('',*,*,#1877,.T.);
#1877 = EDGE_CURVE('',#1870,#1878,#1880,.T.);
#1878 = VERTEX_POINT('',#1879);
#1879 = CARTESIAN_POINT('',(-1.4,0.9,-0.85));
#1880 = CIRCLE('',#1881,0.2);
#1881 = AXIS2_PLACEMENT_3D('',#1882,#1883,#1884);
#1882 = CARTESIAN_POINT('',(-1.2,0.9,-0.85));
#1883 = DIRECTION('',(0.,1.,0.));
#1884 = DIRECTION('',(0.,-0.,1.));
#1885 = ORIENTED_EDGE('',*,*,#1886,.T.);
#1886 = EDGE_CURVE('',#1878,#1887,#1889,.T.);
#1887 = VERTEX_POINT('',#1888);
#1888 = CARTESIAN_POINT('',(-1.4,0.9,0.85));
#1889 = LINE('',#1890,#1891);
#1890 = CARTESIAN_POINT('',(-1.4,0.9,-0.85));
#1891 = VECTOR('',#1892,1.);
#1892 = DIRECTION('',(0.,0.,1.));
#1893 = ORIENTED_EDGE('',*,*,#1894,.T.);
#1894 = EDGE_CURVE('',#1887,#1895,#1897,.T.);
#1895 = VERTEX_POINT('',#1896);
#1896 = CARTESIAN_POINT('',(-1.2,0.9,1.05));
#1897 = CIRCLE('',#1898,0.2);
#1898 = AXIS2_PLACEMENT_3D('',#1899,#1900,#1901);
#1899 = CARTESIAN_POINT('',(-1.2,0.9,0.85));
#1900 = DIRECTION('',(0.,1.,0.));
#1901 = DIRECTION('',(0.,-0.,1.));
#1902 = ORIENTED_EDGE('',*,*,#1903,.T.);
#1903 = EDGE_CURVE('',#1895,#1842,#1904,.T.);
#1904 = LINE('',#1905,#1906);
#1905 = CARTESIAN_POINT('',(-1.2,0.9,1.05));
#1906 = VECTOR('',#1907,1.);
#1907 = DIRECTION('',(1.,0.,0.));
#1908 = PLANE('',#1909);
#1909 = AXIS2_PLACEMENT_3D('',#1910,#1911,#1912);
#1910 = CARTESIAN_POINT('',(-1.2,0.9,-0.85));
#1911 = DIRECTION('',(0.,1.,0.));
#1912 = DIRECTION('',(0.,-0.,1.));
#1913 = ADVANCED_FACE('',(#1914),#1940,.T.);
#1914 = FACE_BOUND('',#1915,.T.);
#1915 = EDGE_LOOP('',(#1916,#1924,#1933,#1939));
#1916 = ORIENTED_EDGE('',*,*,#1917,.F.);
#1917 = EDGE_CURVE('',#1918,#1774,#1920,.T.);
#1918 = VERTEX_POINT('',#1919);
#1919 = CARTESIAN_POINT('',(-1.5,1.05,-0.85));
#1920 = LINE('',#1921,#1922);
#1921 = CARTESIAN_POINT('',(-1.5,1.1,-0.85));
#1922 = VECTOR('',#1923,1.);
#1923 = DIRECTION('',(-0.,-1.,-0.));
#1924 = ORIENTED_EDGE('',*,*,#1925,.T.);
#1925 = EDGE_CURVE('',#1918,#1926,#1928,.T.);
#1926 = VERTEX_POINT('',#1927);
#1927 = CARTESIAN_POINT('',(-1.2,1.05,-1.15));
#1928 = CIRCLE('',#1929,0.3);
#1929 = AXIS2_PLACEMENT_3D('',#1930,#1931,#1932);
#1930 = CARTESIAN_POINT('',(-1.2,1.05,-0.85));
#1931 = DIRECTION('',(-0.,-1.,0.));
#1932 = DIRECTION('',(7.228014483237E-16,-0.,1.));
#1933 = ORIENTED_EDGE('',*,*,#1934,.T.);
#1934 = EDGE_CURVE('',#1926,#1772,#1935,.T.);
#1935 = LINE('',#1936,#1937);
#1936 = CARTESIAN_POINT('',(-1.2,1.1,-1.15));
#1937 = VECTOR('',#1938,1.);
#1938 = DIRECTION('',(-0.,-1.,-0.));
#1939 = ORIENTED_EDGE('',*,*,#1771,.T.);
#1940 = CYLINDRICAL_SURFACE('',#1941,0.3);
#1941 = AXIS2_PLACEMENT_3D('',#1942,#1943,#1944);
#1942 = CARTESIAN_POINT('',(-1.2,1.1,-0.85));
#1943 = DIRECTION('',(-0.,-1.,-0.));
#1944 = DIRECTION('',(0.,0.,-1.));
#1945 = ADVANCED_FACE('',(#1946),#1964,.F.);
#1946 = FACE_BOUND('',#1947,.T.);
#1947 = EDGE_LOOP('',(#1948,#1956,#1962,#1963));
#1948 = ORIENTED_EDGE('',*,*,#1949,.F.);
#1949 = EDGE_CURVE('',#1950,#1825,#1952,.T.);
#1950 = VERTEX_POINT('',#1951);
#1951 = CARTESIAN_POINT('',(-1.5,1.05,0.85));
#1952 = LINE('',#1953,#1954);
#1953 = CARTESIAN_POINT('',(-1.5,1.1,0.85));
#1954 = VECTOR('',#1955,1.);
#1955 = DIRECTION('',(-0.,-1.,-0.));
#1956 = ORIENTED_EDGE('',*,*,#1957,.T.);
#1957 = EDGE_CURVE('',#1950,#1918,#1958,.T.);
#1958 = LINE('',#1959,#1960);
#1959 = CARTESIAN_POINT('',(-1.5,1.05,-0.85));
#1960 = VECTOR('',#1961,1.);
#1961 = DIRECTION('',(-1.27553196763E-16,-0.,-1.));
#1962 = ORIENTED_EDGE('',*,*,#1917,.T.);
#1963 = ORIENTED_EDGE('',*,*,#1833,.T.);
#1964 = PLANE('',#1965);
#1965 = AXIS2_PLACEMENT_3D('',#1966,#1967,#1968);
#1966 = CARTESIAN_POINT('',(-1.5,1.1,-0.85));
#1967 = DIRECTION('',(1.,0.,-1.27553196763E-16));
#1968 = DIRECTION('',(-1.27553196763E-16,0.,-1.));
#1969 = ADVANCED_FACE('',(#1970),#1989,.T.);
#1970 = FACE_BOUND('',#1971,.T.);
#1971 = EDGE_LOOP('',(#1972,#1980,#1987,#1988));
#1972 = ORIENTED_EDGE('',*,*,#1973,.F.);
#1973 = EDGE_CURVE('',#1974,#1817,#1976,.T.);
#1974 = VERTEX_POINT('',#1975);
#1975 = CARTESIAN_POINT('',(-1.2,1.05,1.15));
#1976 = LINE('',#1977,#1978);
#1977 = CARTESIAN_POINT('',(-1.2,1.1,1.15));
#1978 = VECTOR('',#1979,1.);
#1979 = DIRECTION('',(-0.,-1.,-0.));
#1980 = ORIENTED_EDGE('',*,*,#1981,.T.);
#1981 = EDGE_CURVE('',#1974,#1950,#1982,.T.);
#1982 = CIRCLE('',#1983,0.3);
#1983 = AXIS2_PLACEMENT_3D('',#1984,#1985,#1986);
#1984 = CARTESIAN_POINT('',(-1.2,1.05,0.85));
#1985 = DIRECTION('',(0.,-1.,0.));
#1986 = DIRECTION('',(0.,0.,1.));
#1987 = ORIENTED_EDGE('',*,*,#1949,.T.);
#1988 = ORIENTED_EDGE('',*,*,#1824,.T.);
#1989 = CYLINDRICAL_SURFACE('',#1990,0.3);
#1990 = AXIS2_PLACEMENT_3D('',#1991,#1992,#1993);
#1991 = CARTESIAN_POINT('',(-1.2,1.1,0.85));
#1992 = DIRECTION('',(-0.,-1.,-0.));
#1993 = DIRECTION('',(0.,0.,-1.));
#1994 = ADVANCED_FACE('',(#1995),#2013,.F.);
#1995 = FACE_BOUND('',#1996,.T.);
#1996 = EDGE_LOOP('',(#1997,#2005,#2011,#2012));
#1997 = ORIENTED_EDGE('',*,*,#1998,.F.);
#1998 = EDGE_CURVE('',#1999,#1808,#2001,.T.);
#1999 = VERTEX_POINT('',#2000);
#2000 = CARTESIAN_POINT('',(1.2,1.05,1.15));
#2001 = LINE('',#2002,#2003);
#2002 = CARTESIAN_POINT('',(1.2,1.1,1.15));
#2003 = VECTOR('',#2004,1.);
#2004 = DIRECTION('',(-0.,-1.,-0.));
#2005 = ORIENTED_EDGE('',*,*,#2006,.T.);
#2006 = EDGE_CURVE('',#1999,#1974,#2007,.T.);
#2007 = LINE('',#2008,#2009);
#2008 = CARTESIAN_POINT('',(-1.2,1.05,1.15));
#2009 = VECTOR('',#2010,1.);
#2010 = DIRECTION('',(-1.,-0.,9.035018104046E-17));
#2011 = ORIENTED_EDGE('',*,*,#1973,.T.);
#2012 = ORIENTED_EDGE('',*,*,#1816,.T.);
#2013 = PLANE('',#2014);
#2014 = AXIS2_PLACEMENT_3D('',#2015,#2016,#2017);
#2015 = CARTESIAN_POINT('',(-1.2,1.1,1.15));
#2016 = DIRECTION('',(-9.035018104046E-17,0.,-1.));
#2017 = DIRECTION('',(-1.,0.,9.035018104046E-17));
#2018 = ADVANCED_FACE('',(#2019),#2038,.T.);
#2019 = FACE_BOUND('',#2020,.T.);
#2020 = EDGE_LOOP('',(#2021,#2029,#2036,#2037));
#2021 = ORIENTED_EDGE('',*,*,#2022,.F.);
#2022 = EDGE_CURVE('',#2023,#1800,#2025,.T.);
#2023 = VERTEX_POINT('',#2024);
#2024 = CARTESIAN_POINT('',(1.5,1.05,0.85));
#2025 = LINE('',#2026,#2027);
#2026 = CARTESIAN_POINT('',(1.5,1.1,0.85));
#2027 = VECTOR('',#2028,1.);
#2028 = DIRECTION('',(-0.,-1.,-0.));
#2029 = ORIENTED_EDGE('',*,*,#2030,.T.);
#2030 = EDGE_CURVE('',#2023,#1999,#2031,.T.);
#2031 = CIRCLE('',#2032,0.3);
#2032 = AXIS2_PLACEMENT_3D('',#2033,#2034,#2035);
#2033 = CARTESIAN_POINT('',(1.2,1.05,0.85));
#2034 = DIRECTION('',(0.,-1.,0.));
#2035 = DIRECTION('',(0.,0.,1.));
#2036 = ORIENTED_EDGE('',*,*,#1998,.T.);
#2037 = ORIENTED_EDGE('',*,*,#1807,.T.);
#2038 = CYLINDRICAL_SURFACE('',#2039,0.3);
#2039 = AXIS2_PLACEMENT_3D('',#2040,#2041,#2042);
#2040 = CARTESIAN_POINT('',(1.2,1.1,0.85));
#2041 = DIRECTION('',(-0.,-1.,-0.));
#2042 = DIRECTION('',(0.,0.,-1.));
#2043 = ADVANCED_FACE('',(#2044),#2062,.F.);
#2044 = FACE_BOUND('',#2045,.T.);
#2045 = EDGE_LOOP('',(#2046,#2054,#2060,#2061));
#2046 = ORIENTED_EDGE('',*,*,#2047,.F.);
#2047 = EDGE_CURVE('',#2048,#1791,#2050,.T.);
#2048 = VERTEX_POINT('',#2049);
#2049 = CARTESIAN_POINT('',(1.5,1.05,-0.85));
#2050 = LINE('',#2051,#2052);
#2051 = CARTESIAN_POINT('',(1.5,1.1,-0.85));
#2052 = VECTOR('',#2053,1.);
#2053 = DIRECTION('',(-0.,-1.,-0.));
#2054 = ORIENTED_EDGE('',*,*,#2055,.T.);
#2055 = EDGE_CURVE('',#2048,#2023,#2056,.T.);
#2056 = LINE('',#2057,#2058);
#2057 = CARTESIAN_POINT('',(1.5,1.05,0.85));
#2058 = VECTOR('',#2059,1.);
#2059 = DIRECTION('',(-0.,-0.,1.));
#2060 = ORIENTED_EDGE('',*,*,#2022,.T.);
#2061 = ORIENTED_EDGE('',*,*,#1799,.T.);
#2062 = PLANE('',#2063);
#2063 = AXIS2_PLACEMENT_3D('',#2064,#2065,#2066);
#2064 = CARTESIAN_POINT('',(1.5,1.1,0.85));
#2065 = DIRECTION('',(-1.,0.,0.));
#2066 = DIRECTION('',(0.,0.,1.));
#2067 = ADVANCED_FACE('',(#2068),#2087,.T.);
#2068 = FACE_BOUND('',#2069,.T.);
#2069 = EDGE_LOOP('',(#2070,#2078,#2085,#2086));
#2070 = ORIENTED_EDGE('',*,*,#2071,.F.);
#2071 = EDGE_CURVE('',#2072,#1783,#2074,.T.);
#2072 = VERTEX_POINT('',#2073);
#2073 = CARTESIAN_POINT('',(1.2,1.05,-1.15));
#2074 = LINE('',#2075,#2076);
#2075 = CARTESIAN_POINT('',(1.2,1.1,-1.15));
#2076 = VECTOR('',#2077,1.);
#2077 = DIRECTION('',(-0.,-1.,-0.));
#2078 = ORIENTED_EDGE('',*,*,#2079,.T.);
#2079 = EDGE_CURVE('',#2072,#2048,#2080,.T.);
#2080 = CIRCLE('',#2081,0.3);
#2081 = AXIS2_PLACEMENT_3D('',#2082,#2083,#2084);
#2082 = CARTESIAN_POINT('',(1.2,1.05,-0.85));
#2083 = DIRECTION('',(0.,-1.,0.));
#2084 = DIRECTION('',(0.,0.,1.));
#2085 = ORIENTED_EDGE('',*,*,#2047,.T.);
#2086 = ORIENTED_EDGE('',*,*,#1790,.T.);
#2087 = CYLINDRICAL_SURFACE('',#2088,0.3);
#2088 = AXIS2_PLACEMENT_3D('',#2089,#2090,#2091);
#2089 = CARTESIAN_POINT('',(1.2,1.1,-0.85));
#2090 = DIRECTION('',(-0.,-1.,-0.));
#2091 = DIRECTION('',(0.,0.,-1.));
#2092 = ADVANCED_FACE('',(#2093),#2104,.F.);
#2093 = FACE_BOUND('',#2094,.T.);
#2094 = EDGE_LOOP('',(#2095,#2096,#2102,#2103));
#2095 = ORIENTED_EDGE('',*,*,#1934,.F.);
#2096 = ORIENTED_EDGE('',*,*,#2097,.T.);
#2097 = EDGE_CURVE('',#1926,#2072,#2098,.T.);
#2098 = LINE('',#2099,#2100);
#2099 = CARTESIAN_POINT('',(1.2,1.05,-1.15));
#2100 = VECTOR('',#2101,1.);
#2101 = DIRECTION('',(1.,-0.,-1.807003620809E-16));
#2102 = ORIENTED_EDGE('',*,*,#2071,.T.);
#2103 = ORIENTED_EDGE('',*,*,#1782,.T.);
#2104 = PLANE('',#2105);
#2105 = AXIS2_PLACEMENT_3D('',#2106,#2107,#2108);
#2106 = CARTESIAN_POINT('',(1.2,1.1,-1.15));
#2107 = DIRECTION('',(1.807003620809E-16,-0.,1.));
#2108 = DIRECTION('',(1.,0.,-1.807003620809E-16));
#2109 = ADVANCED_FACE('',(#2110),#2126,.F.);
#2110 = FACE_BOUND('',#2111,.F.);
#2111 = EDGE_LOOP('',(#2112,#2118,#2119,#2125));
#2112 = ORIENTED_EDGE('',*,*,#2113,.F.);
#2113 = EDGE_CURVE('',#1696,#1844,#2114,.T.);
#2114 = LINE('',#2115,#2116);
#2115 = CARTESIAN_POINT('',(1.4,1.1,0.85));
#2116 = VECTOR('',#2117,1.);
#2117 = DIRECTION('',(-0.,-1.,-0.));
#2118 = ORIENTED_EDGE('',*,*,#1705,.F.);
#2119 = ORIENTED_EDGE('',*,*,#2120,.T.);
#2120 = EDGE_CURVE('',#1706,#1842,#2121,.T.);
#2121 = LINE('',#2122,#2123);
#2122 = CARTESIAN_POINT('',(1.2,1.1,1.05));
#2123 = VECTOR('',#2124,1.);
#2124 = DIRECTION('',(-0.,-1.,-0.));
#2125 = ORIENTED_EDGE('',*,*,#1841,.T.);
#2126 = CYLINDRICAL_SURFACE('',#2127,0.2);
#2127 = AXIS2_PLACEMENT_3D('',#2128,#2129,#2130);
#2128 = CARTESIAN_POINT('',(1.2,1.1,0.85));
#2129 = DIRECTION('',(-0.,-1.,-0.));
#2130 = DIRECTION('',(0.,0.,-1.));
#2131 = ADVANCED_FACE('',(#2132),#2143,.T.);
#2132 = FACE_BOUND('',#2133,.T.);
#2133 = EDGE_LOOP('',(#2134,#2135,#2136,#2137));
#2134 = ORIENTED_EDGE('',*,*,#1852,.F.);
#2135 = ORIENTED_EDGE('',*,*,#2113,.F.);
#2136 = ORIENTED_EDGE('',*,*,#1695,.T.);
#2137 = ORIENTED_EDGE('',*,*,#2138,.T.);
#2138 = EDGE_CURVE('',#1698,#1853,#2139,.T.);
#2139 = LINE('',#2140,#2141);
#2140 = CARTESIAN_POINT('',(1.4,1.1,-0.85));
#2141 = VECTOR('',#2142,1.);
#2142 = DIRECTION('',(-0.,-1.,-0.));
#2143 = PLANE('',#2144);
#2144 = AXIS2_PLACEMENT_3D('',#2145,#2146,#2147);
#2145 = CARTESIAN_POINT('',(1.4,1.1,0.85));
#2146 = DIRECTION('',(-1.,0.,0.));
#2147 = DIRECTION('',(0.,0.,1.));
#2148 = ADVANCED_FACE('',(#2149),#2160,.F.);
#2149 = FACE_BOUND('',#2150,.F.);
#2150 = EDGE_LOOP('',(#2151,#2157,#2158,#2159));
#2151 = ORIENTED_EDGE('',*,*,#2152,.F.);
#2152 = EDGE_CURVE('',#1749,#1861,#2153,.T.);
#2153 = LINE('',#2154,#2155);
#2154 = CARTESIAN_POINT('',(1.2,1.1,-1.05));
#2155 = VECTOR('',#2156,1.);
#2156 = DIRECTION('',(-0.,-1.,-0.));
#2157 = ORIENTED_EDGE('',*,*,#1756,.F.);
#2158 = ORIENTED_EDGE('',*,*,#2138,.T.);
#2159 = ORIENTED_EDGE('',*,*,#1860,.T.);
#2160 = CYLINDRICAL_SURFACE('',#2161,0.2);
#2161 = AXIS2_PLACEMENT_3D('',#2162,#2163,#2164);
#2162 = CARTESIAN_POINT('',(1.2,1.1,-0.85));
#2163 = DIRECTION('',(-0.,-1.,-0.));
#2164 = DIRECTION('',(0.,0.,-1.));
#2165 = ADVANCED_FACE('',(#2166),#2177,.T.);
#2166 = FACE_BOUND('',#2167,.T.);
#2167 = EDGE_LOOP('',(#2168,#2169,#2170,#2171));
#2168 = ORIENTED_EDGE('',*,*,#1869,.F.);
#2169 = ORIENTED_EDGE('',*,*,#2152,.F.);
#2170 = ORIENTED_EDGE('',*,*,#1748,.T.);
#2171 = ORIENTED_EDGE('',*,*,#2172,.T.);
#2172 = EDGE_CURVE('',#1740,#1870,#2173,.T.);
#2173 = LINE('',#2174,#2175);
#2174 = CARTESIAN_POINT('',(-1.2,1.1,-1.05));
#2175 = VECTOR('',#2176,1.);
#2176 = DIRECTION('',(-0.,-1.,-0.));
#2177 = PLANE('',#2178);
#2178 = AXIS2_PLACEMENT_3D('',#2179,#2180,#2181);
#2179 = CARTESIAN_POINT('',(1.2,1.1,-1.05));
#2180 = DIRECTION('',(-9.035018104046E-17,0.,1.));
#2181 = DIRECTION('',(1.,0.,9.035018104046E-17));
#2182 = ADVANCED_FACE('',(#2183),#2194,.F.);
#2183 = FACE_BOUND('',#2184,.F.);
#2184 = EDGE_LOOP('',(#2185,#2191,#2192,#2193));
#2185 = ORIENTED_EDGE('',*,*,#2186,.F.);
#2186 = EDGE_CURVE('',#1732,#1878,#2187,.T.);
#2187 = LINE('',#2188,#2189);
#2188 = CARTESIAN_POINT('',(-1.4,1.1,-0.85));
#2189 = VECTOR('',#2190,1.);
#2190 = DIRECTION('',(-0.,-1.,-0.));
#2191 = ORIENTED_EDGE('',*,*,#1739,.F.);
#2192 = ORIENTED_EDGE('',*,*,#2172,.T.);
#2193 = ORIENTED_EDGE('',*,*,#1877,.T.);
#2194 = CYLINDRICAL_SURFACE('',#2195,0.2);
#2195 = AXIS2_PLACEMENT_3D('',#2196,#2197,#2198);
#2196 = CARTESIAN_POINT('',(-1.2,1.1,-0.85));
#2197 = DIRECTION('',(-0.,-1.,-0.));
#2198 = DIRECTION('',(0.,0.,-1.));
#2199 = ADVANCED_FACE('',(#2200),#2211,.T.);
#2200 = FACE_BOUND('',#2201,.T.);
#2201 = EDGE_LOOP('',(#2202,#2203,#2204,#2205));
#2202 = ORIENTED_EDGE('',*,*,#1886,.F.);
#2203 = ORIENTED_EDGE('',*,*,#2186,.F.);
#2204 = ORIENTED_EDGE('',*,*,#1731,.T.);
#2205 = ORIENTED_EDGE('',*,*,#2206,.T.);
#2206 = EDGE_CURVE('',#1723,#1887,#2207,.T.);
#2207 = LINE('',#2208,#2209);
#2208 = CARTESIAN_POINT('',(-1.4,1.1,0.85));
#2209 = VECTOR('',#2210,1.);
#2210 = DIRECTION('',(-0.,-1.,-0.));
#2211 = PLANE('',#2212);
#2212 = AXIS2_PLACEMENT_3D('',#2213,#2214,#2215);
#2213 = CARTESIAN_POINT('',(-1.4,1.1,-0.85));
#2214 = DIRECTION('',(1.,0.,0.));
#2215 = DIRECTION('',(0.,0.,-1.));
#2216 = ADVANCED_FACE('',(#2217),#2228,.F.);
#2217 = FACE_BOUND('',#2218,.F.);
#2218 = EDGE_LOOP('',(#2219,#2225,#2226,#2227));
#2219 = ORIENTED_EDGE('',*,*,#2220,.F.);
#2220 = EDGE_CURVE('',#1715,#1895,#2221,.T.);
#2221 = LINE('',#2222,#2223);
#2222 = CARTESIAN_POINT('',(-1.2,1.1,1.05));
#2223 = VECTOR('',#2224,1.);
#2224 = DIRECTION('',(-0.,-1.,-0.));
#2225 = ORIENTED_EDGE('',*,*,#1722,.F.);
#2226 = ORIENTED_EDGE('',*,*,#2206,.T.);
#2227 = ORIENTED_EDGE('',*,*,#1894,.T.);
#2228 = CYLINDRICAL_SURFACE('',#2229,0.2);
#2229 = AXIS2_PLACEMENT_3D('',#2230,#2231,#2232);
#2230 = CARTESIAN_POINT('',(-1.2,1.1,0.85));
#2231 = DIRECTION('',(-0.,-1.,-0.));
#2232 = DIRECTION('',(0.,0.,-1.));
#2233 = ADVANCED_FACE('',(#2234),#2240,.T.);
#2234 = FACE_BOUND('',#2235,.T.);
#2235 = EDGE_LOOP('',(#2236,#2237,#2238,#2239));
#2236 = ORIENTED_EDGE('',*,*,#1903,.F.);
#2237 = ORIENTED_EDGE('',*,*,#2220,.F.);
#2238 = ORIENTED_EDGE('',*,*,#1714,.T.);
#2239 = ORIENTED_EDGE('',*,*,#2120,.T.);
#2240 = PLANE('',#2241);
#2241 = AXIS2_PLACEMENT_3D('',#2242,#2243,#2244);
#2242 = CARTESIAN_POINT('',(-1.2,1.1,1.05));
#2243 = DIRECTION('',(0.,0.,-1.));
#2244 = DIRECTION('',(-1.,0.,-0.));
#2245 = ADVANCED_FACE('',(#2246),#2264,.T.);
#2246 = FACE_BOUND('',#2247,.T.);
#2247 = EDGE_LOOP('',(#2248,#2255,#2256,#2263));
#2248 = ORIENTED_EDGE('',*,*,#2249,.F.);
#2249 = EDGE_CURVE('',#2023,#1662,#2250,.T.);
#2250 = CIRCLE('',#2251,5.E-02);
#2251 = AXIS2_PLACEMENT_3D('',#2252,#2253,#2254);
#2252 = CARTESIAN_POINT('',(1.45,1.05,0.85));
#2253 = DIRECTION('',(0.,0.,1.));
#2254 = DIRECTION('',(1.,0.,-0.));
#2255 = ORIENTED_EDGE('',*,*,#2055,.F.);
#2256 = ORIENTED_EDGE('',*,*,#2257,.F.);
#2257 = EDGE_CURVE('',#1671,#2048,#2258,.T.);
#2258 = CIRCLE('',#2259,5.E-02);
#2259 = AXIS2_PLACEMENT_3D('',#2260,#2261,#2262);
#2260 = CARTESIAN_POINT('',(1.45,1.05,-0.85));
#2261 = DIRECTION('',(0.,0.,-1.));
#2262 = DIRECTION('',(-1.,0.,0.));
#2263 = ORIENTED_EDGE('',*,*,#1670,.F.);
#2264 = CYLINDRICAL_SURFACE('',#2265,5.E-02);
#2265 = AXIS2_PLACEMENT_3D('',#2266,#2267,#2268);
#2266 = CARTESIAN_POINT('',(1.45,1.05,-0.85));
#2267 = DIRECTION('',(0.,-0.,1.));
#2268 = DIRECTION('',(1.,0.,0.));
#2269 = ADVANCED_FACE('',(#2270),#2282,.T.);
#2270 = FACE_BOUND('',#2271,.T.);
#2271 = EDGE_LOOP('',(#2272,#2273,#2274,#2281));
#2272 = ORIENTED_EDGE('',*,*,#2257,.T.);
#2273 = ORIENTED_EDGE('',*,*,#2079,.F.);
#2274 = ORIENTED_EDGE('',*,*,#2275,.F.);
#2275 = EDGE_CURVE('',#1679,#2072,#2276,.T.);
#2276 = CIRCLE('',#2277,5.E-02);
#2277 = AXIS2_PLACEMENT_3D('',#2278,#2279,#2280);
#2278 = CARTESIAN_POINT('',(1.2,1.05,-1.1));
#2279 = DIRECTION('',(-1.,0.,0.));
#2280 = DIRECTION('',(0.,0.,1.));
#2281 = ORIENTED_EDGE('',*,*,#1678,.F.);
#2282 = TOROIDAL_SURFACE('',#2283,0.25,5.E-02);
#2283 = AXIS2_PLACEMENT_3D('',#2284,#2285,#2286);
#2284 = CARTESIAN_POINT('',(1.2,1.05,-0.85));
#2285 = DIRECTION('',(0.,1.,0.));
#2286 = DIRECTION('',(0.,-0.,1.));
#2287 = ADVANCED_FACE('',(#2288),#2300,.T.);
#2288 = FACE_BOUND('',#2289,.T.);
#2289 = EDGE_LOOP('',(#2290,#2291,#2292,#2299));
#2290 = ORIENTED_EDGE('',*,*,#2249,.T.);
#2291 = ORIENTED_EDGE('',*,*,#1661,.F.);
#2292 = ORIENTED_EDGE('',*,*,#2293,.F.);
#2293 = EDGE_CURVE('',#1999,#1654,#2294,.T.);
#2294 = CIRCLE('',#2295,5.E-02);
#2295 = AXIS2_PLACEMENT_3D('',#2296,#2297,#2298);
#2296 = CARTESIAN_POINT('',(1.2,1.05,1.1));
#2297 = DIRECTION('',(-1.,0.,0.));
#2298 = DIRECTION('',(0.,0.,1.));
#2299 = ORIENTED_EDGE('',*,*,#2030,.F.);
#2300 = TOROIDAL_SURFACE('',#2301,0.25,5.E-02);
#2301 = AXIS2_PLACEMENT_3D('',#2302,#2303,#2304);
#2302 = CARTESIAN_POINT('',(1.2,1.05,0.85));
#2303 = DIRECTION('',(0.,1.,0.));
#2304 = DIRECTION('',(0.,-0.,1.));
#2305 = ADVANCED_FACE('',(#2306),#2318,.T.);
#2306 = FACE_BOUND('',#2307,.T.);
#2307 = EDGE_LOOP('',(#2308,#2309,#2310,#2317));
#2308 = ORIENTED_EDGE('',*,*,#2275,.T.);
#2309 = ORIENTED_EDGE('',*,*,#2097,.F.);
#2310 = ORIENTED_EDGE('',*,*,#2311,.F.);
#2311 = EDGE_CURVE('',#1626,#1926,#2312,.T.);
#2312 = CIRCLE('',#2313,5.E-02);
#2313 = AXIS2_PLACEMENT_3D('',#2314,#2315,#2316);
#2314 = CARTESIAN_POINT('',(-1.2,1.05,-1.1));
#2315 = DIRECTION('',(-1.,0.,0.));
#2316 = DIRECTION('',(0.,0.,1.));
#2317 = ORIENTED_EDGE('',*,*,#1687,.F.);
#2318 = CYLINDRICAL_SURFACE('',#2319,5.E-02);
#2319 = AXIS2_PLACEMENT_3D('',#2320,#2321,#2322);
#2320 = CARTESIAN_POINT('',(-1.2,1.05,-1.1));
#2321 = DIRECTION('',(1.,0.,-1.807003620809E-16));
#2322 = DIRECTION('',(-1.807003620809E-16,-0.,-1.));
#2323 = ADVANCED_FACE('',(#2324),#2336,.T.);
#2324 = FACE_BOUND('',#2325,.T.);
#2325 = EDGE_LOOP('',(#2326,#2327,#2328,#2335));
#2326 = ORIENTED_EDGE('',*,*,#2293,.T.);
#2327 = ORIENTED_EDGE('',*,*,#1653,.F.);
#2328 = ORIENTED_EDGE('',*,*,#2329,.F.);
#2329 = EDGE_CURVE('',#1974,#1645,#2330,.T.);
#2330 = CIRCLE('',#2331,5.E-02);
#2331 = AXIS2_PLACEMENT_3D('',#2332,#2333,#2334);
#2332 = CARTESIAN_POINT('',(-1.2,1.05,1.1));
#2333 = DIRECTION('',(-1.,0.,0.));
#2334 = DIRECTION('',(0.,0.,1.));
#2335 = ORIENTED_EDGE('',*,*,#2006,.F.);
#2336 = CYLINDRICAL_SURFACE('',#2337,5.E-02);
#2337 = AXIS2_PLACEMENT_3D('',#2338,#2339,#2340);
#2338 = CARTESIAN_POINT('',(-1.2,1.05,1.1));
#2339 = DIRECTION('',(-1.,0.,9.035018104046E-17));
#2340 = DIRECTION('',(9.035018104046E-17,0.,1.));
#2341 = ADVANCED_FACE('',(#2342),#2354,.T.);
#2342 = FACE_BOUND('',#2343,.T.);
#2343 = EDGE_LOOP('',(#2344,#2345,#2346,#2353));
#2344 = ORIENTED_EDGE('',*,*,#2311,.T.);
#2345 = ORIENTED_EDGE('',*,*,#1925,.F.);
#2346 = ORIENTED_EDGE('',*,*,#2347,.F.);
#2347 = EDGE_CURVE('',#1628,#1918,#2348,.T.);
#2348 = CIRCLE('',#2349,5.E-02);
#2349 = AXIS2_PLACEMENT_3D('',#2350,#2351,#2352);
#2350 = CARTESIAN_POINT('',(-1.45,1.05,-0.85));
#2351 = DIRECTION('',(0.,-0.,1.));
#2352 = DIRECTION('',(1.,0.,0.));
#2353 = ORIENTED_EDGE('',*,*,#1625,.F.);
#2354 = TOROIDAL_SURFACE('',#2355,0.25,5.E-02);
#2355 = AXIS2_PLACEMENT_3D('',#2356,#2357,#2358);
#2356 = CARTESIAN_POINT('',(-1.2,1.05,-0.85));
#2357 = DIRECTION('',(0.,1.,0.));
#2358 = DIRECTION('',(0.,-0.,1.));
#2359 = ADVANCED_FACE('',(#2360),#2372,.T.);
#2360 = FACE_BOUND('',#2361,.T.);
#2361 = EDGE_LOOP('',(#2362,#2363,#2364,#2371));
#2362 = ORIENTED_EDGE('',*,*,#2329,.T.);
#2363 = ORIENTED_EDGE('',*,*,#1644,.F.);
#2364 = ORIENTED_EDGE('',*,*,#2365,.F.);
#2365 = EDGE_CURVE('',#1950,#1637,#2366,.T.);
#2366 = CIRCLE('',#2367,5.E-02);
#2367 = AXIS2_PLACEMENT_3D('',#2368,#2369,#2370);
#2368 = CARTESIAN_POINT('',(-1.45,1.05,0.85));
#2369 = DIRECTION('',(0.,0.,-1.));
#2370 = DIRECTION('',(-1.,0.,0.));
#2371 = ORIENTED_EDGE('',*,*,#1981,.F.);
#2372 = TOROIDAL_SURFACE('',#2373,0.25,5.E-02);
#2373 = AXIS2_PLACEMENT_3D('',#2374,#2375,#2376);
#2374 = CARTESIAN_POINT('',(-1.2,1.05,0.85));
#2375 = DIRECTION('',(0.,1.,0.));
#2376 = DIRECTION('',(0.,-0.,1.));
#2377 = ADVANCED_FACE('',(#2378),#2384,.T.);
#2378 = FACE_BOUND('',#2379,.T.);
#2379 = EDGE_LOOP('',(#2380,#2381,#2382,#2383));
#2380 = ORIENTED_EDGE('',*,*,#2347,.T.);
#2381 = ORIENTED_EDGE('',*,*,#1957,.F.);
#2382 = ORIENTED_EDGE('',*,*,#2365,.T.);
#2383 = ORIENTED_EDGE('',*,*,#1636,.F.);
#2384 = CYLINDRICAL_SURFACE('',#2385,5.E-02);
#2385 = AXIS2_PLACEMENT_3D('',#2386,#2387,#2388);
#2386 = CARTESIAN_POINT('',(-1.45,1.05,-0.85));
#2387 = DIRECTION('',(-1.27553196763E-16,0.,-1.));
#2388 = DIRECTION('',(-1.,0.,1.27553196763E-16));
#2389 = ( GEOMETRIC_REPRESENTATION_CONTEXT(3) 
GLOBAL_UNCERTAINTY_ASSIGNED_CONTEXT((#2393)) 
GLOBAL_UNIT_ASSIGNED_CONTEXT((#2390,#2391,#2392)) REPRESENTATION_CONTEXT
('Context #1','3D Context with UNIT and UNCERTAINTY') );
#2390 = ( LENGTH_UNIT() NAMED_UNIT(*) SI_UNIT(.MILLI.,.METRE.) );
#2391 = ( NAMED_UNIT(*) PLANE_ANGLE_UNIT() SI_UNIT($,.RADIAN.) );
#2392 = ( NAMED_UNIT(*) SI_UNIT($,.STERADIAN.) SOLID_ANGLE_UNIT() );
#2393 = UNCERTAINTY_MEASURE_WITH_UNIT(LENGTH_MEASURE(1.E-07),#2390,
  'distance_accuracy_value','confusion accuracy');
#2394 = CONTEXT_DEPENDENT_SHAPE_REPRESENTATION(#2395,#2397);
#2395 = ( REPRESENTATION_RELATIONSHIP('','',#1618,#10) 
REPRESENTATION_RELATIONSHIP_WITH_TRANSFORMATION(#2396) 
SHAPE_REPRESENTATION_RELATIONSHIP() );
#2396 = ITEM_DEFINED_TRANSFORMATION('','',#11,#19);
#2397 = PRODUCT_DEFINITION_SHAPE('Placement','Placement of an item',
  #2398);
#2398 = NEXT_ASSEMBLY_USAGE_OCCURRENCE('4','TCXO-3225-002','',#5,#1613,$
  );
#2399 = PRODUCT_RELATED_PRODUCT_CATEGORY('part',$,(#1615));
#2400 = SHAPE_DEFINITION_REPRESENTATION(#2401,#2407);
#2401 = PRODUCT_DEFINITION_SHAPE('','',#2402);
#2402 = PRODUCT_DEFINITION('design','',#2403,#2406);
#2403 = PRODUCT_DEFINITION_FORMATION('','',#2404);
#2404 = PRODUCT('TCXO-3225-003','TCXO-3225-003','',(#2405));
#2405 = PRODUCT_CONTEXT('',#2,'mechanical');
#2406 = PRODUCT_DEFINITION_CONTEXT('part definition',#2,'design');
#2407 = ADVANCED_BREP_SHAPE_REPRESENTATION('',(#11,#2408),#2982);
#2408 = MANIFOLD_SOLID_BREP('',#2409);
#2409 = CLOSED_SHELL('',(#2410,#2452,#2492,#2525,#2556,#2589,#2620,#2653
    ,#2684,#2708,#2794,#2810,#2834,#2852,#2870,#2888,#2906,#2924,#2942,
    #2954,#2972));
#2410 = ADVANCED_FACE('',(#2411),#2447,.F.);
#2411 = FACE_BOUND('',#2412,.F.);
#2412 = EDGE_LOOP('',(#2413,#2423,#2432,#2440));
#2413 = ORIENTED_EDGE('',*,*,#2414,.T.);
#2414 = EDGE_CURVE('',#2415,#2417,#2419,.T.);
#2415 = VERTEX_POINT('',#2416);
#2416 = CARTESIAN_POINT('',(-1.021875,1.15,0.844184027778));
#2417 = VERTEX_POINT('',#2418);
#2418 = CARTESIAN_POINT('',(-1.021875,1.2,0.844184027778));
#2419 = LINE('',#2420,#2421);
#2420 = CARTESIAN_POINT('',(-1.021875,1.15,0.844184027778));
#2421 = VECTOR('',#2422,1.);
#2422 = DIRECTION('',(-0.,1.,-0.));
#2423 = ORIENTED_EDGE('',*,*,#2424,.F.);
#2424 = EDGE_CURVE('',#2425,#2417,#2427,.T.);
#2425 = VERTEX_POINT('',#2426);
#2426 = CARTESIAN_POINT('',(-1.021875,1.2,0.562065972222));
#2427 = CIRCLE('',#2428,0.141059027778);
#2428 = AXIS2_PLACEMENT_3D('',#2429,#2430,#2431);
#2429 = CARTESIAN_POINT('',(-1.021875,1.2,0.703125));
#2430 = DIRECTION('',(0.,1.,0.));
#2431 = DIRECTION('',(0.,-0.,1.));
#2432 = ORIENTED_EDGE('',*,*,#2433,.F.);
#2433 = EDGE_CURVE('',#2434,#2425,#2436,.T.);
#2434 = VERTEX_POINT('',#2435);
#2435 = CARTESIAN_POINT('',(-1.021875,1.15,0.562065972222));
#2436 = LINE('',#2437,#2438);
#2437 = CARTESIAN_POINT('',(-1.021875,1.15,0.562065972222));
#2438 = VECTOR('',#2439,1.);
#2439 = DIRECTION('',(-0.,1.,-0.));
#2440 = ORIENTED_EDGE('',*,*,#2441,.T.);
#2441 = EDGE_CURVE('',#2434,#2415,#2442,.T.);
#2442 = CIRCLE('',#2443,0.141059027778);
#2443 = AXIS2_PLACEMENT_3D('',#2444,#2445,#2446);
#2444 = CARTESIAN_POINT('',(-1.021875,1.15,0.703125));
#2445 = DIRECTION('',(0.,1.,0.));
#2446 = DIRECTION('',(0.,-0.,1.));
#2447 = CYLINDRICAL_SURFACE('',#2448,0.141059027778);
#2448 = AXIS2_PLACEMENT_3D('',#2449,#2450,#2451);
#2449 = CARTESIAN_POINT('',(-1.021875,1.15,0.703125));
#2450 = DIRECTION('',(-0.,1.,-0.));
#2451 = DIRECTION('',(0.,0.,1.));
#2452 = ADVANCED_FACE('',(#2453),#2487,.F.);
#2453 = FACE_BOUND('',#2454,.T.);
#2454 = EDGE_LOOP('',(#2455,#2465,#2473,#2481));
#2455 = ORIENTED_EDGE('',*,*,#2456,.F.);
#2456 = EDGE_CURVE('',#2457,#2459,#2461,.T.);
#2457 = VERTEX_POINT('',#2458);
#2458 = CARTESIAN_POINT('',(1.4,1.15,-0.85));
#2459 = VERTEX_POINT('',#2460);
#2460 = CARTESIAN_POINT('',(1.4,0.9,-0.85));
#2461 = LINE('',#2462,#2463);
#2462 = CARTESIAN_POINT('',(1.4,1.2,-0.85));
#2463 = VECTOR('',#2464,1.);
#2464 = DIRECTION('',(-0.,-1.,-0.));
#2465 = ORIENTED_EDGE('',*,*,#2466,.T.);
#2466 = EDGE_CURVE('',#2457,#2467,#2469,.T.);
#2467 = VERTEX_POINT('',#2468);
#2468 = CARTESIAN_POINT('',(1.4,1.15,0.85));
#2469 = LINE('',#2470,#2471);
#2470 = CARTESIAN_POINT('',(1.4,1.15,0.85));
#2471 = VECTOR('',#2472,1.);
#2472 = DIRECTION('',(-0.,-0.,1.));
#2473 = ORIENTED_EDGE('',*,*,#2474,.T.);
#2474 = EDGE_CURVE('',#2467,#2475,#2477,.T.);
#2475 = VERTEX_POINT('',#2476);
#2476 = CARTESIAN_POINT('',(1.4,0.9,0.85));
#2477 = LINE('',#2478,#2479);
#2478 = CARTESIAN_POINT('',(1.4,1.2,0.85));
#2479 = VECTOR('',#2480,1.);
#2480 = DIRECTION('',(-0.,-1.,-0.));
#2481 = ORIENTED_EDGE('',*,*,#2482,.T.);
#2482 = EDGE_CURVE('',#2475,#2459,#2483,.T.);
#2483 = LINE('',#2484,#2485);
#2484 = CARTESIAN_POINT('',(1.4,0.9,0.85));
#2485 = VECTOR('',#2486,1.);
#2486 = DIRECTION('',(0.,0.,-1.));
#2487 = PLANE('',#2488);
#2488 = AXIS2_PLACEMENT_3D('',#2489,#2490,#2491);
#2489 = CARTESIAN_POINT('',(1.4,1.2,0.85));
#2490 = DIRECTION('',(-1.,0.,0.));
#2491 = DIRECTION('',(0.,0.,1.));
#2492 = ADVANCED_FACE('',(#2493),#2520,.T.);
#2493 = FACE_BOUND('',#2494,.T.);
#2494 = EDGE_LOOP('',(#2495,#2505,#2512,#2513));
#2495 = ORIENTED_EDGE('',*,*,#2496,.F.);
#2496 = EDGE_CURVE('',#2497,#2499,#2501,.T.);
#2497 = VERTEX_POINT('',#2498);
#2498 = CARTESIAN_POINT('',(1.2,1.15,-1.05));
#2499 = VERTEX_POINT('',#2500);
#2500 = CARTESIAN_POINT('',(1.2,0.9,-1.05));
#2501 = LINE('',#2502,#2503);
#2502 = CARTESIAN_POINT('',(1.2,1.2,-1.05));
#2503 = VECTOR('',#2504,1.);
#2504 = DIRECTION('',(-0.,-1.,-0.));
#2505 = ORIENTED_EDGE('',*,*,#2506,.T.);
#2506 = EDGE_CURVE('',#2497,#2457,#2507,.T.);
#2507 = CIRCLE('',#2508,0.2);
#2508 = AXIS2_PLACEMENT_3D('',#2509,#2510,#2511);
#2509 = CARTESIAN_POINT('',(1.2,1.15,-0.85));
#2510 = DIRECTION('',(-0.,-1.,0.));
#2511 = DIRECTION('',(-0.,0.,-1.));
#2512 = ORIENTED_EDGE('',*,*,#2456,.T.);
#2513 = ORIENTED_EDGE('',*,*,#2514,.F.);
#2514 = EDGE_CURVE('',#2499,#2459,#2515,.T.);
#2515 = CIRCLE('',#2516,0.2);
#2516 = AXIS2_PLACEMENT_3D('',#2517,#2518,#2519);
#2517 = CARTESIAN_POINT('',(1.2,0.9,-0.85));
#2518 = DIRECTION('',(-0.,-1.,0.));
#2519 = DIRECTION('',(-0.,0.,-1.));
#2520 = CYLINDRICAL_SURFACE('',#2521,0.2);
#2521 = AXIS2_PLACEMENT_3D('',#2522,#2523,#2524);
#2522 = CARTESIAN_POINT('',(1.2,1.2,-0.85));
#2523 = DIRECTION('',(-0.,-1.,-0.));
#2524 = DIRECTION('',(0.,0.,-1.));
#2525 = ADVANCED_FACE('',(#2526),#2551,.T.);
#2526 = FACE_BOUND('',#2527,.T.);
#2527 = EDGE_LOOP('',(#2528,#2538,#2544,#2545));
#2528 = ORIENTED_EDGE('',*,*,#2529,.F.);
#2529 = EDGE_CURVE('',#2530,#2532,#2534,.T.);
#2530 = VERTEX_POINT('',#2531);
#2531 = CARTESIAN_POINT('',(-1.2,1.15,-1.05));
#2532 = VERTEX_POINT('',#2533);
#2533 = CARTESIAN_POINT('',(-1.2,0.9,-1.05));
#2534 = LINE('',#2535,#2536);
#2535 = CARTESIAN_POINT('',(-1.2,1.2,-1.05));
#2536 = VECTOR('',#2537,1.);
#2537 = DIRECTION('',(-0.,-1.,-0.));
#2538 = ORIENTED_EDGE('',*,*,#2539,.T.);
#2539 = EDGE_CURVE('',#2530,#2497,#2540,.T.);
#2540 = LINE('',#2541,#2542);
#2541 = CARTESIAN_POINT('',(1.2,1.15,-1.05));
#2542 = VECTOR('',#2543,1.);
#2543 = DIRECTION('',(1.,0.,9.035018104046E-17));
#2544 = ORIENTED_EDGE('',*,*,#2496,.T.);
#2545 = ORIENTED_EDGE('',*,*,#2546,.F.);
#2546 = EDGE_CURVE('',#2532,#2499,#2547,.T.);
#2547 = LINE('',#2548,#2549);
#2548 = CARTESIAN_POINT('',(-1.2,0.9,-1.05));
#2549 = VECTOR('',#2550,1.);
#2550 = DIRECTION('',(1.,0.,9.035018104046E-17));
#2551 = PLANE('',#2552);
#2552 = AXIS2_PLACEMENT_3D('',#2553,#2554,#2555);
#2553 = CARTESIAN_POINT('',(-1.2,1.2,-1.05));
#2554 = DIRECTION('',(9.035018104046E-17,0.,-1.));
#2555 = DIRECTION('',(-1.,0.,-9.035018104046E-17));
#2556 = ADVANCED_FACE('',(#2557),#2584,.T.);
#2557 = FACE_BOUND('',#2558,.T.);
#2558 = EDGE_LOOP('',(#2559,#2569,#2576,#2577));
#2559 = ORIENTED_EDGE('',*,*,#2560,.F.);
#2560 = EDGE_CURVE('',#2561,#2563,#2565,.T.);
#2561 = VERTEX_POINT('',#2562);
#2562 = CARTESIAN_POINT('',(-1.4,1.15,-0.85));
#2563 = VERTEX_POINT('',#2564);
#2564 = CARTESIAN_POINT('',(-1.4,0.9,-0.85));
#2565 = LINE('',#2566,#2567);
#2566 = CARTESIAN_POINT('',(-1.4,1.2,-0.85));
#2567 = VECTOR('',#2568,1.);
#2568 = DIRECTION('',(-0.,-1.,-0.));
#2569 = ORIENTED_EDGE('',*,*,#2570,.T.);
#2570 = EDGE_CURVE('',#2561,#2530,#2571,.T.);
#2571 = CIRCLE('',#2572,0.2);
#2572 = AXIS2_PLACEMENT_3D('',#2573,#2574,#2575);
#2573 = CARTESIAN_POINT('',(-1.2,1.15,-0.85));
#2574 = DIRECTION('',(-0.,-1.,0.));
#2575 = DIRECTION('',(-0.,0.,-1.));
#2576 = ORIENTED_EDGE('',*,*,#2529,.T.);
#2577 = ORIENTED_EDGE('',*,*,#2578,.F.);
#2578 = EDGE_CURVE('',#2563,#2532,#2579,.T.);
#2579 = CIRCLE('',#2580,0.2);
#2580 = AXIS2_PLACEMENT_3D('',#2581,#2582,#2583);
#2581 = CARTESIAN_POINT('',(-1.2,0.9,-0.85));
#2582 = DIRECTION('',(-0.,-1.,0.));
#2583 = DIRECTION('',(-0.,0.,-1.));
#2584 = CYLINDRICAL_SURFACE('',#2585,0.2);
#2585 = AXIS2_PLACEMENT_3D('',#2586,#2587,#2588);
#2586 = CARTESIAN_POINT('',(-1.2,1.2,-0.85));
#2587 = DIRECTION('',(-0.,-1.,-0.));
#2588 = DIRECTION('',(0.,0.,-1.));
#2589 = ADVANCED_FACE('',(#2590),#2615,.T.);
#2590 = FACE_BOUND('',#2591,.T.);
#2591 = EDGE_LOOP('',(#2592,#2602,#2608,#2609));
#2592 = ORIENTED_EDGE('',*,*,#2593,.F.);
#2593 = EDGE_CURVE('',#2594,#2596,#2598,.T.);
#2594 = VERTEX_POINT('',#2595);
#2595 = CARTESIAN_POINT('',(-1.4,1.15,0.85));
#2596 = VERTEX_POINT('',#2597);
#2597 = CARTESIAN_POINT('',(-1.4,0.9,0.85));
#2598 = LINE('',#2599,#2600);
#2599 = CARTESIAN_POINT('',(-1.4,1.2,0.85));
#2600 = VECTOR('',#2601,1.);
#2601 = DIRECTION('',(-0.,-1.,-0.));
#2602 = ORIENTED_EDGE('',*,*,#2603,.T.);
#2603 = EDGE_CURVE('',#2594,#2561,#2604,.T.);
#2604 = LINE('',#2605,#2606);
#2605 = CARTESIAN_POINT('',(-1.4,1.15,-0.85));
#2606 = VECTOR('',#2607,1.);
#2607 = DIRECTION('',(0.,0.,-1.));
#2608 = ORIENTED_EDGE('',*,*,#2560,.T.);
#2609 = ORIENTED_EDGE('',*,*,#2610,.F.);
#2610 = EDGE_CURVE('',#2596,#2563,#2611,.T.);
#2611 = LINE('',#2612,#2613);
#2612 = CARTESIAN_POINT('',(-1.4,0.9,0.85));
#2613 = VECTOR('',#2614,1.);
#2614 = DIRECTION('',(0.,0.,-1.));
#2615 = PLANE('',#2616);
#2616 = AXIS2_PLACEMENT_3D('',#2617,#2618,#2619);
#2617 = CARTESIAN_POINT('',(-1.4,1.2,0.85));
#2618 = DIRECTION('',(-1.,0.,0.));
#2619 = DIRECTION('',(0.,0.,1.));
#2620 = ADVANCED_FACE('',(#2621),#2648,.T.);
#2621 = FACE_BOUND('',#2622,.T.);
#2622 = EDGE_LOOP('',(#2623,#2633,#2640,#2641));
#2623 = ORIENTED_EDGE('',*,*,#2624,.F.);
#2624 = EDGE_CURVE('',#2625,#2627,#2629,.T.);
#2625 = VERTEX_POINT('',#2626);
#2626 = CARTESIAN_POINT('',(-1.2,1.15,1.05));
#2627 = VERTEX_POINT('',#2628);
#2628 = CARTESIAN_POINT('',(-1.2,0.9,1.05));
#2629 = LINE('',#2630,#2631);
#2630 = CARTESIAN_POINT('',(-1.2,1.2,1.05));
#2631 = VECTOR('',#2632,1.);
#2632 = DIRECTION('',(-0.,-1.,-0.));
#2633 = ORIENTED_EDGE('',*,*,#2634,.T.);
#2634 = EDGE_CURVE('',#2625,#2594,#2635,.T.);
#2635 = CIRCLE('',#2636,0.2);
#2636 = AXIS2_PLACEMENT_3D('',#2637,#2638,#2639);
#2637 = CARTESIAN_POINT('',(-1.2,1.15,0.85));
#2638 = DIRECTION('',(-0.,-1.,0.));
#2639 = DIRECTION('',(-0.,0.,-1.));
#2640 = ORIENTED_EDGE('',*,*,#2593,.T.);
#2641 = ORIENTED_EDGE('',*,*,#2642,.F.);
#2642 = EDGE_CURVE('',#2627,#2596,#2643,.T.);
#2643 = CIRCLE('',#2644,0.2);
#2644 = AXIS2_PLACEMENT_3D('',#2645,#2646,#2647);
#2645 = CARTESIAN_POINT('',(-1.2,0.9,0.85));
#2646 = DIRECTION('',(-0.,-1.,0.));
#2647 = DIRECTION('',(-0.,0.,-1.));
#2648 = CYLINDRICAL_SURFACE('',#2649,0.2);
#2649 = AXIS2_PLACEMENT_3D('',#2650,#2651,#2652);
#2650 = CARTESIAN_POINT('',(-1.2,1.2,0.85));
#2651 = DIRECTION('',(-0.,-1.,-0.));
#2652 = DIRECTION('',(0.,0.,-1.));
#2653 = ADVANCED_FACE('',(#2654),#2679,.F.);
#2654 = FACE_BOUND('',#2655,.T.);
#2655 = EDGE_LOOP('',(#2656,#2666,#2672,#2673));
#2656 = ORIENTED_EDGE('',*,*,#2657,.F.);
#2657 = EDGE_CURVE('',#2658,#2660,#2662,.T.);
#2658 = VERTEX_POINT('',#2659);
#2659 = CARTESIAN_POINT('',(1.2,1.15,1.05));
#2660 = VERTEX_POINT('',#2661);
#2661 = CARTESIAN_POINT('',(1.2,0.9,1.05));
#2662 = LINE('',#2663,#2664);
#2663 = CARTESIAN_POINT('',(1.2,1.2,1.05));
#2664 = VECTOR('',#2665,1.);
#2665 = DIRECTION('',(-0.,-1.,-0.));
#2666 = ORIENTED_EDGE('',*,*,#2667,.T.);
#2667 = EDGE_CURVE('',#2658,#2625,#2668,.T.);
#2668 = LINE('',#2669,#2670);
#2669 = CARTESIAN_POINT('',(-1.2,1.15,1.05));
#2670 = VECTOR('',#2671,1.);
#2671 = DIRECTION('',(-1.,-0.,-0.));
#2672 = ORIENTED_EDGE('',*,*,#2624,.T.);
#2673 = ORIENTED_EDGE('',*,*,#2674,.T.);
#2674 = EDGE_CURVE('',#2627,#2660,#2675,.T.);
#2675 = LINE('',#2676,#2677);
#2676 = CARTESIAN_POINT('',(-1.2,0.9,1.05));
#2677 = VECTOR('',#2678,1.);
#2678 = DIRECTION('',(1.,0.,0.));
#2679 = PLANE('',#2680);
#2680 = AXIS2_PLACEMENT_3D('',#2681,#2682,#2683);
#2681 = CARTESIAN_POINT('',(-1.2,1.2,1.05));
#2682 = DIRECTION('',(0.,0.,-1.));
#2683 = DIRECTION('',(-1.,0.,-0.));
#2684 = ADVANCED_FACE('',(#2685),#2703,.T.);
#2685 = FACE_BOUND('',#2686,.T.);
#2686 = EDGE_LOOP('',(#2687,#2688,#2695,#2696));
#2687 = ORIENTED_EDGE('',*,*,#2474,.F.);
#2688 = ORIENTED_EDGE('',*,*,#2689,.T.);
#2689 = EDGE_CURVE('',#2467,#2658,#2690,.T.);
#2690 = CIRCLE('',#2691,0.2);
#2691 = AXIS2_PLACEMENT_3D('',#2692,#2693,#2694);
#2692 = CARTESIAN_POINT('',(1.2,1.15,0.85));
#2693 = DIRECTION('',(-0.,-1.,0.));
#2694 = DIRECTION('',(-0.,0.,-1.));
#2695 = ORIENTED_EDGE('',*,*,#2657,.T.);
#2696 = ORIENTED_EDGE('',*,*,#2697,.T.);
#2697 = EDGE_CURVE('',#2660,#2475,#2698,.T.);
#2698 = CIRCLE('',#2699,0.2);
#2699 = AXIS2_PLACEMENT_3D('',#2700,#2701,#2702);
#2700 = CARTESIAN_POINT('',(1.2,0.9,0.85));
#2701 = DIRECTION('',(0.,1.,0.));
#2702 = DIRECTION('',(0.,-0.,1.));
#2703 = CYLINDRICAL_SURFACE('',#2704,0.2);
#2704 = AXIS2_PLACEMENT_3D('',#2705,#2706,#2707);
#2705 = CARTESIAN_POINT('',(1.2,1.2,0.85));
#2706 = DIRECTION('',(-0.,-1.,-0.));
#2707 = DIRECTION('',(0.,0.,-1.));
#2708 = ADVANCED_FACE('',(#2709,#2719),#2789,.F.);
#2709 = FACE_BOUND('',#2710,.T.);
#2710 = EDGE_LOOP('',(#2711,#2718));
#2711 = ORIENTED_EDGE('',*,*,#2712,.F.);
#2712 = EDGE_CURVE('',#2417,#2425,#2713,.T.);
#2713 = CIRCLE('',#2714,0.141059027778);
#2714 = AXIS2_PLACEMENT_3D('',#2715,#2716,#2717);
#2715 = CARTESIAN_POINT('',(-1.021875,1.2,0.703125));
#2716 = DIRECTION('',(0.,1.,0.));
#2717 = DIRECTION('',(0.,-0.,1.));
#2718 = ORIENTED_EDGE('',*,*,#2424,.F.);
#2719 = FACE_BOUND('',#2720,.T.);
#2720 = EDGE_LOOP('',(#2721,#2731,#2740,#2748,#2757,#2765,#2774,#2782));
#2721 = ORIENTED_EDGE('',*,*,#2722,.T.);
#2722 = EDGE_CURVE('',#2723,#2725,#2727,.T.);
#2723 = VERTEX_POINT('',#2724);
#2724 = CARTESIAN_POINT('',(-1.2,1.2,1.));
#2725 = VERTEX_POINT('',#2726);
#2726 = CARTESIAN_POINT('',(1.2,1.2,1.));
#2727 = LINE('',#2728,#2729);
#2728 = CARTESIAN_POINT('',(1.2,1.2,1.));
#2729 = VECTOR('',#2730,1.);
#2730 = DIRECTION('',(1.,0.,0.));
#2731 = ORIENTED_EDGE('',*,*,#2732,.T.);
#2732 = EDGE_CURVE('',#2725,#2733,#2735,.T.);
#2733 = VERTEX_POINT('',#2734);
#2734 = CARTESIAN_POINT('',(1.35,1.2,0.85));
#2735 = CIRCLE('',#2736,0.15);
#2736 = AXIS2_PLACEMENT_3D('',#2737,#2738,#2739);
#2737 = CARTESIAN_POINT('',(1.2,1.2,0.85));
#2738 = DIRECTION('',(0.,1.,0.));
#2739 = DIRECTION('',(0.,-0.,-1.));
#2740 = ORIENTED_EDGE('',*,*,#2741,.T.);
#2741 = EDGE_CURVE('',#2733,#2742,#2744,.T.);
#2742 = VERTEX_POINT('',#2743);
#2743 = CARTESIAN_POINT('',(1.35,1.2,-0.85));
#2744 = LINE('',#2745,#2746);
#2745 = CARTESIAN_POINT('',(1.35,1.2,-0.85));
#2746 = VECTOR('',#2747,1.);
#2747 = DIRECTION('',(0.,0.,-1.));
#2748 = ORIENTED_EDGE('',*,*,#2749,.T.);
#2749 = EDGE_CURVE('',#2742,#2750,#2752,.T.);
#2750 = VERTEX_POINT('',#2751);
#2751 = CARTESIAN_POINT('',(1.2,1.2,-1.));
#2752 = CIRCLE('',#2753,0.15);
#2753 = AXIS2_PLACEMENT_3D('',#2754,#2755,#2756);
#2754 = CARTESIAN_POINT('',(1.2,1.2,-0.85));
#2755 = DIRECTION('',(0.,1.,0.));
#2756 = DIRECTION('',(0.,-0.,-1.));
#2757 = ORIENTED_EDGE('',*,*,#2758,.T.);
#2758 = EDGE_CURVE('',#2750,#2759,#2761,.T.);
#2759 = VERTEX_POINT('',#2760);
#2760 = CARTESIAN_POINT('',(-1.2,1.2,-1.));
#2761 = LINE('',#2762,#2763);
#2762 = CARTESIAN_POINT('',(-1.2,1.2,-1.));
#2763 = VECTOR('',#2764,1.);
#2764 = DIRECTION('',(-1.,-0.,-9.035018104046E-17));
#2765 = ORIENTED_EDGE('',*,*,#2766,.T.);
#2766 = EDGE_CURVE('',#2759,#2767,#2769,.T.);
#2767 = VERTEX_POINT('',#2768);
#2768 = CARTESIAN_POINT('',(-1.35,1.2,-0.85));
#2769 = CIRCLE('',#2770,0.15);
#2770 = AXIS2_PLACEMENT_3D('',#2771,#2772,#2773);
#2771 = CARTESIAN_POINT('',(-1.2,1.2,-0.85));
#2772 = DIRECTION('',(0.,1.,0.));
#2773 = DIRECTION('',(0.,-0.,-1.));
#2774 = ORIENTED_EDGE('',*,*,#2775,.T.);
#2775 = EDGE_CURVE('',#2767,#2776,#2778,.T.);
#2776 = VERTEX_POINT('',#2777);
#2777 = CARTESIAN_POINT('',(-1.35,1.2,0.85));
#2778 = LINE('',#2779,#2780);
#2779 = CARTESIAN_POINT('',(-1.35,1.2,0.85));
#2780 = VECTOR('',#2781,1.);
#2781 = DIRECTION('',(-0.,-0.,1.));
#2782 = ORIENTED_EDGE('',*,*,#2783,.T.);
#2783 = EDGE_CURVE('',#2776,#2723,#2784,.T.);
#2784 = CIRCLE('',#2785,0.15);
#2785 = AXIS2_PLACEMENT_3D('',#2786,#2787,#2788);
#2786 = CARTESIAN_POINT('',(-1.2,1.2,0.85));
#2787 = DIRECTION('',(0.,1.,0.));
#2788 = DIRECTION('',(0.,-0.,-1.));
#2789 = PLANE('',#2790);
#2790 = AXIS2_PLACEMENT_3D('',#2791,#2792,#2793);
#2791 = CARTESIAN_POINT('',(1.2,1.2,-0.85));
#2792 = DIRECTION('',(0.,-1.,0.));
#2793 = DIRECTION('',(0.,-0.,-1.));
#2794 = ADVANCED_FACE('',(#2795),#2805,.T.);
#2795 = FACE_BOUND('',#2796,.T.);
#2796 = EDGE_LOOP('',(#2797,#2798,#2799,#2800,#2801,#2802,#2803,#2804));
#2797 = ORIENTED_EDGE('',*,*,#2482,.F.);
#2798 = ORIENTED_EDGE('',*,*,#2697,.F.);
#2799 = ORIENTED_EDGE('',*,*,#2674,.F.);
#2800 = ORIENTED_EDGE('',*,*,#2642,.T.);
#2801 = ORIENTED_EDGE('',*,*,#2610,.T.);
#2802 = ORIENTED_EDGE('',*,*,#2578,.T.);
#2803 = ORIENTED_EDGE('',*,*,#2546,.T.);
#2804 = ORIENTED_EDGE('',*,*,#2514,.T.);
#2805 = PLANE('',#2806);
#2806 = AXIS2_PLACEMENT_3D('',#2807,#2808,#2809);
#2807 = CARTESIAN_POINT('',(1.2,0.9,-0.85));
#2808 = DIRECTION('',(0.,-1.,0.));
#2809 = DIRECTION('',(0.,-0.,-1.));
#2810 = ADVANCED_FACE('',(#2811),#2829,.T.);
#2811 = FACE_BOUND('',#2812,.T.);
#2812 = EDGE_LOOP('',(#2813,#2820,#2821,#2828));
#2813 = ORIENTED_EDGE('',*,*,#2814,.F.);
#2814 = EDGE_CURVE('',#2530,#2759,#2815,.T.);
#2815 = CIRCLE('',#2816,5.E-02);
#2816 = AXIS2_PLACEMENT_3D('',#2817,#2818,#2819);
#2817 = CARTESIAN_POINT('',(-1.2,1.15,-1.));
#2818 = DIRECTION('',(1.,-0.,0.));
#2819 = DIRECTION('',(0.,0.,-1.));
#2820 = ORIENTED_EDGE('',*,*,#2570,.F.);
#2821 = ORIENTED_EDGE('',*,*,#2822,.F.);
#2822 = EDGE_CURVE('',#2767,#2561,#2823,.T.);
#2823 = CIRCLE('',#2824,5.E-02);
#2824 = AXIS2_PLACEMENT_3D('',#2825,#2826,#2827);
#2825 = CARTESIAN_POINT('',(-1.35,1.15,-0.85));
#2826 = DIRECTION('',(0.,-0.,1.));
#2827 = DIRECTION('',(1.,0.,0.));
#2828 = ORIENTED_EDGE('',*,*,#2766,.F.);
#2829 = TOROIDAL_SURFACE('',#2830,0.15,5.E-02);
#2830 = AXIS2_PLACEMENT_3D('',#2831,#2832,#2833);
#2831 = CARTESIAN_POINT('',(-1.2,1.15,-0.85));
#2832 = DIRECTION('',(-0.,-1.,0.));
#2833 = DIRECTION('',(-0.,0.,-1.));
#2834 = ADVANCED_FACE('',(#2835),#2847,.T.);
#2835 = FACE_BOUND('',#2836,.T.);
#2836 = EDGE_LOOP('',(#2837,#2838,#2839,#2846));
#2837 = ORIENTED_EDGE('',*,*,#2822,.T.);
#2838 = ORIENTED_EDGE('',*,*,#2603,.F.);
#2839 = ORIENTED_EDGE('',*,*,#2840,.F.);
#2840 = EDGE_CURVE('',#2776,#2594,#2841,.T.);
#2841 = CIRCLE('',#2842,5.E-02);
#2842 = AXIS2_PLACEMENT_3D('',#2843,#2844,#2845);
#2843 = CARTESIAN_POINT('',(-1.35,1.15,0.85));
#2844 = DIRECTION('',(0.,-0.,1.));
#2845 = DIRECTION('',(1.,0.,0.));
#2846 = ORIENTED_EDGE('',*,*,#2775,.F.);
#2847 = CYLINDRICAL_SURFACE('',#2848,5.E-02);
#2848 = AXIS2_PLACEMENT_3D('',#2849,#2850,#2851);
#2849 = CARTESIAN_POINT('',(-1.35,1.15,0.85));
#2850 = DIRECTION('',(0.,0.,1.));
#2851 = DIRECTION('',(1.,0.,-0.));
#2852 = ADVANCED_FACE('',(#2853),#2865,.T.);
#2853 = FACE_BOUND('',#2854,.T.);
#2854 = EDGE_LOOP('',(#2855,#2856,#2857,#2864));
#2855 = ORIENTED_EDGE('',*,*,#2814,.T.);
#2856 = ORIENTED_EDGE('',*,*,#2758,.F.);
#2857 = ORIENTED_EDGE('',*,*,#2858,.F.);
#2858 = EDGE_CURVE('',#2497,#2750,#2859,.T.);
#2859 = CIRCLE('',#2860,5.E-02);
#2860 = AXIS2_PLACEMENT_3D('',#2861,#2862,#2863);
#2861 = CARTESIAN_POINT('',(1.2,1.15,-1.));
#2862 = DIRECTION('',(1.,-0.,0.));
#2863 = DIRECTION('',(0.,0.,-1.));
#2864 = ORIENTED_EDGE('',*,*,#2539,.F.);
#2865 = CYLINDRICAL_SURFACE('',#2866,5.E-02);
#2866 = AXIS2_PLACEMENT_3D('',#2867,#2868,#2869);
#2867 = CARTESIAN_POINT('',(-1.2,1.15,-1.));
#2868 = DIRECTION('',(-1.,0.,-9.035018104046E-17));
#2869 = DIRECTION('',(-9.035018104046E-17,0.,1.));
#2870 = ADVANCED_FACE('',(#2871),#2883,.T.);
#2871 = FACE_BOUND('',#2872,.T.);
#2872 = EDGE_LOOP('',(#2873,#2874,#2875,#2882));
#2873 = ORIENTED_EDGE('',*,*,#2840,.T.);
#2874 = ORIENTED_EDGE('',*,*,#2634,.F.);
#2875 = ORIENTED_EDGE('',*,*,#2876,.F.);
#2876 = EDGE_CURVE('',#2723,#2625,#2877,.T.);
#2877 = CIRCLE('',#2878,5.E-02);
#2878 = AXIS2_PLACEMENT_3D('',#2879,#2880,#2881);
#2879 = CARTESIAN_POINT('',(-1.2,1.15,1.));
#2880 = DIRECTION('',(1.,0.,0.));
#2881 = DIRECTION('',(0.,0.,-1.));
#2882 = ORIENTED_EDGE('',*,*,#2783,.F.);
#2883 = TOROIDAL_SURFACE('',#2884,0.15,5.E-02);
#2884 = AXIS2_PLACEMENT_3D('',#2885,#2886,#2887);
#2885 = CARTESIAN_POINT('',(-1.2,1.15,0.85));
#2886 = DIRECTION('',(-0.,-1.,0.));
#2887 = DIRECTION('',(-0.,0.,-1.));
#2888 = ADVANCED_FACE('',(#2889),#2901,.T.);
#2889 = FACE_BOUND('',#2890,.T.);
#2890 = EDGE_LOOP('',(#2891,#2892,#2893,#2900));
#2891 = ORIENTED_EDGE('',*,*,#2858,.T.);
#2892 = ORIENTED_EDGE('',*,*,#2749,.F.);
#2893 = ORIENTED_EDGE('',*,*,#2894,.F.);
#2894 = EDGE_CURVE('',#2457,#2742,#2895,.T.);
#2895 = CIRCLE('',#2896,5.E-02);
#2896 = AXIS2_PLACEMENT_3D('',#2897,#2898,#2899);
#2897 = CARTESIAN_POINT('',(1.35,1.15,-0.85));
#2898 = DIRECTION('',(0.,-0.,1.));
#2899 = DIRECTION('',(1.,0.,0.));
#2900 = ORIENTED_EDGE('',*,*,#2506,.F.);
#2901 = TOROIDAL_SURFACE('',#2902,0.15,5.E-02);
#2902 = AXIS2_PLACEMENT_3D('',#2903,#2904,#2905);
#2903 = CARTESIAN_POINT('',(1.2,1.15,-0.85));
#2904 = DIRECTION('',(-0.,-1.,0.));
#2905 = DIRECTION('',(-0.,0.,-1.));
#2906 = ADVANCED_FACE('',(#2907),#2919,.T.);
#2907 = FACE_BOUND('',#2908,.T.);
#2908 = EDGE_LOOP('',(#2909,#2910,#2911,#2918));
#2909 = ORIENTED_EDGE('',*,*,#2876,.T.);
#2910 = ORIENTED_EDGE('',*,*,#2667,.F.);
#2911 = ORIENTED_EDGE('',*,*,#2912,.F.);
#2912 = EDGE_CURVE('',#2725,#2658,#2913,.T.);
#2913 = CIRCLE('',#2914,5.E-02);
#2914 = AXIS2_PLACEMENT_3D('',#2915,#2916,#2917);
#2915 = CARTESIAN_POINT('',(1.2,1.15,1.));
#2916 = DIRECTION('',(1.,0.,0.));
#2917 = DIRECTION('',(0.,0.,-1.));
#2918 = ORIENTED_EDGE('',*,*,#2722,.F.);
#2919 = CYLINDRICAL_SURFACE('',#2920,5.E-02);
#2920 = AXIS2_PLACEMENT_3D('',#2921,#2922,#2923);
#2921 = CARTESIAN_POINT('',(1.2,1.15,1.));
#2922 = DIRECTION('',(1.,0.,0.));
#2923 = DIRECTION('',(0.,0.,-1.));
#2924 = ADVANCED_FACE('',(#2925),#2937,.T.);
#2925 = FACE_BOUND('',#2926,.T.);
#2926 = EDGE_LOOP('',(#2927,#2928,#2929,#2936));
#2927 = ORIENTED_EDGE('',*,*,#2894,.T.);
#2928 = ORIENTED_EDGE('',*,*,#2741,.F.);
#2929 = ORIENTED_EDGE('',*,*,#2930,.F.);
#2930 = EDGE_CURVE('',#2467,#2733,#2931,.T.);
#2931 = CIRCLE('',#2932,5.E-02);
#2932 = AXIS2_PLACEMENT_3D('',#2933,#2934,#2935);
#2933 = CARTESIAN_POINT('',(1.35,1.15,0.85));
#2934 = DIRECTION('',(0.,0.,1.));
#2935 = DIRECTION('',(1.,0.,-0.));
#2936 = ORIENTED_EDGE('',*,*,#2466,.F.);
#2937 = CYLINDRICAL_SURFACE('',#2938,5.E-02);
#2938 = AXIS2_PLACEMENT_3D('',#2939,#2940,#2941);
#2939 = CARTESIAN_POINT('',(1.35,1.15,-0.85));
#2940 = DIRECTION('',(0.,0.,-1.));
#2941 = DIRECTION('',(-1.,0.,0.));
#2942 = ADVANCED_FACE('',(#2943),#2949,.T.);
#2943 = FACE_BOUND('',#2944,.T.);
#2944 = EDGE_LOOP('',(#2945,#2946,#2947,#2948));
#2945 = ORIENTED_EDGE('',*,*,#2912,.T.);
#2946 = ORIENTED_EDGE('',*,*,#2689,.F.);
#2947 = ORIENTED_EDGE('',*,*,#2930,.T.);
#2948 = ORIENTED_EDGE('',*,*,#2732,.F.);
#2949 = TOROIDAL_SURFACE('',#2950,0.15,5.E-02);
#2950 = AXIS2_PLACEMENT_3D('',#2951,#2952,#2953);
#2951 = CARTESIAN_POINT('',(1.2,1.15,0.85));
#2952 = DIRECTION('',(-0.,-1.,0.));
#2953 = DIRECTION('',(-0.,0.,-1.));
#2954 = ADVANCED_FACE('',(#2955),#2967,.F.);
#2955 = FACE_BOUND('',#2956,.F.);
#2956 = EDGE_LOOP('',(#2957,#2958,#2959,#2966));
#2957 = ORIENTED_EDGE('',*,*,#2712,.F.);
#2958 = ORIENTED_EDGE('',*,*,#2414,.F.);
#2959 = ORIENTED_EDGE('',*,*,#2960,.T.);
#2960 = EDGE_CURVE('',#2415,#2434,#2961,.T.);
#2961 = CIRCLE('',#2962,0.141059027778);
#2962 = AXIS2_PLACEMENT_3D('',#2963,#2964,#2965);
#2963 = CARTESIAN_POINT('',(-1.021875,1.15,0.703125));
#2964 = DIRECTION('',(0.,1.,0.));
#2965 = DIRECTION('',(0.,-0.,1.));
#2966 = ORIENTED_EDGE('',*,*,#2433,.T.);
#2967 = CYLINDRICAL_SURFACE('',#2968,0.141059027778);
#2968 = AXIS2_PLACEMENT_3D('',#2969,#2970,#2971);
#2969 = CARTESIAN_POINT('',(-1.021875,1.15,0.703125));
#2970 = DIRECTION('',(-0.,1.,-0.));
#2971 = DIRECTION('',(0.,0.,1.));
#2972 = ADVANCED_FACE('',(#2973),#2977,.T.);
#2973 = FACE_BOUND('',#2974,.T.);
#2974 = EDGE_LOOP('',(#2975,#2976));
#2975 = ORIENTED_EDGE('',*,*,#2960,.T.);
#2976 = ORIENTED_EDGE('',*,*,#2441,.T.);
#2977 = PLANE('',#2978);
#2978 = AXIS2_PLACEMENT_3D('',#2979,#2980,#2981);
#2979 = CARTESIAN_POINT('',(-1.021875,1.15,0.703125));
#2980 = DIRECTION('',(0.,1.,0.));
#2981 = DIRECTION('',(0.,-0.,1.));
#2982 = ( GEOMETRIC_REPRESENTATION_CONTEXT(3) 
GLOBAL_UNCERTAINTY_ASSIGNED_CONTEXT((#2986)) 
GLOBAL_UNIT_ASSIGNED_CONTEXT((#2983,#2984,#2985)) REPRESENTATION_CONTEXT
('Context #1','3D Context with UNIT and UNCERTAINTY') );
#2983 = ( LENGTH_UNIT() NAMED_UNIT(*) SI_UNIT(.MILLI.,.METRE.) );
#2984 = ( NAMED_UNIT(*) PLANE_ANGLE_UNIT() SI_UNIT($,.RADIAN.) );
#2985 = ( NAMED_UNIT(*) SI_UNIT($,.STERADIAN.) SOLID_ANGLE_UNIT() );
#2986 = UNCERTAINTY_MEASURE_WITH_UNIT(LENGTH_MEASURE(1.E-07),#2983,
  'distance_accuracy_value','confusion accuracy');
#2987 = CONTEXT_DEPENDENT_SHAPE_REPRESENTATION(#2988,#2990);
#2988 = ( REPRESENTATION_RELATIONSHIP('','',#2407,#10) 
REPRESENTATION_RELATIONSHIP_WITH_TRANSFORMATION(#2989) 
SHAPE_REPRESENTATION_RELATIONSHIP() );
#2989 = ITEM_DEFINED_TRANSFORMATION('','',#11,#23);
#2990 = PRODUCT_DEFINITION_SHAPE('Placement','Placement of an item',
  #2991);
#2991 = NEXT_ASSEMBLY_USAGE_OCCURRENCE('5','TCXO-3225-003','',#5,#2402,$
  );
#2992 = PRODUCT_RELATED_PRODUCT_CATEGORY('part',$,(#2404));
#2993 = SHAPE_DEFINITION_REPRESENTATION(#2994,#3000);
#2994 = PRODUCT_DEFINITION_SHAPE('','',#2995);
#2995 = PRODUCT_DEFINITION('design','',#2996,#2999);
#2996 = PRODUCT_DEFINITION_FORMATION('','',#2997);
#2997 = PRODUCT('TCXO-3225-004','TCXO-3225-004','',(#2998));
#2998 = PRODUCT_CONTEXT('',#2,'mechanical');
#2999 = PRODUCT_DEFINITION_CONTEXT('part definition',#2,'design');
#3000 = ADVANCED_BREP_SHAPE_REPRESENTATION('',(#11,#3001),#3089);
#3001 = MANIFOLD_SOLID_BREP('',#3002);
#3002 = CLOSED_SHELL('',(#3003,#3045,#3069,#3079));
#3003 = ADVANCED_FACE('',(#3004),#3040,.T.);
#3004 = FACE_BOUND('',#3005,.T.);
#3005 = EDGE_LOOP('',(#3006,#3017,#3025,#3034));
#3006 = ORIENTED_EDGE('',*,*,#3007,.F.);
#3007 = EDGE_CURVE('',#3008,#3010,#3012,.T.);
#3008 = VERTEX_POINT('',#3009);
#3009 = CARTESIAN_POINT('',(-1.021875,1.2,0.844184027778));
#3010 = VERTEX_POINT('',#3011);
#3011 = CARTESIAN_POINT('',(-1.021875,1.2,0.562065972222));
#3012 = CIRCLE('',#3013,0.141059027778);
#3013 = AXIS2_PLACEMENT_3D('',#3014,#3015,#3016);
#3014 = CARTESIAN_POINT('',(-1.021875,1.2,0.703125));
#3015 = DIRECTION('',(0.,1.,0.));
#3016 = DIRECTION('',(0.,-0.,1.));
#3017 = ORIENTED_EDGE('',*,*,#3018,.T.);
#3018 = EDGE_CURVE('',#3008,#3019,#3021,.T.);
#3019 = VERTEX_POINT('',#3020);
#3020 = CARTESIAN_POINT('',(-1.021875,1.15,0.844184027778));
#3021 = LINE('',#3022,#3023);
#3022 = CARTESIAN_POINT('',(-1.021875,1.2,0.844184027778));
#3023 = VECTOR('',#3024,1.);
#3024 = DIRECTION('',(-0.,-1.,-0.));
#3025 = ORIENTED_EDGE('',*,*,#3026,.T.);
#3026 = EDGE_CURVE('',#3019,#3027,#3029,.T.);
#3027 = VERTEX_POINT('',#3028);
#3028 = CARTESIAN_POINT('',(-1.021875,1.15,0.562065972222));
#3029 = CIRCLE('',#3030,0.141059027778);
#3030 = AXIS2_PLACEMENT_3D('',#3031,#3032,#3033);
#3031 = CARTESIAN_POINT('',(-1.021875,1.15,0.703125));
#3032 = DIRECTION('',(0.,1.,0.));
#3033 = DIRECTION('',(0.,-0.,1.));
#3034 = ORIENTED_EDGE('',*,*,#3035,.F.);
#3035 = EDGE_CURVE('',#3010,#3027,#3036,.T.);
#3036 = LINE('',#3037,#3038);
#3037 = CARTESIAN_POINT('',(-1.021875,1.2,0.562065972222));
#3038 = VECTOR('',#3039,1.);
#3039 = DIRECTION('',(-0.,-1.,-0.));
#3040 = CYLINDRICAL_SURFACE('',#3041,0.141059027778);
#3041 = AXIS2_PLACEMENT_3D('',#3042,#3043,#3044);
#3042 = CARTESIAN_POINT('',(-1.021875,1.2,0.703125));
#3043 = DIRECTION('',(-0.,-1.,-0.));
#3044 = DIRECTION('',(0.,0.,-1.));
#3045 = ADVANCED_FACE('',(#3046),#3064,.T.);
#3046 = FACE_BOUND('',#3047,.T.);
#3047 = EDGE_LOOP('',(#3048,#3049,#3056,#3057));
#3048 = ORIENTED_EDGE('',*,*,#3018,.F.);
#3049 = ORIENTED_EDGE('',*,*,#3050,.F.);
#3050 = EDGE_CURVE('',#3010,#3008,#3051,.T.);
#3051 = CIRCLE('',#3052,0.141059027778);
#3052 = AXIS2_PLACEMENT_3D('',#3053,#3054,#3055);
#3053 = CARTESIAN_POINT('',(-1.021875,1.2,0.703125));
#3054 = DIRECTION('',(0.,1.,0.));
#3055 = DIRECTION('',(0.,-0.,1.));
#3056 = ORIENTED_EDGE('',*,*,#3035,.T.);
#3057 = ORIENTED_EDGE('',*,*,#3058,.T.);
#3058 = EDGE_CURVE('',#3027,#3019,#3059,.T.);
#3059 = CIRCLE('',#3060,0.141059027778);
#3060 = AXIS2_PLACEMENT_3D('',#3061,#3062,#3063);
#3061 = CARTESIAN_POINT('',(-1.021875,1.15,0.703125));
#3062 = DIRECTION('',(0.,1.,0.));
#3063 = DIRECTION('',(0.,-0.,1.));
#3064 = CYLINDRICAL_SURFACE('',#3065,0.141059027778);
#3065 = AXIS2_PLACEMENT_3D('',#3066,#3067,#3068);
#3066 = CARTESIAN_POINT('',(-1.021875,1.2,0.703125));
#3067 = DIRECTION('',(-0.,-1.,-0.));
#3068 = DIRECTION('',(0.,0.,-1.));
#3069 = ADVANCED_FACE('',(#3070),#3074,.T.);
#3070 = FACE_BOUND('',#3071,.T.);
#3071 = EDGE_LOOP('',(#3072,#3073));
#3072 = ORIENTED_EDGE('',*,*,#3050,.T.);
#3073 = ORIENTED_EDGE('',*,*,#3007,.T.);
#3074 = PLANE('',#3075);
#3075 = AXIS2_PLACEMENT_3D('',#3076,#3077,#3078);
#3076 = CARTESIAN_POINT('',(-1.021875,1.2,0.703125));
#3077 = DIRECTION('',(0.,1.,0.));
#3078 = DIRECTION('',(0.,-0.,1.));
#3079 = ADVANCED_FACE('',(#3080),#3084,.F.);
#3080 = FACE_BOUND('',#3081,.T.);
#3081 = EDGE_LOOP('',(#3082,#3083));
#3082 = ORIENTED_EDGE('',*,*,#3058,.F.);
#3083 = ORIENTED_EDGE('',*,*,#3026,.F.);
#3084 = PLANE('',#3085);
#3085 = AXIS2_PLACEMENT_3D('',#3086,#3087,#3088);
#3086 = CARTESIAN_POINT('',(-1.021875,1.15,0.703125));
#3087 = DIRECTION('',(0.,1.,0.));
#3088 = DIRECTION('',(0.,-0.,1.));
#3089 = ( GEOMETRIC_REPRESENTATION_CONTEXT(3) 
GLOBAL_UNCERTAINTY_ASSIGNED_CONTEXT((#3093)) 
GLOBAL_UNIT_ASSIGNED_CONTEXT((#3090,#3091,#3092)) REPRESENTATION_CONTEXT
('Context #1','3D Context with UNIT and UNCERTAINTY') );
#3090 = ( LENGTH_UNIT() NAMED_UNIT(*) SI_UNIT(.MILLI.,.METRE.) );
#3091 = ( NAMED_UNIT(*) PLANE_ANGLE_UNIT() SI_UNIT($,.RADIAN.) );
#3092 = ( NAMED_UNIT(*) SI_UNIT($,.STERADIAN.) SOLID_ANGLE_UNIT() );
#3093 = UNCERTAINTY_MEASURE_WITH_UNIT(LENGTH_MEASURE(1.E-07),#3090,
  'distance_accuracy_value','confusion accuracy');
#3094 = CONTEXT_DEPENDENT_SHAPE_REPRESENTATION(#3095,#3097);
#3095 = ( REPRESENTATION_RELATIONSHIP('','',#3000,#10) 
REPRESENTATION_RELATIONSHIP_WITH_TRANSFORMATION(#3096) 
SHAPE_REPRESENTATION_RELATIONSHIP() );
#3096 = ITEM_DEFINED_TRANSFORMATION('','',#11,#27);
#3097 = PRODUCT_DEFINITION_SHAPE('Placement','Placement of an item',
  #3098);
#3098 = NEXT_ASSEMBLY_USAGE_OCCURRENCE('6','TCXO-3225-004','',#5,#2995,$
  );
#3099 = PRODUCT_RELATED_PRODUCT_CATEGORY('part',$,(#2997));
#3100 = SHAPE_DEFINITION_REPRESENTATION(#3101,#3107);
#3101 = PRODUCT_DEFINITION_SHAPE('','',#3102);
#3102 = PRODUCT_DEFINITION('design','',#3103,#3106);
#3103 = PRODUCT_DEFINITION_FORMATION('','',#3104);
#3104 = PRODUCT('TCXO-3225-005','TCXO-3225-005','',(#3105));
#3105 = PRODUCT_CONTEXT('',#2,'mechanical');
#3106 = PRODUCT_DEFINITION_CONTEXT('part definition',#2,'design');
#3107 = ADVANCED_BREP_SHAPE_REPRESENTATION('',(#11,#3108),#3429);
#3108 = MANIFOLD_SOLID_BREP('',#3109);
#3109 = CLOSED_SHELL('',(#3110,#3193,#3224,#3249,#3273,#3297,#3321,#3345
    ,#3370,#3394,#3412));
#3110 = ADVANCED_FACE('',(#3111),#3188,.F.);
#3111 = FACE_BOUND('',#3112,.T.);
#3112 = EDGE_LOOP('',(#3113,#3124,#3132,#3141,#3149,#3157,#3165,#3173,
    #3182));
#3113 = ORIENTED_EDGE('',*,*,#3114,.F.);
#3114 = EDGE_CURVE('',#3115,#3117,#3119,.T.);
#3115 = VERTEX_POINT('',#3116);
#3116 = CARTESIAN_POINT('',(1.6,0.4,1.15));
#3117 = VERTEX_POINT('',#3118);
#3118 = CARTESIAN_POINT('',(1.5,0.4,1.25));
#3119 = CIRCLE('',#3120,0.1);
#3120 = AXIS2_PLACEMENT_3D('',#3121,#3122,#3123);
#3121 = CARTESIAN_POINT('',(1.6,0.4,1.25));
#3122 = DIRECTION('',(-0.,1.,0.));
#3123 = DIRECTION('',(0.,0.,-1.));
#3124 = ORIENTED_EDGE('',*,*,#3125,.F.);
#3125 = EDGE_CURVE('',#3126,#3115,#3128,.T.);
#3126 = VERTEX_POINT('',#3127);
#3127 = CARTESIAN_POINT('',(1.6,0.4,1.075));
#3128 = LINE('',#3129,#3130);
#3129 = CARTESIAN_POINT('',(1.6,0.4,1.075));
#3130 = VECTOR('',#3131,1.);
#3131 = DIRECTION('',(0.,0.,1.));
#3132 = ORIENTED_EDGE('',*,*,#3133,.F.);
#3133 = EDGE_CURVE('',#3134,#3126,#3136,.T.);
#3134 = VERTEX_POINT('',#3135);
#3135 = CARTESIAN_POINT('',(1.5,0.4,1.106385933837));
#3136 = CIRCLE('',#3137,0.175);
#3137 = AXIS2_PLACEMENT_3D('',#3138,#3139,#3140);
#3138 = CARTESIAN_POINT('',(1.6,0.4,1.25));
#3139 = DIRECTION('',(0.,-1.,0.));
#3140 = DIRECTION('',(0.,0.,-1.));
#3141 = ORIENTED_EDGE('',*,*,#3142,.F.);
#3142 = EDGE_CURVE('',#3143,#3134,#3145,.T.);
#3143 = VERTEX_POINT('',#3144);
#3144 = CARTESIAN_POINT('',(1.5,0.4,0.5));
#3145 = LINE('',#3146,#3147);
#3146 = CARTESIAN_POINT('',(1.5,0.4,0.5));
#3147 = VECTOR('',#3148,1.);
#3148 = DIRECTION('',(0.,0.,1.));
#3149 = ORIENTED_EDGE('',*,*,#3150,.F.);
#3150 = EDGE_CURVE('',#3151,#3143,#3153,.T.);
#3151 = VERTEX_POINT('',#3152);
#3152 = CARTESIAN_POINT('',(0.6,0.4,0.5));
#3153 = LINE('',#3154,#3155);
#3154 = CARTESIAN_POINT('',(0.6,0.4,0.5));
#3155 = VECTOR('',#3156,1.);
#3156 = DIRECTION('',(1.,0.,0.));
#3157 = ORIENTED_EDGE('',*,*,#3158,.F.);
#3158 = EDGE_CURVE('',#3159,#3151,#3161,.T.);
#3159 = VERTEX_POINT('',#3160);
#3160 = CARTESIAN_POINT('',(0.6,0.4,1.15));
#3161 = LINE('',#3162,#3163);
#3162 = CARTESIAN_POINT('',(0.6,0.4,1.15));
#3163 = VECTOR('',#3164,1.);
#3164 = DIRECTION('',(3.336006684571E-16,0.,-1.));
#3165 = ORIENTED_EDGE('',*,*,#3166,.F.);
#3166 = EDGE_CURVE('',#3167,#3159,#3169,.T.);
#3167 = VERTEX_POINT('',#3168);
#3168 = CARTESIAN_POINT('',(1.456385933837,0.4,1.15));
#3169 = LINE('',#3170,#3171);
#3170 = CARTESIAN_POINT('',(1.456385933837,0.4,1.15));
#3171 = VECTOR('',#3172,1.);
#3172 = DIRECTION('',(-1.,0.,-2.532041056836E-16));
#3173 = ORIENTED_EDGE('',*,*,#3174,.F.);
#3174 = EDGE_CURVE('',#3175,#3167,#3177,.T.);
#3175 = VERTEX_POINT('',#3176);
#3176 = CARTESIAN_POINT('',(1.425,0.4,1.25));
#3177 = CIRCLE('',#3178,0.175);
#3178 = AXIS2_PLACEMENT_3D('',#3179,#3180,#3181);
#3179 = CARTESIAN_POINT('',(1.6,0.4,1.25));
#3180 = DIRECTION('',(0.,-1.,0.));
#3181 = DIRECTION('',(0.,0.,-1.));
#3182 = ORIENTED_EDGE('',*,*,#3183,.F.);
#3183 = EDGE_CURVE('',#3117,#3175,#3184,.T.);
#3184 = LINE('',#3185,#3186);
#3185 = CARTESIAN_POINT('',(1.5,0.4,1.25));
#3186 = VECTOR('',#3187,1.);
#3187 = DIRECTION('',(-1.,0.,0.));
#3188 = PLANE('',#3189);
#3189 = AXIS2_PLACEMENT_3D('',#3190,#3191,#3192);
#3190 = CARTESIAN_POINT('',(1.6,0.4,1.25));
#3191 = DIRECTION('',(0.,-1.,0.));
#3192 = DIRECTION('',(0.,-0.,-1.));
#3193 = ADVANCED_FACE('',(#3194),#3219,.F.);
#3194 = FACE_BOUND('',#3195,.T.);
#3195 = EDGE_LOOP('',(#3196,#3204,#3212,#3218));
#3196 = ORIENTED_EDGE('',*,*,#3197,.F.);
#3197 = EDGE_CURVE('',#3198,#3115,#3200,.T.);
#3198 = VERTEX_POINT('',#3199);
#3199 = CARTESIAN_POINT('',(1.6,0.,1.15));
#3200 = LINE('',#3201,#3202);
#3201 = CARTESIAN_POINT('',(1.6,-1.25,1.15));
#3202 = VECTOR('',#3203,1.);
#3203 = DIRECTION('',(-0.,1.,-0.));
#3204 = ORIENTED_EDGE('',*,*,#3205,.T.);
#3205 = EDGE_CURVE('',#3198,#3206,#3208,.T.);
#3206 = VERTEX_POINT('',#3207);
#3207 = CARTESIAN_POINT('',(1.6,0.,1.075));
#3208 = LINE('',#3209,#3210);
#3209 = CARTESIAN_POINT('',(1.6,0.,1.075));
#3210 = VECTOR('',#3211,1.);
#3211 = DIRECTION('',(0.,0.,-1.));
#3212 = ORIENTED_EDGE('',*,*,#3213,.T.);
#3213 = EDGE_CURVE('',#3206,#3126,#3214,.T.);
#3214 = LINE('',#3215,#3216);
#3215 = CARTESIAN_POINT('',(1.6,-1.25,1.075));
#3216 = VECTOR('',#3217,1.);
#3217 = DIRECTION('',(-0.,1.,-0.));
#3218 = ORIENTED_EDGE('',*,*,#3125,.T.);
#3219 = PLANE('',#3220);
#3220 = AXIS2_PLACEMENT_3D('',#3221,#3222,#3223);
#3221 = CARTESIAN_POINT('',(1.6,-1.25,1.075));
#3222 = DIRECTION('',(-1.,0.,0.));
#3223 = DIRECTION('',(0.,0.,1.));
#3224 = ADVANCED_FACE('',(#3225),#3244,.T.);
#3225 = FACE_BOUND('',#3226,.T.);
#3226 = EDGE_LOOP('',(#3227,#3228,#3237,#3243));
#3227 = ORIENTED_EDGE('',*,*,#3213,.F.);
#3228 = ORIENTED_EDGE('',*,*,#3229,.T.);
#3229 = EDGE_CURVE('',#3206,#3230,#3232,.T.);
#3230 = VERTEX_POINT('',#3231);
#3231 = CARTESIAN_POINT('',(1.5,0.,1.106385933837));
#3232 = CIRCLE('',#3233,0.175);
#3233 = AXIS2_PLACEMENT_3D('',#3234,#3235,#3236);
#3234 = CARTESIAN_POINT('',(1.6,0.,1.25));
#3235 = DIRECTION('',(0.,1.,-0.));
#3236 = DIRECTION('',(0.,0.,1.));
#3237 = ORIENTED_EDGE('',*,*,#3238,.T.);
#3238 = EDGE_CURVE('',#3230,#3134,#3239,.T.);
#3239 = LINE('',#3240,#3241);
#3240 = CARTESIAN_POINT('',(1.5,-1.25,1.106385933837));
#3241 = VECTOR('',#3242,1.);
#3242 = DIRECTION('',(-0.,1.,-0.));
#3243 = ORIENTED_EDGE('',*,*,#3133,.T.);
#3244 = CYLINDRICAL_SURFACE('',#3245,0.175);
#3245 = AXIS2_PLACEMENT_3D('',#3246,#3247,#3248);
#3246 = CARTESIAN_POINT('',(1.6,-1.25,1.25));
#3247 = DIRECTION('',(-0.,1.,-0.));
#3248 = DIRECTION('',(0.,0.,1.));
#3249 = ADVANCED_FACE('',(#3250),#3268,.F.);
#3250 = FACE_BOUND('',#3251,.T.);
#3251 = EDGE_LOOP('',(#3252,#3253,#3261,#3267));
#3252 = ORIENTED_EDGE('',*,*,#3238,.F.);
#3253 = ORIENTED_EDGE('',*,*,#3254,.T.);
#3254 = EDGE_CURVE('',#3230,#3255,#3257,.T.);
#3255 = VERTEX_POINT('',#3256);
#3256 = CARTESIAN_POINT('',(1.5,0.,0.5));
#3257 = LINE('',#3258,#3259);
#3258 = CARTESIAN_POINT('',(1.5,0.,0.5));
#3259 = VECTOR('',#3260,1.);
#3260 = DIRECTION('',(0.,0.,-1.));
#3261 = ORIENTED_EDGE('',*,*,#3262,.T.);
#3262 = EDGE_CURVE('',#3255,#3143,#3263,.T.);
#3263 = LINE('',#3264,#3265);
#3264 = CARTESIAN_POINT('',(1.5,-1.25,0.5));
#3265 = VECTOR('',#3266,1.);
#3266 = DIRECTION('',(-0.,1.,-0.));
#3267 = ORIENTED_EDGE('',*,*,#3142,.T.);
#3268 = PLANE('',#3269);
#3269 = AXIS2_PLACEMENT_3D('',#3270,#3271,#3272);
#3270 = CARTESIAN_POINT('',(1.5,-1.25,0.5));
#3271 = DIRECTION('',(-1.,0.,0.));
#3272 = DIRECTION('',(0.,0.,1.));
#3273 = ADVANCED_FACE('',(#3274),#3292,.F.);
#3274 = FACE_BOUND('',#3275,.T.);
#3275 = EDGE_LOOP('',(#3276,#3277,#3285,#3291));
#3276 = ORIENTED_EDGE('',*,*,#3262,.F.);
#3277 = ORIENTED_EDGE('',*,*,#3278,.T.);
#3278 = EDGE_CURVE('',#3255,#3279,#3281,.T.);
#3279 = VERTEX_POINT('',#3280);
#3280 = CARTESIAN_POINT('',(0.6,0.,0.5));
#3281 = LINE('',#3282,#3283);
#3282 = CARTESIAN_POINT('',(0.6,0.,0.5));
#3283 = VECTOR('',#3284,1.);
#3284 = DIRECTION('',(-1.,0.,0.));
#3285 = ORIENTED_EDGE('',*,*,#3286,.T.);
#3286 = EDGE_CURVE('',#3279,#3151,#3287,.T.);
#3287 = LINE('',#3288,#3289);
#3288 = CARTESIAN_POINT('',(0.6,-1.25,0.5));
#3289 = VECTOR('',#3290,1.);
#3290 = DIRECTION('',(-0.,1.,-0.));
#3291 = ORIENTED_EDGE('',*,*,#3150,.T.);
#3292 = PLANE('',#3293);
#3293 = AXIS2_PLACEMENT_3D('',#3294,#3295,#3296);
#3294 = CARTESIAN_POINT('',(0.6,-1.25,0.5));
#3295 = DIRECTION('',(-0.,0.,1.));
#3296 = DIRECTION('',(1.,0.,0.));
#3297 = ADVANCED_FACE('',(#3298),#3316,.F.);
#3298 = FACE_BOUND('',#3299,.T.);
#3299 = EDGE_LOOP('',(#3300,#3301,#3309,#3315));
#3300 = ORIENTED_EDGE('',*,*,#3286,.F.);
#3301 = ORIENTED_EDGE('',*,*,#3302,.T.);
#3302 = EDGE_CURVE('',#3279,#3303,#3305,.T.);
#3303 = VERTEX_POINT('',#3304);
#3304 = CARTESIAN_POINT('',(0.6,0.,1.15));
#3305 = LINE('',#3306,#3307);
#3306 = CARTESIAN_POINT('',(0.6,0.,1.15));
#3307 = VECTOR('',#3308,1.);
#3308 = DIRECTION('',(-3.336006684571E-16,0.,1.));
#3309 = ORIENTED_EDGE('',*,*,#3310,.T.);
#3310 = EDGE_CURVE('',#3303,#3159,#3311,.T.);
#3311 = LINE('',#3312,#3313);
#3312 = CARTESIAN_POINT('',(0.6,-1.25,1.15));
#3313 = VECTOR('',#3314,1.);
#3314 = DIRECTION('',(-0.,1.,-0.));
#3315 = ORIENTED_EDGE('',*,*,#3158,.T.);
#3316 = PLANE('',#3317);
#3317 = AXIS2_PLACEMENT_3D('',#3318,#3319,#3320);
#3318 = CARTESIAN_POINT('',(0.6,-1.25,1.15));
#3319 = DIRECTION('',(1.,0.,3.336006684571E-16));
#3320 = DIRECTION('',(3.336006684571E-16,0.,-1.));
#3321 = ADVANCED_FACE('',(#3322),#3340,.F.);
#3322 = FACE_BOUND('',#3323,.T.);
#3323 = EDGE_LOOP('',(#3324,#3325,#3333,#3339));
#3324 = ORIENTED_EDGE('',*,*,#3310,.F.);
#3325 = ORIENTED_EDGE('',*,*,#3326,.T.);
#3326 = EDGE_CURVE('',#3303,#3327,#3329,.T.);
#3327 = VERTEX_POINT('',#3328);
#3328 = CARTESIAN_POINT('',(1.456385933837,0.,1.15));
#3329 = LINE('',#3330,#3331);
#3330 = CARTESIAN_POINT('',(1.456385933837,0.,1.15));
#3331 = VECTOR('',#3332,1.);
#3332 = DIRECTION('',(1.,0.,2.532041056836E-16));
#3333 = ORIENTED_EDGE('',*,*,#3334,.T.);
#3334 = EDGE_CURVE('',#3327,#3167,#3335,.T.);
#3335 = LINE('',#3336,#3337);
#3336 = CARTESIAN_POINT('',(1.456385933837,-1.25,1.15));
#3337 = VECTOR('',#3338,1.);
#3338 = DIRECTION('',(-0.,1.,-0.));
#3339 = ORIENTED_EDGE('',*,*,#3166,.T.);
#3340 = PLANE('',#3341);
#3341 = AXIS2_PLACEMENT_3D('',#3342,#3343,#3344);
#3342 = CARTESIAN_POINT('',(1.456385933837,-1.25,1.15));
#3343 = DIRECTION('',(2.532041056836E-16,0.,-1.));
#3344 = DIRECTION('',(-1.,0.,-2.532041056836E-16));
#3345 = ADVANCED_FACE('',(#3346),#3365,.T.);
#3346 = FACE_BOUND('',#3347,.T.);
#3347 = EDGE_LOOP('',(#3348,#3349,#3358,#3364));
#3348 = ORIENTED_EDGE('',*,*,#3334,.F.);
#3349 = ORIENTED_EDGE('',*,*,#3350,.T.);
#3350 = EDGE_CURVE('',#3327,#3351,#3353,.T.);
#3351 = VERTEX_POINT('',#3352);
#3352 = CARTESIAN_POINT('',(1.425,0.,1.25));
#3353 = CIRCLE('',#3354,0.175);
#3354 = AXIS2_PLACEMENT_3D('',#3355,#3356,#3357);
#3355 = CARTESIAN_POINT('',(1.6,0.,1.25));
#3356 = DIRECTION('',(0.,1.,-0.));
#3357 = DIRECTION('',(0.,0.,1.));
#3358 = ORIENTED_EDGE('',*,*,#3359,.T.);
#3359 = EDGE_CURVE('',#3351,#3175,#3360,.T.);
#3360 = LINE('',#3361,#3362);
#3361 = CARTESIAN_POINT('',(1.425,-1.25,1.25));
#3362 = VECTOR('',#3363,1.);
#3363 = DIRECTION('',(-0.,1.,-0.));
#3364 = ORIENTED_EDGE('',*,*,#3174,.T.);
#3365 = CYLINDRICAL_SURFACE('',#3366,0.175);
#3366 = AXIS2_PLACEMENT_3D('',#3367,#3368,#3369);
#3367 = CARTESIAN_POINT('',(1.6,-1.25,1.25));
#3368 = DIRECTION('',(-0.,1.,-0.));
#3369 = DIRECTION('',(0.,0.,1.));
#3370 = ADVANCED_FACE('',(#3371),#3389,.F.);
#3371 = FACE_BOUND('',#3372,.T.);
#3372 = EDGE_LOOP('',(#3373,#3374,#3382,#3388));
#3373 = ORIENTED_EDGE('',*,*,#3359,.F.);
#3374 = ORIENTED_EDGE('',*,*,#3375,.T.);
#3375 = EDGE_CURVE('',#3351,#3376,#3378,.T.);
#3376 = VERTEX_POINT('',#3377);
#3377 = CARTESIAN_POINT('',(1.5,0.,1.25));
#3378 = LINE('',#3379,#3380);
#3379 = CARTESIAN_POINT('',(1.5,0.,1.25));
#3380 = VECTOR('',#3381,1.);
#3381 = DIRECTION('',(1.,0.,0.));
#3382 = ORIENTED_EDGE('',*,*,#3383,.T.);
#3383 = EDGE_CURVE('',#3376,#3117,#3384,.T.);
#3384 = LINE('',#3385,#3386);
#3385 = CARTESIAN_POINT('',(1.5,-1.25,1.25));
#3386 = VECTOR('',#3387,1.);
#3387 = DIRECTION('',(-0.,1.,-0.));
#3388 = ORIENTED_EDGE('',*,*,#3183,.T.);
#3389 = PLANE('',#3390);
#3390 = AXIS2_PLACEMENT_3D('',#3391,#3392,#3393);
#3391 = CARTESIAN_POINT('',(1.5,-1.25,1.25));
#3392 = DIRECTION('',(-0.,0.,-1.));
#3393 = DIRECTION('',(-1.,0.,0.));
#3394 = ADVANCED_FACE('',(#3395),#3407,.F.);
#3395 = FACE_BOUND('',#3396,.F.);
#3396 = EDGE_LOOP('',(#3397,#3398,#3399,#3406));
#3397 = ORIENTED_EDGE('',*,*,#3114,.F.);
#3398 = ORIENTED_EDGE('',*,*,#3197,.F.);
#3399 = ORIENTED_EDGE('',*,*,#3400,.F.);
#3400 = EDGE_CURVE('',#3376,#3198,#3401,.T.);
#3401 = CIRCLE('',#3402,0.1);
#3402 = AXIS2_PLACEMENT_3D('',#3403,#3404,#3405);
#3403 = CARTESIAN_POINT('',(1.6,0.,1.25));
#3404 = DIRECTION('',(0.,-1.,0.));
#3405 = DIRECTION('',(0.,0.,1.));
#3406 = ORIENTED_EDGE('',*,*,#3383,.T.);
#3407 = CYLINDRICAL_SURFACE('',#3408,0.1);
#3408 = AXIS2_PLACEMENT_3D('',#3409,#3410,#3411);
#3409 = CARTESIAN_POINT('',(1.6,-1.25,1.25));
#3410 = DIRECTION('',(-0.,1.,-0.));
#3411 = DIRECTION('',(0.,0.,1.));
#3412 = ADVANCED_FACE('',(#3413),#3424,.F.);
#3413 = FACE_BOUND('',#3414,.T.);
#3414 = EDGE_LOOP('',(#3415,#3416,#3417,#3418,#3419,#3420,#3421,#3422,
    #3423));
#3415 = ORIENTED_EDGE('',*,*,#3375,.F.);
#3416 = ORIENTED_EDGE('',*,*,#3350,.F.);
#3417 = ORIENTED_EDGE('',*,*,#3326,.F.);
#3418 = ORIENTED_EDGE('',*,*,#3302,.F.);
#3419 = ORIENTED_EDGE('',*,*,#3278,.F.);
#3420 = ORIENTED_EDGE('',*,*,#3254,.F.);
#3421 = ORIENTED_EDGE('',*,*,#3229,.F.);
#3422 = ORIENTED_EDGE('',*,*,#3205,.F.);
#3423 = ORIENTED_EDGE('',*,*,#3400,.F.);
#3424 = PLANE('',#3425);
#3425 = AXIS2_PLACEMENT_3D('',#3426,#3427,#3428);
#3426 = CARTESIAN_POINT('',(0.,0.,0.));
#3427 = DIRECTION('',(0.,1.,-0.));
#3428 = DIRECTION('',(0.,0.,1.));
#3429 = ( GEOMETRIC_REPRESENTATION_CONTEXT(3) 
GLOBAL_UNCERTAINTY_ASSIGNED_CONTEXT((#3433)) 
GLOBAL_UNIT_ASSIGNED_CONTEXT((#3430,#3431,#3432)) REPRESENTATION_CONTEXT
('Context #1','3D Context with UNIT and UNCERTAINTY') );
#3430 = ( LENGTH_UNIT() NAMED_UNIT(*) SI_UNIT(.MILLI.,.METRE.) );
#3431 = ( NAMED_UNIT(*) PLANE_ANGLE_UNIT() SI_UNIT($,.RADIAN.) );
#3432 = ( NAMED_UNIT(*) SI_UNIT($,.STERADIAN.) SOLID_ANGLE_UNIT() );
#3433 = UNCERTAINTY_MEASURE_WITH_UNIT(LENGTH_MEASURE(1.E-07),#3430,
  'distance_accuracy_value','confusion accuracy');
#3434 = CONTEXT_DEPENDENT_SHAPE_REPRESENTATION(#3435,#3437);
#3435 = ( REPRESENTATION_RELATIONSHIP('','',#3107,#10) 
REPRESENTATION_RELATIONSHIP_WITH_TRANSFORMATION(#3436) 
SHAPE_REPRESENTATION_RELATIONSHIP() );
#3436 = ITEM_DEFINED_TRANSFORMATION('','',#11,#31);
#3437 = PRODUCT_DEFINITION_SHAPE('Placement','Placement of an item',
  #3438);
#3438 = NEXT_ASSEMBLY_USAGE_OCCURRENCE('7','TCXO-3225-005','',#5,#3102,$
  );
#3439 = PRODUCT_RELATED_PRODUCT_CATEGORY('part',$,(#3104));
#3440 = SHAPE_DEFINITION_REPRESENTATION(#3441,#3447);
#3441 = PRODUCT_DEFINITION_SHAPE('','',#3442);
#3442 = PRODUCT_DEFINITION('design','',#3443,#3446);
#3443 = PRODUCT_DEFINITION_FORMATION('','',#3444);
#3444 = PRODUCT('TCXO-3225-006','TCXO-3225-006','',(#3445));
#3445 = PRODUCT_CONTEXT('',#2,'mechanical');
#3446 = PRODUCT_DEFINITION_CONTEXT('part definition',#2,'design');
#3447 = ADVANCED_BREP_SHAPE_REPRESENTATION('',(#11,#3448),#3769);
#3448 = MANIFOLD_SOLID_BREP('',#3449);
#3449 = CLOSED_SHELL('',(#3450,#3533,#3616,#3638,#3655,#3672,#3689,#3706
    ,#3723,#3740,#3757));
#3450 = ADVANCED_FACE('',(#3451),#3528,.T.);
#3451 = FACE_BOUND('',#3452,.T.);
#3452 = EDGE_LOOP('',(#3453,#3464,#3472,#3481,#3489,#3497,#3505,#3513,
    #3522));
#3453 = ORIENTED_EDGE('',*,*,#3454,.F.);
#3454 = EDGE_CURVE('',#3455,#3457,#3459,.T.);
#3455 = VERTEX_POINT('',#3456);
#3456 = CARTESIAN_POINT('',(1.6,0.4,1.15));
#3457 = VERTEX_POINT('',#3458);
#3458 = CARTESIAN_POINT('',(1.5,0.4,1.25));
#3459 = CIRCLE('',#3460,0.1);
#3460 = AXIS2_PLACEMENT_3D('',#3461,#3462,#3463);
#3461 = CARTESIAN_POINT('',(1.6,0.4,1.25));
#3462 = DIRECTION('',(-0.,1.,0.));
#3463 = DIRECTION('',(0.,0.,1.));
#3464 = ORIENTED_EDGE('',*,*,#3465,.F.);
#3465 = EDGE_CURVE('',#3466,#3455,#3468,.T.);
#3466 = VERTEX_POINT('',#3467);
#3467 = CARTESIAN_POINT('',(1.6,0.4,1.075));
#3468 = LINE('',#3469,#3470);
#3469 = CARTESIAN_POINT('',(1.6,0.4,1.075));
#3470 = VECTOR('',#3471,1.);
#3471 = DIRECTION('',(0.,0.,1.));
#3472 = ORIENTED_EDGE('',*,*,#3473,.F.);
#3473 = EDGE_CURVE('',#3474,#3466,#3476,.T.);
#3474 = VERTEX_POINT('',#3475);
#3475 = CARTESIAN_POINT('',(1.5,0.4,1.106385933837));
#3476 = CIRCLE('',#3477,0.175);
#3477 = AXIS2_PLACEMENT_3D('',#3478,#3479,#3480);
#3478 = CARTESIAN_POINT('',(1.6,0.4,1.25));
#3479 = DIRECTION('',(0.,-1.,0.));
#3480 = DIRECTION('',(4.956352788505E-15,0.,1.));
#3481 = ORIENTED_EDGE('',*,*,#3482,.F.);
#3482 = EDGE_CURVE('',#3483,#3474,#3485,.T.);
#3483 = VERTEX_POINT('',#3484);
#3484 = CARTESIAN_POINT('',(1.5,0.4,0.5));
#3485 = LINE('',#3486,#3487);
#3486 = CARTESIAN_POINT('',(1.5,0.4,0.5));
#3487 = VECTOR('',#3488,1.);
#3488 = DIRECTION('',(0.,0.,1.));
#3489 = ORIENTED_EDGE('',*,*,#3490,.F.);
#3490 = EDGE_CURVE('',#3491,#3483,#3493,.T.);
#3491 = VERTEX_POINT('',#3492);
#3492 = CARTESIAN_POINT('',(0.6,0.4,0.5));
#3493 = LINE('',#3494,#3495);
#3494 = CARTESIAN_POINT('',(0.6,0.4,0.5));
#3495 = VECTOR('',#3496,1.);
#3496 = DIRECTION('',(1.,0.,0.));
#3497 = ORIENTED_EDGE('',*,*,#3498,.F.);
#3498 = EDGE_CURVE('',#3499,#3491,#3501,.T.);
#3499 = VERTEX_POINT('',#3500);
#3500 = CARTESIAN_POINT('',(0.6,0.4,1.15));
#3501 = LINE('',#3502,#3503);
#3502 = CARTESIAN_POINT('',(0.6,0.4,1.15));
#3503 = VECTOR('',#3504,1.);
#3504 = DIRECTION('',(3.336006684571E-16,0.,-1.));
#3505 = ORIENTED_EDGE('',*,*,#3506,.F.);
#3506 = EDGE_CURVE('',#3507,#3499,#3509,.T.);
#3507 = VERTEX_POINT('',#3508);
#3508 = CARTESIAN_POINT('',(1.456385933837,0.4,1.15));
#3509 = LINE('',#3510,#3511);
#3510 = CARTESIAN_POINT('',(1.456385933837,0.4,1.15));
#3511 = VECTOR('',#3512,1.);
#3512 = DIRECTION('',(-1.,-0.,-2.532041056836E-16));
#3513 = ORIENTED_EDGE('',*,*,#3514,.F.);
#3514 = EDGE_CURVE('',#3515,#3507,#3517,.T.);
#3515 = VERTEX_POINT('',#3516);
#3516 = CARTESIAN_POINT('',(1.425,0.4,1.25));
#3517 = CIRCLE('',#3518,0.175);
#3518 = AXIS2_PLACEMENT_3D('',#3519,#3520,#3521);
#3519 = CARTESIAN_POINT('',(1.6,0.4,1.25));
#3520 = DIRECTION('',(0.,-1.,0.));
#3521 = DIRECTION('',(-1.239088197126E-15,0.,1.));
#3522 = ORIENTED_EDGE('',*,*,#3523,.F.);
#3523 = EDGE_CURVE('',#3457,#3515,#3524,.T.);
#3524 = LINE('',#3525,#3526);
#3525 = CARTESIAN_POINT('',(1.425,0.4,1.25));
#3526 = VECTOR('',#3527,1.);
#3527 = DIRECTION('',(-1.,-0.,0.));
#3528 = PLANE('',#3529);
#3529 = AXIS2_PLACEMENT_3D('',#3530,#3531,#3532);
#3530 = CARTESIAN_POINT('',(-1.6,0.4,1.25));
#3531 = DIRECTION('',(-0.,1.,0.));
#3532 = DIRECTION('',(0.,0.,1.));
#3533 = ADVANCED_FACE('',(#3534),#3611,.T.);
#3534 = FACE_BOUND('',#3535,.T.);
#3535 = EDGE_LOOP('',(#3536,#3547,#3555,#3564,#3572,#3580,#3588,#3596,
    #3605));
#3536 = ORIENTED_EDGE('',*,*,#3537,.T.);
#3537 = EDGE_CURVE('',#3538,#3540,#3542,.T.);
#3538 = VERTEX_POINT('',#3539);
#3539 = CARTESIAN_POINT('',(1.6,0.,1.15));
#3540 = VERTEX_POINT('',#3541);
#3541 = CARTESIAN_POINT('',(1.5,0.,1.25));
#3542 = CIRCLE('',#3543,0.1);
#3543 = AXIS2_PLACEMENT_3D('',#3544,#3545,#3546);
#3544 = CARTESIAN_POINT('',(1.6,0.,1.25));
#3545 = DIRECTION('',(-0.,1.,0.));
#3546 = DIRECTION('',(0.,0.,-1.));
#3547 = ORIENTED_EDGE('',*,*,#3548,.T.);
#3548 = EDGE_CURVE('',#3540,#3549,#3551,.T.);
#3549 = VERTEX_POINT('',#3550);
#3550 = CARTESIAN_POINT('',(1.425,0.,1.25));
#3551 = LINE('',#3552,#3553);
#3552 = CARTESIAN_POINT('',(1.425,0.,1.25));
#3553 = VECTOR('',#3554,1.);
#3554 = DIRECTION('',(-1.,-0.,-0.));
#3555 = ORIENTED_EDGE('',*,*,#3556,.T.);
#3556 = EDGE_CURVE('',#3549,#3557,#3559,.T.);
#3557 = VERTEX_POINT('',#3558);
#3558 = CARTESIAN_POINT('',(1.456385933837,0.,1.15));
#3559 = CIRCLE('',#3560,0.175);
#3560 = AXIS2_PLACEMENT_3D('',#3561,#3562,#3563);
#3561 = CARTESIAN_POINT('',(1.6,0.,1.25));
#3562 = DIRECTION('',(0.,-1.,0.));
#3563 = DIRECTION('',(0.,0.,-1.));
#3564 = ORIENTED_EDGE('',*,*,#3565,.T.);
#3565 = EDGE_CURVE('',#3557,#3566,#3568,.T.);
#3566 = VERTEX_POINT('',#3567);
#3567 = CARTESIAN_POINT('',(0.6,0.,1.15));
#3568 = LINE('',#3569,#3570);
#3569 = CARTESIAN_POINT('',(1.456385933837,0.,1.15));
#3570 = VECTOR('',#3571,1.);
#3571 = DIRECTION('',(-1.,0.,-2.532041056836E-16));
#3572 = ORIENTED_EDGE('',*,*,#3573,.T.);
#3573 = EDGE_CURVE('',#3566,#3574,#3576,.T.);
#3574 = VERTEX_POINT('',#3575);
#3575 = CARTESIAN_POINT('',(0.6,0.,0.5));
#3576 = LINE('',#3577,#3578);
#3577 = CARTESIAN_POINT('',(0.6,0.,1.15));
#3578 = VECTOR('',#3579,1.);
#3579 = DIRECTION('',(3.336006684571E-16,0.,-1.));
#3580 = ORIENTED_EDGE('',*,*,#3581,.T.);
#3581 = EDGE_CURVE('',#3574,#3582,#3584,.T.);
#3582 = VERTEX_POINT('',#3583);
#3583 = CARTESIAN_POINT('',(1.5,0.,0.5));
#3584 = LINE('',#3585,#3586);
#3585 = CARTESIAN_POINT('',(0.6,0.,0.5));
#3586 = VECTOR('',#3587,1.);
#3587 = DIRECTION('',(1.,0.,0.));
#3588 = ORIENTED_EDGE('',*,*,#3589,.T.);
#3589 = EDGE_CURVE('',#3582,#3590,#3592,.T.);
#3590 = VERTEX_POINT('',#3591);
#3591 = CARTESIAN_POINT('',(1.5,0.,1.106385933837));
#3592 = LINE('',#3593,#3594);
#3593 = CARTESIAN_POINT('',(1.5,0.,0.5));
#3594 = VECTOR('',#3595,1.);
#3595 = DIRECTION('',(0.,0.,1.));
#3596 = ORIENTED_EDGE('',*,*,#3597,.T.);
#3597 = EDGE_CURVE('',#3590,#3598,#3600,.T.);
#3598 = VERTEX_POINT('',#3599);
#3599 = CARTESIAN_POINT('',(1.6,0.,1.075));
#3600 = CIRCLE('',#3601,0.175);
#3601 = AXIS2_PLACEMENT_3D('',#3602,#3603,#3604);
#3602 = CARTESIAN_POINT('',(1.6,0.,1.25));
#3603 = DIRECTION('',(0.,-1.,0.));
#3604 = DIRECTION('',(0.,0.,-1.));
#3605 = ORIENTED_EDGE('',*,*,#3606,.T.);
#3606 = EDGE_CURVE('',#3598,#3538,#3607,.T.);
#3607 = LINE('',#3608,#3609);
#3608 = CARTESIAN_POINT('',(1.6,0.,1.075));
#3609 = VECTOR('',#3610,1.);
#3610 = DIRECTION('',(0.,0.,1.));
#3611 = PLANE('',#3612);
#3612 = AXIS2_PLACEMENT_3D('',#3613,#3614,#3615);
#3613 = CARTESIAN_POINT('',(1.6,0.,1.25));
#3614 = DIRECTION('',(0.,-1.,0.));
#3615 = DIRECTION('',(0.,-0.,-1.));
#3616 = ADVANCED_FACE('',(#3617),#3633,.T.);
#3617 = FACE_BOUND('',#3618,.T.);
#3618 = EDGE_LOOP('',(#3619,#3625,#3626,#3632));
#3619 = ORIENTED_EDGE('',*,*,#3620,.F.);
#3620 = EDGE_CURVE('',#3457,#3540,#3621,.T.);
#3621 = LINE('',#3622,#3623);
#3622 = CARTESIAN_POINT('',(1.5,1.65,1.25));
#3623 = VECTOR('',#3624,1.);
#3624 = DIRECTION('',(0.,-1.,0.));
#3625 = ORIENTED_EDGE('',*,*,#3523,.T.);
#3626 = ORIENTED_EDGE('',*,*,#3627,.T.);
#3627 = EDGE_CURVE('',#3515,#3549,#3628,.T.);
#3628 = LINE('',#3629,#3630);
#3629 = CARTESIAN_POINT('',(1.425,1.65,1.25));
#3630 = VECTOR('',#3631,1.);
#3631 = DIRECTION('',(0.,-1.,0.));
#3632 = ORIENTED_EDGE('',*,*,#3548,.F.);
#3633 = PLANE('',#3634);
#3634 = AXIS2_PLACEMENT_3D('',#3635,#3636,#3637);
#3635 = CARTESIAN_POINT('',(1.425,1.65,1.25));
#3636 = DIRECTION('',(-0.,0.,1.));
#3637 = DIRECTION('',(1.,0.,0.));
#3638 = ADVANCED_FACE('',(#3639),#3650,.T.);
#3639 = FACE_BOUND('',#3640,.T.);
#3640 = EDGE_LOOP('',(#3641,#3642,#3643,#3649));
#3641 = ORIENTED_EDGE('',*,*,#3627,.F.);
#3642 = ORIENTED_EDGE('',*,*,#3514,.T.);
#3643 = ORIENTED_EDGE('',*,*,#3644,.T.);
#3644 = EDGE_CURVE('',#3507,#3557,#3645,.T.);
#3645 = LINE('',#3646,#3647);
#3646 = CARTESIAN_POINT('',(1.456385933837,1.65,1.15));
#3647 = VECTOR('',#3648,1.);
#3648 = DIRECTION('',(0.,-1.,0.));
#3649 = ORIENTED_EDGE('',*,*,#3556,.F.);
#3650 = CYLINDRICAL_SURFACE('',#3651,0.175);
#3651 = AXIS2_PLACEMENT_3D('',#3652,#3653,#3654);
#3652 = CARTESIAN_POINT('',(1.6,1.65,1.25));
#3653 = DIRECTION('',(0.,-1.,0.));
#3654 = DIRECTION('',(0.,0.,-1.));
#3655 = ADVANCED_FACE('',(#3656),#3667,.T.);
#3656 = FACE_BOUND('',#3657,.T.);
#3657 = EDGE_LOOP('',(#3658,#3659,#3660,#3666));
#3658 = ORIENTED_EDGE('',*,*,#3644,.F.);
#3659 = ORIENTED_EDGE('',*,*,#3506,.T.);
#3660 = ORIENTED_EDGE('',*,*,#3661,.T.);
#3661 = EDGE_CURVE('',#3499,#3566,#3662,.T.);
#3662 = LINE('',#3663,#3664);
#3663 = CARTESIAN_POINT('',(0.6,1.65,1.15));
#3664 = VECTOR('',#3665,1.);
#3665 = DIRECTION('',(0.,-1.,0.));
#3666 = ORIENTED_EDGE('',*,*,#3565,.F.);
#3667 = PLANE('',#3668);
#3668 = AXIS2_PLACEMENT_3D('',#3669,#3670,#3671);
#3669 = CARTESIAN_POINT('',(1.456385933837,1.65,1.15));
#3670 = DIRECTION('',(-2.532041056836E-16,0.,1.));
#3671 = DIRECTION('',(1.,0.,2.532041056836E-16));
#3672 = ADVANCED_FACE('',(#3673),#3684,.T.);
#3673 = FACE_BOUND('',#3674,.T.);
#3674 = EDGE_LOOP('',(#3675,#3676,#3677,#3683));
#3675 = ORIENTED_EDGE('',*,*,#3661,.F.);
#3676 = ORIENTED_EDGE('',*,*,#3498,.T.);
#3677 = ORIENTED_EDGE('',*,*,#3678,.T.);
#3678 = EDGE_CURVE('',#3491,#3574,#3679,.T.);
#3679 = LINE('',#3680,#3681);
#3680 = CARTESIAN_POINT('',(0.6,1.65,0.5));
#3681 = VECTOR('',#3682,1.);
#3682 = DIRECTION('',(0.,-1.,0.));
#3683 = ORIENTED_EDGE('',*,*,#3573,.F.);
#3684 = PLANE('',#3685);
#3685 = AXIS2_PLACEMENT_3D('',#3686,#3687,#3688);
#3686 = CARTESIAN_POINT('',(0.6,1.65,1.15));
#3687 = DIRECTION('',(-1.,0.,-3.336006684571E-16));
#3688 = DIRECTION('',(-3.336006684571E-16,0.,1.));
#3689 = ADVANCED_FACE('',(#3690),#3701,.T.);
#3690 = FACE_BOUND('',#3691,.T.);
#3691 = EDGE_LOOP('',(#3692,#3693,#3694,#3700));
#3692 = ORIENTED_EDGE('',*,*,#3678,.F.);
#3693 = ORIENTED_EDGE('',*,*,#3490,.T.);
#3694 = ORIENTED_EDGE('',*,*,#3695,.T.);
#3695 = EDGE_CURVE('',#3483,#3582,#3696,.T.);
#3696 = LINE('',#3697,#3698);
#3697 = CARTESIAN_POINT('',(1.5,1.65,0.5));
#3698 = VECTOR('',#3699,1.);
#3699 = DIRECTION('',(0.,-1.,0.));
#3700 = ORIENTED_EDGE('',*,*,#3581,.F.);
#3701 = PLANE('',#3702);
#3702 = AXIS2_PLACEMENT_3D('',#3703,#3704,#3705);
#3703 = CARTESIAN_POINT('',(0.6,1.65,0.5));
#3704 = DIRECTION('',(0.,0.,-1.));
#3705 = DIRECTION('',(-1.,0.,-0.));
#3706 = ADVANCED_FACE('',(#3707),#3718,.T.);
#3707 = FACE_BOUND('',#3708,.T.);
#3708 = EDGE_LOOP('',(#3709,#3710,#3711,#3717));
#3709 = ORIENTED_EDGE('',*,*,#3695,.F.);
#3710 = ORIENTED_EDGE('',*,*,#3482,.T.);
#3711 = ORIENTED_EDGE('',*,*,#3712,.T.);
#3712 = EDGE_CURVE('',#3474,#3590,#3713,.T.);
#3713 = LINE('',#3714,#3715);
#3714 = CARTESIAN_POINT('',(1.5,1.65,1.106385933837));
#3715 = VECTOR('',#3716,1.);
#3716 = DIRECTION('',(0.,-1.,0.));
#3717 = ORIENTED_EDGE('',*,*,#3589,.F.);
#3718 = PLANE('',#3719);
#3719 = AXIS2_PLACEMENT_3D('',#3720,#3721,#3722);
#3720 = CARTESIAN_POINT('',(1.5,1.65,0.5));
#3721 = DIRECTION('',(1.,0.,-0.));
#3722 = DIRECTION('',(-0.,0.,-1.));
#3723 = ADVANCED_FACE('',(#3724),#3735,.T.);
#3724 = FACE_BOUND('',#3725,.T.);
#3725 = EDGE_LOOP('',(#3726,#3727,#3728,#3734));
#3726 = ORIENTED_EDGE('',*,*,#3712,.F.);
#3727 = ORIENTED_EDGE('',*,*,#3473,.T.);
#3728 = ORIENTED_EDGE('',*,*,#3729,.T.);
#3729 = EDGE_CURVE('',#3466,#3598,#3730,.T.);
#3730 = LINE('',#3731,#3732);
#3731 = CARTESIAN_POINT('',(1.6,1.65,1.075));
#3732 = VECTOR('',#3733,1.);
#3733 = DIRECTION('',(0.,-1.,0.));
#3734 = ORIENTED_EDGE('',*,*,#3597,.F.);
#3735 = CYLINDRICAL_SURFACE('',#3736,0.175);
#3736 = AXIS2_PLACEMENT_3D('',#3737,#3738,#3739);
#3737 = CARTESIAN_POINT('',(1.6,1.65,1.25));
#3738 = DIRECTION('',(0.,-1.,0.));
#3739 = DIRECTION('',(0.,0.,-1.));
#3740 = ADVANCED_FACE('',(#3741),#3752,.T.);
#3741 = FACE_BOUND('',#3742,.T.);
#3742 = EDGE_LOOP('',(#3743,#3744,#3745,#3751));
#3743 = ORIENTED_EDGE('',*,*,#3729,.F.);
#3744 = ORIENTED_EDGE('',*,*,#3465,.T.);
#3745 = ORIENTED_EDGE('',*,*,#3746,.T.);
#3746 = EDGE_CURVE('',#3455,#3538,#3747,.T.);
#3747 = LINE('',#3748,#3749);
#3748 = CARTESIAN_POINT('',(1.6,1.65,1.15));
#3749 = VECTOR('',#3750,1.);
#3750 = DIRECTION('',(0.,-1.,0.));
#3751 = ORIENTED_EDGE('',*,*,#3606,.F.);
#3752 = PLANE('',#3753);
#3753 = AXIS2_PLACEMENT_3D('',#3754,#3755,#3756);
#3754 = CARTESIAN_POINT('',(1.6,1.65,1.075));
#3755 = DIRECTION('',(1.,0.,-0.));
#3756 = DIRECTION('',(-0.,0.,-1.));
#3757 = ADVANCED_FACE('',(#3758),#3764,.F.);
#3758 = FACE_BOUND('',#3759,.F.);
#3759 = EDGE_LOOP('',(#3760,#3761,#3762,#3763));
#3760 = ORIENTED_EDGE('',*,*,#3537,.T.);
#3761 = ORIENTED_EDGE('',*,*,#3620,.F.);
#3762 = ORIENTED_EDGE('',*,*,#3454,.F.);
#3763 = ORIENTED_EDGE('',*,*,#3746,.T.);
#3764 = CYLINDRICAL_SURFACE('',#3765,0.1);
#3765 = AXIS2_PLACEMENT_3D('',#3766,#3767,#3768);
#3766 = CARTESIAN_POINT('',(1.6,1.65,1.25));
#3767 = DIRECTION('',(0.,-1.,0.));
#3768 = DIRECTION('',(0.,0.,-1.));
#3769 = ( GEOMETRIC_REPRESENTATION_CONTEXT(3) 
GLOBAL_UNCERTAINTY_ASSIGNED_CONTEXT((#3773)) 
GLOBAL_UNIT_ASSIGNED_CONTEXT((#3770,#3771,#3772)) REPRESENTATION_CONTEXT
('Context #1','3D Context with UNIT and UNCERTAINTY') );
#3770 = ( LENGTH_UNIT() NAMED_UNIT(*) SI_UNIT(.MILLI.,.METRE.) );
#3771 = ( NAMED_UNIT(*) PLANE_ANGLE_UNIT() SI_UNIT($,.RADIAN.) );
#3772 = ( NAMED_UNIT(*) SI_UNIT($,.STERADIAN.) SOLID_ANGLE_UNIT() );
#3773 = UNCERTAINTY_MEASURE_WITH_UNIT(LENGTH_MEASURE(1.E-07),#3770,
  'distance_accuracy_value','confusion accuracy');
#3774 = CONTEXT_DEPENDENT_SHAPE_REPRESENTATION(#3775,#3777);
#3775 = ( REPRESENTATION_RELATIONSHIP('','',#3447,#10) 
REPRESENTATION_RELATIONSHIP_WITH_TRANSFORMATION(#3776) 
SHAPE_REPRESENTATION_RELATIONSHIP() );
#3776 = ITEM_DEFINED_TRANSFORMATION('','',#11,#35);
#3777 = PRODUCT_DEFINITION_SHAPE('Placement','Placement of an item',
  #3778);
#3778 = NEXT_ASSEMBLY_USAGE_OCCURRENCE('8','TCXO-3225-006','',#5,#3442,$
  );
#3779 = PRODUCT_RELATED_PRODUCT_CATEGORY('part',$,(#3444));
#3780 = SHAPE_DEFINITION_REPRESENTATION(#3781,#3787);
#3781 = PRODUCT_DEFINITION_SHAPE('','',#3782);
#3782 = PRODUCT_DEFINITION('design','',#3783,#3786);
#3783 = PRODUCT_DEFINITION_FORMATION('','',#3784);
#3784 = PRODUCT('TCXO-3225-007','TCXO-3225-007','',(#3785));
#3785 = PRODUCT_CONTEXT('',#2,'mechanical');
#3786 = PRODUCT_DEFINITION_CONTEXT('part definition',#2,'design');
#3787 = ADVANCED_BREP_SHAPE_REPRESENTATION('',(#11,#3788),#4142);
#3788 = MANIFOLD_SOLID_BREP('',#3789);
#3789 = CLOSED_SHELL('',(#3790,#3881,#3972,#3994,#4011,#4028,#4045,#4062
    ,#4079,#4096,#4113,#4130));
#3790 = ADVANCED_FACE('',(#3791),#3876,.T.);
#3791 = FACE_BOUND('',#3792,.T.);
#3792 = EDGE_LOOP('',(#3793,#3804,#3812,#3821,#3829,#3838,#3846,#3854,
    #3862,#3870));
#3793 = ORIENTED_EDGE('',*,*,#3794,.F.);
#3794 = EDGE_CURVE('',#3795,#3797,#3799,.T.);
#3795 = VERTEX_POINT('',#3796);
#3796 = CARTESIAN_POINT('',(-1.6,0.4,1.075));
#3797 = VERTEX_POINT('',#3798);
#3798 = CARTESIAN_POINT('',(-1.5,0.4,1.106385933837));
#3799 = CIRCLE('',#3800,0.175);
#3800 = AXIS2_PLACEMENT_3D('',#3801,#3802,#3803);
#3801 = CARTESIAN_POINT('',(-1.6,0.4,1.25));
#3802 = DIRECTION('',(0.,-1.,0.));
#3803 = DIRECTION('',(0.,0.,1.));
#3804 = ORIENTED_EDGE('',*,*,#3805,.F.);
#3805 = EDGE_CURVE('',#3806,#3795,#3808,.T.);
#3806 = VERTEX_POINT('',#3807);
#3807 = CARTESIAN_POINT('',(-1.6,0.4,1.15));
#3808 = LINE('',#3809,#3810);
#3809 = CARTESIAN_POINT('',(-1.6,0.4,1.075));
#3810 = VECTOR('',#3811,1.);
#3811 = DIRECTION('',(0.,-0.,-1.));
#3812 = ORIENTED_EDGE('',*,*,#3813,.F.);
#3813 = EDGE_CURVE('',#3814,#3806,#3816,.T.);
#3814 = VERTEX_POINT('',#3815);
#3815 = CARTESIAN_POINT('',(-1.5,0.4,1.25));
#3816 = CIRCLE('',#3817,0.1);
#3817 = AXIS2_PLACEMENT_3D('',#3818,#3819,#3820);
#3818 = CARTESIAN_POINT('',(-1.6,0.4,1.25));
#3819 = DIRECTION('',(-0.,1.,0.));
#3820 = DIRECTION('',(0.,0.,1.));
#3821 = ORIENTED_EDGE('',*,*,#3822,.F.);
#3822 = EDGE_CURVE('',#3823,#3814,#3825,.T.);
#3823 = VERTEX_POINT('',#3824);
#3824 = CARTESIAN_POINT('',(-1.425,0.4,1.25));
#3825 = LINE('',#3826,#3827);
#3826 = CARTESIAN_POINT('',(-1.425,0.4,1.25));
#3827 = VECTOR('',#3828,1.);
#3828 = DIRECTION('',(-1.,0.,0.));
#3829 = ORIENTED_EDGE('',*,*,#3830,.F.);
#3830 = EDGE_CURVE('',#3831,#3823,#3833,.T.);
#3831 = VERTEX_POINT('',#3832);
#3832 = CARTESIAN_POINT('',(-1.456385933837,0.4,1.15));
#3833 = CIRCLE('',#3834,0.175);
#3834 = AXIS2_PLACEMENT_3D('',#3835,#3836,#3837);
#3835 = CARTESIAN_POINT('',(-1.6,0.4,1.25));
#3836 = DIRECTION('',(0.,-1.,0.));
#3837 = DIRECTION('',(1.239088197126E-15,0.,1.));
#3838 = ORIENTED_EDGE('',*,*,#3839,.F.);
#3839 = EDGE_CURVE('',#3840,#3831,#3842,.T.);
#3840 = VERTEX_POINT('',#3841);
#3841 = CARTESIAN_POINT('',(-0.6,0.4,1.15));
#3842 = LINE('',#3843,#3844);
#3843 = CARTESIAN_POINT('',(-1.456385933837,0.4,1.15));
#3844 = VECTOR('',#3845,1.);
#3845 = DIRECTION('',(-1.,-0.,-2.532041056836E-16));
#3846 = ORIENTED_EDGE('',*,*,#3847,.F.);
#3847 = EDGE_CURVE('',#3848,#3840,#3850,.T.);
#3848 = VERTEX_POINT('',#3849);
#3849 = CARTESIAN_POINT('',(-0.6,0.4,0.7));
#3850 = LINE('',#3851,#3852);
#3851 = CARTESIAN_POINT('',(-0.6,0.4,1.15));
#3852 = VECTOR('',#3853,1.);
#3853 = DIRECTION('',(4.818676322158E-16,0.,1.));
#3854 = ORIENTED_EDGE('',*,*,#3855,.F.);
#3855 = EDGE_CURVE('',#3856,#3848,#3858,.T.);
#3856 = VERTEX_POINT('',#3857);
#3857 = CARTESIAN_POINT('',(-0.8,0.4,0.5));
#3858 = LINE('',#3859,#3860);
#3859 = CARTESIAN_POINT('',(-0.6,0.4,0.7));
#3860 = VECTOR('',#3861,1.);
#3861 = DIRECTION('',(0.707106781187,0.,0.707106781187));
#3862 = ORIENTED_EDGE('',*,*,#3863,.F.);
#3863 = EDGE_CURVE('',#3864,#3856,#3866,.T.);
#3864 = VERTEX_POINT('',#3865);
#3865 = CARTESIAN_POINT('',(-1.5,0.4,0.5));
#3866 = LINE('',#3867,#3868);
#3867 = CARTESIAN_POINT('',(-0.8,0.4,0.5));
#3868 = VECTOR('',#3869,1.);
#3869 = DIRECTION('',(1.,0.,0.));
#3870 = ORIENTED_EDGE('',*,*,#3871,.F.);
#3871 = EDGE_CURVE('',#3797,#3864,#3872,.T.);
#3872 = LINE('',#3873,#3874);
#3873 = CARTESIAN_POINT('',(-1.5,0.4,0.5));
#3874 = VECTOR('',#3875,1.);
#3875 = DIRECTION('',(0.,-0.,-1.));
#3876 = PLANE('',#3877);
#3877 = AXIS2_PLACEMENT_3D('',#3878,#3879,#3880);
#3878 = CARTESIAN_POINT('',(-1.6,0.4,1.25));
#3879 = DIRECTION('',(-0.,1.,0.));
#3880 = DIRECTION('',(0.,0.,1.));
#3881 = ADVANCED_FACE('',(#3882),#3967,.F.);
#3882 = FACE_BOUND('',#3883,.T.);
#3883 = EDGE_LOOP('',(#3884,#3895,#3903,#3911,#3919,#3927,#3935,#3944,
    #3952,#3961));
#3884 = ORIENTED_EDGE('',*,*,#3885,.T.);
#3885 = EDGE_CURVE('',#3886,#3888,#3890,.T.);
#3886 = VERTEX_POINT('',#3887);
#3887 = CARTESIAN_POINT('',(-1.6,0.,1.075));
#3888 = VERTEX_POINT('',#3889);
#3889 = CARTESIAN_POINT('',(-1.5,0.,1.106385933837));
#3890 = CIRCLE('',#3891,0.175);
#3891 = AXIS2_PLACEMENT_3D('',#3892,#3893,#3894);
#3892 = CARTESIAN_POINT('',(-1.6,0.,1.25));
#3893 = DIRECTION('',(0.,-1.,0.));
#3894 = DIRECTION('',(0.,0.,1.));
#3895 = ORIENTED_EDGE('',*,*,#3896,.T.);
#3896 = EDGE_CURVE('',#3888,#3897,#3899,.T.);
#3897 = VERTEX_POINT('',#3898);
#3898 = CARTESIAN_POINT('',(-1.5,0.,0.5));
#3899 = LINE('',#3900,#3901);
#3900 = CARTESIAN_POINT('',(-1.5,0.,0.5));
#3901 = VECTOR('',#3902,1.);
#3902 = DIRECTION('',(-0.,-0.,-1.));
#3903 = ORIENTED_EDGE('',*,*,#3904,.T.);
#3904 = EDGE_CURVE('',#3897,#3905,#3907,.T.);
#3905 = VERTEX_POINT('',#3906);
#3906 = CARTESIAN_POINT('',(-0.8,0.,0.5));
#3907 = LINE('',#3908,#3909);
#3908 = CARTESIAN_POINT('',(-0.8,0.,0.5));
#3909 = VECTOR('',#3910,1.);
#3910 = DIRECTION('',(1.,-0.,-0.));
#3911 = ORIENTED_EDGE('',*,*,#3912,.T.);
#3912 = EDGE_CURVE('',#3905,#3913,#3915,.T.);
#3913 = VERTEX_POINT('',#3914);
#3914 = CARTESIAN_POINT('',(-0.6,0.,0.7));
#3915 = LINE('',#3916,#3917);
#3916 = CARTESIAN_POINT('',(-0.6,0.,0.7));
#3917 = VECTOR('',#3918,1.);
#3918 = DIRECTION('',(0.707106781187,-0.,0.707106781187));
#3919 = ORIENTED_EDGE('',*,*,#3920,.T.);
#3920 = EDGE_CURVE('',#3913,#3921,#3923,.T.);
#3921 = VERTEX_POINT('',#3922);
#3922 = CARTESIAN_POINT('',(-0.6,0.,1.15));
#3923 = LINE('',#3924,#3925);
#3924 = CARTESIAN_POINT('',(-0.6,0.,1.15));
#3925 = VECTOR('',#3926,1.);
#3926 = DIRECTION('',(4.818676322158E-16,-0.,1.));
#3927 = ORIENTED_EDGE('',*,*,#3928,.T.);
#3928 = EDGE_CURVE('',#3921,#3929,#3931,.T.);
#3929 = VERTEX_POINT('',#3930);
#3930 = CARTESIAN_POINT('',(-1.456385933837,0.,1.15));
#3931 = LINE('',#3932,#3933);
#3932 = CARTESIAN_POINT('',(-1.456385933837,0.,1.15));
#3933 = VECTOR('',#3934,1.);
#3934 = DIRECTION('',(-1.,-0.,-2.532041056836E-16));
#3935 = ORIENTED_EDGE('',*,*,#3936,.T.);
#3936 = EDGE_CURVE('',#3929,#3937,#3939,.T.);
#3937 = VERTEX_POINT('',#3938);
#3938 = CARTESIAN_POINT('',(-1.425,0.,1.25));
#3939 = CIRCLE('',#3940,0.175);
#3940 = AXIS2_PLACEMENT_3D('',#3941,#3942,#3943);
#3941 = CARTESIAN_POINT('',(-1.6,0.,1.25));
#3942 = DIRECTION('',(0.,-1.,0.));
#3943 = DIRECTION('',(0.,0.,1.));
#3944 = ORIENTED_EDGE('',*,*,#3945,.T.);
#3945 = EDGE_CURVE('',#3937,#3946,#3948,.T.);
#3946 = VERTEX_POINT('',#3947);
#3947 = CARTESIAN_POINT('',(-1.5,0.,1.25));
#3948 = LINE('',#3949,#3950);
#3949 = CARTESIAN_POINT('',(-1.425,0.,1.25));
#3950 = VECTOR('',#3951,1.);
#3951 = DIRECTION('',(-1.,0.,0.));
#3952 = ORIENTED_EDGE('',*,*,#3953,.T.);
#3953 = EDGE_CURVE('',#3946,#3954,#3956,.T.);
#3954 = VERTEX_POINT('',#3955);
#3955 = CARTESIAN_POINT('',(-1.6,0.,1.15));
#3956 = CIRCLE('',#3957,0.1);
#3957 = AXIS2_PLACEMENT_3D('',#3958,#3959,#3960);
#3958 = CARTESIAN_POINT('',(-1.6,0.,1.25));
#3959 = DIRECTION('',(-0.,1.,0.));
#3960 = DIRECTION('',(0.,0.,1.));
#3961 = ORIENTED_EDGE('',*,*,#3962,.T.);
#3962 = EDGE_CURVE('',#3954,#3886,#3963,.T.);
#3963 = LINE('',#3964,#3965);
#3964 = CARTESIAN_POINT('',(-1.6,0.,1.075));
#3965 = VECTOR('',#3966,1.);
#3966 = DIRECTION('',(-0.,-0.,-1.));
#3967 = PLANE('',#3968);
#3968 = AXIS2_PLACEMENT_3D('',#3969,#3970,#3971);
#3969 = CARTESIAN_POINT('',(-1.6,0.,1.25));
#3970 = DIRECTION('',(-0.,1.,0.));
#3971 = DIRECTION('',(0.,0.,1.));
#3972 = ADVANCED_FACE('',(#3973),#3989,.T.);
#3973 = FACE_BOUND('',#3974,.T.);
#3974 = EDGE_LOOP('',(#3975,#3981,#3982,#3988));
#3975 = ORIENTED_EDGE('',*,*,#3976,.F.);
#3976 = EDGE_CURVE('',#3797,#3888,#3977,.T.);
#3977 = LINE('',#3978,#3979);
#3978 = CARTESIAN_POINT('',(-1.5,1.65,1.106385933837));
#3979 = VECTOR('',#3980,1.);
#3980 = DIRECTION('',(0.,-1.,0.));
#3981 = ORIENTED_EDGE('',*,*,#3871,.T.);
#3982 = ORIENTED_EDGE('',*,*,#3983,.T.);
#3983 = EDGE_CURVE('',#3864,#3897,#3984,.T.);
#3984 = LINE('',#3985,#3986);
#3985 = CARTESIAN_POINT('',(-1.5,1.65,0.5));
#3986 = VECTOR('',#3987,1.);
#3987 = DIRECTION('',(0.,-1.,0.));
#3988 = ORIENTED_EDGE('',*,*,#3896,.F.);
#3989 = PLANE('',#3990);
#3990 = AXIS2_PLACEMENT_3D('',#3991,#3992,#3993);
#3991 = CARTESIAN_POINT('',(-1.5,1.65,0.5));
#3992 = DIRECTION('',(-1.,0.,0.));
#3993 = DIRECTION('',(0.,0.,1.));
#3994 = ADVANCED_FACE('',(#3995),#4006,.T.);
#3995 = FACE_BOUND('',#3996,.T.);
#3996 = EDGE_LOOP('',(#3997,#3998,#3999,#4005));
#3997 = ORIENTED_EDGE('',*,*,#3983,.F.);
#3998 = ORIENTED_EDGE('',*,*,#3863,.T.);
#3999 = ORIENTED_EDGE('',*,*,#4000,.T.);
#4000 = EDGE_CURVE('',#3856,#3905,#4001,.T.);
#4001 = LINE('',#4002,#4003);
#4002 = CARTESIAN_POINT('',(-0.8,1.65,0.5));
#4003 = VECTOR('',#4004,1.);
#4004 = DIRECTION('',(0.,-1.,0.));
#4005 = ORIENTED_EDGE('',*,*,#3904,.F.);
#4006 = PLANE('',#4007);
#4007 = AXIS2_PLACEMENT_3D('',#4008,#4009,#4010);
#4008 = CARTESIAN_POINT('',(-0.8,1.65,0.5));
#4009 = DIRECTION('',(-0.,0.,-1.));
#4010 = DIRECTION('',(-1.,0.,0.));
#4011 = ADVANCED_FACE('',(#4012),#4023,.T.);
#4012 = FACE_BOUND('',#4013,.T.);
#4013 = EDGE_LOOP('',(#4014,#4015,#4016,#4022));
#4014 = ORIENTED_EDGE('',*,*,#4000,.F.);
#4015 = ORIENTED_EDGE('',*,*,#3855,.T.);
#4016 = ORIENTED_EDGE('',*,*,#4017,.T.);
#4017 = EDGE_CURVE('',#3848,#3913,#4018,.T.);
#4018 = LINE('',#4019,#4020);
#4019 = CARTESIAN_POINT('',(-0.6,1.65,0.7));
#4020 = VECTOR('',#4021,1.);
#4021 = DIRECTION('',(0.,-1.,0.));
#4022 = ORIENTED_EDGE('',*,*,#3912,.F.);
#4023 = PLANE('',#4024);
#4024 = AXIS2_PLACEMENT_3D('',#4025,#4026,#4027);
#4025 = CARTESIAN_POINT('',(-0.6,1.65,0.7));
#4026 = DIRECTION('',(0.707106781187,0.,-0.707106781187));
#4027 = DIRECTION('',(-0.707106781187,0.,-0.707106781187));
#4028 = ADVANCED_FACE('',(#4029),#4040,.T.);
#4029 = FACE_BOUND('',#4030,.T.);
#4030 = EDGE_LOOP('',(#4031,#4032,#4033,#4039));
#4031 = ORIENTED_EDGE('',*,*,#4017,.F.);
#4032 = ORIENTED_EDGE('',*,*,#3847,.T.);
#4033 = ORIENTED_EDGE('',*,*,#4034,.T.);
#4034 = EDGE_CURVE('',#3840,#3921,#4035,.T.);
#4035 = LINE('',#4036,#4037);
#4036 = CARTESIAN_POINT('',(-0.6,1.65,1.15));
#4037 = VECTOR('',#4038,1.);
#4038 = DIRECTION('',(0.,-1.,0.));
#4039 = ORIENTED_EDGE('',*,*,#3920,.F.);
#4040 = PLANE('',#4041);
#4041 = AXIS2_PLACEMENT_3D('',#4042,#4043,#4044);
#4042 = CARTESIAN_POINT('',(-0.6,1.65,1.15));
#4043 = DIRECTION('',(1.,0.,-4.818676322158E-16));
#4044 = DIRECTION('',(-4.818676322158E-16,0.,-1.));
#4045 = ADVANCED_FACE('',(#4046),#4057,.T.);
#4046 = FACE_BOUND('',#4047,.T.);
#4047 = EDGE_LOOP('',(#4048,#4049,#4050,#4056));
#4048 = ORIENTED_EDGE('',*,*,#4034,.F.);
#4049 = ORIENTED_EDGE('',*,*,#3839,.T.);
#4050 = ORIENTED_EDGE('',*,*,#4051,.T.);
#4051 = EDGE_CURVE('',#3831,#3929,#4052,.T.);
#4052 = LINE('',#4053,#4054);
#4053 = CARTESIAN_POINT('',(-1.456385933837,1.65,1.15));
#4054 = VECTOR('',#4055,1.);
#4055 = DIRECTION('',(0.,-1.,0.));
#4056 = ORIENTED_EDGE('',*,*,#3928,.F.);
#4057 = PLANE('',#4058);
#4058 = AXIS2_PLACEMENT_3D('',#4059,#4060,#4061);
#4059 = CARTESIAN_POINT('',(-1.456385933837,1.65,1.15));
#4060 = DIRECTION('',(-2.532041056836E-16,0.,1.));
#4061 = DIRECTION('',(1.,0.,2.532041056836E-16));
#4062 = ADVANCED_FACE('',(#4063),#4074,.T.);
#4063 = FACE_BOUND('',#4064,.T.);
#4064 = EDGE_LOOP('',(#4065,#4066,#4067,#4073));
#4065 = ORIENTED_EDGE('',*,*,#4051,.F.);
#4066 = ORIENTED_EDGE('',*,*,#3830,.T.);
#4067 = ORIENTED_EDGE('',*,*,#4068,.T.);
#4068 = EDGE_CURVE('',#3823,#3937,#4069,.T.);
#4069 = LINE('',#4070,#4071);
#4070 = CARTESIAN_POINT('',(-1.425,1.65,1.25));
#4071 = VECTOR('',#4072,1.);
#4072 = DIRECTION('',(0.,-1.,0.));
#4073 = ORIENTED_EDGE('',*,*,#3936,.F.);
#4074 = CYLINDRICAL_SURFACE('',#4075,0.175);
#4075 = AXIS2_PLACEMENT_3D('',#4076,#4077,#4078);
#4076 = CARTESIAN_POINT('',(-1.6,1.65,1.25));
#4077 = DIRECTION('',(0.,-1.,0.));
#4078 = DIRECTION('',(0.,0.,-1.));
#4079 = ADVANCED_FACE('',(#4080),#4091,.T.);
#4080 = FACE_BOUND('',#4081,.T.);
#4081 = EDGE_LOOP('',(#4082,#4083,#4084,#4090));
#4082 = ORIENTED_EDGE('',*,*,#4068,.F.);
#4083 = ORIENTED_EDGE('',*,*,#3822,.T.);
#4084 = ORIENTED_EDGE('',*,*,#4085,.T.);
#4085 = EDGE_CURVE('',#3814,#3946,#4086,.T.);
#4086 = LINE('',#4087,#4088);
#4087 = CARTESIAN_POINT('',(-1.5,1.65,1.25));
#4088 = VECTOR('',#4089,1.);
#4089 = DIRECTION('',(0.,-1.,0.));
#4090 = ORIENTED_EDGE('',*,*,#3945,.F.);
#4091 = PLANE('',#4092);
#4092 = AXIS2_PLACEMENT_3D('',#4093,#4094,#4095);
#4093 = CARTESIAN_POINT('',(-1.425,1.65,1.25));
#4094 = DIRECTION('',(0.,0.,1.));
#4095 = DIRECTION('',(1.,0.,-0.));
#4096 = ADVANCED_FACE('',(#4097),#4108,.F.);
#4097 = FACE_BOUND('',#4098,.F.);
#4098 = EDGE_LOOP('',(#4099,#4100,#4106,#4107));
#4099 = ORIENTED_EDGE('',*,*,#3953,.T.);
#4100 = ORIENTED_EDGE('',*,*,#4101,.F.);
#4101 = EDGE_CURVE('',#3806,#3954,#4102,.T.);
#4102 = LINE('',#4103,#4104);
#4103 = CARTESIAN_POINT('',(-1.6,1.65,1.15));
#4104 = VECTOR('',#4105,1.);
#4105 = DIRECTION('',(0.,-1.,0.));
#4106 = ORIENTED_EDGE('',*,*,#3813,.F.);
#4107 = ORIENTED_EDGE('',*,*,#4085,.T.);
#4108 = CYLINDRICAL_SURFACE('',#4109,0.1);
#4109 = AXIS2_PLACEMENT_3D('',#4110,#4111,#4112);
#4110 = CARTESIAN_POINT('',(-1.6,1.65,1.25));
#4111 = DIRECTION('',(0.,-1.,0.));
#4112 = DIRECTION('',(0.,0.,-1.));
#4113 = ADVANCED_FACE('',(#4114),#4125,.T.);
#4114 = FACE_BOUND('',#4115,.T.);
#4115 = EDGE_LOOP('',(#4116,#4117,#4118,#4124));
#4116 = ORIENTED_EDGE('',*,*,#4101,.F.);
#4117 = ORIENTED_EDGE('',*,*,#3805,.T.);
#4118 = ORIENTED_EDGE('',*,*,#4119,.T.);
#4119 = EDGE_CURVE('',#3795,#3886,#4120,.T.);
#4120 = LINE('',#4121,#4122);
#4121 = CARTESIAN_POINT('',(-1.6,1.65,1.075));
#4122 = VECTOR('',#4123,1.);
#4123 = DIRECTION('',(0.,-1.,0.));
#4124 = ORIENTED_EDGE('',*,*,#3962,.F.);
#4125 = PLANE('',#4126);
#4126 = AXIS2_PLACEMENT_3D('',#4127,#4128,#4129);
#4127 = CARTESIAN_POINT('',(-1.6,1.65,1.075));
#4128 = DIRECTION('',(-1.,0.,0.));
#4129 = DIRECTION('',(0.,0.,1.));
#4130 = ADVANCED_FACE('',(#4131),#4137,.T.);
#4131 = FACE_BOUND('',#4132,.T.);
#4132 = EDGE_LOOP('',(#4133,#4134,#4135,#4136));
#4133 = ORIENTED_EDGE('',*,*,#4119,.F.);
#4134 = ORIENTED_EDGE('',*,*,#3794,.T.);
#4135 = ORIENTED_EDGE('',*,*,#3976,.T.);
#4136 = ORIENTED_EDGE('',*,*,#3885,.F.);
#4137 = CYLINDRICAL_SURFACE('',#4138,0.175);
#4138 = AXIS2_PLACEMENT_3D('',#4139,#4140,#4141);
#4139 = CARTESIAN_POINT('',(-1.6,1.65,1.25));
#4140 = DIRECTION('',(0.,-1.,0.));
#4141 = DIRECTION('',(0.,0.,-1.));
#4142 = ( GEOMETRIC_REPRESENTATION_CONTEXT(3) 
GLOBAL_UNCERTAINTY_ASSIGNED_CONTEXT((#4146)) 
GLOBAL_UNIT_ASSIGNED_CONTEXT((#4143,#4144,#4145)) REPRESENTATION_CONTEXT
('Context #1','3D Context with UNIT and UNCERTAINTY') );
#4143 = ( LENGTH_UNIT() NAMED_UNIT(*) SI_UNIT(.MILLI.,.METRE.) );
#4144 = ( NAMED_UNIT(*) PLANE_ANGLE_UNIT() SI_UNIT($,.RADIAN.) );
#4145 = ( NAMED_UNIT(*) SI_UNIT($,.STERADIAN.) SOLID_ANGLE_UNIT() );
#4146 = UNCERTAINTY_MEASURE_WITH_UNIT(LENGTH_MEASURE(1.E-07),#4143,
  'distance_accuracy_value','confusion accuracy');
#4147 = CONTEXT_DEPENDENT_SHAPE_REPRESENTATION(#4148,#4150);
#4148 = ( REPRESENTATION_RELATIONSHIP('','',#3787,#10) 
REPRESENTATION_RELATIONSHIP_WITH_TRANSFORMATION(#4149) 
SHAPE_REPRESENTATION_RELATIONSHIP() );
#4149 = ITEM_DEFINED_TRANSFORMATION('','',#11,#39);
#4150 = PRODUCT_DEFINITION_SHAPE('Placement','Placement of an item',
  #4151);
#4151 = NEXT_ASSEMBLY_USAGE_OCCURRENCE('9','TCXO-3225-007','',#5,#3782,$
  );
#4152 = PRODUCT_RELATED_PRODUCT_CATEGORY('part',$,(#3784));
#4153 = SHAPE_DEFINITION_REPRESENTATION(#4154,#4160);
#4154 = PRODUCT_DEFINITION_SHAPE('','',#4155);
#4155 = PRODUCT_DEFINITION('design','',#4156,#4159);
#4156 = PRODUCT_DEFINITION_FORMATION('','',#4157);
#4157 = PRODUCT('TCXO-3225-008','TCXO-3225-008','',(#4158));
#4158 = PRODUCT_CONTEXT('',#2,'mechanical');
#4159 = PRODUCT_DEFINITION_CONTEXT('part definition',#2,'design');
#4160 = ADVANCED_BREP_SHAPE_REPRESENTATION('',(#11,#4161),#4482);
#4161 = MANIFOLD_SOLID_BREP('',#4162);
#4162 = CLOSED_SHELL('',(#4163,#4246,#4329,#4351,#4368,#4385,#4402,#4419
    ,#4436,#4453,#4470));
#4163 = ADVANCED_FACE('',(#4164),#4241,.T.);
#4164 = FACE_BOUND('',#4165,.T.);
#4165 = EDGE_LOOP('',(#4166,#4176,#4184,#4192,#4201,#4209,#4218,#4226,
    #4235));
#4166 = ORIENTED_EDGE('',*,*,#4167,.F.);
#4167 = EDGE_CURVE('',#4168,#4170,#4172,.T.);
#4168 = VERTEX_POINT('',#4169);
#4169 = CARTESIAN_POINT('',(-0.6,0.4,-0.5));
#4170 = VERTEX_POINT('',#4171);
#4171 = CARTESIAN_POINT('',(-1.5,0.4,-0.5));
#4172 = LINE('',#4173,#4174);
#4173 = CARTESIAN_POINT('',(-0.6,0.4,-0.5));
#4174 = VECTOR('',#4175,1.);
#4175 = DIRECTION('',(-1.,0.,0.));
#4176 = ORIENTED_EDGE('',*,*,#4177,.F.);
#4177 = EDGE_CURVE('',#4178,#4168,#4180,.T.);
#4178 = VERTEX_POINT('',#4179);
#4179 = CARTESIAN_POINT('',(-0.6,0.4,-1.15));
#4180 = LINE('',#4181,#4182);
#4181 = CARTESIAN_POINT('',(-0.6,0.4,-1.15));
#4182 = VECTOR('',#4183,1.);
#4183 = DIRECTION('',(-3.336006684571E-16,0.,1.));
#4184 = ORIENTED_EDGE('',*,*,#4185,.F.);
#4185 = EDGE_CURVE('',#4186,#4178,#4188,.T.);
#4186 = VERTEX_POINT('',#4187);
#4187 = CARTESIAN_POINT('',(-1.456385933837,0.4,-1.15));
#4188 = LINE('',#4189,#4190);
#4189 = CARTESIAN_POINT('',(-1.456385933837,0.4,-1.15));
#4190 = VECTOR('',#4191,1.);
#4191 = DIRECTION('',(1.,0.,7.596123170508E-16));
#4192 = ORIENTED_EDGE('',*,*,#4193,.F.);
#4193 = EDGE_CURVE('',#4194,#4186,#4196,.T.);
#4194 = VERTEX_POINT('',#4195);
#4195 = CARTESIAN_POINT('',(-1.425,0.4,-1.25));
#4196 = CIRCLE('',#4197,0.175);
#4197 = AXIS2_PLACEMENT_3D('',#4198,#4199,#4200);
#4198 = CARTESIAN_POINT('',(-1.6,0.4,-1.25));
#4199 = DIRECTION('',(0.,-1.,0.));
#4200 = DIRECTION('',(-1.239088197126E-15,0.,1.));
#4201 = ORIENTED_EDGE('',*,*,#4202,.F.);
#4202 = EDGE_CURVE('',#4203,#4194,#4205,.T.);
#4203 = VERTEX_POINT('',#4204);
#4204 = CARTESIAN_POINT('',(-1.5,0.4,-1.25));
#4205 = LINE('',#4206,#4207);
#4206 = CARTESIAN_POINT('',(-1.425,0.4,-1.25));
#4207 = VECTOR('',#4208,1.);
#4208 = DIRECTION('',(1.,0.,1.156482317318E-14));
#4209 = ORIENTED_EDGE('',*,*,#4210,.F.);
#4210 = EDGE_CURVE('',#4211,#4203,#4213,.T.);
#4211 = VERTEX_POINT('',#4212);
#4212 = CARTESIAN_POINT('',(-1.6,0.4,-1.15));
#4213 = CIRCLE('',#4214,0.1);
#4214 = AXIS2_PLACEMENT_3D('',#4215,#4216,#4217);
#4215 = CARTESIAN_POINT('',(-1.6,0.4,-1.25));
#4216 = DIRECTION('',(-0.,1.,0.));
#4217 = DIRECTION('',(0.,0.,1.));
#4218 = ORIENTED_EDGE('',*,*,#4219,.F.);
#4219 = EDGE_CURVE('',#4220,#4211,#4222,.T.);
#4220 = VERTEX_POINT('',#4221);
#4221 = CARTESIAN_POINT('',(-1.6,0.4,-1.075));
#4222 = LINE('',#4223,#4224);
#4223 = CARTESIAN_POINT('',(-1.6,0.4,-1.075));
#4224 = VECTOR('',#4225,1.);
#4225 = DIRECTION('',(5.782411586589E-15,0.,-1.));
#4226 = ORIENTED_EDGE('',*,*,#4227,.F.);
#4227 = EDGE_CURVE('',#4228,#4220,#4230,.T.);
#4228 = VERTEX_POINT('',#4229);
#4229 = CARTESIAN_POINT('',(-1.5,0.4,-1.106385933837));
#4230 = CIRCLE('',#4231,0.175);
#4231 = AXIS2_PLACEMENT_3D('',#4232,#4233,#4234);
#4232 = CARTESIAN_POINT('',(-1.6,0.4,-1.25));
#4233 = DIRECTION('',(0.,-1.,0.));
#4234 = DIRECTION('',(0.,0.,1.));
#4235 = ORIENTED_EDGE('',*,*,#4236,.F.);
#4236 = EDGE_CURVE('',#4170,#4228,#4237,.T.);
#4237 = LINE('',#4238,#4239);
#4238 = CARTESIAN_POINT('',(-1.5,0.4,-0.5));
#4239 = VECTOR('',#4240,1.);
#4240 = DIRECTION('',(0.,0.,-1.));
#4241 = PLANE('',#4242);
#4242 = AXIS2_PLACEMENT_3D('',#4243,#4244,#4245);
#4243 = CARTESIAN_POINT('',(-1.6,0.4,1.25));
#4244 = DIRECTION('',(-0.,1.,0.));
#4245 = DIRECTION('',(0.,0.,1.));
#4246 = ADVANCED_FACE('',(#4247),#4324,.T.);
#4247 = FACE_BOUND('',#4248,.T.);
#4248 = EDGE_LOOP('',(#4249,#4259,#4267,#4276,#4284,#4293,#4301,#4310,
    #4318));
#4249 = ORIENTED_EDGE('',*,*,#4250,.T.);
#4250 = EDGE_CURVE('',#4251,#4253,#4255,.T.);
#4251 = VERTEX_POINT('',#4252);
#4252 = CARTESIAN_POINT('',(-0.6,0.,-0.5));
#4253 = VERTEX_POINT('',#4254);
#4254 = CARTESIAN_POINT('',(-1.5,0.,-0.5));
#4255 = LINE('',#4256,#4257);
#4256 = CARTESIAN_POINT('',(-0.6,0.,-0.5));
#4257 = VECTOR('',#4258,1.);
#4258 = DIRECTION('',(-1.,0.,0.));
#4259 = ORIENTED_EDGE('',*,*,#4260,.T.);
#4260 = EDGE_CURVE('',#4253,#4261,#4263,.T.);
#4261 = VERTEX_POINT('',#4262);
#4262 = CARTESIAN_POINT('',(-1.5,0.,-1.106385933837));
#4263 = LINE('',#4264,#4265);
#4264 = CARTESIAN_POINT('',(-1.5,0.,-0.5));
#4265 = VECTOR('',#4266,1.);
#4266 = DIRECTION('',(0.,0.,-1.));
#4267 = ORIENTED_EDGE('',*,*,#4268,.T.);
#4268 = EDGE_CURVE('',#4261,#4269,#4271,.T.);
#4269 = VERTEX_POINT('',#4270);
#4270 = CARTESIAN_POINT('',(-1.6,0.,-1.075));
#4271 = CIRCLE('',#4272,0.175);
#4272 = AXIS2_PLACEMENT_3D('',#4273,#4274,#4275);
#4273 = CARTESIAN_POINT('',(-1.6,0.,-1.25));
#4274 = DIRECTION('',(0.,-1.,0.));
#4275 = DIRECTION('',(0.,0.,-1.));
#4276 = ORIENTED_EDGE('',*,*,#4277,.T.);
#4277 = EDGE_CURVE('',#4269,#4278,#4280,.T.);
#4278 = VERTEX_POINT('',#4279);
#4279 = CARTESIAN_POINT('',(-1.6,0.,-1.15));
#4280 = LINE('',#4281,#4282);
#4281 = CARTESIAN_POINT('',(-1.6,0.,-1.075));
#4282 = VECTOR('',#4283,1.);
#4283 = DIRECTION('',(5.782411586589E-15,0.,-1.));
#4284 = ORIENTED_EDGE('',*,*,#4285,.T.);
#4285 = EDGE_CURVE('',#4278,#4286,#4288,.T.);
#4286 = VERTEX_POINT('',#4287);
#4287 = CARTESIAN_POINT('',(-1.5,0.,-1.25));
#4288 = CIRCLE('',#4289,0.1);
#4289 = AXIS2_PLACEMENT_3D('',#4290,#4291,#4292);
#4290 = CARTESIAN_POINT('',(-1.6,0.,-1.25));
#4291 = DIRECTION('',(-0.,1.,0.));
#4292 = DIRECTION('',(0.,0.,-1.));
#4293 = ORIENTED_EDGE('',*,*,#4294,.T.);
#4294 = EDGE_CURVE('',#4286,#4295,#4297,.T.);
#4295 = VERTEX_POINT('',#4296);
#4296 = CARTESIAN_POINT('',(-1.425,0.,-1.25));
#4297 = LINE('',#4298,#4299);
#4298 = CARTESIAN_POINT('',(-1.425,0.,-1.25));
#4299 = VECTOR('',#4300,1.);
#4300 = DIRECTION('',(1.,-0.,1.156482317318E-14));
#4301 = ORIENTED_EDGE('',*,*,#4302,.T.);
#4302 = EDGE_CURVE('',#4295,#4303,#4305,.T.);
#4303 = VERTEX_POINT('',#4304);
#4304 = CARTESIAN_POINT('',(-1.456385933837,0.,-1.15));
#4305 = CIRCLE('',#4306,0.175);
#4306 = AXIS2_PLACEMENT_3D('',#4307,#4308,#4309);
#4307 = CARTESIAN_POINT('',(-1.6,0.,-1.25));
#4308 = DIRECTION('',(0.,-1.,0.));
#4309 = DIRECTION('',(0.,0.,-1.));
#4310 = ORIENTED_EDGE('',*,*,#4311,.T.);
#4311 = EDGE_CURVE('',#4303,#4312,#4314,.T.);
#4312 = VERTEX_POINT('',#4313);
#4313 = CARTESIAN_POINT('',(-0.6,0.,-1.15));
#4314 = LINE('',#4315,#4316);
#4315 = CARTESIAN_POINT('',(-1.456385933837,0.,-1.15));
#4316 = VECTOR('',#4317,1.);
#4317 = DIRECTION('',(1.,0.,7.596123170508E-16));
#4318 = ORIENTED_EDGE('',*,*,#4319,.T.);
#4319 = EDGE_CURVE('',#4312,#4251,#4320,.T.);
#4320 = LINE('',#4321,#4322);
#4321 = CARTESIAN_POINT('',(-0.6,0.,-1.15));
#4322 = VECTOR('',#4323,1.);
#4323 = DIRECTION('',(-3.336006684571E-16,0.,1.));
#4324 = PLANE('',#4325);
#4325 = AXIS2_PLACEMENT_3D('',#4326,#4327,#4328);
#4326 = CARTESIAN_POINT('',(-1.6,0.,-1.25));
#4327 = DIRECTION('',(0.,-1.,0.));
#4328 = DIRECTION('',(0.,-0.,-1.));
#4329 = ADVANCED_FACE('',(#4330),#4346,.T.);
#4330 = FACE_BOUND('',#4331,.T.);
#4331 = EDGE_LOOP('',(#4332,#4338,#4339,#4345));
#4332 = ORIENTED_EDGE('',*,*,#4333,.F.);
#4333 = EDGE_CURVE('',#4170,#4253,#4334,.T.);
#4334 = LINE('',#4335,#4336);
#4335 = CARTESIAN_POINT('',(-1.5,1.65,-0.5));
#4336 = VECTOR('',#4337,1.);
#4337 = DIRECTION('',(0.,-1.,0.));
#4338 = ORIENTED_EDGE('',*,*,#4236,.T.);
#4339 = ORIENTED_EDGE('',*,*,#4340,.T.);
#4340 = EDGE_CURVE('',#4228,#4261,#4341,.T.);
#4341 = LINE('',#4342,#4343);
#4342 = CARTESIAN_POINT('',(-1.5,1.65,-1.106385933837));
#4343 = VECTOR('',#4344,1.);
#4344 = DIRECTION('',(0.,-1.,0.));
#4345 = ORIENTED_EDGE('',*,*,#4260,.F.);
#4346 = PLANE('',#4347);
#4347 = AXIS2_PLACEMENT_3D('',#4348,#4349,#4350);
#4348 = CARTESIAN_POINT('',(-1.5,1.65,-0.5));
#4349 = DIRECTION('',(-1.,0.,-0.));
#4350 = DIRECTION('',(0.,0.,1.));
#4351 = ADVANCED_FACE('',(#4352),#4363,.T.);
#4352 = FACE_BOUND('',#4353,.T.);
#4353 = EDGE_LOOP('',(#4354,#4355,#4356,#4362));
#4354 = ORIENTED_EDGE('',*,*,#4340,.F.);
#4355 = ORIENTED_EDGE('',*,*,#4227,.T.);
#4356 = ORIENTED_EDGE('',*,*,#4357,.T.);
#4357 = EDGE_CURVE('',#4220,#4269,#4358,.T.);
#4358 = LINE('',#4359,#4360);
#4359 = CARTESIAN_POINT('',(-1.6,1.65,-1.075));
#4360 = VECTOR('',#4361,1.);
#4361 = DIRECTION('',(0.,-1.,0.));
#4362 = ORIENTED_EDGE('',*,*,#4268,.F.);
#4363 = CYLINDRICAL_SURFACE('',#4364,0.175);
#4364 = AXIS2_PLACEMENT_3D('',#4365,#4366,#4367);
#4365 = CARTESIAN_POINT('',(-1.6,1.65,-1.25));
#4366 = DIRECTION('',(0.,-1.,0.));
#4367 = DIRECTION('',(0.,0.,-1.));
#4368 = ADVANCED_FACE('',(#4369),#4380,.T.);
#4369 = FACE_BOUND('',#4370,.T.);
#4370 = EDGE_LOOP('',(#4371,#4372,#4373,#4379));
#4371 = ORIENTED_EDGE('',*,*,#4357,.F.);
#4372 = ORIENTED_EDGE('',*,*,#4219,.T.);
#4373 = ORIENTED_EDGE('',*,*,#4374,.T.);
#4374 = EDGE_CURVE('',#4211,#4278,#4375,.T.);
#4375 = LINE('',#4376,#4377);
#4376 = CARTESIAN_POINT('',(-1.6,1.65,-1.15));
#4377 = VECTOR('',#4378,1.);
#4378 = DIRECTION('',(0.,-1.,0.));
#4379 = ORIENTED_EDGE('',*,*,#4277,.F.);
#4380 = PLANE('',#4381);
#4381 = AXIS2_PLACEMENT_3D('',#4382,#4383,#4384);
#4382 = CARTESIAN_POINT('',(-1.6,1.65,-1.075));
#4383 = DIRECTION('',(-1.,0.,-5.782411586589E-15));
#4384 = DIRECTION('',(-5.782411586589E-15,0.,1.));
#4385 = ADVANCED_FACE('',(#4386),#4397,.F.);
#4386 = FACE_BOUND('',#4387,.F.);
#4387 = EDGE_LOOP('',(#4388,#4389,#4395,#4396));
#4388 = ORIENTED_EDGE('',*,*,#4285,.T.);
#4389 = ORIENTED_EDGE('',*,*,#4390,.F.);
#4390 = EDGE_CURVE('',#4203,#4286,#4391,.T.);
#4391 = LINE('',#4392,#4393);
#4392 = CARTESIAN_POINT('',(-1.5,1.65,-1.25));
#4393 = VECTOR('',#4394,1.);
#4394 = DIRECTION('',(0.,-1.,0.));
#4395 = ORIENTED_EDGE('',*,*,#4210,.F.);
#4396 = ORIENTED_EDGE('',*,*,#4374,.T.);
#4397 = CYLINDRICAL_SURFACE('',#4398,0.1);
#4398 = AXIS2_PLACEMENT_3D('',#4399,#4400,#4401);
#4399 = CARTESIAN_POINT('',(-1.6,1.65,-1.25));
#4400 = DIRECTION('',(0.,-1.,0.));
#4401 = DIRECTION('',(0.,0.,-1.));
#4402 = ADVANCED_FACE('',(#4403),#4414,.T.);
#4403 = FACE_BOUND('',#4404,.T.);
#4404 = EDGE_LOOP('',(#4405,#4406,#4407,#4413));
#4405 = ORIENTED_EDGE('',*,*,#4390,.F.);
#4406 = ORIENTED_EDGE('',*,*,#4202,.T.);
#4407 = ORIENTED_EDGE('',*,*,#4408,.T.);
#4408 = EDGE_CURVE('',#4194,#4295,#4409,.T.);
#4409 = LINE('',#4410,#4411);
#4410 = CARTESIAN_POINT('',(-1.425,1.65,-1.25));
#4411 = VECTOR('',#4412,1.);
#4412 = DIRECTION('',(0.,-1.,0.));
#4413 = ORIENTED_EDGE('',*,*,#4294,.F.);
#4414 = PLANE('',#4415);
#4415 = AXIS2_PLACEMENT_3D('',#4416,#4417,#4418);
#4416 = CARTESIAN_POINT('',(-1.425,1.65,-1.25));
#4417 = DIRECTION('',(1.156482317318E-14,0.,-1.));
#4418 = DIRECTION('',(-1.,0.,-1.156482317318E-14));
#4419 = ADVANCED_FACE('',(#4420),#4431,.T.);
#4420 = FACE_BOUND('',#4421,.T.);
#4421 = EDGE_LOOP('',(#4422,#4423,#4424,#4430));
#4422 = ORIENTED_EDGE('',*,*,#4408,.F.);
#4423 = ORIENTED_EDGE('',*,*,#4193,.T.);
#4424 = ORIENTED_EDGE('',*,*,#4425,.T.);
#4425 = EDGE_CURVE('',#4186,#4303,#4426,.T.);
#4426 = LINE('',#4427,#4428);
#4427 = CARTESIAN_POINT('',(-1.456385933837,1.65,-1.15));
#4428 = VECTOR('',#4429,1.);
#4429 = DIRECTION('',(0.,-1.,0.));
#4430 = ORIENTED_EDGE('',*,*,#4302,.F.);
#4431 = CYLINDRICAL_SURFACE('',#4432,0.175);
#4432 = AXIS2_PLACEMENT_3D('',#4433,#4434,#4435);
#4433 = CARTESIAN_POINT('',(-1.6,1.65,-1.25));
#4434 = DIRECTION('',(0.,-1.,0.));
#4435 = DIRECTION('',(0.,0.,-1.));
#4436 = ADVANCED_FACE('',(#4437),#4448,.T.);
#4437 = FACE_BOUND('',#4438,.T.);
#4438 = EDGE_LOOP('',(#4439,#4440,#4441,#4447));
#4439 = ORIENTED_EDGE('',*,*,#4425,.F.);
#4440 = ORIENTED_EDGE('',*,*,#4185,.T.);
#4441 = ORIENTED_EDGE('',*,*,#4442,.T.);
#4442 = EDGE_CURVE('',#4178,#4312,#4443,.T.);
#4443 = LINE('',#4444,#4445);
#4444 = CARTESIAN_POINT('',(-0.6,1.65,-1.15));
#4445 = VECTOR('',#4446,1.);
#4446 = DIRECTION('',(0.,-1.,0.));
#4447 = ORIENTED_EDGE('',*,*,#4311,.F.);
#4448 = PLANE('',#4449);
#4449 = AXIS2_PLACEMENT_3D('',#4450,#4451,#4452);
#4450 = CARTESIAN_POINT('',(-1.456385933837,1.65,-1.15));
#4451 = DIRECTION('',(7.596123170508E-16,0.,-1.));
#4452 = DIRECTION('',(-1.,0.,-7.596123170508E-16));
#4453 = ADVANCED_FACE('',(#4454),#4465,.T.);
#4454 = FACE_BOUND('',#4455,.T.);
#4455 = EDGE_LOOP('',(#4456,#4457,#4458,#4464));
#4456 = ORIENTED_EDGE('',*,*,#4442,.F.);
#4457 = ORIENTED_EDGE('',*,*,#4177,.T.);
#4458 = ORIENTED_EDGE('',*,*,#4459,.T.);
#4459 = EDGE_CURVE('',#4168,#4251,#4460,.T.);
#4460 = LINE('',#4461,#4462);
#4461 = CARTESIAN_POINT('',(-0.6,1.65,-0.5));
#4462 = VECTOR('',#4463,1.);
#4463 = DIRECTION('',(0.,-1.,0.));
#4464 = ORIENTED_EDGE('',*,*,#4319,.F.);
#4465 = PLANE('',#4466);
#4466 = AXIS2_PLACEMENT_3D('',#4467,#4468,#4469);
#4467 = CARTESIAN_POINT('',(-0.6,1.65,-1.15));
#4468 = DIRECTION('',(1.,0.,3.336006684571E-16));
#4469 = DIRECTION('',(3.336006684571E-16,0.,-1.));
#4470 = ADVANCED_FACE('',(#4471),#4477,.T.);
#4471 = FACE_BOUND('',#4472,.T.);
#4472 = EDGE_LOOP('',(#4473,#4474,#4475,#4476));
#4473 = ORIENTED_EDGE('',*,*,#4459,.F.);
#4474 = ORIENTED_EDGE('',*,*,#4167,.T.);
#4475 = ORIENTED_EDGE('',*,*,#4333,.T.);
#4476 = ORIENTED_EDGE('',*,*,#4250,.F.);
#4477 = PLANE('',#4478);
#4478 = AXIS2_PLACEMENT_3D('',#4479,#4480,#4481);
#4479 = CARTESIAN_POINT('',(-0.6,1.65,-0.5));
#4480 = DIRECTION('',(0.,0.,1.));
#4481 = DIRECTION('',(1.,0.,-0.));
#4482 = ( GEOMETRIC_REPRESENTATION_CONTEXT(3) 
GLOBAL_UNCERTAINTY_ASSIGNED_CONTEXT((#4486)) 
GLOBAL_UNIT_ASSIGNED_CONTEXT((#4483,#4484,#4485)) REPRESENTATION_CONTEXT
('Context #1','3D Context with UNIT and UNCERTAINTY') );
#4483 = ( LENGTH_UNIT() NAMED_UNIT(*) SI_UNIT(.MILLI.,.METRE.) );
#4484 = ( NAMED_UNIT(*) PLANE_ANGLE_UNIT() SI_UNIT($,.RADIAN.) );
#4485 = ( NAMED_UNIT(*) SI_UNIT($,.STERADIAN.) SOLID_ANGLE_UNIT() );
#4486 = UNCERTAINTY_MEASURE_WITH_UNIT(LENGTH_MEASURE(1.E-07),#4483,
  'distance_accuracy_value','confusion accuracy');
#4487 = CONTEXT_DEPENDENT_SHAPE_REPRESENTATION(#4488,#4490);
#4488 = ( REPRESENTATION_RELATIONSHIP('','',#4160,#10) 
REPRESENTATION_RELATIONSHIP_WITH_TRANSFORMATION(#4489) 
SHAPE_REPRESENTATION_RELATIONSHIP() );
#4489 = ITEM_DEFINED_TRANSFORMATION('','',#11,#43);
#4490 = PRODUCT_DEFINITION_SHAPE('Placement','Placement of an item',
  #4491);
#4491 = NEXT_ASSEMBLY_USAGE_OCCURRENCE('10','TCXO-3225-008','',#5,#4155,
  $);
#4492 = PRODUCT_RELATED_PRODUCT_CATEGORY('part',$,(#4157));
#4493 = SHAPE_DEFINITION_REPRESENTATION(#4494,#4500);
#4494 = PRODUCT_DEFINITION_SHAPE('','',#4495);
#4495 = PRODUCT_DEFINITION('design','',#4496,#4499);
#4496 = PRODUCT_DEFINITION_FORMATION('','',#4497);
#4497 = PRODUCT('TCXO-3225-009','TCXO-3225-009','',(#4498));
#4498 = PRODUCT_CONTEXT('',#2,'mechanical');
#4499 = PRODUCT_DEFINITION_CONTEXT('part definition',#2,'design');
#4500 = ADVANCED_BREP_SHAPE_REPRESENTATION('',(#11,#4501),#4822);
#4501 = MANIFOLD_SOLID_BREP('',#4502);
#4502 = CLOSED_SHELL('',(#4503,#4586,#4669,#4691,#4708,#4725,#4742,#4759
    ,#4776,#4793,#4810));
#4503 = ADVANCED_FACE('',(#4504),#4581,.T.);
#4504 = FACE_BOUND('',#4505,.T.);
#4505 = EDGE_LOOP('',(#4506,#4517,#4525,#4534,#4542,#4551,#4559,#4567,
    #4575));
#4506 = ORIENTED_EDGE('',*,*,#4507,.F.);
#4507 = EDGE_CURVE('',#4508,#4510,#4512,.T.);
#4508 = VERTEX_POINT('',#4509);
#4509 = CARTESIAN_POINT('',(1.6,0.4,-1.075));
#4510 = VERTEX_POINT('',#4511);
#4511 = CARTESIAN_POINT('',(1.5,0.4,-1.106385933837));
#4512 = CIRCLE('',#4513,0.175);
#4513 = AXIS2_PLACEMENT_3D('',#4514,#4515,#4516);
#4514 = CARTESIAN_POINT('',(1.6,0.4,-1.25));
#4515 = DIRECTION('',(0.,-1.,0.));
#4516 = DIRECTION('',(0.,0.,1.));
#4517 = ORIENTED_EDGE('',*,*,#4518,.F.);
#4518 = EDGE_CURVE('',#4519,#4508,#4521,.T.);
#4519 = VERTEX_POINT('',#4520);
#4520 = CARTESIAN_POINT('',(1.6,0.4,-1.15));
#4521 = LINE('',#4522,#4523);
#4522 = CARTESIAN_POINT('',(1.6,0.4,-1.075));
#4523 = VECTOR('',#4524,1.);
#4524 = DIRECTION('',(5.782411586589E-15,0.,1.));
#4525 = ORIENTED_EDGE('',*,*,#4526,.F.);
#4526 = EDGE_CURVE('',#4527,#4519,#4529,.T.);
#4527 = VERTEX_POINT('',#4528);
#4528 = CARTESIAN_POINT('',(1.5,0.4,-1.25));
#4529 = CIRCLE('',#4530,0.1);
#4530 = AXIS2_PLACEMENT_3D('',#4531,#4532,#4533);
#4531 = CARTESIAN_POINT('',(1.6,0.4,-1.25));
#4532 = DIRECTION('',(-0.,1.,0.));
#4533 = DIRECTION('',(0.,0.,1.));
#4534 = ORIENTED_EDGE('',*,*,#4535,.F.);
#4535 = EDGE_CURVE('',#4536,#4527,#4538,.T.);
#4536 = VERTEX_POINT('',#4537);
#4537 = CARTESIAN_POINT('',(1.425,0.4,-1.25));
#4538 = LINE('',#4539,#4540);
#4539 = CARTESIAN_POINT('',(1.425,0.4,-1.25));
#4540 = VECTOR('',#4541,1.);
#4541 = DIRECTION('',(1.,0.,-1.156482317318E-14));
#4542 = ORIENTED_EDGE('',*,*,#4543,.F.);
#4543 = EDGE_CURVE('',#4544,#4536,#4546,.T.);
#4544 = VERTEX_POINT('',#4545);
#4545 = CARTESIAN_POINT('',(1.456385933837,0.4,-1.15));
#4546 = CIRCLE('',#4547,0.175);
#4547 = AXIS2_PLACEMENT_3D('',#4548,#4549,#4550);
#4548 = CARTESIAN_POINT('',(1.6,0.4,-1.25));
#4549 = DIRECTION('',(0.,-1.,0.));
#4550 = DIRECTION('',(-1.239088197126E-15,0.,1.));
#4551 = ORIENTED_EDGE('',*,*,#4552,.F.);
#4552 = EDGE_CURVE('',#4553,#4544,#4555,.T.);
#4553 = VERTEX_POINT('',#4554);
#4554 = CARTESIAN_POINT('',(0.6,0.4,-1.15));
#4555 = LINE('',#4556,#4557);
#4556 = CARTESIAN_POINT('',(1.456385933837,0.4,-1.15));
#4557 = VECTOR('',#4558,1.);
#4558 = DIRECTION('',(1.,0.,-2.532041056836E-16));
#4559 = ORIENTED_EDGE('',*,*,#4560,.F.);
#4560 = EDGE_CURVE('',#4561,#4553,#4563,.T.);
#4561 = VERTEX_POINT('',#4562);
#4562 = CARTESIAN_POINT('',(0.6,0.4,-0.5));
#4563 = LINE('',#4564,#4565);
#4564 = CARTESIAN_POINT('',(0.6,0.4,-1.15));
#4565 = VECTOR('',#4566,1.);
#4566 = DIRECTION('',(-3.336006684571E-16,-0.,-1.));
#4567 = ORIENTED_EDGE('',*,*,#4568,.F.);
#4568 = EDGE_CURVE('',#4569,#4561,#4571,.T.);
#4569 = VERTEX_POINT('',#4570);
#4570 = CARTESIAN_POINT('',(1.5,0.4,-0.5));
#4571 = LINE('',#4572,#4573);
#4572 = CARTESIAN_POINT('',(0.6,0.4,-0.5));
#4573 = VECTOR('',#4574,1.);
#4574 = DIRECTION('',(-1.,-0.,0.));
#4575 = ORIENTED_EDGE('',*,*,#4576,.F.);
#4576 = EDGE_CURVE('',#4510,#4569,#4577,.T.);
#4577 = LINE('',#4578,#4579);
#4578 = CARTESIAN_POINT('',(1.5,0.4,-0.5));
#4579 = VECTOR('',#4580,1.);
#4580 = DIRECTION('',(-7.151895266606E-16,0.,1.));
#4581 = PLANE('',#4582);
#4582 = AXIS2_PLACEMENT_3D('',#4583,#4584,#4585);
#4583 = CARTESIAN_POINT('',(-1.6,0.4,1.25));
#4584 = DIRECTION('',(-0.,1.,0.));
#4585 = DIRECTION('',(0.,0.,1.));
#4586 = ADVANCED_FACE('',(#4587),#4664,.F.);
#4587 = FACE_BOUND('',#4588,.T.);
#4588 = EDGE_LOOP('',(#4589,#4600,#4608,#4616,#4624,#4632,#4641,#4649,
    #4658));
#4589 = ORIENTED_EDGE('',*,*,#4590,.T.);
#4590 = EDGE_CURVE('',#4591,#4593,#4595,.T.);
#4591 = VERTEX_POINT('',#4592);
#4592 = CARTESIAN_POINT('',(1.6,0.,-1.075));
#4593 = VERTEX_POINT('',#4594);
#4594 = CARTESIAN_POINT('',(1.5,0.,-1.106385933837));
#4595 = CIRCLE('',#4596,0.175);
#4596 = AXIS2_PLACEMENT_3D('',#4597,#4598,#4599);
#4597 = CARTESIAN_POINT('',(1.6,0.,-1.25));
#4598 = DIRECTION('',(0.,-1.,0.));
#4599 = DIRECTION('',(0.,0.,1.));
#4600 = ORIENTED_EDGE('',*,*,#4601,.T.);
#4601 = EDGE_CURVE('',#4593,#4602,#4604,.T.);
#4602 = VERTEX_POINT('',#4603);
#4603 = CARTESIAN_POINT('',(1.5,0.,-0.5));
#4604 = LINE('',#4605,#4606);
#4605 = CARTESIAN_POINT('',(1.5,0.,-0.5));
#4606 = VECTOR('',#4607,1.);
#4607 = DIRECTION('',(-7.151895266606E-16,-0.,1.));
#4608 = ORIENTED_EDGE('',*,*,#4609,.T.);
#4609 = EDGE_CURVE('',#4602,#4610,#4612,.T.);
#4610 = VERTEX_POINT('',#4611);
#4611 = CARTESIAN_POINT('',(0.6,0.,-0.5));
#4612 = LINE('',#4613,#4614);
#4613 = CARTESIAN_POINT('',(0.6,0.,-0.5));
#4614 = VECTOR('',#4615,1.);
#4615 = DIRECTION('',(-1.,-0.,-0.));
#4616 = ORIENTED_EDGE('',*,*,#4617,.T.);
#4617 = EDGE_CURVE('',#4610,#4618,#4620,.T.);
#4618 = VERTEX_POINT('',#4619);
#4619 = CARTESIAN_POINT('',(0.6,0.,-1.15));
#4620 = LINE('',#4621,#4622);
#4621 = CARTESIAN_POINT('',(0.6,0.,-1.15));
#4622 = VECTOR('',#4623,1.);
#4623 = DIRECTION('',(-3.336006684571E-16,-0.,-1.));
#4624 = ORIENTED_EDGE('',*,*,#4625,.T.);
#4625 = EDGE_CURVE('',#4618,#4626,#4628,.T.);
#4626 = VERTEX_POINT('',#4627);
#4627 = CARTESIAN_POINT('',(1.456385933837,0.,-1.15));
#4628 = LINE('',#4629,#4630);
#4629 = CARTESIAN_POINT('',(1.456385933837,0.,-1.15));
#4630 = VECTOR('',#4631,1.);
#4631 = DIRECTION('',(1.,-0.,-2.532041056836E-16));
#4632 = ORIENTED_EDGE('',*,*,#4633,.T.);
#4633 = EDGE_CURVE('',#4626,#4634,#4636,.T.);
#4634 = VERTEX_POINT('',#4635);
#4635 = CARTESIAN_POINT('',(1.425,0.,-1.25));
#4636 = CIRCLE('',#4637,0.175);
#4637 = AXIS2_PLACEMENT_3D('',#4638,#4639,#4640);
#4638 = CARTESIAN_POINT('',(1.6,0.,-1.25));
#4639 = DIRECTION('',(0.,-1.,0.));
#4640 = DIRECTION('',(0.,0.,1.));
#4641 = ORIENTED_EDGE('',*,*,#4642,.T.);
#4642 = EDGE_CURVE('',#4634,#4643,#4645,.T.);
#4643 = VERTEX_POINT('',#4644);
#4644 = CARTESIAN_POINT('',(1.5,0.,-1.25));
#4645 = LINE('',#4646,#4647);
#4646 = CARTESIAN_POINT('',(1.425,0.,-1.25));
#4647 = VECTOR('',#4648,1.);
#4648 = DIRECTION('',(1.,0.,-1.156482317318E-14));
#4649 = ORIENTED_EDGE('',*,*,#4650,.T.);
#4650 = EDGE_CURVE('',#4643,#4651,#4653,.T.);
#4651 = VERTEX_POINT('',#4652);
#4652 = CARTESIAN_POINT('',(1.6,0.,-1.15));
#4653 = CIRCLE('',#4654,0.1);
#4654 = AXIS2_PLACEMENT_3D('',#4655,#4656,#4657);
#4655 = CARTESIAN_POINT('',(1.6,0.,-1.25));
#4656 = DIRECTION('',(-0.,1.,0.));
#4657 = DIRECTION('',(0.,0.,1.));
#4658 = ORIENTED_EDGE('',*,*,#4659,.T.);
#4659 = EDGE_CURVE('',#4651,#4591,#4660,.T.);
#4660 = LINE('',#4661,#4662);
#4661 = CARTESIAN_POINT('',(1.6,0.,-1.075));
#4662 = VECTOR('',#4663,1.);
#4663 = DIRECTION('',(5.782411586589E-15,-0.,1.));
#4664 = PLANE('',#4665);
#4665 = AXIS2_PLACEMENT_3D('',#4666,#4667,#4668);
#4666 = CARTESIAN_POINT('',(1.6,0.,-1.25));
#4667 = DIRECTION('',(-0.,1.,0.));
#4668 = DIRECTION('',(0.,0.,1.));
#4669 = ADVANCED_FACE('',(#4670),#4686,.T.);
#4670 = FACE_BOUND('',#4671,.T.);
#4671 = EDGE_LOOP('',(#4672,#4678,#4679,#4685));
#4672 = ORIENTED_EDGE('',*,*,#4673,.F.);
#4673 = EDGE_CURVE('',#4510,#4593,#4674,.T.);
#4674 = LINE('',#4675,#4676);
#4675 = CARTESIAN_POINT('',(1.5,1.65,-1.106385933837));
#4676 = VECTOR('',#4677,1.);
#4677 = DIRECTION('',(0.,-1.,0.));
#4678 = ORIENTED_EDGE('',*,*,#4576,.T.);
#4679 = ORIENTED_EDGE('',*,*,#4680,.T.);
#4680 = EDGE_CURVE('',#4569,#4602,#4681,.T.);
#4681 = LINE('',#4682,#4683);
#4682 = CARTESIAN_POINT('',(1.5,1.65,-0.5));
#4683 = VECTOR('',#4684,1.);
#4684 = DIRECTION('',(0.,-1.,0.));
#4685 = ORIENTED_EDGE('',*,*,#4601,.F.);
#4686 = PLANE('',#4687);
#4687 = AXIS2_PLACEMENT_3D('',#4688,#4689,#4690);
#4688 = CARTESIAN_POINT('',(1.5,1.65,-0.5));
#4689 = DIRECTION('',(1.,0.,7.151895266606E-16));
#4690 = DIRECTION('',(7.151895266606E-16,0.,-1.));
#4691 = ADVANCED_FACE('',(#4692),#4703,.T.);
#4692 = FACE_BOUND('',#4693,.T.);
#4693 = EDGE_LOOP('',(#4694,#4695,#4696,#4702));
#4694 = ORIENTED_EDGE('',*,*,#4680,.F.);
#4695 = ORIENTED_EDGE('',*,*,#4568,.T.);
#4696 = ORIENTED_EDGE('',*,*,#4697,.T.);
#4697 = EDGE_CURVE('',#4561,#4610,#4698,.T.);
#4698 = LINE('',#4699,#4700);
#4699 = CARTESIAN_POINT('',(0.6,1.65,-0.5));
#4700 = VECTOR('',#4701,1.);
#4701 = DIRECTION('',(0.,-1.,0.));
#4702 = ORIENTED_EDGE('',*,*,#4609,.F.);
#4703 = PLANE('',#4704);
#4704 = AXIS2_PLACEMENT_3D('',#4705,#4706,#4707);
#4705 = CARTESIAN_POINT('',(0.6,1.65,-0.5));
#4706 = DIRECTION('',(-0.,0.,1.));
#4707 = DIRECTION('',(1.,0.,0.));
#4708 = ADVANCED_FACE('',(#4709),#4720,.T.);
#4709 = FACE_BOUND('',#4710,.T.);
#4710 = EDGE_LOOP('',(#4711,#4712,#4713,#4719));
#4711 = ORIENTED_EDGE('',*,*,#4697,.F.);
#4712 = ORIENTED_EDGE('',*,*,#4560,.T.);
#4713 = ORIENTED_EDGE('',*,*,#4714,.T.);
#4714 = EDGE_CURVE('',#4553,#4618,#4715,.T.);
#4715 = LINE('',#4716,#4717);
#4716 = CARTESIAN_POINT('',(0.6,1.65,-1.15));
#4717 = VECTOR('',#4718,1.);
#4718 = DIRECTION('',(0.,-1.,0.));
#4719 = ORIENTED_EDGE('',*,*,#4617,.F.);
#4720 = PLANE('',#4721);
#4721 = AXIS2_PLACEMENT_3D('',#4722,#4723,#4724);
#4722 = CARTESIAN_POINT('',(0.6,1.65,-1.15));
#4723 = DIRECTION('',(-1.,0.,3.336006684571E-16));
#4724 = DIRECTION('',(3.336006684571E-16,0.,1.));
#4725 = ADVANCED_FACE('',(#4726),#4737,.T.);
#4726 = FACE_BOUND('',#4727,.T.);
#4727 = EDGE_LOOP('',(#4728,#4729,#4730,#4736));
#4728 = ORIENTED_EDGE('',*,*,#4714,.F.);
#4729 = ORIENTED_EDGE('',*,*,#4552,.T.);
#4730 = ORIENTED_EDGE('',*,*,#4731,.T.);
#4731 = EDGE_CURVE('',#4544,#4626,#4732,.T.);
#4732 = LINE('',#4733,#4734);
#4733 = CARTESIAN_POINT('',(1.456385933837,1.65,-1.15));
#4734 = VECTOR('',#4735,1.);
#4735 = DIRECTION('',(0.,-1.,0.));
#4736 = ORIENTED_EDGE('',*,*,#4625,.F.);
#4737 = PLANE('',#4738);
#4738 = AXIS2_PLACEMENT_3D('',#4739,#4740,#4741);
#4739 = CARTESIAN_POINT('',(1.456385933837,1.65,-1.15));
#4740 = DIRECTION('',(-2.532041056836E-16,0.,-1.));
#4741 = DIRECTION('',(-1.,0.,2.532041056836E-16));
#4742 = ADVANCED_FACE('',(#4743),#4754,.T.);
#4743 = FACE_BOUND('',#4744,.T.);
#4744 = EDGE_LOOP('',(#4745,#4746,#4747,#4753));
#4745 = ORIENTED_EDGE('',*,*,#4731,.F.);
#4746 = ORIENTED_EDGE('',*,*,#4543,.T.);
#4747 = ORIENTED_EDGE('',*,*,#4748,.T.);
#4748 = EDGE_CURVE('',#4536,#4634,#4749,.T.);
#4749 = LINE('',#4750,#4751);
#4750 = CARTESIAN_POINT('',(1.425,1.65,-1.25));
#4751 = VECTOR('',#4752,1.);
#4752 = DIRECTION('',(0.,-1.,0.));
#4753 = ORIENTED_EDGE('',*,*,#4633,.F.);
#4754 = CYLINDRICAL_SURFACE('',#4755,0.175);
#4755 = AXIS2_PLACEMENT_3D('',#4756,#4757,#4758);
#4756 = CARTESIAN_POINT('',(1.6,1.65,-1.25));
#4757 = DIRECTION('',(0.,-1.,0.));
#4758 = DIRECTION('',(0.,0.,-1.));
#4759 = ADVANCED_FACE('',(#4760),#4771,.T.);
#4760 = FACE_BOUND('',#4761,.T.);
#4761 = EDGE_LOOP('',(#4762,#4763,#4764,#4770));
#4762 = ORIENTED_EDGE('',*,*,#4748,.F.);
#4763 = ORIENTED_EDGE('',*,*,#4535,.T.);
#4764 = ORIENTED_EDGE('',*,*,#4765,.T.);
#4765 = EDGE_CURVE('',#4527,#4643,#4766,.T.);
#4766 = LINE('',#4767,#4768);
#4767 = CARTESIAN_POINT('',(1.5,1.65,-1.25));
#4768 = VECTOR('',#4769,1.);
#4769 = DIRECTION('',(0.,-1.,0.));
#4770 = ORIENTED_EDGE('',*,*,#4642,.F.);
#4771 = PLANE('',#4772);
#4772 = AXIS2_PLACEMENT_3D('',#4773,#4774,#4775);
#4773 = CARTESIAN_POINT('',(1.425,1.65,-1.25));
#4774 = DIRECTION('',(-1.156482317318E-14,0.,-1.));
#4775 = DIRECTION('',(-1.,0.,1.156482317318E-14));
#4776 = ADVANCED_FACE('',(#4777),#4788,.F.);
#4777 = FACE_BOUND('',#4778,.F.);
#4778 = EDGE_LOOP('',(#4779,#4780,#4786,#4787));
#4779 = ORIENTED_EDGE('',*,*,#4650,.T.);
#4780 = ORIENTED_EDGE('',*,*,#4781,.F.);
#4781 = EDGE_CURVE('',#4519,#4651,#4782,.T.);
#4782 = LINE('',#4783,#4784);
#4783 = CARTESIAN_POINT('',(1.6,1.65,-1.15));
#4784 = VECTOR('',#4785,1.);
#4785 = DIRECTION('',(0.,-1.,0.));
#4786 = ORIENTED_EDGE('',*,*,#4526,.F.);
#4787 = ORIENTED_EDGE('',*,*,#4765,.T.);
#4788 = CYLINDRICAL_SURFACE('',#4789,0.1);
#4789 = AXIS2_PLACEMENT_3D('',#4790,#4791,#4792);
#4790 = CARTESIAN_POINT('',(1.6,1.65,-1.25));
#4791 = DIRECTION('',(0.,-1.,0.));
#4792 = DIRECTION('',(0.,0.,-1.));
#4793 = ADVANCED_FACE('',(#4794),#4805,.T.);
#4794 = FACE_BOUND('',#4795,.T.);
#4795 = EDGE_LOOP('',(#4796,#4797,#4798,#4804));
#4796 = ORIENTED_EDGE('',*,*,#4781,.F.);
#4797 = ORIENTED_EDGE('',*,*,#4518,.T.);
#4798 = ORIENTED_EDGE('',*,*,#4799,.T.);
#4799 = EDGE_CURVE('',#4508,#4591,#4800,.T.);
#4800 = LINE('',#4801,#4802);
#4801 = CARTESIAN_POINT('',(1.6,1.65,-1.075));
#4802 = VECTOR('',#4803,1.);
#4803 = DIRECTION('',(0.,-1.,0.));
#4804 = ORIENTED_EDGE('',*,*,#4659,.F.);
#4805 = PLANE('',#4806);
#4806 = AXIS2_PLACEMENT_3D('',#4807,#4808,#4809);
#4807 = CARTESIAN_POINT('',(1.6,1.65,-1.075));
#4808 = DIRECTION('',(1.,0.,-5.782411586589E-15));
#4809 = DIRECTION('',(-5.782411586589E-15,0.,-1.));
#4810 = ADVANCED_FACE('',(#4811),#4817,.T.);
#4811 = FACE_BOUND('',#4812,.T.);
#4812 = EDGE_LOOP('',(#4813,#4814,#4815,#4816));
#4813 = ORIENTED_EDGE('',*,*,#4799,.F.);
#4814 = ORIENTED_EDGE('',*,*,#4507,.T.);
#4815 = ORIENTED_EDGE('',*,*,#4673,.T.);
#4816 = ORIENTED_EDGE('',*,*,#4590,.F.);
#4817 = CYLINDRICAL_SURFACE('',#4818,0.175);
#4818 = AXIS2_PLACEMENT_3D('',#4819,#4820,#4821);
#4819 = CARTESIAN_POINT('',(1.6,1.65,-1.25));
#4820 = DIRECTION('',(0.,-1.,0.));
#4821 = DIRECTION('',(0.,0.,-1.));
#4822 = ( GEOMETRIC_REPRESENTATION_CONTEXT(3) 
GLOBAL_UNCERTAINTY_ASSIGNED_CONTEXT((#4826)) 
GLOBAL_UNIT_ASSIGNED_CONTEXT((#4823,#4824,#4825)) REPRESENTATION_CONTEXT
('Context #1','3D Context with UNIT and UNCERTAINTY') );
#4823 = ( LENGTH_UNIT() NAMED_UNIT(*) SI_UNIT(.MILLI.,.METRE.) );
#4824 = ( NAMED_UNIT(*) PLANE_ANGLE_UNIT() SI_UNIT($,.RADIAN.) );
#4825 = ( NAMED_UNIT(*) SI_UNIT($,.STERADIAN.) SOLID_ANGLE_UNIT() );
#4826 = UNCERTAINTY_MEASURE_WITH_UNIT(LENGTH_MEASURE(1.E-07),#4823,
  'distance_accuracy_value','confusion accuracy');
#4827 = CONTEXT_DEPENDENT_SHAPE_REPRESENTATION(#4828,#4830);
#4828 = ( REPRESENTATION_RELATIONSHIP('','',#4500,#10) 
REPRESENTATION_RELATIONSHIP_WITH_TRANSFORMATION(#4829) 
SHAPE_REPRESENTATION_RELATIONSHIP() );
#4829 = ITEM_DEFINED_TRANSFORMATION('','',#11,#47);
#4830 = PRODUCT_DEFINITION_SHAPE('Placement','Placement of an item',
  #4831);
#4831 = NEXT_ASSEMBLY_USAGE_OCCURRENCE('11','TCXO-3225-009','',#5,#4495,
  $);
#4832 = PRODUCT_RELATED_PRODUCT_CATEGORY('part',$,(#4497));
#4833 = MECHANICAL_DESIGN_GEOMETRIC_PRESENTATION_REPRESENTATION('',(
    #4834),#4822);
#4834 = STYLED_ITEM('color',(#4835),#4501);
#4835 = PRESENTATION_STYLE_ASSIGNMENT((#4836,#4842));
#4836 = SURFACE_STYLE_USAGE(.BOTH.,#4837);
#4837 = SURFACE_SIDE_STYLE('',(#4838));
#4838 = SURFACE_STYLE_FILL_AREA(#4839);
#4839 = FILL_AREA_STYLE('',(#4840));
#4840 = FILL_AREA_STYLE_COLOUR('',#4841);
#4841 = COLOUR_RGB('',0.968627457133,0.878431390252,0.600000020288);
#4842 = CURVE_STYLE('',#4843,POSITIVE_LENGTH_MEASURE(0.1),#4844);
#4843 = DRAUGHTING_PRE_DEFINED_CURVE_FONT('continuous');
#4844 = COLOUR_RGB('',9.803921802644E-02,9.803921802644E-02,
  9.803921802644E-02);
#4845 = MECHANICAL_DESIGN_GEOMETRIC_PRESENTATION_REPRESENTATION('',(
    #4846),#1600);
#4846 = STYLED_ITEM('color',(#4847),#65);
#4847 = PRESENTATION_STYLE_ASSIGNMENT((#4848,#4854));
#4848 = SURFACE_STYLE_USAGE(.BOTH.,#4849);
#4849 = SURFACE_SIDE_STYLE('',(#4850));
#4850 = SURFACE_STYLE_FILL_AREA(#4851);
#4851 = FILL_AREA_STYLE('',(#4852));
#4852 = FILL_AREA_STYLE_COLOUR('',#4853);
#4853 = COLOUR_RGB('',0.25098037884,0.25098037884,0.25098037884);
#4854 = CURVE_STYLE('',#4855,POSITIVE_LENGTH_MEASURE(0.1),#4844);
#4855 = DRAUGHTING_PRE_DEFINED_CURVE_FONT('continuous');
#4856 = MECHANICAL_DESIGN_GEOMETRIC_PRESENTATION_REPRESENTATION('',(
    #4857),#4142);
#4857 = STYLED_ITEM('color',(#4858),#3788);
#4858 = PRESENTATION_STYLE_ASSIGNMENT((#4859,#4864));
#4859 = SURFACE_STYLE_USAGE(.BOTH.,#4860);
#4860 = SURFACE_SIDE_STYLE('',(#4861));
#4861 = SURFACE_STYLE_FILL_AREA(#4862);
#4862 = FILL_AREA_STYLE('',(#4863));
#4863 = FILL_AREA_STYLE_COLOUR('',#4841);
#4864 = CURVE_STYLE('',#4865,POSITIVE_LENGTH_MEASURE(0.1),#4844);
#4865 = DRAUGHTING_PRE_DEFINED_CURVE_FONT('continuous');
#4866 = MECHANICAL_DESIGN_GEOMETRIC_PRESENTATION_REPRESENTATION('',(
    #4867),#3429);
#4867 = STYLED_ITEM('color',(#4868),#3108);
#4868 = PRESENTATION_STYLE_ASSIGNMENT((#4869,#4874));
#4869 = SURFACE_STYLE_USAGE(.BOTH.,#4870);
#4870 = SURFACE_SIDE_STYLE('',(#4871));
#4871 = SURFACE_STYLE_FILL_AREA(#4872);
#4872 = FILL_AREA_STYLE('',(#4873));
#4873 = FILL_AREA_STYLE_COLOUR('',#4841);
#4874 = CURVE_STYLE('',#4875,POSITIVE_LENGTH_MEASURE(0.1),#4844);
#4875 = DRAUGHTING_PRE_DEFINED_CURVE_FONT('continuous');
#4876 = MECHANICAL_DESIGN_GEOMETRIC_PRESENTATION_REPRESENTATION('',(
    #4877),#4482);
#4877 = STYLED_ITEM('color',(#4878),#4161);
#4878 = PRESENTATION_STYLE_ASSIGNMENT((#4879,#4884));
#4879 = SURFACE_STYLE_USAGE(.BOTH.,#4880);
#4880 = SURFACE_SIDE_STYLE('',(#4881));
#4881 = SURFACE_STYLE_FILL_AREA(#4882);
#4882 = FILL_AREA_STYLE('',(#4883));
#4883 = FILL_AREA_STYLE_COLOUR('',#4841);
#4884 = CURVE_STYLE('',#4885,POSITIVE_LENGTH_MEASURE(0.1),#4844);
#4885 = DRAUGHTING_PRE_DEFINED_CURVE_FONT('continuous');
#4886 = MECHANICAL_DESIGN_GEOMETRIC_PRESENTATION_REPRESENTATION('',(
    #4887),#2982);
#4887 = STYLED_ITEM('color',(#4888),#2408);
#4888 = PRESENTATION_STYLE_ASSIGNMENT((#4889,#4895));
#4889 = SURFACE_STYLE_USAGE(.BOTH.,#4890);
#4890 = SURFACE_SIDE_STYLE('',(#4891));
#4891 = SURFACE_STYLE_FILL_AREA(#4892);
#4892 = FILL_AREA_STYLE('',(#4893));
#4893 = FILL_AREA_STYLE_COLOUR('',#4894);
#4894 = COLOUR_RGB('',0.796078452645,0.823529417451,0.937254901616);
#4895 = CURVE_STYLE('',#4896,POSITIVE_LENGTH_MEASURE(0.1),#4844);
#4896 = DRAUGHTING_PRE_DEFINED_CURVE_FONT('continuous');
#4897 = MECHANICAL_DESIGN_GEOMETRIC_PRESENTATION_REPRESENTATION('',(
    #4898),#3769);
#4898 = STYLED_ITEM('color',(#4899),#3448);
#4899 = PRESENTATION_STYLE_ASSIGNMENT((#4900,#4905));
#4900 = SURFACE_STYLE_USAGE(.BOTH.,#4901);
#4901 = SURFACE_SIDE_STYLE('',(#4902));
#4902 = SURFACE_STYLE_FILL_AREA(#4903);
#4903 = FILL_AREA_STYLE('',(#4904));
#4904 = FILL_AREA_STYLE_COLOUR('',#4841);
#4905 = CURVE_STYLE('',#4906,POSITIVE_LENGTH_MEASURE(0.1),#4844);
#4906 = DRAUGHTING_PRE_DEFINED_CURVE_FONT('continuous');
#4907 = MECHANICAL_DESIGN_GEOMETRIC_PRESENTATION_REPRESENTATION('',(
    #4908),#3089);
#4908 = STYLED_ITEM('color',(#4909),#3001);
#4909 = PRESENTATION_STYLE_ASSIGNMENT((#4910,#4916));
#4910 = SURFACE_STYLE_USAGE(.BOTH.,#4911);
#4911 = SURFACE_SIDE_STYLE('',(#4912));
#4912 = SURFACE_STYLE_FILL_AREA(#4913);
#4913 = FILL_AREA_STYLE('',(#4914));
#4914 = FILL_AREA_STYLE_COLOUR('',#4915);
#4915 = DRAUGHTING_PRE_DEFINED_COLOUR('white');
#4916 = CURVE_STYLE('',#4917,POSITIVE_LENGTH_MEASURE(0.1),#4844);
#4917 = DRAUGHTING_PRE_DEFINED_CURVE_FONT('continuous');
#4918 = MECHANICAL_DESIGN_GEOMETRIC_PRESENTATION_REPRESENTATION('',(
    #4919),#2389);
#4919 = STYLED_ITEM('color',(#4920),#1619);
#4920 = PRESENTATION_STYLE_ASSIGNMENT((#4921,#4926));
#4921 = SURFACE_STYLE_USAGE(.BOTH.,#4922);
#4922 = SURFACE_SIDE_STYLE('',(#4923));
#4923 = SURFACE_STYLE_FILL_AREA(#4924);
#4924 = FILL_AREA_STYLE('',(#4925));
#4925 = FILL_AREA_STYLE_COLOUR('',#4841);
#4926 = CURVE_STYLE('',#4927,POSITIVE_LENGTH_MEASURE(0.1),#4844);
#4927 = DRAUGHTING_PRE_DEFINED_CURVE_FONT('continuous');
ENDSEC;
END-ISO-10303-21;
