ISO-10303-21;
HEADER;
FILE_DESCRIPTION(('Open CASCADE Model'),'2;1');
FILE_NAME('Open CASCADE Shape Model','2026-07-26T02:31:14',('Author'),(
    'Open CASCADE'),'Open CASCADE STEP processor 7.9','Open CASCADE 7.9'
  ,'Unknown');
FILE_SCHEMA(('AUTOMOTIVE_DESIGN { 1 0 10303 214 1 1 1 1 }'));
ENDSEC;
DATA;
#1 = APPLICATION_PROTOCOL_DEFINITION('international standard',
  'automotive_design',2000,#2);
#2 = APPLICATION_CONTEXT(
  'core data for automotive mechanical design processes');
#3 = SHAPE_DEFINITION_REPRESENTATION(#4,#10);
#4 = PRODUCT_DEFINITION_SHAPE('','',#5);
#5 = PRODUCT_DEFINITION('design','',#6,#9);
#6 = PRODUCT_DEFINITION_FORMATION('','',#7);
#7 = PRODUCT('Open CASCADE STEP translator 7.9 1',
  'Open CASCADE STEP translator 7.9 1','',(#8));
#8 = PRODUCT_CONTEXT('',#2,'mechanical');
#9 = PRODUCT_DEFINITION_CONTEXT('part definition',#2,'design');
#10 = ADVANCED_BREP_SHAPE_REPRESENTATION('',(#11,#15),#2173);
#11 = AXIS2_PLACEMENT_3D('',#12,#13,#14);
#12 = CARTESIAN_POINT('',(0.,0.,0.));
#13 = DIRECTION('',(0.,0.,1.));
#14 = DIRECTION('',(1.,0.,-0.));
#15 = MANIFOLD_SOLID_BREP('',#16);
#16 = CLOSED_SHELL('',(#17,#357,#438,#752,#802,#1004,#1031,#1280,#1334,
    #1457,#1507,#1682,#1736,#1790,#1961,#2116,#2122,#2149,#2155,#2161,
    #2167));
#17 = ADVANCED_FACE('',(#18),#35,.F.);
#18 = FACE_BOUND('',#19,.F.);
#19 = EDGE_LOOP('',(#20,#83,#111,#167,#193,#249,#277,#333));
#20 = ORIENTED_EDGE('',*,*,#21,.T.);
#21 = EDGE_CURVE('',#22,#24,#26,.T.);
#22 = VERTEX_POINT('',#23);
#23 = CARTESIAN_POINT('',(7.72,3.9624,0.145801352417));
#24 = VERTEX_POINT('',#25);
#25 = CARTESIAN_POINT('',(7.367692706637,3.9624,2.287692706637));
#26 = SURFACE_CURVE('',#27,(#34,#49),.PCURVE_S1.);
#27 = B_SPLINE_CURVE_WITH_KNOTS('',3,(#28,#29,#30,#31,#32,#33),
  .UNSPECIFIED.,.F.,.F.,(4,2,4),(6.395875130176E-03,7.55372799469E-03,
    8.711580859204E-03),.UNSPECIFIED.);
#28 = CARTESIAN_POINT('',(7.7216,3.9624,4.095015866485E-20));
#29 = CARTESIAN_POINT('',(7.7216,3.9624,0.386812127036));
#30 = CARTESIAN_POINT('',(7.687451761782,3.9624,0.778883816967));
#31 = CARTESIAN_POINT('',(7.563404582022,3.9624,1.543026258727));
#32 = CARTESIAN_POINT('',(7.474475704866,3.9624,1.917785550003));
#33 = CARTESIAN_POINT('',(7.367692706637,3.9624,2.287692706637));
#34 = PCURVE('',#35,#40);
#35 = PLANE('',#36);
#36 = AXIS2_PLACEMENT_3D('',#37,#38,#39);
#37 = CARTESIAN_POINT('',(7.7216,3.9624,-2.287692706637));
#38 = DIRECTION('',(-4.55307998944E-17,-1.,0.));
#39 = DIRECTION('',(1.,-4.55307998944E-17,0.));
#40 = DEFINITIONAL_REPRESENTATION('',(#41),#48);
#41 = B_SPLINE_CURVE_WITH_KNOTS('',3,(#42,#43,#44,#45,#46,#47),
  .UNSPECIFIED.,.F.,.F.,(4,2,4),(6.395875130176E-03,7.55372799469E-03,
    8.711580859204E-03),.UNSPECIFIED.);
#42 = CARTESIAN_POINT('',(0.,2.287692706637));
#43 = CARTESIAN_POINT('',(0.,2.674504833673));
#44 = CARTESIAN_POINT('',(-3.414823821786E-02,3.066576523604));
#45 = CARTESIAN_POINT('',(-0.158195417978,3.830718965364));
#46 = CARTESIAN_POINT('',(-0.247124295134,4.20547825664));
#47 = CARTESIAN_POINT('',(-0.353907293363,4.575385413274));
#48 = ( GEOMETRIC_REPRESENTATION_CONTEXT(2) 
PARAMETRIC_REPRESENTATION_CONTEXT() REPRESENTATION_CONTEXT('2D SPACE',''
  ) );
#49 = PCURVE('',#50,#55);
#50 = CONICAL_SURFACE('',#51,3.9624,1.047197551197);
#51 = AXIS2_PLACEMENT_3D('',#52,#53,#54);
#52 = CARTESIAN_POINT('',(7.7216,0.,0.));
#53 = DIRECTION('',(-1.,0.,-0.));
#54 = DIRECTION('',(0.,0.,1.));
#55 = DEFINITIONAL_REPRESENTATION('',(#56),#82);
#56 = B_SPLINE_CURVE_WITH_KNOTS('',3,(#57,#58,#59,#60,#61,#62,#63,#64,
    #65,#66,#67,#68,#69,#70,#71,#72,#73,#74,#75,#76,#77,#78,#79,#80,#81)
  ,.UNSPECIFIED.,.F.,.F.,(4,1,1,1,1,1,1,1,1,1,1,1,1,1,1,1,1,1,1,1,1,1,4)
  ,(6.395875130176E-03,6.501134481496E-03,6.606393832815E-03,
    6.711653184134E-03,6.816912535454E-03,6.922171886773E-03,
    7.027431238093E-03,7.132690589412E-03,7.237949940732E-03,
    7.343209292051E-03,7.448468643371E-03,7.55372799469E-03,
    7.658987346009E-03,7.764246697329E-03,7.869506048648E-03,
    7.974765399968E-03,8.080024751287E-03,8.185284102607E-03,
    8.290543453926E-03,8.395802805246E-03,8.501062156565E-03,
    8.606321507885E-03,8.711580859204E-03),.QUASI_UNIFORM_KNOTS.);
#57 = CARTESIAN_POINT('',(1.570796326795,0.));
#58 = CARTESIAN_POINT('',(1.561921710544,-4.817477328934E-07));
#59 = CARTESIAN_POINT('',(1.544150561647,5.468869171876E-04));
#60 = CARTESIAN_POINT('',(1.517483277349,3.005662052429E-03));
#61 = CARTESIAN_POINT('',(1.490860800184,7.097149941841E-03));
#62 = CARTESIAN_POINT('',(1.464337868751,1.280841384311E-02));
#63 = CARTESIAN_POINT('',(1.437968105293,2.012140726357E-02));
#64 = CARTESIAN_POINT('',(1.411803462196,2.901238851785E-02));
#65 = CARTESIAN_POINT('',(1.385893788388,3.945231658494E-02));
#66 = CARTESIAN_POINT('',(1.360286236469,5.140707729253E-02));
#67 = CARTESIAN_POINT('',(1.335025506597,6.483772348153E-02));
#68 = CARTESIAN_POINT('',(1.310151273563,7.970110214687E-02));
#69 = CARTESIAN_POINT('',(1.285706450504,9.5949144219E-02));
#70 = CARTESIAN_POINT('',(1.261705347759,0.113533289565));
#71 = CARTESIAN_POINT('',(1.238141946571,0.132413807065));
#72 = CARTESIAN_POINT('',(1.215032800289,0.152547707312));
#73 = CARTESIAN_POINT('',(1.192385453535,0.173892934957));
#74 = CARTESIAN_POINT('',(1.17020704948,0.196407441848));
#75 = CARTESIAN_POINT('',(1.148502188126,0.220049612933));
#76 = CARTESIAN_POINT('',(1.127273674745,0.244778313456));
#77 = CARTESIAN_POINT('',(1.106522515721,0.270553009343));
#78 = CARTESIAN_POINT('',(1.086248072491,0.297333884688));
#79 = CARTESIAN_POINT('',(1.066448354401,0.32508181051));
#80 = CARTESIAN_POINT('',(1.053562518047,0.344199821621));
#81 = CARTESIAN_POINT('',(1.047197551197,0.353907293363));
#82 = ( GEOMETRIC_REPRESENTATION_CONTEXT(2) 
PARAMETRIC_REPRESENTATION_CONTEXT() REPRESENTATION_CONTEXT('2D SPACE',''
  ) );
#83 = ORIENTED_EDGE('',*,*,#84,.T.);
#84 = EDGE_CURVE('',#24,#85,#87,.T.);
#85 = VERTEX_POINT('',#86);
#86 = CARTESIAN_POINT('',(5.687907293363,3.9624,2.287692706637));
#87 = SURFACE_CURVE('',#88,(#92,#99),.PCURVE_S1.);
#88 = LINE('',#89,#90);
#89 = CARTESIAN_POINT('',(7.7216,3.9624,2.287692706637));
#90 = VECTOR('',#91,1.);
#91 = DIRECTION('',(-1.,4.55307998944E-17,0.));
#92 = PCURVE('',#35,#93);
#93 = DEFINITIONAL_REPRESENTATION('',(#94),#98);
#94 = LINE('',#95,#96);
#95 = CARTESIAN_POINT('',(0.,4.575385413274));
#96 = VECTOR('',#97,1.);
#97 = DIRECTION('',(-1.,0.));
#98 = ( GEOMETRIC_REPRESENTATION_CONTEXT(2) 
PARAMETRIC_REPRESENTATION_CONTEXT() REPRESENTATION_CONTEXT('2D SPACE',''
  ) );
#99 = PCURVE('',#100,#105);
#100 = PLANE('',#101);
#101 = AXIS2_PLACEMENT_3D('',#102,#103,#104);
#102 = CARTESIAN_POINT('',(7.7216,3.9624,2.287692706637));
#103 = DIRECTION('',(-2.27653999472E-17,-0.5,-0.866025403784));
#104 = DIRECTION('',(-3.08148791102E-33,0.866025403784,-0.5));
#105 = DEFINITIONAL_REPRESENTATION('',(#106),#110);
#106 = LINE('',#107,#108);
#107 = CARTESIAN_POINT('',(0.,0.));
#108 = VECTOR('',#109,1.);
#109 = DIRECTION('',(3.943082936318E-17,-1.));
#110 = ( GEOMETRIC_REPRESENTATION_CONTEXT(2) 
PARAMETRIC_REPRESENTATION_CONTEXT() REPRESENTATION_CONTEXT('2D SPACE',''
  ) );
#111 = ORIENTED_EDGE('',*,*,#112,.F.);
#112 = EDGE_CURVE('',#113,#85,#115,.T.);
#113 = VERTEX_POINT('',#114);
#114 = CARTESIAN_POINT('',(5.4,3.9624,0.958020073643));
#115 = SURFACE_CURVE('',#116,(#123,#133),.PCURVE_S1.);
#116 = B_SPLINE_CURVE_WITH_KNOTS('',3,(#117,#118,#119,#120,#121,#122),
  .UNSPECIFIED.,.F.,.F.,(4,2,4),(6.395875130176E-03,7.55372799469E-03,
    8.711580859204E-03),.UNSPECIFIED.);
#117 = CARTESIAN_POINT('',(5.334,3.9624,-1.421435994583E-16));
#118 = CARTESIAN_POINT('',(5.334,3.9624,0.386812127036));
#119 = CARTESIAN_POINT('',(5.368148238218,3.9624,0.778883816967));
#120 = CARTESIAN_POINT('',(5.492195417978,3.9624,1.543026258727));
#121 = CARTESIAN_POINT('',(5.581124295134,3.9624,1.917785550003));
#122 = CARTESIAN_POINT('',(5.687907293363,3.9624,2.287692706637));
#123 = PCURVE('',#35,#124);
#124 = DEFINITIONAL_REPRESENTATION('',(#125),#132);
#125 = B_SPLINE_CURVE_WITH_KNOTS('',3,(#126,#127,#128,#129,#130,#131),
  .UNSPECIFIED.,.F.,.F.,(4,2,4),(6.395875130176E-03,7.55372799469E-03,
    8.711580859204E-03),.UNSPECIFIED.);
#126 = CARTESIAN_POINT('',(-2.3876,2.287692706637));
#127 = CARTESIAN_POINT('',(-2.3876,2.674504833673));
#128 = CARTESIAN_POINT('',(-2.353451761782,3.066576523604));
#129 = CARTESIAN_POINT('',(-2.229404582022,3.830718965364));
#130 = CARTESIAN_POINT('',(-2.140475704866,4.20547825664));
#131 = CARTESIAN_POINT('',(-2.033692706637,4.575385413274));
#132 = ( GEOMETRIC_REPRESENTATION_CONTEXT(2) 
PARAMETRIC_REPRESENTATION_CONTEXT() REPRESENTATION_CONTEXT('2D SPACE',''
  ) );
#133 = PCURVE('',#134,#139);
#134 = CONICAL_SURFACE('',#135,3.9624,1.047197551197);
#135 = AXIS2_PLACEMENT_3D('',#136,#137,#138);
#136 = CARTESIAN_POINT('',(5.334,0.,0.));
#137 = DIRECTION('',(1.,-0.,0.));
#138 = DIRECTION('',(0.,0.,-1.));
#139 = DEFINITIONAL_REPRESENTATION('',(#140),#166);
#140 = B_SPLINE_CURVE_WITH_KNOTS('',3,(#141,#142,#143,#144,#145,#146,
    #147,#148,#149,#150,#151,#152,#153,#154,#155,#156,#157,#158,#159,
    #160,#161,#162,#163,#164,#165),.UNSPECIFIED.,.F.,.F.,(4,1,1,1,1,1,1,
    1,1,1,1,1,1,1,1,1,1,1,1,1,1,1,4),(6.395875130176E-03,
    6.501134481496E-03,6.606393832815E-03,6.711653184134E-03,
    6.816912535454E-03,6.922171886773E-03,7.027431238093E-03,
    7.132690589412E-03,7.237949940732E-03,7.343209292051E-03,
    7.448468643371E-03,7.55372799469E-03,7.658987346009E-03,
    7.764246697329E-03,7.869506048648E-03,7.974765399968E-03,
    8.080024751287E-03,8.185284102607E-03,8.290543453926E-03,
    8.395802805246E-03,8.501062156565E-03,8.606321507885E-03,
    8.711580859204E-03),.QUASI_UNIFORM_KNOTS.);
#141 = CARTESIAN_POINT('',(1.570796326795,0.));
#142 = CARTESIAN_POINT('',(1.579670943046,-4.81747732733E-07));
#143 = CARTESIAN_POINT('',(1.597442091943,5.468869171878E-04));
#144 = CARTESIAN_POINT('',(1.624109376241,3.00566205243E-03));
#145 = CARTESIAN_POINT('',(1.650731853405,7.097149941842E-03));
#146 = CARTESIAN_POINT('',(1.677254784839,1.280841384311E-02));
#147 = CARTESIAN_POINT('',(1.703624548297,2.012140726358E-02));
#148 = CARTESIAN_POINT('',(1.729789191394,2.901238851785E-02));
#149 = CARTESIAN_POINT('',(1.755698865202,3.945231658495E-02));
#150 = CARTESIAN_POINT('',(1.781306417121,5.140707729253E-02));
#151 = CARTESIAN_POINT('',(1.806567146993,6.483772348153E-02));
#152 = CARTESIAN_POINT('',(1.831441380027,7.970110214687E-02));
#153 = CARTESIAN_POINT('',(1.855886203086,9.5949144219E-02));
#154 = CARTESIAN_POINT('',(1.879887305831,0.113533289565));
#155 = CARTESIAN_POINT('',(1.903450707019,0.132413807065));
#156 = CARTESIAN_POINT('',(1.9265598533,0.152547707312));
#157 = CARTESIAN_POINT('',(1.949207200055,0.173892934957));
#158 = CARTESIAN_POINT('',(1.971385604109,0.196407441848));
#159 = CARTESIAN_POINT('',(1.993090465464,0.220049612933));
#160 = CARTESIAN_POINT('',(2.014318978845,0.244778313456));
#161 = CARTESIAN_POINT('',(2.035070137868,0.270553009343));
#162 = CARTESIAN_POINT('',(2.055344581099,0.297333884688));
#163 = CARTESIAN_POINT('',(2.075144299189,0.32508181051));
#164 = CARTESIAN_POINT('',(2.088030135543,0.344199821621));
#165 = CARTESIAN_POINT('',(2.094395102393,0.353907293363));
#166 = ( GEOMETRIC_REPRESENTATION_CONTEXT(2) 
PARAMETRIC_REPRESENTATION_CONTEXT() REPRESENTATION_CONTEXT('2D SPACE',''
  ) );
#167 = ORIENTED_EDGE('',*,*,#168,.F.);
#168 = EDGE_CURVE('',#169,#113,#171,.T.);
#169 = VERTEX_POINT('',#170);
#170 = CARTESIAN_POINT('',(5.4,3.9624,-0.958424623144));
#171 = SURFACE_CURVE('',#172,(#176,#182),.PCURVE_S1.);
#172 = LINE('',#173,#174);
#173 = CARTESIAN_POINT('',(5.4,3.9624,-5.643846353318));
#174 = VECTOR('',#175,1.);
#175 = DIRECTION('',(0.,0.,1.));
#176 = PCURVE('',#35,#177);
#177 = DEFINITIONAL_REPRESENTATION('',(#178),#181);
#178 = B_SPLINE_CURVE_WITH_KNOTS('',1,(#179,#180),.UNSPECIFIED.,.F.,.F.,
  (2,2),(3.356153646681,7.931539059955),.PIECEWISE_BEZIER_KNOTS.);
#179 = CARTESIAN_POINT('',(-2.3216,-1.998401444325E-14));
#180 = CARTESIAN_POINT('',(-2.3216,4.575385413274));
#181 = ( GEOMETRIC_REPRESENTATION_CONTEXT(2) 
PARAMETRIC_REPRESENTATION_CONTEXT() REPRESENTATION_CONTEXT('2D SPACE',''
  ) );
#182 = PCURVE('',#183,#188);
#183 = PLANE('',#184);
#184 = AXIS2_PLACEMENT_3D('',#185,#186,#187);
#185 = CARTESIAN_POINT('',(5.4,-9.,-9.));
#186 = DIRECTION('',(1.,0.,-0.));
#187 = DIRECTION('',(0.,0.,1.));
#188 = DEFINITIONAL_REPRESENTATION('',(#189),#192);
#189 = B_SPLINE_CURVE_WITH_KNOTS('',1,(#190,#191),.UNSPECIFIED.,.F.,.F.,
  (2,2),(3.356153646681,7.931539059955),.PIECEWISE_BEZIER_KNOTS.);
#190 = CARTESIAN_POINT('',(6.712307293363,-12.9624));
#191 = CARTESIAN_POINT('',(11.287692706637,-12.9624));
#192 = ( GEOMETRIC_REPRESENTATION_CONTEXT(2) 
PARAMETRIC_REPRESENTATION_CONTEXT() REPRESENTATION_CONTEXT('2D SPACE',''
  ) );
#193 = ORIENTED_EDGE('',*,*,#194,.F.);
#194 = EDGE_CURVE('',#195,#169,#197,.T.);
#195 = VERTEX_POINT('',#196);
#196 = CARTESIAN_POINT('',(5.687907293363,3.9624,-2.287692706637));
#197 = SURFACE_CURVE('',#198,(#205,#215),.PCURVE_S1.);
#198 = B_SPLINE_CURVE_WITH_KNOTS('',3,(#199,#200,#201,#202,#203,#204),
  .UNSPECIFIED.,.F.,.F.,(4,2,4),(4.081544426636E-03,5.238709778406E-03,
    6.395875130176E-03),.UNSPECIFIED.);
#199 = CARTESIAN_POINT('',(5.687907293363,3.9624,-2.287692706637));
#200 = CARTESIAN_POINT('',(5.58049858368,3.9624,-1.915618021945));
#201 = CARTESIAN_POINT('',(5.490411122413,3.9624,-1.534540553077));
#202 = CARTESIAN_POINT('',(5.367229034182,3.9624,-0.770660306827));
#203 = CARTESIAN_POINT('',(5.334,3.9624,-0.386582444773));
#204 = CARTESIAN_POINT('',(5.334,3.9624,1.153720392033E-16));
#205 = PCURVE('',#35,#206);
#206 = DEFINITIONAL_REPRESENTATION('',(#207),#214);
#207 = B_SPLINE_CURVE_WITH_KNOTS('',3,(#208,#209,#210,#211,#212,#213),
  .UNSPECIFIED.,.F.,.F.,(4,2,4),(4.081544426636E-03,5.238709778406E-03,
    6.395875130176E-03),.UNSPECIFIED.);
#208 = CARTESIAN_POINT('',(-2.033692706637,-1.998401444325E-14));
#209 = CARTESIAN_POINT('',(-2.14110141632,0.372074684692));
#210 = CARTESIAN_POINT('',(-2.231188877587,0.75315215356));
#211 = CARTESIAN_POINT('',(-2.354370965818,1.51703239981));
#212 = CARTESIAN_POINT('',(-2.3876,1.901110261864));
#213 = CARTESIAN_POINT('',(-2.3876,2.287692706637));
#214 = ( GEOMETRIC_REPRESENTATION_CONTEXT(2) 
PARAMETRIC_REPRESENTATION_CONTEXT() REPRESENTATION_CONTEXT('2D SPACE',''
  ) );
#215 = PCURVE('',#216,#221);
#216 = CONICAL_SURFACE('',#217,3.9624,1.047197551197);
#217 = AXIS2_PLACEMENT_3D('',#218,#219,#220);
#218 = CARTESIAN_POINT('',(5.334,0.,0.));
#219 = DIRECTION('',(1.,-0.,0.));
#220 = DIRECTION('',(0.,0.,-1.));
#221 = DEFINITIONAL_REPRESENTATION('',(#222),#248);
#222 = B_SPLINE_CURVE_WITH_KNOTS('',3,(#223,#224,#225,#226,#227,#228,
    #229,#230,#231,#232,#233,#234,#235,#236,#237,#238,#239,#240,#241,
    #242,#243,#244,#245,#246,#247),.UNSPECIFIED.,.F.,.F.,(4,1,1,1,1,1,1,
    1,1,1,1,1,1,1,1,1,1,1,1,1,1,1,4),(4.081544426636E-03,
    4.186741276797E-03,4.291938126958E-03,4.397134977119E-03,
    4.50233182728E-03,4.607528677441E-03,4.712725527602E-03,
    4.817922377763E-03,4.923119227924E-03,5.028316078084E-03,
    5.133512928245E-03,5.238709778406E-03,5.343906628567E-03,
    5.449103478728E-03,5.554300328889E-03,5.65949717905E-03,
    5.764694029211E-03,5.869890879372E-03,5.975087729533E-03,
    6.080284579693E-03,6.185481429854E-03,6.290678280015E-03,
    6.395875130176E-03),.QUASI_UNIFORM_KNOTS.);
#223 = CARTESIAN_POINT('',(1.047197551197,0.353907293363));
#224 = CARTESIAN_POINT('',(1.053599744338,0.344142839848));
#225 = CARTESIAN_POINT('',(1.06657493658,0.324897012178));
#226 = CARTESIAN_POINT('',(1.086545620326,0.296931606101));
#227 = CARTESIAN_POINT('',(1.107020521653,0.269923793963));
#228 = CARTESIAN_POINT('',(1.127993006343,0.243927270217));
#229 = CARTESIAN_POINT('',(1.149454296925,0.218995113093));
#230 = CARTESIAN_POINT('',(1.17139307144,0.195179526936));
#231 = CARTESIAN_POINT('',(1.193795384699,0.172531635808));
#232 = CARTESIAN_POINT('',(1.216644621602,0.151101187617));
#233 = CARTESIAN_POINT('',(1.23992113728,0.130936485906));
#234 = CARTESIAN_POINT('',(1.263603285763,0.112083435975));
#235 = CARTESIAN_POINT('',(1.287663405183,9.458785950988E-02));
#236 = CARTESIAN_POINT('',(1.312082813364,7.848559576906E-02));
#237 = CARTESIAN_POINT('',(1.336849837897,6.380082355951E-02));
#238 = CARTESIAN_POINT('',(1.361938725437,5.056411488406E-02));
#239 = CARTESIAN_POINT('',(1.387324659056,3.880262344612E-02));
#240 = CARTESIAN_POINT('',(1.412979845114,2.854248539419E-02));
#241 = CARTESIAN_POINT('',(1.438874717164,1.980795714433E-02));
#242 = CARTESIAN_POINT('',(1.464977810988,1.26214320782E-02));
#243 = CARTESIAN_POINT('',(1.49125604527,7.003263599878E-03));
#244 = CARTESIAN_POINT('',(1.517674907901,2.971562270981E-03));
#245 = CARTESIAN_POINT('',(1.544198799246,5.423873942059E-04));
#246 = CARTESIAN_POINT('',(1.561926937468,-2.034134821097E-07));
#247 = CARTESIAN_POINT('',(1.570796326795,0.));
#248 = ( GEOMETRIC_REPRESENTATION_CONTEXT(2) 
PARAMETRIC_REPRESENTATION_CONTEXT() REPRESENTATION_CONTEXT('2D SPACE',''
  ) );
#249 = ORIENTED_EDGE('',*,*,#250,.F.);
#250 = EDGE_CURVE('',#251,#195,#253,.T.);
#251 = VERTEX_POINT('',#252);
#252 = CARTESIAN_POINT('',(7.367692706637,3.9624,-2.287692706637));
#253 = SURFACE_CURVE('',#254,(#258,#265),.PCURVE_S1.);
#254 = LINE('',#255,#256);
#255 = CARTESIAN_POINT('',(7.7216,3.9624,-2.287692706637));
#256 = VECTOR('',#257,1.);
#257 = DIRECTION('',(-1.,4.55307998944E-17,0.));
#258 = PCURVE('',#35,#259);
#259 = DEFINITIONAL_REPRESENTATION('',(#260),#264);
#260 = LINE('',#261,#262);
#261 = CARTESIAN_POINT('',(0.,0.));
#262 = VECTOR('',#263,1.);
#263 = DIRECTION('',(-1.,0.));
#264 = ( GEOMETRIC_REPRESENTATION_CONTEXT(2) 
PARAMETRIC_REPRESENTATION_CONTEXT() REPRESENTATION_CONTEXT('2D SPACE',''
  ) );
#265 = PCURVE('',#266,#271);
#266 = PLANE('',#267);
#267 = AXIS2_PLACEMENT_3D('',#268,#269,#270);
#268 = CARTESIAN_POINT('',(7.7216,4.642910962211E-15,-4.575385413274));
#269 = DIRECTION('',(-2.27653999472E-17,-0.5,0.866025403784));
#270 = DIRECTION('',(3.08148791102E-33,-0.866025403784,-0.5));
#271 = DEFINITIONAL_REPRESENTATION('',(#272),#276);
#272 = LINE('',#273,#274);
#273 = CARTESIAN_POINT('',(-4.575385413274,1.848892746612E-32));
#274 = VECTOR('',#275,1.);
#275 = DIRECTION('',(-3.943082936318E-17,-1.));
#276 = ( GEOMETRIC_REPRESENTATION_CONTEXT(2) 
PARAMETRIC_REPRESENTATION_CONTEXT() REPRESENTATION_CONTEXT('2D SPACE',''
  ) );
#277 = ORIENTED_EDGE('',*,*,#278,.T.);
#278 = EDGE_CURVE('',#251,#279,#281,.T.);
#279 = VERTEX_POINT('',#280);
#280 = CARTESIAN_POINT('',(7.72,3.9624,-0.147265121966));
#281 = SURFACE_CURVE('',#282,(#289,#299),.PCURVE_S1.);
#282 = B_SPLINE_CURVE_WITH_KNOTS('',3,(#283,#284,#285,#286,#287,#288),
  .UNSPECIFIED.,.F.,.F.,(4,2,4),(4.081544426636E-03,5.238709778406E-03,
    6.395875130176E-03),.UNSPECIFIED.);
#283 = CARTESIAN_POINT('',(7.367692706637,3.9624,-2.287692706637));
#284 = CARTESIAN_POINT('',(7.47510141632,3.9624,-1.915618021945));
#285 = CARTESIAN_POINT('',(7.565188877587,3.9624,-1.534540553077));
#286 = CARTESIAN_POINT('',(7.688370965818,3.9624,-0.770660306827));
#287 = CARTESIAN_POINT('',(7.7216,3.9624,-0.386582444773));
#288 = CARTESIAN_POINT('',(7.7216,3.9624,2.575565888202E-16));
#289 = PCURVE('',#35,#290);
#290 = DEFINITIONAL_REPRESENTATION('',(#291),#298);
#291 = B_SPLINE_CURVE_WITH_KNOTS('',3,(#292,#293,#294,#295,#296,#297),
  .UNSPECIFIED.,.F.,.F.,(4,2,4),(4.081544426636E-03,5.238709778406E-03,
    6.395875130176E-03),.UNSPECIFIED.);
#292 = CARTESIAN_POINT('',(-0.353907293363,-1.998401444325E-14));
#293 = CARTESIAN_POINT('',(-0.24649858368,0.372074684692));
#294 = CARTESIAN_POINT('',(-0.156411122413,0.75315215356));
#295 = CARTESIAN_POINT('',(-3.322903418151E-02,1.51703239981));
#296 = CARTESIAN_POINT('',(0.,1.901110261864));
#297 = CARTESIAN_POINT('',(0.,2.287692706637));
#298 = ( GEOMETRIC_REPRESENTATION_CONTEXT(2) 
PARAMETRIC_REPRESENTATION_CONTEXT() REPRESENTATION_CONTEXT('2D SPACE',''
  ) );
#299 = PCURVE('',#300,#305);
#300 = CONICAL_SURFACE('',#301,3.9624,1.047197551197);
#301 = AXIS2_PLACEMENT_3D('',#302,#303,#304);
#302 = CARTESIAN_POINT('',(7.7216,0.,0.));
#303 = DIRECTION('',(-1.,0.,-0.));
#304 = DIRECTION('',(0.,0.,1.));
#305 = DEFINITIONAL_REPRESENTATION('',(#306),#332);
#306 = B_SPLINE_CURVE_WITH_KNOTS('',3,(#307,#308,#309,#310,#311,#312,
    #313,#314,#315,#316,#317,#318,#319,#320,#321,#322,#323,#324,#325,
    #326,#327,#328,#329,#330,#331),.UNSPECIFIED.,.F.,.F.,(4,1,1,1,1,1,1,
    1,1,1,1,1,1,1,1,1,1,1,1,1,1,1,4),(4.081544426636E-03,
    4.186741276797E-03,4.291938126958E-03,4.397134977119E-03,
    4.50233182728E-03,4.607528677441E-03,4.712725527602E-03,
    4.817922377763E-03,4.923119227924E-03,5.028316078084E-03,
    5.133512928245E-03,5.238709778406E-03,5.343906628567E-03,
    5.449103478728E-03,5.554300328889E-03,5.65949717905E-03,
    5.764694029211E-03,5.869890879372E-03,5.975087729533E-03,
    6.080284579693E-03,6.185481429854E-03,6.290678280015E-03,
    6.395875130176E-03),.QUASI_UNIFORM_KNOTS.);
#307 = CARTESIAN_POINT('',(2.094395102393,0.353907293363));
#308 = CARTESIAN_POINT('',(2.087992909251,0.344142839848));
#309 = CARTESIAN_POINT('',(2.07501771701,0.324897012178));
#310 = CARTESIAN_POINT('',(2.055047033264,0.296931606101));
#311 = CARTESIAN_POINT('',(2.034572131936,0.269923793963));
#312 = CARTESIAN_POINT('',(2.013599647247,0.243927270217));
#313 = CARTESIAN_POINT('',(1.992138356664,0.218995113093));
#314 = CARTESIAN_POINT('',(1.97019958215,0.195179526936));
#315 = CARTESIAN_POINT('',(1.947797268891,0.172531635808));
#316 = CARTESIAN_POINT('',(1.924948031988,0.151101187617));
#317 = CARTESIAN_POINT('',(1.90167151631,0.130936485906));
#318 = CARTESIAN_POINT('',(1.877989367827,0.112083435975));
#319 = CARTESIAN_POINT('',(1.853929248407,9.458785950988E-02));
#320 = CARTESIAN_POINT('',(1.829509840226,7.848559576906E-02));
#321 = CARTESIAN_POINT('',(1.804742815692,6.380082355951E-02));
#322 = CARTESIAN_POINT('',(1.779653928153,5.056411488406E-02));
#323 = CARTESIAN_POINT('',(1.754267994533,3.880262344612E-02));
#324 = CARTESIAN_POINT('',(1.728612808475,2.854248539419E-02));
#325 = CARTESIAN_POINT('',(1.702717936425,1.980795714433E-02));
#326 = CARTESIAN_POINT('',(1.676614842602,1.26214320782E-02));
#327 = CARTESIAN_POINT('',(1.65033660832,7.003263599878E-03));
#328 = CARTESIAN_POINT('',(1.623917745688,2.971562270981E-03));
#329 = CARTESIAN_POINT('',(1.597393854344,5.423873942063E-04));
#330 = CARTESIAN_POINT('',(1.579665716121,-2.034134818212E-07));
#331 = CARTESIAN_POINT('',(1.570796326795,0.));
#332 = ( GEOMETRIC_REPRESENTATION_CONTEXT(2) 
PARAMETRIC_REPRESENTATION_CONTEXT() REPRESENTATION_CONTEXT('2D SPACE',''
  ) );
#333 = ORIENTED_EDGE('',*,*,#334,.T.);
#334 = EDGE_CURVE('',#279,#22,#335,.T.);
#335 = SURFACE_CURVE('',#336,(#340,#346),.PCURVE_S1.);
#336 = LINE('',#337,#338);
#337 = CARTESIAN_POINT('',(7.72,3.9624,-5.643846353318));
#338 = VECTOR('',#339,1.);
#339 = DIRECTION('',(0.,0.,1.));
#340 = PCURVE('',#35,#341);
#341 = DEFINITIONAL_REPRESENTATION('',(#342),#345);
#342 = B_SPLINE_CURVE_WITH_KNOTS('',1,(#343,#344),.UNSPECIFIED.,.F.,.F.,
  (2,2),(3.356153646681,7.931539059955),.PIECEWISE_BEZIER_KNOTS.);
#343 = CARTESIAN_POINT('',(-1.6E-03,-1.998401444325E-14));
#344 = CARTESIAN_POINT('',(-1.6E-03,4.575385413274));
#345 = ( GEOMETRIC_REPRESENTATION_CONTEXT(2) 
PARAMETRIC_REPRESENTATION_CONTEXT() REPRESENTATION_CONTEXT('2D SPACE',''
  ) );
#346 = PCURVE('',#347,#352);
#347 = PLANE('',#348);
#348 = AXIS2_PLACEMENT_3D('',#349,#350,#351);
#349 = CARTESIAN_POINT('',(7.72,-9.,-9.));
#350 = DIRECTION('',(1.,0.,-0.));
#351 = DIRECTION('',(0.,0.,1.));
#352 = DEFINITIONAL_REPRESENTATION('',(#353),#356);
#353 = B_SPLINE_CURVE_WITH_KNOTS('',1,(#354,#355),.UNSPECIFIED.,.F.,.F.,
  (2,2),(3.356153646681,7.931539059955),.PIECEWISE_BEZIER_KNOTS.);
#354 = CARTESIAN_POINT('',(6.712307293363,-12.9624));
#355 = CARTESIAN_POINT('',(11.287692706637,-12.9624));
#356 = ( GEOMETRIC_REPRESENTATION_CONTEXT(2) 
PARAMETRIC_REPRESENTATION_CONTEXT() REPRESENTATION_CONTEXT('2D SPACE',''
  ) );
#357 = ADVANCED_FACE('',(#358),#50,.T.);
#358 = FACE_BOUND('',#359,.T.);
#359 = EDGE_LOOP('',(#360,#388,#389));
#360 = ORIENTED_EDGE('',*,*,#361,.T.);
#361 = EDGE_CURVE('',#362,#22,#364,.T.);
#362 = VERTEX_POINT('',#363);
#363 = CARTESIAN_POINT('',(7.72,2.108209707169,3.358209971332));
#364 = SURFACE_CURVE('',#365,(#370,#377),.PCURVE_S1.);
#365 = CIRCLE('',#366,3.965171281292);
#366 = AXIS2_PLACEMENT_3D('',#367,#368,#369);
#367 = CARTESIAN_POINT('',(7.72,0.,0.));
#368 = DIRECTION('',(-1.,0.,0.));
#369 = DIRECTION('',(0.,0.,1.));
#370 = PCURVE('',#50,#371);
#371 = DEFINITIONAL_REPRESENTATION('',(#372),#376);
#372 = LINE('',#373,#374);
#373 = CARTESIAN_POINT('',(0.,1.6E-03));
#374 = VECTOR('',#375,1.);
#375 = DIRECTION('',(1.,0.));
#376 = ( GEOMETRIC_REPRESENTATION_CONTEXT(2) 
PARAMETRIC_REPRESENTATION_CONTEXT() REPRESENTATION_CONTEXT('2D SPACE',''
  ) );
#377 = PCURVE('',#347,#378);
#378 = DEFINITIONAL_REPRESENTATION('',(#379),#387);
#379 = ( BOUNDED_CURVE() B_SPLINE_CURVE(2,(#380,#381,#382,#383,#384,#385
,#386),.UNSPECIFIED.,.T.,.F.) B_SPLINE_CURVE_WITH_KNOTS((1,2,2,2,2,1),(
    -2.094395102393,0.,2.094395102393,4.188790204786,6.28318530718,
8.377580409573),.UNSPECIFIED.) CURVE() GEOMETRIC_REPRESENTATION_ITEM() 
RATIONAL_B_SPLINE_CURVE((1.,0.5,1.,0.5,1.,0.5,1.)) REPRESENTATION_ITEM(
  '') );
#380 = CARTESIAN_POINT('',(12.965171281292,-9.));
#381 = CARTESIAN_POINT('',(12.965171281292,-15.86787811991));
#382 = CARTESIAN_POINT('',(7.017414359354,-12.43393905995));
#383 = CARTESIAN_POINT('',(1.069657437416,-9.));
#384 = CARTESIAN_POINT('',(7.017414359354,-5.566060940045));
#385 = CARTESIAN_POINT('',(12.965171281292,-2.132121880089));
#386 = CARTESIAN_POINT('',(12.965171281292,-9.));
#387 = ( GEOMETRIC_REPRESENTATION_CONTEXT(2) 
PARAMETRIC_REPRESENTATION_CONTEXT() REPRESENTATION_CONTEXT('2D SPACE',''
  ) );
#388 = ORIENTED_EDGE('',*,*,#21,.T.);
#389 = ORIENTED_EDGE('',*,*,#390,.F.);
#390 = EDGE_CURVE('',#362,#24,#391,.T.);
#391 = SURFACE_CURVE('',#392,(#399,#428),.PCURVE_S1.);
#392 = B_SPLINE_CURVE_WITH_KNOTS('',3,(#393,#394,#395,#396,#397,#398),
  .UNSPECIFIED.,.F.,.F.,(4,2,4),(2.315008838493E-03,3.468068993597E-03,
    4.621129148701E-03),.UNSPECIFIED.);
#393 = CARTESIAN_POINT('',(7.7216,1.9812,3.431539059955));
#394 = CARTESIAN_POINT('',(7.7216,2.31747724854,3.237389299989));
#395 = CARTESIAN_POINT('',(7.687711294599,2.653316823884,3.043492230759)
  );
#396 = CARTESIAN_POINT('',(7.564416066887,3.313125099024,2.662551745494)
  );
#397 = CARTESIAN_POINT('',(7.475455648502,3.639111174407,2.474343597119)
  );
#398 = CARTESIAN_POINT('',(7.367692706637,3.9624,2.287692706637));
#399 = PCURVE('',#50,#400);
#400 = DEFINITIONAL_REPRESENTATION('',(#401),#427);
#401 = B_SPLINE_CURVE_WITH_KNOTS('',3,(#402,#403,#404,#405,#406,#407,
    #408,#409,#410,#411,#412,#413,#414,#415,#416,#417,#418,#419,#420,
    #421,#422,#423,#424,#425,#426),.UNSPECIFIED.,.F.,.F.,(4,1,1,1,1,1,1,
    1,1,1,1,1,1,1,1,1,1,1,1,1,1,1,4),(2.315008838493E-03,
    2.419832488957E-03,2.524656139421E-03,2.629479789885E-03,
    2.734303440349E-03,2.839127090813E-03,2.943950741277E-03,
    3.048774391741E-03,3.153598042205E-03,3.258421692669E-03,
    3.363245343133E-03,3.468068993597E-03,3.572892644061E-03,
    3.677716294525E-03,3.782539944989E-03,3.887363595453E-03,
    3.992187245917E-03,4.097010896381E-03,4.201834546845E-03,
    4.306658197309E-03,4.411481847773E-03,4.516305498237E-03,
    4.621129148701E-03),.QUASI_UNIFORM_KNOTS.);
#402 = CARTESIAN_POINT('',(0.523598775598,1.922962686384E-16));
#403 = CARTESIAN_POINT('',(0.532507553863,-3.255497386548E-07));
#404 = CARTESIAN_POINT('',(0.550322834774,5.48815469909E-04));
#405 = CARTESIAN_POINT('',(0.576994220838,3.007860860431E-03));
#406 = CARTESIAN_POINT('',(0.603569044907,7.089714326113E-03));
#407 = CARTESIAN_POINT('',(0.630003394147,1.277654159454E-02));
#408 = CARTESIAN_POINT('',(0.65625459041,2.004715828023E-02));
#409 = CARTESIAN_POINT('',(0.682281638854,2.887668680228E-02));
#410 = CARTESIAN_POINT('',(0.708045498825,3.923685981751E-02));
#411 = CARTESIAN_POINT('',(0.733509515488,5.109624042959E-02));
#412 = CARTESIAN_POINT('',(0.758639128244,6.442030294617E-02));
#413 = CARTESIAN_POINT('',(0.78340402791,7.917229848707E-02));
#414 = CARTESIAN_POINT('',(0.807770943658,9.531123224603E-02));
#415 = CARTESIAN_POINT('',(0.831731159062,0.112800688071));
#416 = CARTESIAN_POINT('',(0.855285613021,0.131608014041));
#417 = CARTESIAN_POINT('',(0.878415942487,0.151693347798));
#418 = CARTESIAN_POINT('',(0.901111847178,0.173018331177));
#419 = CARTESIAN_POINT('',(0.923363656638,0.195543979231));
#420 = CARTESIAN_POINT('',(0.945164197283,0.219231440837));
#421 = CARTESIAN_POINT('',(0.966508152984,0.244041971046));
#422 = CARTESIAN_POINT('',(0.98739206913,0.269937092161));
#423 = CARTESIAN_POINT('',(1.007814227631,0.296878712256));
#424 = CARTESIAN_POINT('',(1.027774352417,0.324829147937));
#425 = CARTESIAN_POINT('',(1.040774182414,0.344110713132));
#426 = CARTESIAN_POINT('',(1.047197551197,0.353907293363));
#427 = ( GEOMETRIC_REPRESENTATION_CONTEXT(2) 
PARAMETRIC_REPRESENTATION_CONTEXT() REPRESENTATION_CONTEXT('2D SPACE',''
  ) );
#428 = PCURVE('',#100,#429);
#429 = DEFINITIONAL_REPRESENTATION('',(#430),#437);
#430 = B_SPLINE_CURVE_WITH_KNOTS('',3,(#431,#432,#433,#434,#435,#436),
  .UNSPECIFIED.,.F.,.F.,(4,2,4),(2.315008838493E-03,3.468068993597E-03,
    4.621129148701E-03),.UNSPECIFIED.);
#431 = CARTESIAN_POINT('',(-2.287692706637,0.));
#432 = CARTESIAN_POINT('',(-1.899393186703,0.));
#433 = CARTESIAN_POINT('',(-1.511599048244,-3.388870540128E-02));
#434 = CARTESIAN_POINT('',(-0.749718077713,-0.157183933113));
#435 = CARTESIAN_POINT('',(-0.373301780965,-0.246144351498));
#436 = CARTESIAN_POINT('',(6.705747068736E-14,-0.353907293363));
#437 = ( GEOMETRIC_REPRESENTATION_CONTEXT(2) 
PARAMETRIC_REPRESENTATION_CONTEXT() REPRESENTATION_CONTEXT('2D SPACE',''
  ) );
#438 = ADVANCED_FACE('',(#439,#721),#347,.T.);
#439 = FACE_BOUND('',#440,.T.);
#440 = EDGE_LOOP('',(#441,#469,#470,#471,#492,#525,#551,#584,#610,#643,
    #669,#702));
#441 = ORIENTED_EDGE('',*,*,#442,.F.);
#442 = EDGE_CURVE('',#279,#443,#445,.T.);
#443 = VERTEX_POINT('',#444);
#444 = CARTESIAN_POINT('',(7.72,2.10754682903,-3.358592684204));
#445 = SURFACE_CURVE('',#446,(#451,#462),.PCURVE_S1.);
#446 = CIRCLE('',#447,3.965171281292);
#447 = AXIS2_PLACEMENT_3D('',#448,#449,#450);
#448 = CARTESIAN_POINT('',(7.72,0.,0.));
#449 = DIRECTION('',(-1.,0.,0.));
#450 = DIRECTION('',(0.,0.,1.));
#451 = PCURVE('',#347,#452);
#452 = DEFINITIONAL_REPRESENTATION('',(#453),#461);
#453 = ( BOUNDED_CURVE() B_SPLINE_CURVE(2,(#454,#455,#456,#457,#458,#459
,#460),.UNSPECIFIED.,.T.,.F.) B_SPLINE_CURVE_WITH_KNOTS((1,2,2,2,2,1),(
    -2.094395102393,0.,2.094395102393,4.188790204786,6.28318530718,
8.377580409573),.UNSPECIFIED.) CURVE() GEOMETRIC_REPRESENTATION_ITEM() 
RATIONAL_B_SPLINE_CURVE((1.,0.5,1.,0.5,1.,0.5,1.)) REPRESENTATION_ITEM(
  '') );
#454 = CARTESIAN_POINT('',(12.965171281292,-9.));
#455 = CARTESIAN_POINT('',(12.965171281292,-15.86787811991));
#456 = CARTESIAN_POINT('',(7.017414359354,-12.43393905995));
#457 = CARTESIAN_POINT('',(1.069657437416,-9.));
#458 = CARTESIAN_POINT('',(7.017414359354,-5.566060940045));
#459 = CARTESIAN_POINT('',(12.965171281292,-2.132121880089));
#460 = CARTESIAN_POINT('',(12.965171281292,-9.));
#461 = ( GEOMETRIC_REPRESENTATION_CONTEXT(2) 
PARAMETRIC_REPRESENTATION_CONTEXT() REPRESENTATION_CONTEXT('2D SPACE',''
  ) );
#462 = PCURVE('',#300,#463);
#463 = DEFINITIONAL_REPRESENTATION('',(#464),#468);
#464 = LINE('',#465,#466);
#465 = CARTESIAN_POINT('',(0.,1.6E-03));
#466 = VECTOR('',#467,1.);
#467 = DIRECTION('',(1.,0.));
#468 = ( GEOMETRIC_REPRESENTATION_CONTEXT(2) 
PARAMETRIC_REPRESENTATION_CONTEXT() REPRESENTATION_CONTEXT('2D SPACE',''
  ) );
#469 = ORIENTED_EDGE('',*,*,#334,.T.);
#470 = ORIENTED_EDGE('',*,*,#361,.F.);
#471 = ORIENTED_EDGE('',*,*,#472,.T.);
#472 = EDGE_CURVE('',#362,#473,#475,.T.);
#473 = VERTEX_POINT('',#474);
#474 = CARTESIAN_POINT('',(7.72,1.85485317097,3.504485435707));
#475 = SURFACE_CURVE('',#476,(#480,#486),.PCURVE_S1.);
#476 = LINE('',#477,#478);
#477 = CARTESIAN_POINT('',(7.72,1.545357158515,3.683173041811));
#478 = VECTOR('',#479,1.);
#479 = DIRECTION('',(0.,-0.866025403784,0.5));
#480 = PCURVE('',#347,#481);
#481 = DEFINITIONAL_REPRESENTATION('',(#482),#485);
#482 = B_SPLINE_CURVE_WITH_KNOTS('',1,(#483,#484),.UNSPECIFIED.,.F.,.F.,
  (2,2),(-2.790960670349,1.784424742926),.PIECEWISE_BEZIER_KNOTS.);
#483 = CARTESIAN_POINT('',(11.287692706637,-12.9624));
#484 = CARTESIAN_POINT('',(13.575385413274,-9.));
#485 = ( GEOMETRIC_REPRESENTATION_CONTEXT(2) 
PARAMETRIC_REPRESENTATION_CONTEXT() REPRESENTATION_CONTEXT('2D SPACE',''
  ) );
#486 = PCURVE('',#100,#487);
#487 = DEFINITIONAL_REPRESENTATION('',(#488),#491);
#488 = B_SPLINE_CURVE_WITH_KNOTS('',1,(#489,#490),.UNSPECIFIED.,.F.,.F.,
  (2,2),(-2.790960670349,1.784424742926),.PIECEWISE_BEZIER_KNOTS.);
#489 = CARTESIAN_POINT('',(6.705747068736E-14,-1.6E-03));
#490 = CARTESIAN_POINT('',(-4.575385413274,-1.6E-03));
#491 = ( GEOMETRIC_REPRESENTATION_CONTEXT(2) 
PARAMETRIC_REPRESENTATION_CONTEXT() REPRESENTATION_CONTEXT('2D SPACE',''
  ) );
#492 = ORIENTED_EDGE('',*,*,#493,.F.);
#493 = EDGE_CURVE('',#494,#473,#496,.T.);
#494 = VERTEX_POINT('',#495);
#495 = CARTESIAN_POINT('',(7.72,-1.85419029282,3.504868148586));
#496 = SURFACE_CURVE('',#497,(#502,#513),.PCURVE_S1.);
#497 = CIRCLE('',#498,3.965171281292);
#498 = AXIS2_PLACEMENT_3D('',#499,#500,#501);
#499 = CARTESIAN_POINT('',(7.72,0.,0.));
#500 = DIRECTION('',(-1.,0.,0.));
#501 = DIRECTION('',(0.,0.,1.));
#502 = PCURVE('',#347,#503);
#503 = DEFINITIONAL_REPRESENTATION('',(#504),#512);
#504 = ( BOUNDED_CURVE() B_SPLINE_CURVE(2,(#505,#506,#507,#508,#509,#510
,#511),.UNSPECIFIED.,.T.,.F.) B_SPLINE_CURVE_WITH_KNOTS((1,2,2,2,2,1),(
    -2.094395102393,0.,2.094395102393,4.188790204786,6.28318530718,
8.377580409573),.UNSPECIFIED.) CURVE() GEOMETRIC_REPRESENTATION_ITEM() 
RATIONAL_B_SPLINE_CURVE((1.,0.5,1.,0.5,1.,0.5,1.)) REPRESENTATION_ITEM(
  '') );
#505 = CARTESIAN_POINT('',(12.965171281292,-9.));
#506 = CARTESIAN_POINT('',(12.965171281292,-15.86787811991));
#507 = CARTESIAN_POINT('',(7.017414359354,-12.43393905995));
#508 = CARTESIAN_POINT('',(1.069657437416,-9.));
#509 = CARTESIAN_POINT('',(7.017414359354,-5.566060940045));
#510 = CARTESIAN_POINT('',(12.965171281292,-2.132121880089));
#511 = CARTESIAN_POINT('',(12.965171281292,-9.));
#512 = ( GEOMETRIC_REPRESENTATION_CONTEXT(2) 
PARAMETRIC_REPRESENTATION_CONTEXT() REPRESENTATION_CONTEXT('2D SPACE',''
  ) );
#513 = PCURVE('',#514,#519);
#514 = CONICAL_SURFACE('',#515,3.9624,1.047197551197);
#515 = AXIS2_PLACEMENT_3D('',#516,#517,#518);
#516 = CARTESIAN_POINT('',(7.7216,0.,0.));
#517 = DIRECTION('',(-1.,0.,-0.));
#518 = DIRECTION('',(0.,0.,1.));
#519 = DEFINITIONAL_REPRESENTATION('',(#520),#524);
#520 = LINE('',#521,#522);
#521 = CARTESIAN_POINT('',(0.,1.6E-03));
#522 = VECTOR('',#523,1.);
#523 = DIRECTION('',(1.,0.));
#524 = ( GEOMETRIC_REPRESENTATION_CONTEXT(2) 
PARAMETRIC_REPRESENTATION_CONTEXT() REPRESENTATION_CONTEXT('2D SPACE',''
  ) );
#525 = ORIENTED_EDGE('',*,*,#526,.T.);
#526 = EDGE_CURVE('',#494,#527,#529,.T.);
#527 = VERTEX_POINT('',#528);
#528 = CARTESIAN_POINT('',(7.72,-2.10754682903,3.358592684204));
#529 = SURFACE_CURVE('',#530,(#534,#540),.PCURVE_S1.);
#530 = LINE('',#531,#532);
#531 = CARTESIAN_POINT('',(7.72,-6.314157158515,0.9299050781));
#532 = VECTOR('',#533,1.);
#533 = DIRECTION('',(0.,-0.866025403784,-0.5));
#534 = PCURVE('',#347,#535);
#535 = DEFINITIONAL_REPRESENTATION('',(#536),#539);
#536 = B_SPLINE_CURVE_WITH_KNOTS('',1,(#537,#538),.UNSPECIFIED.,.F.,.F.,
  (2,2),(-7.290960670349,-2.715575257074),.PIECEWISE_BEZIER_KNOTS.);
#537 = CARTESIAN_POINT('',(13.575385413274,-9.));
#538 = CARTESIAN_POINT('',(11.287692706637,-5.0376));
#539 = ( GEOMETRIC_REPRESENTATION_CONTEXT(2) 
PARAMETRIC_REPRESENTATION_CONTEXT() REPRESENTATION_CONTEXT('2D SPACE',''
  ) );
#540 = PCURVE('',#541,#546);
#541 = PLANE('',#542);
#542 = AXIS2_PLACEMENT_3D('',#543,#544,#545);
#543 = CARTESIAN_POINT('',(7.7216,3.522264741964E-15,4.575385413274));
#544 = DIRECTION('',(2.27653999472E-17,0.5,-0.866025403784));
#545 = DIRECTION('',(-3.08148791102E-33,0.866025403784,0.5));
#546 = DEFINITIONAL_REPRESENTATION('',(#547),#550);
#547 = B_SPLINE_CURVE_WITH_KNOTS('',1,(#548,#549),.UNSPECIFIED.,.F.,.F.,
  (2,2),(-7.290960670349,-2.715575257074),.PIECEWISE_BEZIER_KNOTS.);
#548 = CARTESIAN_POINT('',(7.371880883511E-14,-1.6E-03));
#549 = CARTESIAN_POINT('',(-4.575385413274,-1.6E-03));
#550 = ( GEOMETRIC_REPRESENTATION_CONTEXT(2) 
PARAMETRIC_REPRESENTATION_CONTEXT() REPRESENTATION_CONTEXT('2D SPACE',''
  ) );
#551 = ORIENTED_EDGE('',*,*,#552,.F.);
#552 = EDGE_CURVE('',#553,#527,#555,.T.);
#553 = VERTEX_POINT('',#554);
#554 = CARTESIAN_POINT('',(7.72,-3.9624,0.145801352404));
#555 = SURFACE_CURVE('',#556,(#561,#572),.PCURVE_S1.);
#556 = CIRCLE('',#557,3.965171281292);
#557 = AXIS2_PLACEMENT_3D('',#558,#559,#560);
#558 = CARTESIAN_POINT('',(7.72,0.,0.));
#559 = DIRECTION('',(-1.,0.,0.));
#560 = DIRECTION('',(0.,0.,1.));
#561 = PCURVE('',#347,#562);
#562 = DEFINITIONAL_REPRESENTATION('',(#563),#571);
#563 = ( BOUNDED_CURVE() B_SPLINE_CURVE(2,(#564,#565,#566,#567,#568,#569
,#570),.UNSPECIFIED.,.T.,.F.) B_SPLINE_CURVE_WITH_KNOTS((1,2,2,2,2,1),(
    -2.094395102393,0.,2.094395102393,4.188790204786,6.28318530718,
8.377580409573),.UNSPECIFIED.) CURVE() GEOMETRIC_REPRESENTATION_ITEM() 
RATIONAL_B_SPLINE_CURVE((1.,0.5,1.,0.5,1.,0.5,1.)) REPRESENTATION_ITEM(
  '') );
#564 = CARTESIAN_POINT('',(12.965171281292,-9.));
#565 = CARTESIAN_POINT('',(12.965171281292,-15.86787811991));
#566 = CARTESIAN_POINT('',(7.017414359354,-12.43393905995));
#567 = CARTESIAN_POINT('',(1.069657437416,-9.));
#568 = CARTESIAN_POINT('',(7.017414359354,-5.566060940045));
#569 = CARTESIAN_POINT('',(12.965171281292,-2.132121880089));
#570 = CARTESIAN_POINT('',(12.965171281292,-9.));
#571 = ( GEOMETRIC_REPRESENTATION_CONTEXT(2) 
PARAMETRIC_REPRESENTATION_CONTEXT() REPRESENTATION_CONTEXT('2D SPACE',''
  ) );
#572 = PCURVE('',#573,#578);
#573 = CONICAL_SURFACE('',#574,3.9624,1.047197551197);
#574 = AXIS2_PLACEMENT_3D('',#575,#576,#577);
#575 = CARTESIAN_POINT('',(7.7216,0.,0.));
#576 = DIRECTION('',(-1.,0.,-0.));
#577 = DIRECTION('',(0.,0.,1.));
#578 = DEFINITIONAL_REPRESENTATION('',(#579),#583);
#579 = LINE('',#580,#581);
#580 = CARTESIAN_POINT('',(0.,1.6E-03));
#581 = VECTOR('',#582,1.);
#582 = DIRECTION('',(1.,0.));
#583 = ( GEOMETRIC_REPRESENTATION_CONTEXT(2) 
PARAMETRIC_REPRESENTATION_CONTEXT() REPRESENTATION_CONTEXT('2D SPACE',''
  ) );
#584 = ORIENTED_EDGE('',*,*,#585,.T.);
#585 = EDGE_CURVE('',#553,#586,#588,.T.);
#586 = VERTEX_POINT('',#587);
#587 = CARTESIAN_POINT('',(7.72,-3.9624,-0.147265121923));
#588 = SURFACE_CURVE('',#589,(#593,#599),.PCURVE_S1.);
#589 = LINE('',#590,#591);
#590 = CARTESIAN_POINT('',(7.72,-3.9624,-3.356153646682));
#591 = VECTOR('',#592,1.);
#592 = DIRECTION('',(-0.,0.,-1.));
#593 = PCURVE('',#347,#594);
#594 = DEFINITIONAL_REPRESENTATION('',(#595),#598);
#595 = B_SPLINE_CURVE_WITH_KNOTS('',1,(#596,#597),.UNSPECIFIED.,.F.,.F.,
  (2,2),(-5.643846353318,-1.068460940045),.PIECEWISE_BEZIER_KNOTS.);
#596 = CARTESIAN_POINT('',(11.287692706637,-5.0376));
#597 = CARTESIAN_POINT('',(6.712307293363,-5.0376));
#598 = ( GEOMETRIC_REPRESENTATION_CONTEXT(2) 
PARAMETRIC_REPRESENTATION_CONTEXT() REPRESENTATION_CONTEXT('2D SPACE',''
  ) );
#599 = PCURVE('',#600,#605);
#600 = PLANE('',#601);
#601 = AXIS2_PLACEMENT_3D('',#602,#603,#604);
#602 = CARTESIAN_POINT('',(7.7216,-3.9624,2.287692706637));
#603 = DIRECTION('',(4.55307998944E-17,1.,0.));
#604 = DIRECTION('',(-1.,4.55307998944E-17,0.));
#605 = DEFINITIONAL_REPRESENTATION('',(#606),#609);
#606 = B_SPLINE_CURVE_WITH_KNOTS('',1,(#607,#608),.UNSPECIFIED.,.F.,.F.,
  (2,2),(-5.643846353318,-1.068460940045),.PIECEWISE_BEZIER_KNOTS.);
#607 = CARTESIAN_POINT('',(1.6E-03,0.));
#608 = CARTESIAN_POINT('',(1.6E-03,-4.575385413274));
#609 = ( GEOMETRIC_REPRESENTATION_CONTEXT(2) 
PARAMETRIC_REPRESENTATION_CONTEXT() REPRESENTATION_CONTEXT('2D SPACE',''
  ) );
#610 = ORIENTED_EDGE('',*,*,#611,.F.);
#611 = EDGE_CURVE('',#612,#586,#614,.T.);
#612 = VERTEX_POINT('',#613);
#613 = CARTESIAN_POINT('',(7.72,-2.10820970718,-3.358209971325));
#614 = SURFACE_CURVE('',#615,(#620,#631),.PCURVE_S1.);
#615 = CIRCLE('',#616,3.965171281292);
#616 = AXIS2_PLACEMENT_3D('',#617,#618,#619);
#617 = CARTESIAN_POINT('',(7.72,0.,0.));
#618 = DIRECTION('',(-1.,0.,0.));
#619 = DIRECTION('',(0.,0.,1.));
#620 = PCURVE('',#347,#621);
#621 = DEFINITIONAL_REPRESENTATION('',(#622),#630);
#622 = ( BOUNDED_CURVE() B_SPLINE_CURVE(2,(#623,#624,#625,#626,#627,#628
,#629),.UNSPECIFIED.,.T.,.F.) B_SPLINE_CURVE_WITH_KNOTS((1,2,2,2,2,1),(
    -2.094395102393,0.,2.094395102393,4.188790204786,6.28318530718,
8.377580409573),.UNSPECIFIED.) CURVE() GEOMETRIC_REPRESENTATION_ITEM() 
RATIONAL_B_SPLINE_CURVE((1.,0.5,1.,0.5,1.,0.5,1.)) REPRESENTATION_ITEM(
  '') );
#623 = CARTESIAN_POINT('',(12.965171281292,-9.));
#624 = CARTESIAN_POINT('',(12.965171281292,-15.86787811991));
#625 = CARTESIAN_POINT('',(7.017414359354,-12.43393905995));
#626 = CARTESIAN_POINT('',(1.069657437416,-9.));
#627 = CARTESIAN_POINT('',(7.017414359354,-5.566060940045));
#628 = CARTESIAN_POINT('',(12.965171281292,-2.132121880089));
#629 = CARTESIAN_POINT('',(12.965171281292,-9.));
#630 = ( GEOMETRIC_REPRESENTATION_CONTEXT(2) 
PARAMETRIC_REPRESENTATION_CONTEXT() REPRESENTATION_CONTEXT('2D SPACE',''
  ) );
#631 = PCURVE('',#632,#637);
#632 = CONICAL_SURFACE('',#633,3.9624,1.047197551197);
#633 = AXIS2_PLACEMENT_3D('',#634,#635,#636);
#634 = CARTESIAN_POINT('',(7.7216,0.,0.));
#635 = DIRECTION('',(-1.,0.,-0.));
#636 = DIRECTION('',(0.,0.,1.));
#637 = DEFINITIONAL_REPRESENTATION('',(#638),#642);
#638 = LINE('',#639,#640);
#639 = CARTESIAN_POINT('',(0.,1.6E-03));
#640 = VECTOR('',#641,1.);
#641 = DIRECTION('',(1.,0.));
#642 = ( GEOMETRIC_REPRESENTATION_CONTEXT(2) 
PARAMETRIC_REPRESENTATION_CONTEXT() REPRESENTATION_CONTEXT('2D SPACE',''
  ) );
#643 = ORIENTED_EDGE('',*,*,#644,.T.);
#644 = EDGE_CURVE('',#612,#645,#647,.T.);
#645 = VERTEX_POINT('',#646);
#646 = CARTESIAN_POINT('',(7.72,-1.85485317097,-3.504485435707));
#647 = SURFACE_CURVE('',#648,(#652,#658),.PCURVE_S1.);
#648 = LINE('',#649,#650);
#649 = CARTESIAN_POINT('',(7.72,-4.398242841485,-2.036058724781));
#650 = VECTOR('',#651,1.);
#651 = DIRECTION('',(-0.,0.866025403784,-0.5));
#652 = PCURVE('',#347,#653);
#653 = DEFINITIONAL_REPRESENTATION('',(#654),#657);
#654 = B_SPLINE_CURVE_WITH_KNOTS('',1,(#655,#656),.UNSPECIFIED.,.F.,.F.,
  (2,2),(0.503267963711,5.078653376986),.PIECEWISE_BEZIER_KNOTS.);
#655 = CARTESIAN_POINT('',(6.712307293363,-5.0376));
#656 = CARTESIAN_POINT('',(4.424614586726,-9.));
#657 = ( GEOMETRIC_REPRESENTATION_CONTEXT(2) 
PARAMETRIC_REPRESENTATION_CONTEXT() REPRESENTATION_CONTEXT('2D SPACE',''
  ) );
#658 = PCURVE('',#659,#664);
#659 = PLANE('',#660);
#660 = AXIS2_PLACEMENT_3D('',#661,#662,#663);
#661 = CARTESIAN_POINT('',(7.7216,-3.9624,-2.287692706637));
#662 = DIRECTION('',(2.27653999472E-17,0.5,0.866025403784));
#663 = DIRECTION('',(3.08148791102E-33,-0.866025403784,0.5));
#664 = DEFINITIONAL_REPRESENTATION('',(#665),#668);
#665 = B_SPLINE_CURVE_WITH_KNOTS('',1,(#666,#667),.UNSPECIFIED.,.F.,.F.,
  (2,2),(0.503267963711,5.078653376986),.PIECEWISE_BEZIER_KNOTS.);
#666 = CARTESIAN_POINT('',(7.194245199571E-14,-1.6E-03));
#667 = CARTESIAN_POINT('',(-4.575385413274,-1.6E-03));
#668 = ( GEOMETRIC_REPRESENTATION_CONTEXT(2) 
PARAMETRIC_REPRESENTATION_CONTEXT() REPRESENTATION_CONTEXT('2D SPACE',''
  ) );
#669 = ORIENTED_EDGE('',*,*,#670,.F.);
#670 = EDGE_CURVE('',#671,#645,#673,.T.);
#671 = VERTEX_POINT('',#672);
#672 = CARTESIAN_POINT('',(7.72,1.85419029282,-3.504868148585));
#673 = SURFACE_CURVE('',#674,(#679,#690),.PCURVE_S1.);
#674 = CIRCLE('',#675,3.965171281292);
#675 = AXIS2_PLACEMENT_3D('',#676,#677,#678);
#676 = CARTESIAN_POINT('',(7.72,0.,0.));
#677 = DIRECTION('',(-1.,0.,0.));
#678 = DIRECTION('',(0.,0.,1.));
#679 = PCURVE('',#347,#680);
#680 = DEFINITIONAL_REPRESENTATION('',(#681),#689);
#681 = ( BOUNDED_CURVE() B_SPLINE_CURVE(2,(#682,#683,#684,#685,#686,#687
,#688),.UNSPECIFIED.,.T.,.F.) B_SPLINE_CURVE_WITH_KNOTS((1,2,2,2,2,1),(
    -2.094395102393,0.,2.094395102393,4.188790204786,6.28318530718,
8.377580409573),.UNSPECIFIED.) CURVE() GEOMETRIC_REPRESENTATION_ITEM() 
RATIONAL_B_SPLINE_CURVE((1.,0.5,1.,0.5,1.,0.5,1.)) REPRESENTATION_ITEM(
  '') );
#682 = CARTESIAN_POINT('',(12.965171281292,-9.));
#683 = CARTESIAN_POINT('',(12.965171281292,-15.86787811991));
#684 = CARTESIAN_POINT('',(7.017414359354,-12.43393905995));
#685 = CARTESIAN_POINT('',(1.069657437416,-9.));
#686 = CARTESIAN_POINT('',(7.017414359354,-5.566060940045));
#687 = CARTESIAN_POINT('',(12.965171281292,-2.132121880089));
#688 = CARTESIAN_POINT('',(12.965171281292,-9.));
#689 = ( GEOMETRIC_REPRESENTATION_CONTEXT(2) 
PARAMETRIC_REPRESENTATION_CONTEXT() REPRESENTATION_CONTEXT('2D SPACE',''
  ) );
#690 = PCURVE('',#691,#696);
#691 = CONICAL_SURFACE('',#692,3.9624,1.047197551197);
#692 = AXIS2_PLACEMENT_3D('',#693,#694,#695);
#693 = CARTESIAN_POINT('',(7.7216,0.,0.));
#694 = DIRECTION('',(-1.,0.,-0.));
#695 = DIRECTION('',(0.,0.,1.));
#696 = DEFINITIONAL_REPRESENTATION('',(#697),#701);
#697 = LINE('',#698,#699);
#698 = CARTESIAN_POINT('',(8.881784197001E-16,1.6E-03));
#699 = VECTOR('',#700,1.);
#700 = DIRECTION('',(1.,0.));
#701 = ( GEOMETRIC_REPRESENTATION_CONTEXT(2) 
PARAMETRIC_REPRESENTATION_CONTEXT() REPRESENTATION_CONTEXT('2D SPACE',''
  ) );
#702 = ORIENTED_EDGE('',*,*,#703,.T.);
#703 = EDGE_CURVE('',#671,#443,#704,.T.);
#704 = SURFACE_CURVE('',#705,(#709,#715),.PCURVE_S1.);
#705 = LINE('',#706,#707);
#706 = CARTESIAN_POINT('',(7.72,-4.332957158515,-7.07701939513));
#707 = VECTOR('',#708,1.);
#708 = DIRECTION('',(0.,0.866025403784,0.5));
#709 = PCURVE('',#347,#710);
#710 = DEFINITIONAL_REPRESENTATION('',(#711),#714);
#711 = B_SPLINE_CURVE_WITH_KNOTS('',1,(#712,#713),.UNSPECIFIED.,.F.,.F.,
  (2,2),(5.003267963711,9.578653376986),.PIECEWISE_BEZIER_KNOTS.);
#712 = CARTESIAN_POINT('',(4.424614586726,-9.));
#713 = CARTESIAN_POINT('',(6.712307293363,-12.9624));
#714 = ( GEOMETRIC_REPRESENTATION_CONTEXT(2) 
PARAMETRIC_REPRESENTATION_CONTEXT() REPRESENTATION_CONTEXT('2D SPACE',''
  ) );
#715 = PCURVE('',#266,#716);
#716 = DEFINITIONAL_REPRESENTATION('',(#717),#720);
#717 = B_SPLINE_CURVE_WITH_KNOTS('',1,(#718,#719),.UNSPECIFIED.,.F.,.F.,
  (2,2),(5.003267963711,9.578653376986),.PIECEWISE_BEZIER_KNOTS.);
#718 = CARTESIAN_POINT('',(7.549516567451E-14,-1.6E-03));
#719 = CARTESIAN_POINT('',(-4.575385413274,-1.6E-03));
#720 = ( GEOMETRIC_REPRESENTATION_CONTEXT(2) 
PARAMETRIC_REPRESENTATION_CONTEXT() REPRESENTATION_CONTEXT('2D SPACE',''
  ) );
#721 = FACE_BOUND('',#722,.T.);
#722 = EDGE_LOOP('',(#723));
#723 = ORIENTED_EDGE('',*,*,#724,.F.);
#724 = EDGE_CURVE('',#725,#725,#727,.T.);
#725 = VERTEX_POINT('',#726);
#726 = CARTESIAN_POINT('',(7.72,7.715274834628E-16,3.15));
#727 = SURFACE_CURVE('',#728,(#733,#740),.PCURVE_S1.);
#728 = CIRCLE('',#729,3.15);
#729 = AXIS2_PLACEMENT_3D('',#730,#731,#732);
#730 = CARTESIAN_POINT('',(7.72,0.,0.));
#731 = DIRECTION('',(1.,0.,0.));
#732 = DIRECTION('',(-0.,0.,1.));
#733 = PCURVE('',#347,#734);
#734 = DEFINITIONAL_REPRESENTATION('',(#735),#739);
#735 = CIRCLE('',#736,3.15);
#736 = AXIS2_PLACEMENT_2D('',#737,#738);
#737 = CARTESIAN_POINT('',(9.,-9.));
#738 = DIRECTION('',(1.,0.));
#739 = ( GEOMETRIC_REPRESENTATION_CONTEXT(2) 
PARAMETRIC_REPRESENTATION_CONTEXT() REPRESENTATION_CONTEXT('2D SPACE',''
  ) );
#740 = PCURVE('',#741,#746);
#741 = CYLINDRICAL_SURFACE('',#742,3.15);
#742 = AXIS2_PLACEMENT_3D('',#743,#744,#745);
#743 = CARTESIAN_POINT('',(3.5,0.,0.));
#744 = DIRECTION('',(1.,0.,0.));
#745 = DIRECTION('',(-0.,0.,1.));
#746 = DEFINITIONAL_REPRESENTATION('',(#747),#751);
#747 = LINE('',#748,#749);
#748 = CARTESIAN_POINT('',(0.,4.22));
#749 = VECTOR('',#750,1.);
#750 = DIRECTION('',(1.,0.));
#751 = ( GEOMETRIC_REPRESENTATION_CONTEXT(2) 
PARAMETRIC_REPRESENTATION_CONTEXT() REPRESENTATION_CONTEXT('2D SPACE',''
  ) );
#752 = ADVANCED_FACE('',(#753),#300,.T.);
#753 = FACE_BOUND('',#754,.T.);
#754 = EDGE_LOOP('',(#755,#756,#801));
#755 = ORIENTED_EDGE('',*,*,#442,.T.);
#756 = ORIENTED_EDGE('',*,*,#757,.F.);
#757 = EDGE_CURVE('',#251,#443,#758,.T.);
#758 = SURFACE_CURVE('',#759,(#764,#793),.PCURVE_S1.);
#759 = B_SPLINE_CURVE_WITH_KNOTS('',3,(#760,#761,#762,#763),
  .UNSPECIFIED.,.F.,.F.,(4,4),(2.380737694653E-07,2.315008838493E-03),
  .PIECEWISE_BEZIER_KNOTS.);
#760 = CARTESIAN_POINT('',(7.367692706638,3.9624,-2.287692706637));
#761 = CARTESIAN_POINT('',(7.583757785896,3.314204762224,-2.661928401654
    ));
#762 = CARTESIAN_POINT('',(7.7216,2.656277306519,-3.041782995313));
#763 = CARTESIAN_POINT('',(7.7216,1.9812,-3.431539059955));
#764 = PCURVE('',#300,#765);
#765 = DEFINITIONAL_REPRESENTATION('',(#766),#792);
#766 = B_SPLINE_CURVE_WITH_KNOTS('',3,(#767,#768,#769,#770,#771,#772,
    #773,#774,#775,#776,#777,#778,#779,#780,#781,#782,#783,#784,#785,
    #786,#787,#788,#789,#790,#791),.UNSPECIFIED.,.F.,.F.,(4,1,1,1,1,1,1,
    1,1,1,1,1,1,1,1,1,1,1,1,1,1,1,4),(2.380737694653E-07,
    1.054549267115E-04,2.106717796535E-04,3.158886325955E-04,
    4.211054855375E-04,5.263223384795E-04,6.315391914215E-04,
    7.367560443635E-04,8.419728973054E-04,9.471897502474E-04,
    1.052406603189E-03,1.157623456131E-03,1.262840309073E-03,
    1.368057162015E-03,1.473274014957E-03,1.578490867899E-03,
    1.683707720841E-03,1.788924573783E-03,1.894141426725E-03,
    1.999358279667E-03,2.104575132609E-03,2.209791985551E-03,
    2.315008838493E-03),.QUASI_UNIFORM_KNOTS.);
#767 = CARTESIAN_POINT('',(2.094395102393,0.353907293363));
#768 = CARTESIAN_POINT('',(2.100834538051,0.344086198461));
#769 = CARTESIAN_POINT('',(2.113866275511,0.32476105842));
#770 = CARTESIAN_POINT('',(2.133873045344,0.296760518812));
#771 = CARTESIAN_POINT('',(2.154340110275,0.269782976422));
#772 = CARTESIAN_POINT('',(2.175266619883,0.243864938415));
#773 = CARTESIAN_POINT('',(2.196650252651,0.219043247558));
#774 = CARTESIAN_POINT('',(2.218486909469,0.195355048476));
#775 = CARTESIAN_POINT('',(2.240770631793,0.172837654563));
#776 = CARTESIAN_POINT('',(2.263493469,0.15152842554));
#777 = CARTESIAN_POINT('',(2.286645372824,0.131464626555));
#778 = CARTESIAN_POINT('',(2.310214102368,0.11268327738));
#779 = CARTESIAN_POINT('',(2.334185148657,9.522099060956E-02));
#780 = CARTESIAN_POINT('',(2.358541680912,7.911380078502E-02));
#781 = CARTESIAN_POINT('',(2.383264518447,6.439698607418E-02));
#782 = CARTESIAN_POINT('',(2.408332131292,5.110488462106E-02));
#783 = CARTESIAN_POINT('',(2.433720672447,3.92707082206E-02));
#784 = CARTESIAN_POINT('',(2.45940404375,2.892635547116E-02));
#785 = CARTESIAN_POINT('',(2.48535399776,2.010222991813E-02));
#786 = CARTESIAN_POINT('',(2.511540272718,1.282705732368E-02));
#787 = CARTESIAN_POINT('',(2.5379307734,7.127739469497E-03));
#788 = CARTESIAN_POINT('',(2.564491746956,3.02912076602E-03));
#789 = CARTESIAN_POINT('',(2.591188135605,5.541451521976E-04));
#790 = CARTESIAN_POINT('',(2.609051654556,-1.94059997329E-07));
#791 = CARTESIAN_POINT('',(2.617993877991,1.922962686384E-16));
#792 = ( GEOMETRIC_REPRESENTATION_CONTEXT(2) 
PARAMETRIC_REPRESENTATION_CONTEXT() REPRESENTATION_CONTEXT('2D SPACE',''
  ) );
#793 = PCURVE('',#266,#794);
#794 = DEFINITIONAL_REPRESENTATION('',(#795),#800);
#795 = B_SPLINE_CURVE_WITH_KNOTS('',3,(#796,#797,#798,#799),
  .UNSPECIFIED.,.F.,.F.,(4,4),(2.380737694653E-07,2.315008838493E-03),
  .PIECEWISE_BEZIER_KNOTS.);
#796 = CARTESIAN_POINT('',(-4.575385413274,-0.353907293362));
#797 = CARTESIAN_POINT('',(-3.82691402324,-0.137842214104));
#798 = CARTESIAN_POINT('',(-3.067204835922,0.));
#799 = CARTESIAN_POINT('',(-2.287692706637,0.));
#800 = ( GEOMETRIC_REPRESENTATION_CONTEXT(2) 
PARAMETRIC_REPRESENTATION_CONTEXT() REPRESENTATION_CONTEXT('2D SPACE',''
  ) );
#801 = ORIENTED_EDGE('',*,*,#278,.T.);
#802 = ADVANCED_FACE('',(#803),#266,.F.);
#803 = FACE_BOUND('',#804,.F.);
#804 = EDGE_LOOP('',(#805,#806,#807,#854,#875,#931,#954,#1003));
#805 = ORIENTED_EDGE('',*,*,#757,.F.);
#806 = ORIENTED_EDGE('',*,*,#250,.T.);
#807 = ORIENTED_EDGE('',*,*,#808,.T.);
#808 = EDGE_CURVE('',#195,#809,#811,.T.);
#809 = VERTEX_POINT('',#810);
#810 = CARTESIAN_POINT('',(5.4,2.807226043654,-2.954632701294));
#811 = SURFACE_CURVE('',#812,(#817,#825),.PCURVE_S1.);
#812 = B_SPLINE_CURVE_WITH_KNOTS('',3,(#813,#814,#815,#816),
  .UNSPECIFIED.,.F.,.F.,(4,4),(2.380737694653E-07,2.315008838493E-03),
  .PIECEWISE_BEZIER_KNOTS.);
#813 = CARTESIAN_POINT('',(5.687907293362,3.9624,-2.287692706637));
#814 = CARTESIAN_POINT('',(5.471842214104,3.314204762224,-2.661928401654
    ));
#815 = CARTESIAN_POINT('',(5.334,2.656277306519,-3.041782995313));
#816 = CARTESIAN_POINT('',(5.334,1.9812,-3.431539059955));
#817 = PCURVE('',#266,#818);
#818 = DEFINITIONAL_REPRESENTATION('',(#819),#824);
#819 = B_SPLINE_CURVE_WITH_KNOTS('',3,(#820,#821,#822,#823),
  .UNSPECIFIED.,.F.,.F.,(4,4),(2.380737694653E-07,2.315008838493E-03),
  .PIECEWISE_BEZIER_KNOTS.);
#820 = CARTESIAN_POINT('',(-4.575385413274,-2.033692706638));
#821 = CARTESIAN_POINT('',(-3.82691402324,-2.249757785896));
#822 = CARTESIAN_POINT('',(-3.067204835922,-2.3876));
#823 = CARTESIAN_POINT('',(-2.287692706637,-2.3876));
#824 = ( GEOMETRIC_REPRESENTATION_CONTEXT(2) 
PARAMETRIC_REPRESENTATION_CONTEXT() REPRESENTATION_CONTEXT('2D SPACE',''
  ) );
#825 = PCURVE('',#216,#826);
#826 = DEFINITIONAL_REPRESENTATION('',(#827),#853);
#827 = B_SPLINE_CURVE_WITH_KNOTS('',3,(#828,#829,#830,#831,#832,#833,
    #834,#835,#836,#837,#838,#839,#840,#841,#842,#843,#844,#845,#846,
    #847,#848,#849,#850,#851,#852),.UNSPECIFIED.,.F.,.F.,(4,1,1,1,1,1,1,
    1,1,1,1,1,1,1,1,1,1,1,1,1,1,1,4),(2.380737694653E-07,
    1.054549267115E-04,2.106717796535E-04,3.158886325955E-04,
    4.211054855375E-04,5.263223384795E-04,6.315391914215E-04,
    7.367560443635E-04,8.419728973054E-04,9.471897502474E-04,
    1.052406603189E-03,1.157623456131E-03,1.262840309073E-03,
    1.368057162015E-03,1.473274014957E-03,1.578490867899E-03,
    1.683707720841E-03,1.788924573783E-03,1.894141426725E-03,
    1.999358279667E-03,2.104575132609E-03,2.209791985551E-03,
    2.315008838493E-03),.QUASI_UNIFORM_KNOTS.);
#828 = CARTESIAN_POINT('',(1.047197551197,0.353907293363));
#829 = CARTESIAN_POINT('',(1.040758115539,0.344086198461));
#830 = CARTESIAN_POINT('',(1.027726378079,0.32476105842));
#831 = CARTESIAN_POINT('',(1.007719608245,0.296760518812));
#832 = CARTESIAN_POINT('',(0.987252543315,0.269782976422));
#833 = CARTESIAN_POINT('',(0.966326033706,0.243864938415));
#834 = CARTESIAN_POINT('',(0.944942400939,0.219043247558));
#835 = CARTESIAN_POINT('',(0.923105744121,0.195355048476));
#836 = CARTESIAN_POINT('',(0.900822021797,0.172837654563));
#837 = CARTESIAN_POINT('',(0.87809918459,0.15152842554));
#838 = CARTESIAN_POINT('',(0.854947280765,0.131464626555));
#839 = CARTESIAN_POINT('',(0.831378551221,0.11268327738));
#840 = CARTESIAN_POINT('',(0.807407504933,9.522099060956E-02));
#841 = CARTESIAN_POINT('',(0.783050972678,7.911380078502E-02));
#842 = CARTESIAN_POINT('',(0.758328135142,6.439698607418E-02));
#843 = CARTESIAN_POINT('',(0.733260522298,5.110488462106E-02));
#844 = CARTESIAN_POINT('',(0.707871981143,3.92707082206E-02));
#845 = CARTESIAN_POINT('',(0.68218860984,2.892635547116E-02));
#846 = CARTESIAN_POINT('',(0.656238655829,2.010222991813E-02));
#847 = CARTESIAN_POINT('',(0.630052380872,1.282705732368E-02));
#848 = CARTESIAN_POINT('',(0.60366188019,7.127739469497E-03));
#849 = CARTESIAN_POINT('',(0.577100906634,3.02912076602E-03));
#850 = CARTESIAN_POINT('',(0.550404517985,5.541451521979E-04));
#851 = CARTESIAN_POINT('',(0.532540999034,-1.940599970109E-07));
#852 = CARTESIAN_POINT('',(0.523598775598,1.922962686384E-16));
#853 = ( GEOMETRIC_REPRESENTATION_CONTEXT(2) 
PARAMETRIC_REPRESENTATION_CONTEXT() REPRESENTATION_CONTEXT('2D SPACE',''
  ) );
#854 = ORIENTED_EDGE('',*,*,#855,.F.);
#855 = EDGE_CURVE('',#856,#809,#858,.T.);
#856 = VERTEX_POINT('',#857);
#857 = CARTESIAN_POINT('',(5.4,1.151321854242,-3.910669430803));
#858 = SURFACE_CURVE('',#859,(#863,#869),.PCURVE_S1.);
#859 = LINE('',#860,#861);
#860 = CARTESIAN_POINT('',(5.4,-4.332957158515,-7.07701939513));
#861 = VECTOR('',#862,1.);
#862 = DIRECTION('',(0.,0.866025403784,0.5));
#863 = PCURVE('',#266,#864);
#864 = DEFINITIONAL_REPRESENTATION('',(#865),#868);
#865 = B_SPLINE_CURVE_WITH_KNOTS('',1,(#866,#867),.UNSPECIFIED.,.F.,.F.,
  (2,2),(5.003267963711,9.578653376986),.PIECEWISE_BEZIER_KNOTS.);
#866 = CARTESIAN_POINT('',(7.549516567451E-14,-2.3216));
#867 = CARTESIAN_POINT('',(-4.575385413274,-2.3216));
#868 = ( GEOMETRIC_REPRESENTATION_CONTEXT(2) 
PARAMETRIC_REPRESENTATION_CONTEXT() REPRESENTATION_CONTEXT('2D SPACE',''
  ) );
#869 = PCURVE('',#183,#870);
#870 = DEFINITIONAL_REPRESENTATION('',(#871),#874);
#871 = B_SPLINE_CURVE_WITH_KNOTS('',1,(#872,#873),.UNSPECIFIED.,.F.,.F.,
  (2,2),(5.003267963711,9.578653376986),.PIECEWISE_BEZIER_KNOTS.);
#872 = CARTESIAN_POINT('',(4.424614586726,-9.));
#873 = CARTESIAN_POINT('',(6.712307293363,-12.9624));
#874 = ( GEOMETRIC_REPRESENTATION_CONTEXT(2) 
PARAMETRIC_REPRESENTATION_CONTEXT() REPRESENTATION_CONTEXT('2D SPACE',''
  ) );
#875 = ORIENTED_EDGE('',*,*,#876,.T.);
#876 = EDGE_CURVE('',#856,#877,#879,.T.);
#877 = VERTEX_POINT('',#878);
#878 = CARTESIAN_POINT('',(5.687907293363,8.673617379884E-15,
    -4.575385413274));
#879 = SURFACE_CURVE('',#880,(#887,#897),.PCURVE_S1.);
#880 = B_SPLINE_CURVE_WITH_KNOTS('',3,(#881,#882,#883,#884,#885,#886),
  .UNSPECIFIED.,.F.,.F.,(4,2,4),(2.315008838493E-03,3.468068993597E-03,
    4.621129148701E-03),.UNSPECIFIED.);
#881 = CARTESIAN_POINT('',(5.334,1.9812,-3.431539059955));
#882 = CARTESIAN_POINT('',(5.334,1.64492275146,-3.625688819922));
#883 = CARTESIAN_POINT('',(5.367888705401,1.309083176116,-3.819585889152
    ));
#884 = CARTESIAN_POINT('',(5.491183933113,0.649274900976,-4.200526374417
    ));
#885 = CARTESIAN_POINT('',(5.580144351498,0.323288825593,-4.388734522792
    ));
#886 = CARTESIAN_POINT('',(5.687907293363,-5.531363828536E-14,
    -4.575385413274));
#887 = PCURVE('',#266,#888);
#888 = DEFINITIONAL_REPRESENTATION('',(#889),#896);
#889 = B_SPLINE_CURVE_WITH_KNOTS('',3,(#890,#891,#892,#893,#894,#895),
  .UNSPECIFIED.,.F.,.F.,(4,2,4),(2.315008838493E-03,3.468068993597E-03,
    4.621129148701E-03),.UNSPECIFIED.);
#890 = CARTESIAN_POINT('',(-2.287692706637,-2.3876));
#891 = CARTESIAN_POINT('',(-1.899393186703,-2.3876));
#892 = CARTESIAN_POINT('',(-1.511599048244,-2.353711294599));
#893 = CARTESIAN_POINT('',(-0.749718077713,-2.230416066887));
#894 = CARTESIAN_POINT('',(-0.373301780965,-2.141455648502));
#895 = CARTESIAN_POINT('',(6.705747068736E-14,-2.033692706637));
#896 = ( GEOMETRIC_REPRESENTATION_CONTEXT(2) 
PARAMETRIC_REPRESENTATION_CONTEXT() REPRESENTATION_CONTEXT('2D SPACE',''
  ) );
#897 = PCURVE('',#898,#903);
#898 = CONICAL_SURFACE('',#899,3.9624,1.047197551197);
#899 = AXIS2_PLACEMENT_3D('',#900,#901,#902);
#900 = CARTESIAN_POINT('',(5.334,0.,0.));
#901 = DIRECTION('',(1.,-0.,0.));
#902 = DIRECTION('',(0.,0.,-1.));
#903 = DEFINITIONAL_REPRESENTATION('',(#904),#930);
#904 = B_SPLINE_CURVE_WITH_KNOTS('',3,(#905,#906,#907,#908,#909,#910,
    #911,#912,#913,#914,#915,#916,#917,#918,#919,#920,#921,#922,#923,
    #924,#925,#926,#927,#928,#929),.UNSPECIFIED.,.F.,.F.,(4,1,1,1,1,1,1,
    1,1,1,1,1,1,1,1,1,1,1,1,1,1,1,4),(2.315008838493E-03,
    2.419832488957E-03,2.524656139421E-03,2.629479789885E-03,
    2.734303440349E-03,2.839127090813E-03,2.943950741277E-03,
    3.048774391741E-03,3.153598042205E-03,3.258421692669E-03,
    3.363245343133E-03,3.468068993597E-03,3.572892644061E-03,
    3.677716294525E-03,3.782539944989E-03,3.887363595453E-03,
    3.992187245917E-03,4.097010896381E-03,4.201834546845E-03,
    4.306658197309E-03,4.411481847773E-03,4.516305498237E-03,
    4.621129148701E-03),.QUASI_UNIFORM_KNOTS.);
#905 = CARTESIAN_POINT('',(6.806784082778,1.922962686384E-16));
#906 = CARTESIAN_POINT('',(6.797875304513,-3.255497388016E-07));
#907 = CARTESIAN_POINT('',(6.780060023602,5.488154699093E-04));
#908 = CARTESIAN_POINT('',(6.753388637539,3.007860860433E-03));
#909 = CARTESIAN_POINT('',(6.726813813469,7.089714326115E-03));
#910 = CARTESIAN_POINT('',(6.700379464229,1.277654159454E-02));
#911 = CARTESIAN_POINT('',(6.674128267966,2.004715828023E-02));
#912 = CARTESIAN_POINT('',(6.648101219522,2.887668680228E-02));
#913 = CARTESIAN_POINT('',(6.622337359551,3.923685981751E-02));
#914 = CARTESIAN_POINT('',(6.596873342888,5.109624042959E-02));
#915 = CARTESIAN_POINT('',(6.571743730133,6.442030294617E-02));
#916 = CARTESIAN_POINT('',(6.546978830466,7.917229848707E-02));
#917 = CARTESIAN_POINT('',(6.522611914718,9.531123224603E-02));
#918 = CARTESIAN_POINT('',(6.498651699315,0.112800688071));
#919 = CARTESIAN_POINT('',(6.475097245356,0.131608014041));
#920 = CARTESIAN_POINT('',(6.45196691589,0.151693347798));
#921 = CARTESIAN_POINT('',(6.429271011198,0.173018331177));
#922 = CARTESIAN_POINT('',(6.407019201738,0.195543979231));
#923 = CARTESIAN_POINT('',(6.385218661094,0.219231440837));
#924 = CARTESIAN_POINT('',(6.363874705392,0.244041971046));
#925 = CARTESIAN_POINT('',(6.342990789246,0.269937092161));
#926 = CARTESIAN_POINT('',(6.322568630746,0.296878712256));
#927 = CARTESIAN_POINT('',(6.302608505959,0.324829147937));
#928 = CARTESIAN_POINT('',(6.289608675963,0.344110713132));
#929 = CARTESIAN_POINT('',(6.28318530718,0.353907293363));
#930 = ( GEOMETRIC_REPRESENTATION_CONTEXT(2) 
PARAMETRIC_REPRESENTATION_CONTEXT() REPRESENTATION_CONTEXT('2D SPACE',''
  ) );
#931 = ORIENTED_EDGE('',*,*,#932,.F.);
#932 = EDGE_CURVE('',#933,#877,#935,.T.);
#933 = VERTEX_POINT('',#934);
#934 = CARTESIAN_POINT('',(7.367692706637,4.244213034269E-15,
    -4.575385413274));
#935 = SURFACE_CURVE('',#936,(#940,#947),.PCURVE_S1.);
#936 = LINE('',#937,#938);
#937 = CARTESIAN_POINT('',(7.7216,4.228099352114E-15,-4.575385413274));
#938 = VECTOR('',#939,1.);
#939 = DIRECTION('',(-1.,4.55307998944E-17,0.));
#940 = PCURVE('',#266,#941);
#941 = DEFINITIONAL_REPRESENTATION('',(#942),#946);
#942 = LINE('',#943,#944);
#943 = CARTESIAN_POINT('',(2.694280440962E-16,3.541257077471E-33));
#944 = VECTOR('',#945,1.);
#945 = DIRECTION('',(-3.943082936318E-17,-1.));
#946 = ( GEOMETRIC_REPRESENTATION_CONTEXT(2) 
PARAMETRIC_REPRESENTATION_CONTEXT() REPRESENTATION_CONTEXT('2D SPACE',''
  ) );
#947 = PCURVE('',#659,#948);
#948 = DEFINITIONAL_REPRESENTATION('',(#949),#953);
#949 = LINE('',#950,#951);
#950 = CARTESIAN_POINT('',(-4.575385413274,2.465190328816E-32));
#951 = VECTOR('',#952,1.);
#952 = DIRECTION('',(-3.943082936318E-17,-1.));
#953 = ( GEOMETRIC_REPRESENTATION_CONTEXT(2) 
PARAMETRIC_REPRESENTATION_CONTEXT() REPRESENTATION_CONTEXT('2D SPACE',''
  ) );
#954 = ORIENTED_EDGE('',*,*,#955,.F.);
#955 = EDGE_CURVE('',#671,#933,#956,.T.);
#956 = SURFACE_CURVE('',#957,(#964,#974),.PCURVE_S1.);
#957 = B_SPLINE_CURVE_WITH_KNOTS('',3,(#958,#959,#960,#961,#962,#963),
  .UNSPECIFIED.,.F.,.F.,(4,2,4),(2.315008838493E-03,3.468068993597E-03,
    4.621129148701E-03),.UNSPECIFIED.);
#958 = CARTESIAN_POINT('',(7.7216,1.9812,-3.431539059955));
#959 = CARTESIAN_POINT('',(7.7216,1.64492275146,-3.625688819922));
#960 = CARTESIAN_POINT('',(7.687711294599,1.309083176116,-3.819585889152
    ));
#961 = CARTESIAN_POINT('',(7.564416066887,0.649274900976,-4.200526374417
    ));
#962 = CARTESIAN_POINT('',(7.475455648502,0.323288825593,-4.388734522792
    ));
#963 = CARTESIAN_POINT('',(7.367692706637,-5.927640624207E-14,
    -4.575385413274));
#964 = PCURVE('',#266,#965);
#965 = DEFINITIONAL_REPRESENTATION('',(#966),#973);
#966 = B_SPLINE_CURVE_WITH_KNOTS('',3,(#967,#968,#969,#970,#971,#972),
  .UNSPECIFIED.,.F.,.F.,(4,2,4),(2.315008838493E-03,3.468068993597E-03,
    4.621129148701E-03),.UNSPECIFIED.);
#967 = CARTESIAN_POINT('',(-2.287692706637,0.));
#968 = CARTESIAN_POINT('',(-1.899393186703,0.));
#969 = CARTESIAN_POINT('',(-1.511599048244,-3.388870540128E-02));
#970 = CARTESIAN_POINT('',(-0.749718077713,-0.157183933113));
#971 = CARTESIAN_POINT('',(-0.373301780965,-0.246144351498));
#972 = CARTESIAN_POINT('',(7.505107646466E-14,-0.353907293363));
#973 = ( GEOMETRIC_REPRESENTATION_CONTEXT(2) 
PARAMETRIC_REPRESENTATION_CONTEXT() REPRESENTATION_CONTEXT('2D SPACE',''
  ) );
#974 = PCURVE('',#691,#975);
#975 = DEFINITIONAL_REPRESENTATION('',(#976),#1002);
#976 = B_SPLINE_CURVE_WITH_KNOTS('',3,(#977,#978,#979,#980,#981,#982,
    #983,#984,#985,#986,#987,#988,#989,#990,#991,#992,#993,#994,#995,
    #996,#997,#998,#999,#1000,#1001),.UNSPECIFIED.,.F.,.F.,(4,1,1,1,1,1,
    1,1,1,1,1,1,1,1,1,1,1,1,1,1,1,1,4),(2.315008838493E-03,
    2.419832488957E-03,2.524656139421E-03,2.629479789885E-03,
    2.734303440349E-03,2.839127090813E-03,2.943950741277E-03,
    3.048774391741E-03,3.153598042205E-03,3.258421692669E-03,
    3.363245343133E-03,3.468068993597E-03,3.572892644061E-03,
    3.677716294525E-03,3.782539944989E-03,3.887363595453E-03,
    3.992187245917E-03,4.097010896381E-03,4.201834546845E-03,
    4.306658197309E-03,4.411481847773E-03,4.516305498237E-03,
    4.621129148701E-03),.QUASI_UNIFORM_KNOTS.);
#977 = CARTESIAN_POINT('',(2.617993877991,1.922962686384E-16));
#978 = CARTESIAN_POINT('',(2.626902656256,-3.25549738452E-07));
#979 = CARTESIAN_POINT('',(2.644717937167,5.488154699096E-04));
#980 = CARTESIAN_POINT('',(2.671389323231,3.007860860432E-03));
#981 = CARTESIAN_POINT('',(2.6979641473,7.089714326115E-03));
#982 = CARTESIAN_POINT('',(2.724398496541,1.277654159454E-02));
#983 = CARTESIAN_POINT('',(2.750649692803,2.004715828023E-02));
#984 = CARTESIAN_POINT('',(2.776676741248,2.887668680228E-02));
#985 = CARTESIAN_POINT('',(2.802440601218,3.923685981751E-02));
#986 = CARTESIAN_POINT('',(2.827904617881,5.109624042959E-02));
#987 = CARTESIAN_POINT('',(2.853034230637,6.442030294617E-02));
#988 = CARTESIAN_POINT('',(2.877799130303,7.917229848707E-02));
#989 = CARTESIAN_POINT('',(2.902166046051,9.531123224603E-02));
#990 = CARTESIAN_POINT('',(2.926126261455,0.112800688071));
#991 = CARTESIAN_POINT('',(2.949680715414,0.131608014041));
#992 = CARTESIAN_POINT('',(2.97281104488,0.151693347798));
#993 = CARTESIAN_POINT('',(2.995506949572,0.173018331177));
#994 = CARTESIAN_POINT('',(3.017758759031,0.195543979231));
#995 = CARTESIAN_POINT('',(3.039559299676,0.219231440837));
#996 = CARTESIAN_POINT('',(3.060903255378,0.244041971046));
#997 = CARTESIAN_POINT('',(3.081787171524,0.269937092161));
#998 = CARTESIAN_POINT('',(3.102209330024,0.296878712256));
#999 = CARTESIAN_POINT('',(3.12216945481,0.324829147937));
#1000 = CARTESIAN_POINT('',(3.135169284807,0.344110713132));
#1001 = CARTESIAN_POINT('',(3.14159265359,0.353907293363));
#1002 = ( GEOMETRIC_REPRESENTATION_CONTEXT(2) 
PARAMETRIC_REPRESENTATION_CONTEXT() REPRESENTATION_CONTEXT('2D SPACE',''
  ) );
#1003 = ORIENTED_EDGE('',*,*,#703,.T.);
#1004 = ADVANCED_FACE('',(#1005),#216,.T.);
#1005 = FACE_BOUND('',#1006,.T.);
#1006 = EDGE_LOOP('',(#1007,#1008,#1009));
#1007 = ORIENTED_EDGE('',*,*,#194,.F.);
#1008 = ORIENTED_EDGE('',*,*,#808,.T.);
#1009 = ORIENTED_EDGE('',*,*,#1010,.T.);
#1010 = EDGE_CURVE('',#809,#169,#1011,.T.);
#1011 = SURFACE_CURVE('',#1012,(#1017,#1024),.PCURVE_S1.);
#1012 = CIRCLE('',#1013,4.0767153533);
#1013 = AXIS2_PLACEMENT_3D('',#1014,#1015,#1016);
#1014 = CARTESIAN_POINT('',(5.4,0.,0.));
#1015 = DIRECTION('',(1.,-0.,0.));
#1016 = DIRECTION('',(0.,0.,-1.));
#1017 = PCURVE('',#216,#1018);
#1018 = DEFINITIONAL_REPRESENTATION('',(#1019),#1023);
#1019 = LINE('',#1020,#1021);
#1020 = CARTESIAN_POINT('',(0.,6.6E-02));
#1021 = VECTOR('',#1022,1.);
#1022 = DIRECTION('',(1.,0.));
#1023 = ( GEOMETRIC_REPRESENTATION_CONTEXT(2) 
PARAMETRIC_REPRESENTATION_CONTEXT() REPRESENTATION_CONTEXT('2D SPACE',''
  ) );
#1024 = PCURVE('',#183,#1025);
#1025 = DEFINITIONAL_REPRESENTATION('',(#1026),#1030);
#1026 = CIRCLE('',#1027,4.0767153533);
#1027 = AXIS2_PLACEMENT_2D('',#1028,#1029);
#1028 = CARTESIAN_POINT('',(9.,-9.));
#1029 = DIRECTION('',(-1.,0.));
#1030 = ( GEOMETRIC_REPRESENTATION_CONTEXT(2) 
PARAMETRIC_REPRESENTATION_CONTEXT() REPRESENTATION_CONTEXT('2D SPACE',''
  ) );
#1031 = ADVANCED_FACE('',(#1032,#1254),#183,.F.);
#1032 = FACE_BOUND('',#1033,.F.);
#1033 = EDGE_LOOP('',(#1034,#1035,#1036,#1060,#1081,#1110,#1131,#1160,
    #1181,#1210,#1231,#1253));
#1034 = ORIENTED_EDGE('',*,*,#1010,.T.);
#1035 = ORIENTED_EDGE('',*,*,#168,.T.);
#1036 = ORIENTED_EDGE('',*,*,#1037,.T.);
#1037 = EDGE_CURVE('',#113,#1038,#1040,.T.);
#1038 = VERTEX_POINT('',#1039);
#1039 = CARTESIAN_POINT('',(5.4,2.811078145758,2.952408689108));
#1040 = SURFACE_CURVE('',#1041,(#1046,#1053),.PCURVE_S1.);
#1041 = CIRCLE('',#1042,4.0767153533);
#1042 = AXIS2_PLACEMENT_3D('',#1043,#1044,#1045);
#1043 = CARTESIAN_POINT('',(5.4,0.,0.));
#1044 = DIRECTION('',(1.,-0.,0.));
#1045 = DIRECTION('',(0.,0.,-1.));
#1046 = PCURVE('',#183,#1047);
#1047 = DEFINITIONAL_REPRESENTATION('',(#1048),#1052);
#1048 = CIRCLE('',#1049,4.0767153533);
#1049 = AXIS2_PLACEMENT_2D('',#1050,#1051);
#1050 = CARTESIAN_POINT('',(9.,-9.));
#1051 = DIRECTION('',(-1.,0.));
#1052 = ( GEOMETRIC_REPRESENTATION_CONTEXT(2) 
PARAMETRIC_REPRESENTATION_CONTEXT() REPRESENTATION_CONTEXT('2D SPACE',''
  ) );
#1053 = PCURVE('',#134,#1054);
#1054 = DEFINITIONAL_REPRESENTATION('',(#1055),#1059);
#1055 = LINE('',#1056,#1057);
#1056 = CARTESIAN_POINT('',(0.,6.6E-02));
#1057 = VECTOR('',#1058,1.);
#1058 = DIRECTION('',(1.,0.));
#1059 = ( GEOMETRIC_REPRESENTATION_CONTEXT(2) 
PARAMETRIC_REPRESENTATION_CONTEXT() REPRESENTATION_CONTEXT('2D SPACE',''
  ) );
#1060 = ORIENTED_EDGE('',*,*,#1061,.T.);
#1061 = EDGE_CURVE('',#1038,#1062,#1064,.T.);
#1062 = VERTEX_POINT('',#1063);
#1063 = CARTESIAN_POINT('',(5.4,1.155173956346,3.908445418617));
#1064 = SURFACE_CURVE('',#1065,(#1069,#1075),.PCURVE_S1.);
#1065 = LINE('',#1066,#1067);
#1066 = CARTESIAN_POINT('',(5.4,1.545357158515,3.683173041811));
#1067 = VECTOR('',#1068,1.);
#1068 = DIRECTION('',(0.,-0.866025403784,0.5));
#1069 = PCURVE('',#183,#1070);
#1070 = DEFINITIONAL_REPRESENTATION('',(#1071),#1074);
#1071 = B_SPLINE_CURVE_WITH_KNOTS('',1,(#1072,#1073),.UNSPECIFIED.,.F.,
  .F.,(2,2),(-2.790960670349,1.784424742926),.PIECEWISE_BEZIER_KNOTS.);
#1072 = CARTESIAN_POINT('',(11.287692706637,-12.9624));
#1073 = CARTESIAN_POINT('',(13.575385413274,-9.));
#1074 = ( GEOMETRIC_REPRESENTATION_CONTEXT(2) 
PARAMETRIC_REPRESENTATION_CONTEXT() REPRESENTATION_CONTEXT('2D SPACE',''
  ) );
#1075 = PCURVE('',#100,#1076);
#1076 = DEFINITIONAL_REPRESENTATION('',(#1077),#1080);
#1077 = B_SPLINE_CURVE_WITH_KNOTS('',1,(#1078,#1079),.UNSPECIFIED.,.F.,
  .F.,(2,2),(-2.790960670349,1.784424742926),.PIECEWISE_BEZIER_KNOTS.);
#1078 = CARTESIAN_POINT('',(6.705747068736E-14,-2.3216));
#1079 = CARTESIAN_POINT('',(-4.575385413274,-2.3216));
#1080 = ( GEOMETRIC_REPRESENTATION_CONTEXT(2) 
PARAMETRIC_REPRESENTATION_CONTEXT() REPRESENTATION_CONTEXT('2D SPACE',''
  ) );
#1081 = ORIENTED_EDGE('',*,*,#1082,.T.);
#1082 = EDGE_CURVE('',#1062,#1083,#1085,.T.);
#1083 = VERTEX_POINT('',#1084);
#1084 = CARTESIAN_POINT('',(5.4,-1.151321854242,3.910669430803));
#1085 = SURFACE_CURVE('',#1086,(#1091,#1098),.PCURVE_S1.);
#1086 = CIRCLE('',#1087,4.0767153533);
#1087 = AXIS2_PLACEMENT_3D('',#1088,#1089,#1090);
#1088 = CARTESIAN_POINT('',(5.4,0.,0.));
#1089 = DIRECTION('',(1.,-0.,0.));
#1090 = DIRECTION('',(0.,0.,-1.));
#1091 = PCURVE('',#183,#1092);
#1092 = DEFINITIONAL_REPRESENTATION('',(#1093),#1097);
#1093 = CIRCLE('',#1094,4.0767153533);
#1094 = AXIS2_PLACEMENT_2D('',#1095,#1096);
#1095 = CARTESIAN_POINT('',(9.,-9.));
#1096 = DIRECTION('',(-1.,0.));
#1097 = ( GEOMETRIC_REPRESENTATION_CONTEXT(2) 
PARAMETRIC_REPRESENTATION_CONTEXT() REPRESENTATION_CONTEXT('2D SPACE',''
  ) );
#1098 = PCURVE('',#1099,#1104);
#1099 = CONICAL_SURFACE('',#1100,3.9624,1.047197551197);
#1100 = AXIS2_PLACEMENT_3D('',#1101,#1102,#1103);
#1101 = CARTESIAN_POINT('',(5.334,0.,0.));
#1102 = DIRECTION('',(1.,-0.,0.));
#1103 = DIRECTION('',(0.,0.,-1.));
#1104 = DEFINITIONAL_REPRESENTATION('',(#1105),#1109);
#1105 = LINE('',#1106,#1107);
#1106 = CARTESIAN_POINT('',(0.,6.6E-02));
#1107 = VECTOR('',#1108,1.);
#1108 = DIRECTION('',(1.,0.));
#1109 = ( GEOMETRIC_REPRESENTATION_CONTEXT(2) 
PARAMETRIC_REPRESENTATION_CONTEXT() REPRESENTATION_CONTEXT('2D SPACE',''
  ) );
#1110 = ORIENTED_EDGE('',*,*,#1111,.T.);
#1111 = EDGE_CURVE('',#1083,#1112,#1114,.T.);
#1112 = VERTEX_POINT('',#1113);
#1113 = CARTESIAN_POINT('',(5.4,-2.807226043654,2.954632701294));
#1114 = SURFACE_CURVE('',#1115,(#1119,#1125),.PCURVE_S1.);
#1115 = LINE('',#1116,#1117);
#1116 = CARTESIAN_POINT('',(5.4,-6.314157158515,0.9299050781));
#1117 = VECTOR('',#1118,1.);
#1118 = DIRECTION('',(0.,-0.866025403784,-0.5));
#1119 = PCURVE('',#183,#1120);
#1120 = DEFINITIONAL_REPRESENTATION('',(#1121),#1124);
#1121 = B_SPLINE_CURVE_WITH_KNOTS('',1,(#1122,#1123),.UNSPECIFIED.,.F.,
  .F.,(2,2),(-7.290960670349,-2.715575257074),.PIECEWISE_BEZIER_KNOTS.);
#1122 = CARTESIAN_POINT('',(13.575385413274,-9.));
#1123 = CARTESIAN_POINT('',(11.287692706637,-5.0376));
#1124 = ( GEOMETRIC_REPRESENTATION_CONTEXT(2) 
PARAMETRIC_REPRESENTATION_CONTEXT() REPRESENTATION_CONTEXT('2D SPACE',''
  ) );
#1125 = PCURVE('',#541,#1126);
#1126 = DEFINITIONAL_REPRESENTATION('',(#1127),#1130);
#1127 = B_SPLINE_CURVE_WITH_KNOTS('',1,(#1128,#1129),.UNSPECIFIED.,.F.,
  .F.,(2,2),(-7.290960670349,-2.715575257074),.PIECEWISE_BEZIER_KNOTS.);
#1128 = CARTESIAN_POINT('',(7.371880883511E-14,-2.3216));
#1129 = CARTESIAN_POINT('',(-4.575385413274,-2.3216));
#1130 = ( GEOMETRIC_REPRESENTATION_CONTEXT(2) 
PARAMETRIC_REPRESENTATION_CONTEXT() REPRESENTATION_CONTEXT('2D SPACE',''
  ) );
#1131 = ORIENTED_EDGE('',*,*,#1132,.T.);
#1132 = EDGE_CURVE('',#1112,#1133,#1135,.T.);
#1133 = VERTEX_POINT('',#1134);
#1134 = CARTESIAN_POINT('',(5.4,-3.9624,0.958020073673));
#1135 = SURFACE_CURVE('',#1136,(#1141,#1148),.PCURVE_S1.);
#1136 = CIRCLE('',#1137,4.0767153533);
#1137 = AXIS2_PLACEMENT_3D('',#1138,#1139,#1140);
#1138 = CARTESIAN_POINT('',(5.4,0.,0.));
#1139 = DIRECTION('',(1.,-0.,0.));
#1140 = DIRECTION('',(0.,0.,-1.));
#1141 = PCURVE('',#183,#1142);
#1142 = DEFINITIONAL_REPRESENTATION('',(#1143),#1147);
#1143 = CIRCLE('',#1144,4.0767153533);
#1144 = AXIS2_PLACEMENT_2D('',#1145,#1146);
#1145 = CARTESIAN_POINT('',(9.,-9.));
#1146 = DIRECTION('',(-1.,0.));
#1147 = ( GEOMETRIC_REPRESENTATION_CONTEXT(2) 
PARAMETRIC_REPRESENTATION_CONTEXT() REPRESENTATION_CONTEXT('2D SPACE',''
  ) );
#1148 = PCURVE('',#1149,#1154);
#1149 = CONICAL_SURFACE('',#1150,3.9624,1.047197551197);
#1150 = AXIS2_PLACEMENT_3D('',#1151,#1152,#1153);
#1151 = CARTESIAN_POINT('',(5.334,0.,0.));
#1152 = DIRECTION('',(1.,-0.,0.));
#1153 = DIRECTION('',(0.,0.,-1.));
#1154 = DEFINITIONAL_REPRESENTATION('',(#1155),#1159);
#1155 = LINE('',#1156,#1157);
#1156 = CARTESIAN_POINT('',(0.,6.6E-02));
#1157 = VECTOR('',#1158,1.);
#1158 = DIRECTION('',(1.,0.));
#1159 = ( GEOMETRIC_REPRESENTATION_CONTEXT(2) 
PARAMETRIC_REPRESENTATION_CONTEXT() REPRESENTATION_CONTEXT('2D SPACE',''
  ) );
#1160 = ORIENTED_EDGE('',*,*,#1161,.T.);
#1161 = EDGE_CURVE('',#1133,#1162,#1164,.T.);
#1162 = VERTEX_POINT('',#1163);
#1163 = CARTESIAN_POINT('',(5.4,-3.9624,-0.958424623141));
#1164 = SURFACE_CURVE('',#1165,(#1169,#1175),.PCURVE_S1.);
#1165 = LINE('',#1166,#1167);
#1166 = CARTESIAN_POINT('',(5.4,-3.9624,-3.356153646682));
#1167 = VECTOR('',#1168,1.);
#1168 = DIRECTION('',(-0.,0.,-1.));
#1169 = PCURVE('',#183,#1170);
#1170 = DEFINITIONAL_REPRESENTATION('',(#1171),#1174);
#1171 = B_SPLINE_CURVE_WITH_KNOTS('',1,(#1172,#1173),.UNSPECIFIED.,.F.,
  .F.,(2,2),(-5.643846353318,-1.068460940045),.PIECEWISE_BEZIER_KNOTS.);
#1172 = CARTESIAN_POINT('',(11.287692706637,-5.0376));
#1173 = CARTESIAN_POINT('',(6.712307293363,-5.0376));
#1174 = ( GEOMETRIC_REPRESENTATION_CONTEXT(2) 
PARAMETRIC_REPRESENTATION_CONTEXT() REPRESENTATION_CONTEXT('2D SPACE',''
  ) );
#1175 = PCURVE('',#600,#1176);
#1176 = DEFINITIONAL_REPRESENTATION('',(#1177),#1180);
#1177 = B_SPLINE_CURVE_WITH_KNOTS('',1,(#1178,#1179),.UNSPECIFIED.,.F.,
  .F.,(2,2),(-5.643846353318,-1.068460940045),.PIECEWISE_BEZIER_KNOTS.);
#1178 = CARTESIAN_POINT('',(2.3216,0.));
#1179 = CARTESIAN_POINT('',(2.3216,-4.575385413274));
#1180 = ( GEOMETRIC_REPRESENTATION_CONTEXT(2) 
PARAMETRIC_REPRESENTATION_CONTEXT() REPRESENTATION_CONTEXT('2D SPACE',''
  ) );
#1181 = ORIENTED_EDGE('',*,*,#1182,.T.);
#1182 = EDGE_CURVE('',#1162,#1183,#1185,.T.);
#1183 = VERTEX_POINT('',#1184);
#1184 = CARTESIAN_POINT('',(5.4,-2.811078145758,-2.952408689108));
#1185 = SURFACE_CURVE('',#1186,(#1191,#1198),.PCURVE_S1.);
#1186 = CIRCLE('',#1187,4.0767153533);
#1187 = AXIS2_PLACEMENT_3D('',#1188,#1189,#1190);
#1188 = CARTESIAN_POINT('',(5.4,0.,0.));
#1189 = DIRECTION('',(1.,-0.,0.));
#1190 = DIRECTION('',(0.,0.,-1.));
#1191 = PCURVE('',#183,#1192);
#1192 = DEFINITIONAL_REPRESENTATION('',(#1193),#1197);
#1193 = CIRCLE('',#1194,4.0767153533);
#1194 = AXIS2_PLACEMENT_2D('',#1195,#1196);
#1195 = CARTESIAN_POINT('',(9.,-9.));
#1196 = DIRECTION('',(-1.,0.));
#1197 = ( GEOMETRIC_REPRESENTATION_CONTEXT(2) 
PARAMETRIC_REPRESENTATION_CONTEXT() REPRESENTATION_CONTEXT('2D SPACE',''
  ) );
#1198 = PCURVE('',#1199,#1204);
#1199 = CONICAL_SURFACE('',#1200,3.9624,1.047197551197);
#1200 = AXIS2_PLACEMENT_3D('',#1201,#1202,#1203);
#1201 = CARTESIAN_POINT('',(5.334,0.,0.));
#1202 = DIRECTION('',(1.,-0.,0.));
#1203 = DIRECTION('',(0.,0.,-1.));
#1204 = DEFINITIONAL_REPRESENTATION('',(#1205),#1209);
#1205 = LINE('',#1206,#1207);
#1206 = CARTESIAN_POINT('',(0.,6.6E-02));
#1207 = VECTOR('',#1208,1.);
#1208 = DIRECTION('',(1.,0.));
#1209 = ( GEOMETRIC_REPRESENTATION_CONTEXT(2) 
PARAMETRIC_REPRESENTATION_CONTEXT() REPRESENTATION_CONTEXT('2D SPACE',''
  ) );
#1210 = ORIENTED_EDGE('',*,*,#1211,.T.);
#1211 = EDGE_CURVE('',#1183,#1212,#1214,.T.);
#1212 = VERTEX_POINT('',#1213);
#1213 = CARTESIAN_POINT('',(5.4,-1.155173956346,-3.908445418617));
#1214 = SURFACE_CURVE('',#1215,(#1219,#1225),.PCURVE_S1.);
#1215 = LINE('',#1216,#1217);
#1216 = CARTESIAN_POINT('',(5.4,-4.398242841485,-2.036058724781));
#1217 = VECTOR('',#1218,1.);
#1218 = DIRECTION('',(-0.,0.866025403784,-0.5));
#1219 = PCURVE('',#183,#1220);
#1220 = DEFINITIONAL_REPRESENTATION('',(#1221),#1224);
#1221 = B_SPLINE_CURVE_WITH_KNOTS('',1,(#1222,#1223),.UNSPECIFIED.,.F.,
  .F.,(2,2),(0.503267963711,5.078653376986),.PIECEWISE_BEZIER_KNOTS.);
#1222 = CARTESIAN_POINT('',(6.712307293363,-5.0376));
#1223 = CARTESIAN_POINT('',(4.424614586726,-9.));
#1224 = ( GEOMETRIC_REPRESENTATION_CONTEXT(2) 
PARAMETRIC_REPRESENTATION_CONTEXT() REPRESENTATION_CONTEXT('2D SPACE',''
  ) );
#1225 = PCURVE('',#659,#1226);
#1226 = DEFINITIONAL_REPRESENTATION('',(#1227),#1230);
#1227 = B_SPLINE_CURVE_WITH_KNOTS('',1,(#1228,#1229),.UNSPECIFIED.,.F.,
  .F.,(2,2),(0.503267963711,5.078653376986),.PIECEWISE_BEZIER_KNOTS.);
#1228 = CARTESIAN_POINT('',(7.194245199571E-14,-2.3216));
#1229 = CARTESIAN_POINT('',(-4.575385413274,-2.3216));
#1230 = ( GEOMETRIC_REPRESENTATION_CONTEXT(2) 
PARAMETRIC_REPRESENTATION_CONTEXT() REPRESENTATION_CONTEXT('2D SPACE',''
  ) );
#1231 = ORIENTED_EDGE('',*,*,#1232,.T.);
#1232 = EDGE_CURVE('',#1212,#856,#1233,.T.);
#1233 = SURFACE_CURVE('',#1234,(#1239,#1246),.PCURVE_S1.);
#1234 = CIRCLE('',#1235,4.0767153533);
#1235 = AXIS2_PLACEMENT_3D('',#1236,#1237,#1238);
#1236 = CARTESIAN_POINT('',(5.4,0.,0.));
#1237 = DIRECTION('',(1.,-0.,0.));
#1238 = DIRECTION('',(0.,0.,-1.));
#1239 = PCURVE('',#183,#1240);
#1240 = DEFINITIONAL_REPRESENTATION('',(#1241),#1245);
#1241 = CIRCLE('',#1242,4.0767153533);
#1242 = AXIS2_PLACEMENT_2D('',#1243,#1244);
#1243 = CARTESIAN_POINT('',(9.,-9.));
#1244 = DIRECTION('',(-1.,0.));
#1245 = ( GEOMETRIC_REPRESENTATION_CONTEXT(2) 
PARAMETRIC_REPRESENTATION_CONTEXT() REPRESENTATION_CONTEXT('2D SPACE',''
  ) );
#1246 = PCURVE('',#898,#1247);
#1247 = DEFINITIONAL_REPRESENTATION('',(#1248),#1252);
#1248 = LINE('',#1249,#1250);
#1249 = CARTESIAN_POINT('',(0.,6.6E-02));
#1250 = VECTOR('',#1251,1.);
#1251 = DIRECTION('',(1.,0.));
#1252 = ( GEOMETRIC_REPRESENTATION_CONTEXT(2) 
PARAMETRIC_REPRESENTATION_CONTEXT() REPRESENTATION_CONTEXT('2D SPACE',''
  ) );
#1253 = ORIENTED_EDGE('',*,*,#855,.T.);
#1254 = FACE_BOUND('',#1255,.F.);
#1255 = EDGE_LOOP('',(#1256));
#1256 = ORIENTED_EDGE('',*,*,#1257,.F.);
#1257 = EDGE_CURVE('',#1258,#1258,#1260,.T.);
#1258 = VERTEX_POINT('',#1259);
#1259 = CARTESIAN_POINT('',(5.4,7.715274834628E-16,3.15));
#1260 = SURFACE_CURVE('',#1261,(#1266,#1273),.PCURVE_S1.);
#1261 = CIRCLE('',#1262,3.15);
#1262 = AXIS2_PLACEMENT_3D('',#1263,#1264,#1265);
#1263 = CARTESIAN_POINT('',(5.4,0.,0.));
#1264 = DIRECTION('',(1.,0.,0.));
#1265 = DIRECTION('',(-0.,0.,1.));
#1266 = PCURVE('',#183,#1267);
#1267 = DEFINITIONAL_REPRESENTATION('',(#1268),#1272);
#1268 = CIRCLE('',#1269,3.15);
#1269 = AXIS2_PLACEMENT_2D('',#1270,#1271);
#1270 = CARTESIAN_POINT('',(9.,-9.));
#1271 = DIRECTION('',(1.,0.));
#1272 = ( GEOMETRIC_REPRESENTATION_CONTEXT(2) 
PARAMETRIC_REPRESENTATION_CONTEXT() REPRESENTATION_CONTEXT('2D SPACE',''
  ) );
#1273 = PCURVE('',#741,#1274);
#1274 = DEFINITIONAL_REPRESENTATION('',(#1275),#1279);
#1275 = LINE('',#1276,#1277);
#1276 = CARTESIAN_POINT('',(0.,1.9));
#1277 = VECTOR('',#1278,1.);
#1278 = DIRECTION('',(1.,0.));
#1279 = ( GEOMETRIC_REPRESENTATION_CONTEXT(2) 
PARAMETRIC_REPRESENTATION_CONTEXT() REPRESENTATION_CONTEXT('2D SPACE',''
  ) );
#1280 = ADVANCED_FACE('',(#1281),#134,.T.);
#1281 = FACE_BOUND('',#1282,.T.);
#1282 = EDGE_LOOP('',(#1283,#1284,#1333));
#1283 = ORIENTED_EDGE('',*,*,#1037,.T.);
#1284 = ORIENTED_EDGE('',*,*,#1285,.T.);
#1285 = EDGE_CURVE('',#1038,#85,#1286,.T.);
#1286 = SURFACE_CURVE('',#1287,(#1294,#1323),.PCURVE_S1.);
#1287 = B_SPLINE_CURVE_WITH_KNOTS('',3,(#1288,#1289,#1290,#1291,#1292,
    #1293),.UNSPECIFIED.,.F.,.F.,(4,2,4),(2.315008838493E-03,
    3.468068993597E-03,4.621129148701E-03),.UNSPECIFIED.);
#1288 = CARTESIAN_POINT('',(5.334,1.9812,3.431539059955));
#1289 = CARTESIAN_POINT('',(5.334,2.31747724854,3.237389299989));
#1290 = CARTESIAN_POINT('',(5.367888705401,2.653316823884,3.043492230759
    ));
#1291 = CARTESIAN_POINT('',(5.491183933113,3.313125099024,2.662551745494
    ));
#1292 = CARTESIAN_POINT('',(5.580144351498,3.639111174407,2.474343597119
    ));
#1293 = CARTESIAN_POINT('',(5.687907293363,3.9624,2.287692706637));
#1294 = PCURVE('',#134,#1295);
#1295 = DEFINITIONAL_REPRESENTATION('',(#1296),#1322);
#1296 = B_SPLINE_CURVE_WITH_KNOTS('',3,(#1297,#1298,#1299,#1300,#1301,
    #1302,#1303,#1304,#1305,#1306,#1307,#1308,#1309,#1310,#1311,#1312,
    #1313,#1314,#1315,#1316,#1317,#1318,#1319,#1320,#1321),
  .UNSPECIFIED.,.F.,.F.,(4,1,1,1,1,1,1,1,1,1,1,1,1,1,1,1,1,1,1,1,1,1,4),
  (2.315008838493E-03,2.419832488957E-03,2.524656139421E-03,
    2.629479789885E-03,2.734303440349E-03,2.839127090813E-03,
    2.943950741277E-03,3.048774391741E-03,3.153598042205E-03,
    3.258421692669E-03,3.363245343133E-03,3.468068993597E-03,
    3.572892644061E-03,3.677716294525E-03,3.782539944989E-03,
    3.887363595453E-03,3.992187245917E-03,4.097010896381E-03,
    4.201834546845E-03,4.306658197309E-03,4.411481847773E-03,
    4.516305498237E-03,4.621129148701E-03),.QUASI_UNIFORM_KNOTS.);
#1297 = CARTESIAN_POINT('',(2.617993877991,1.922962686384E-16));
#1298 = CARTESIAN_POINT('',(2.609085099726,-3.255497383165E-07));
#1299 = CARTESIAN_POINT('',(2.591269818816,5.488154699098E-04));
#1300 = CARTESIAN_POINT('',(2.564598432752,3.007860860432E-03));
#1301 = CARTESIAN_POINT('',(2.538023608683,7.089714326115E-03));
#1302 = CARTESIAN_POINT('',(2.511589259442,1.277654159454E-02));
#1303 = CARTESIAN_POINT('',(2.48533806318,2.004715828023E-02));
#1304 = CARTESIAN_POINT('',(2.459311014735,2.887668680228E-02));
#1305 = CARTESIAN_POINT('',(2.433547154765,3.923685981751E-02));
#1306 = CARTESIAN_POINT('',(2.408083138102,5.109624042959E-02));
#1307 = CARTESIAN_POINT('',(2.382953525346,6.442030294617E-02));
#1308 = CARTESIAN_POINT('',(2.35818862568,7.917229848707E-02));
#1309 = CARTESIAN_POINT('',(2.333821709932,9.531123224603E-02));
#1310 = CARTESIAN_POINT('',(2.309861494528,0.112800688071));
#1311 = CARTESIAN_POINT('',(2.286307040569,0.131608014041));
#1312 = CARTESIAN_POINT('',(2.263176711103,0.151693347798));
#1313 = CARTESIAN_POINT('',(2.240480806411,0.173018331177));
#1314 = CARTESIAN_POINT('',(2.218228996952,0.195543979231));
#1315 = CARTESIAN_POINT('',(2.196428456307,0.219231440837));
#1316 = CARTESIAN_POINT('',(2.175084500605,0.244041971046));
#1317 = CARTESIAN_POINT('',(2.154200584459,0.269937092161));
#1318 = CARTESIAN_POINT('',(2.133778425959,0.296878712256));
#1319 = CARTESIAN_POINT('',(2.113818301173,0.324829147937));
#1320 = CARTESIAN_POINT('',(2.100818471176,0.344110713132));
#1321 = CARTESIAN_POINT('',(2.094395102393,0.353907293363));
#1322 = ( GEOMETRIC_REPRESENTATION_CONTEXT(2) 
PARAMETRIC_REPRESENTATION_CONTEXT() REPRESENTATION_CONTEXT('2D SPACE',''
  ) );
#1323 = PCURVE('',#100,#1324);
#1324 = DEFINITIONAL_REPRESENTATION('',(#1325),#1332);
#1325 = B_SPLINE_CURVE_WITH_KNOTS('',3,(#1326,#1327,#1328,#1329,#1330,
    #1331),.UNSPECIFIED.,.F.,.F.,(4,2,4),(2.315008838493E-03,
    3.468068993597E-03,4.621129148701E-03),.UNSPECIFIED.);
#1326 = CARTESIAN_POINT('',(-2.287692706637,-2.3876));
#1327 = CARTESIAN_POINT('',(-1.899393186703,-2.3876));
#1328 = CARTESIAN_POINT('',(-1.511599048244,-2.353711294599));
#1329 = CARTESIAN_POINT('',(-0.749718077713,-2.230416066887));
#1330 = CARTESIAN_POINT('',(-0.373301780965,-2.141455648502));
#1331 = CARTESIAN_POINT('',(6.705747068736E-14,-2.033692706637));
#1332 = ( GEOMETRIC_REPRESENTATION_CONTEXT(2) 
PARAMETRIC_REPRESENTATION_CONTEXT() REPRESENTATION_CONTEXT('2D SPACE',''
  ) );
#1333 = ORIENTED_EDGE('',*,*,#112,.F.);
#1334 = ADVANCED_FACE('',(#1335),#100,.F.);
#1335 = FACE_BOUND('',#1336,.F.);
#1336 = EDGE_LOOP('',(#1337,#1384,#1407,#1452,#1453,#1454,#1455,#1456));
#1337 = ORIENTED_EDGE('',*,*,#1338,.F.);
#1338 = EDGE_CURVE('',#1339,#473,#1341,.T.);
#1339 = VERTEX_POINT('',#1340);
#1340 = CARTESIAN_POINT('',(7.367692706637,0.,4.575385413274));
#1341 = SURFACE_CURVE('',#1342,(#1347,#1355),.PCURVE_S1.);
#1342 = B_SPLINE_CURVE_WITH_KNOTS('',3,(#1343,#1344,#1345,#1346),
  .UNSPECIFIED.,.F.,.F.,(4,4),(2.380737694569E-07,2.315008838493E-03),
  .PIECEWISE_BEZIER_KNOTS.);
#1343 = CARTESIAN_POINT('',(7.367692706638,-1.073580147716E-13,
    4.575385413274));
#1344 = CARTESIAN_POINT('',(7.583757785896,0.648195237776,4.201149718257
    ));
#1345 = CARTESIAN_POINT('',(7.7216,1.306122693481,3.821295124598));
#1346 = CARTESIAN_POINT('',(7.7216,1.9812,3.431539059955));
#1347 = PCURVE('',#100,#1348);
#1348 = DEFINITIONAL_REPRESENTATION('',(#1349),#1354);
#1349 = B_SPLINE_CURVE_WITH_KNOTS('',3,(#1350,#1351,#1352,#1353),
  .UNSPECIFIED.,.F.,.F.,(4,4),(2.380737694569E-07,2.315008838493E-03),
  .PIECEWISE_BEZIER_KNOTS.);
#1350 = CARTESIAN_POINT('',(-4.575385413274,-0.353907293362));
#1351 = CARTESIAN_POINT('',(-3.82691402324,-0.137842214104));
#1352 = CARTESIAN_POINT('',(-3.067204835922,0.));
#1353 = CARTESIAN_POINT('',(-2.287692706637,0.));
#1354 = ( GEOMETRIC_REPRESENTATION_CONTEXT(2) 
PARAMETRIC_REPRESENTATION_CONTEXT() REPRESENTATION_CONTEXT('2D SPACE',''
  ) );
#1355 = PCURVE('',#514,#1356);
#1356 = DEFINITIONAL_REPRESENTATION('',(#1357),#1383);
#1357 = B_SPLINE_CURVE_WITH_KNOTS('',3,(#1358,#1359,#1360,#1361,#1362,
    #1363,#1364,#1365,#1366,#1367,#1368,#1369,#1370,#1371,#1372,#1373,
    #1374,#1375,#1376,#1377,#1378,#1379,#1380,#1381,#1382),
  .UNSPECIFIED.,.F.,.F.,(4,1,1,1,1,1,1,1,1,1,1,1,1,1,1,1,1,1,1,1,1,1,4),
  (2.380737694569E-07,1.054549267115E-04,2.106717796535E-04,
    3.158886325955E-04,4.211054855375E-04,5.263223384794E-04,
    6.315391914214E-04,7.367560443634E-04,8.419728973054E-04,
    9.471897502474E-04,1.052406603189E-03,1.157623456131E-03,
    1.262840309073E-03,1.368057162015E-03,1.473274014957E-03,
    1.578490867899E-03,1.683707720841E-03,1.788924573783E-03,
    1.894141426725E-03,1.999358279667E-03,2.104575132609E-03,
    2.209791985551E-03,2.315008838493E-03),.QUASI_UNIFORM_KNOTS.);
#1358 = CARTESIAN_POINT('',(6.28318530718,0.353907293363));
#1359 = CARTESIAN_POINT('',(6.289624742837,0.344086198461));
#1360 = CARTESIAN_POINT('',(6.302656480298,0.32476105842));
#1361 = CARTESIAN_POINT('',(6.322663250131,0.296760518812));
#1362 = CARTESIAN_POINT('',(6.343130315062,0.269782976422));
#1363 = CARTESIAN_POINT('',(6.36405682467,0.243864938415));
#1364 = CARTESIAN_POINT('',(6.385440457438,0.219043247558));
#1365 = CARTESIAN_POINT('',(6.407277114255,0.195355048476));
#1366 = CARTESIAN_POINT('',(6.429560836579,0.172837654563));
#1367 = CARTESIAN_POINT('',(6.452283673786,0.15152842554));
#1368 = CARTESIAN_POINT('',(6.475435577611,0.131464626555));
#1369 = CARTESIAN_POINT('',(6.499004307155,0.11268327738));
#1370 = CARTESIAN_POINT('',(6.522975353443,9.522099060956E-02));
#1371 = CARTESIAN_POINT('',(6.547331885698,7.911380078502E-02));
#1372 = CARTESIAN_POINT('',(6.572054723234,6.439698607418E-02));
#1373 = CARTESIAN_POINT('',(6.597122336078,5.110488462106E-02));
#1374 = CARTESIAN_POINT('',(6.622510877233,3.92707082206E-02));
#1375 = CARTESIAN_POINT('',(6.648194248536,2.892635547116E-02));
#1376 = CARTESIAN_POINT('',(6.674144202547,2.010222991813E-02));
#1377 = CARTESIAN_POINT('',(6.700330477504,1.282705732368E-02));
#1378 = CARTESIAN_POINT('',(6.726720978186,7.127739469496E-03));
#1379 = CARTESIAN_POINT('',(6.753281951743,3.029120766021E-03));
#1380 = CARTESIAN_POINT('',(6.779978340391,5.541451521973E-04));
#1381 = CARTESIAN_POINT('',(6.797841859343,-1.940599975341E-07));
#1382 = CARTESIAN_POINT('',(6.806784082778,1.922962686384E-16));
#1383 = ( GEOMETRIC_REPRESENTATION_CONTEXT(2) 
PARAMETRIC_REPRESENTATION_CONTEXT() REPRESENTATION_CONTEXT('2D SPACE',''
  ) );
#1384 = ORIENTED_EDGE('',*,*,#1385,.T.);
#1385 = EDGE_CURVE('',#1339,#1386,#1388,.T.);
#1386 = VERTEX_POINT('',#1387);
#1387 = CARTESIAN_POINT('',(5.687907293363,0.,4.575385413274));
#1388 = SURFACE_CURVE('',#1389,(#1393,#1400),.PCURVE_S1.);
#1389 = LINE('',#1390,#1391);
#1390 = CARTESIAN_POINT('',(7.7216,3.360737614126E-15,4.575385413274));
#1391 = VECTOR('',#1392,1.);
#1392 = DIRECTION('',(-1.,4.55307998944E-17,0.));
#1393 = PCURVE('',#100,#1394);
#1394 = DEFINITIONAL_REPRESENTATION('',(#1395),#1399);
#1395 = LINE('',#1396,#1397);
#1396 = CARTESIAN_POINT('',(-4.575385413274,-1.848892746612E-32));
#1397 = VECTOR('',#1398,1.);
#1398 = DIRECTION('',(3.943082936318E-17,-1.));
#1399 = ( GEOMETRIC_REPRESENTATION_CONTEXT(2) 
PARAMETRIC_REPRESENTATION_CONTEXT() REPRESENTATION_CONTEXT('2D SPACE',''
  ) );
#1400 = PCURVE('',#541,#1401);
#1401 = DEFINITIONAL_REPRESENTATION('',(#1402),#1406);
#1402 = LINE('',#1403,#1404);
#1403 = CARTESIAN_POINT('',(-1.049149470814E-16,1.378961125339E-33));
#1404 = VECTOR('',#1405,1.);
#1405 = DIRECTION('',(3.943082936318E-17,-1.));
#1406 = ( GEOMETRIC_REPRESENTATION_CONTEXT(2) 
PARAMETRIC_REPRESENTATION_CONTEXT() REPRESENTATION_CONTEXT('2D SPACE',''
  ) );
#1407 = ORIENTED_EDGE('',*,*,#1408,.T.);
#1408 = EDGE_CURVE('',#1386,#1062,#1409,.T.);
#1409 = SURFACE_CURVE('',#1410,(#1415,#1423),.PCURVE_S1.);
#1410 = B_SPLINE_CURVE_WITH_KNOTS('',3,(#1411,#1412,#1413,#1414),
  .UNSPECIFIED.,.F.,.F.,(4,4),(2.38073769457E-07,2.315008838493E-03),
  .PIECEWISE_BEZIER_KNOTS.);
#1411 = CARTESIAN_POINT('',(5.687907293362,-1.072809546258E-13,
    4.575385413274));
#1412 = CARTESIAN_POINT('',(5.471842214104,0.648195237776,4.201149718257
    ));
#1413 = CARTESIAN_POINT('',(5.334,1.306122693481,3.821295124598));
#1414 = CARTESIAN_POINT('',(5.334,1.9812,3.431539059955));
#1415 = PCURVE('',#100,#1416);
#1416 = DEFINITIONAL_REPRESENTATION('',(#1417),#1422);
#1417 = B_SPLINE_CURVE_WITH_KNOTS('',3,(#1418,#1419,#1420,#1421),
  .UNSPECIFIED.,.F.,.F.,(4,4),(2.38073769457E-07,2.315008838493E-03),
  .PIECEWISE_BEZIER_KNOTS.);
#1418 = CARTESIAN_POINT('',(-4.575385413274,-2.033692706638));
#1419 = CARTESIAN_POINT('',(-3.82691402324,-2.249757785896));
#1420 = CARTESIAN_POINT('',(-3.067204835922,-2.3876));
#1421 = CARTESIAN_POINT('',(-2.287692706637,-2.3876));
#1422 = ( GEOMETRIC_REPRESENTATION_CONTEXT(2) 
PARAMETRIC_REPRESENTATION_CONTEXT() REPRESENTATION_CONTEXT('2D SPACE',''
  ) );
#1423 = PCURVE('',#1099,#1424);
#1424 = DEFINITIONAL_REPRESENTATION('',(#1425),#1451);
#1425 = B_SPLINE_CURVE_WITH_KNOTS('',3,(#1426,#1427,#1428,#1429,#1430,
    #1431,#1432,#1433,#1434,#1435,#1436,#1437,#1438,#1439,#1440,#1441,
    #1442,#1443,#1444,#1445,#1446,#1447,#1448,#1449,#1450),
  .UNSPECIFIED.,.F.,.F.,(4,1,1,1,1,1,1,1,1,1,1,1,1,1,1,1,1,1,1,1,1,1,4),
  (2.38073769457E-07,1.054549267115E-04,2.106717796535E-04,
    3.158886325955E-04,4.211054855374E-04,5.263223384794E-04,
    6.315391914214E-04,7.367560443634E-04,8.419728973054E-04,
    9.471897502474E-04,1.052406603189E-03,1.157623456131E-03,
    1.262840309073E-03,1.368057162015E-03,1.473274014957E-03,
    1.578490867899E-03,1.683707720841E-03,1.788924573783E-03,
    1.894141426725E-03,1.999358279667E-03,2.104575132609E-03,
    2.209791985551E-03,2.315008838493E-03),.QUASI_UNIFORM_KNOTS.);
#1426 = CARTESIAN_POINT('',(3.14159265359,0.353907293363));
#1427 = CARTESIAN_POINT('',(3.135153217932,0.344086198461));
#1428 = CARTESIAN_POINT('',(3.122121480472,0.32476105842));
#1429 = CARTESIAN_POINT('',(3.102114710639,0.296760518812));
#1430 = CARTESIAN_POINT('',(3.081647645708,0.269782976422));
#1431 = CARTESIAN_POINT('',(3.0607211361,0.243864938415));
#1432 = CARTESIAN_POINT('',(3.039337503332,0.219043247558));
#1433 = CARTESIAN_POINT('',(3.017500846514,0.195355048476));
#1434 = CARTESIAN_POINT('',(2.99521712419,0.172837654563));
#1435 = CARTESIAN_POINT('',(2.972494286983,0.15152842554));
#1436 = CARTESIAN_POINT('',(2.949342383159,0.131464626555));
#1437 = CARTESIAN_POINT('',(2.925773653614,0.11268327738));
#1438 = CARTESIAN_POINT('',(2.901802607326,9.522099060956E-02));
#1439 = CARTESIAN_POINT('',(2.877446075071,7.911380078502E-02));
#1440 = CARTESIAN_POINT('',(2.852723237536,6.439698607418E-02));
#1441 = CARTESIAN_POINT('',(2.827655624691,5.110488462106E-02));
#1442 = CARTESIAN_POINT('',(2.802267083536,3.927070822059E-02));
#1443 = CARTESIAN_POINT('',(2.776583712233,2.892635547116E-02));
#1444 = CARTESIAN_POINT('',(2.750633758223,2.010222991813E-02));
#1445 = CARTESIAN_POINT('',(2.724447483265,1.282705732368E-02));
#1446 = CARTESIAN_POINT('',(2.698056982583,7.127739469497E-03));
#1447 = CARTESIAN_POINT('',(2.671496009027,3.02912076602E-03));
#1448 = CARTESIAN_POINT('',(2.644799620378,5.541451521976E-04));
#1449 = CARTESIAN_POINT('',(2.626936101427,-1.940599972504E-07));
#1450 = CARTESIAN_POINT('',(2.617993877991,1.922962686384E-16));
#1451 = ( GEOMETRIC_REPRESENTATION_CONTEXT(2) 
PARAMETRIC_REPRESENTATION_CONTEXT() REPRESENTATION_CONTEXT('2D SPACE',''
  ) );
#1452 = ORIENTED_EDGE('',*,*,#1061,.F.);
#1453 = ORIENTED_EDGE('',*,*,#1285,.T.);
#1454 = ORIENTED_EDGE('',*,*,#84,.F.);
#1455 = ORIENTED_EDGE('',*,*,#390,.F.);
#1456 = ORIENTED_EDGE('',*,*,#472,.T.);
#1457 = ADVANCED_FACE('',(#1458),#691,.T.);
#1458 = FACE_BOUND('',#1459,.T.);
#1459 = EDGE_LOOP('',(#1460,#1461,#1462));
#1460 = ORIENTED_EDGE('',*,*,#955,.F.);
#1461 = ORIENTED_EDGE('',*,*,#670,.T.);
#1462 = ORIENTED_EDGE('',*,*,#1463,.F.);
#1463 = EDGE_CURVE('',#933,#645,#1464,.T.);
#1464 = SURFACE_CURVE('',#1465,(#1470,#1499),.PCURVE_S1.);
#1465 = B_SPLINE_CURVE_WITH_KNOTS('',3,(#1466,#1467,#1468,#1469),
  .UNSPECIFIED.,.F.,.F.,(4,4),(2.380737694595E-07,2.315008838493E-03),
  .PIECEWISE_BEZIER_KNOTS.);
#1466 = CARTESIAN_POINT('',(7.367692706638,1.109559824297E-13,
    -4.575385413274));
#1467 = CARTESIAN_POINT('',(7.583757785896,-0.648195237776,
    -4.201149718257));
#1468 = CARTESIAN_POINT('',(7.7216,-1.306122693481,-3.821295124598));
#1469 = CARTESIAN_POINT('',(7.7216,-1.9812,-3.431539059955));
#1470 = PCURVE('',#691,#1471);
#1471 = DEFINITIONAL_REPRESENTATION('',(#1472),#1498);
#1472 = B_SPLINE_CURVE_WITH_KNOTS('',3,(#1473,#1474,#1475,#1476,#1477,
    #1478,#1479,#1480,#1481,#1482,#1483,#1484,#1485,#1486,#1487,#1488,
    #1489,#1490,#1491,#1492,#1493,#1494,#1495,#1496,#1497),
  .UNSPECIFIED.,.F.,.F.,(4,1,1,1,1,1,1,1,1,1,1,1,1,1,1,1,1,1,1,1,1,1,4),
  (2.380737694595E-07,1.054549267115E-04,2.106717796535E-04,
    3.158886325955E-04,4.211054855375E-04,5.263223384795E-04,
    6.315391914214E-04,7.367560443634E-04,8.419728973054E-04,
    9.471897502474E-04,1.052406603189E-03,1.157623456131E-03,
    1.262840309073E-03,1.368057162015E-03,1.473274014957E-03,
    1.578490867899E-03,1.683707720841E-03,1.788924573783E-03,
    1.894141426725E-03,1.999358279667E-03,2.104575132609E-03,
    2.209791985551E-03,2.315008838493E-03),.QUASI_UNIFORM_KNOTS.);
#1473 = CARTESIAN_POINT('',(3.14159265359,0.353907293363));
#1474 = CARTESIAN_POINT('',(3.148032089247,0.344086198461));
#1475 = CARTESIAN_POINT('',(3.161063826708,0.32476105842));
#1476 = CARTESIAN_POINT('',(3.181070596541,0.296760518812));
#1477 = CARTESIAN_POINT('',(3.201537661472,0.269782976422));
#1478 = CARTESIAN_POINT('',(3.22246417108,0.243864938415));
#1479 = CARTESIAN_POINT('',(3.243847803848,0.219043247558));
#1480 = CARTESIAN_POINT('',(3.265684460665,0.195355048476));
#1481 = CARTESIAN_POINT('',(3.287968182989,0.172837654563));
#1482 = CARTESIAN_POINT('',(3.310691020197,0.15152842554));
#1483 = CARTESIAN_POINT('',(3.333842924021,0.131464626555));
#1484 = CARTESIAN_POINT('',(3.357411653565,0.11268327738));
#1485 = CARTESIAN_POINT('',(3.381382699853,9.522099060957E-02));
#1486 = CARTESIAN_POINT('',(3.405739232108,7.911380078502E-02));
#1487 = CARTESIAN_POINT('',(3.430462069644,6.439698607418E-02));
#1488 = CARTESIAN_POINT('',(3.455529682488,5.110488462106E-02));
#1489 = CARTESIAN_POINT('',(3.480918223644,3.92707082206E-02));
#1490 = CARTESIAN_POINT('',(3.506601594947,2.892635547116E-02));
#1491 = CARTESIAN_POINT('',(3.532551548957,2.010222991813E-02));
#1492 = CARTESIAN_POINT('',(3.558737823915,1.282705732368E-02));
#1493 = CARTESIAN_POINT('',(3.585128324596,7.127739469497E-03));
#1494 = CARTESIAN_POINT('',(3.611689298153,3.029120766021E-03));
#1495 = CARTESIAN_POINT('',(3.638385686802,5.541451521964E-04));
#1496 = CARTESIAN_POINT('',(3.656249205753,-1.940599983407E-07));
#1497 = CARTESIAN_POINT('',(3.665191429188,1.922962686384E-16));
#1498 = ( GEOMETRIC_REPRESENTATION_CONTEXT(2) 
PARAMETRIC_REPRESENTATION_CONTEXT() REPRESENTATION_CONTEXT('2D SPACE',''
  ) );
#1499 = PCURVE('',#659,#1500);
#1500 = DEFINITIONAL_REPRESENTATION('',(#1501),#1506);
#1501 = B_SPLINE_CURVE_WITH_KNOTS('',3,(#1502,#1503,#1504,#1505),
  .UNSPECIFIED.,.F.,.F.,(4,4),(2.380737694595E-07,2.315008838493E-03),
  .PIECEWISE_BEZIER_KNOTS.);
#1502 = CARTESIAN_POINT('',(-4.575385413274,-0.353907293362));
#1503 = CARTESIAN_POINT('',(-3.82691402324,-0.137842214104));
#1504 = CARTESIAN_POINT('',(-3.067204835922,0.));
#1505 = CARTESIAN_POINT('',(-2.287692706637,0.));
#1506 = ( GEOMETRIC_REPRESENTATION_CONTEXT(2) 
PARAMETRIC_REPRESENTATION_CONTEXT() REPRESENTATION_CONTEXT('2D SPACE',''
  ) );
#1507 = ADVANCED_FACE('',(#1508),#659,.F.);
#1508 = FACE_BOUND('',#1509,.F.);
#1509 = EDGE_LOOP('',(#1510,#1511,#1512,#1557,#1558,#1609,#1632,#1681));
#1510 = ORIENTED_EDGE('',*,*,#1463,.F.);
#1511 = ORIENTED_EDGE('',*,*,#932,.T.);
#1512 = ORIENTED_EDGE('',*,*,#1513,.T.);
#1513 = EDGE_CURVE('',#877,#1212,#1514,.T.);
#1514 = SURFACE_CURVE('',#1515,(#1520,#1528),.PCURVE_S1.);
#1515 = B_SPLINE_CURVE_WITH_KNOTS('',3,(#1516,#1517,#1518,#1519),
  .UNSPECIFIED.,.F.,.F.,(4,4),(2.380737694559E-07,2.315008838493E-03),
  .PIECEWISE_BEZIER_KNOTS.);
#1516 = CARTESIAN_POINT('',(5.687907293362,1.138623212166E-13,
    -4.575385413274));
#1517 = CARTESIAN_POINT('',(5.471842214104,-0.648195237776,
    -4.201149718257));
#1518 = CARTESIAN_POINT('',(5.334,-1.306122693481,-3.821295124598));
#1519 = CARTESIAN_POINT('',(5.334,-1.9812,-3.431539059955));
#1520 = PCURVE('',#659,#1521);
#1521 = DEFINITIONAL_REPRESENTATION('',(#1522),#1527);
#1522 = B_SPLINE_CURVE_WITH_KNOTS('',3,(#1523,#1524,#1525,#1526),
  .UNSPECIFIED.,.F.,.F.,(4,4),(2.380737694559E-07,2.315008838493E-03),
  .PIECEWISE_BEZIER_KNOTS.);
#1523 = CARTESIAN_POINT('',(-4.575385413274,-2.033692706638));
#1524 = CARTESIAN_POINT('',(-3.82691402324,-2.249757785896));
#1525 = CARTESIAN_POINT('',(-3.067204835922,-2.3876));
#1526 = CARTESIAN_POINT('',(-2.287692706637,-2.3876));
#1527 = ( GEOMETRIC_REPRESENTATION_CONTEXT(2) 
PARAMETRIC_REPRESENTATION_CONTEXT() REPRESENTATION_CONTEXT('2D SPACE',''
  ) );
#1528 = PCURVE('',#898,#1529);
#1529 = DEFINITIONAL_REPRESENTATION('',(#1530),#1556);
#1530 = B_SPLINE_CURVE_WITH_KNOTS('',3,(#1531,#1532,#1533,#1534,#1535,
    #1536,#1537,#1538,#1539,#1540,#1541,#1542,#1543,#1544,#1545,#1546,
    #1547,#1548,#1549,#1550,#1551,#1552,#1553,#1554,#1555),
  .UNSPECIFIED.,.F.,.F.,(4,1,1,1,1,1,1,1,1,1,1,1,1,1,1,1,1,1,1,1,1,1,4),
  (2.380737694559E-07,1.054549267115E-04,2.106717796535E-04,
    3.158886325955E-04,4.211054855374E-04,5.263223384794E-04,
    6.315391914214E-04,7.367560443634E-04,8.419728973054E-04,
    9.471897502474E-04,1.052406603189E-03,1.157623456131E-03,
    1.262840309073E-03,1.368057162015E-03,1.473274014957E-03,
    1.578490867899E-03,1.683707720841E-03,1.788924573783E-03,
    1.894141426725E-03,1.999358279667E-03,2.104575132609E-03,
    2.209791985551E-03,2.315008838493E-03),.QUASI_UNIFORM_KNOTS.);
#1531 = CARTESIAN_POINT('',(6.28318530718,0.353907293363));
#1532 = CARTESIAN_POINT('',(6.276745871522,0.344086198461));
#1533 = CARTESIAN_POINT('',(6.263714134062,0.32476105842));
#1534 = CARTESIAN_POINT('',(6.243707364228,0.296760518812));
#1535 = CARTESIAN_POINT('',(6.223240299298,0.269782976422));
#1536 = CARTESIAN_POINT('',(6.202313789689,0.243864938415));
#1537 = CARTESIAN_POINT('',(6.180930156922,0.219043247558));
#1538 = CARTESIAN_POINT('',(6.159093500104,0.195355048476));
#1539 = CARTESIAN_POINT('',(6.13680977778,0.172837654563));
#1540 = CARTESIAN_POINT('',(6.114086940573,0.15152842554));
#1541 = CARTESIAN_POINT('',(6.090935036748,0.131464626555));
#1542 = CARTESIAN_POINT('',(6.067366307204,0.11268327738));
#1543 = CARTESIAN_POINT('',(6.043395260916,9.522099060957E-02));
#1544 = CARTESIAN_POINT('',(6.019038728661,7.911380078502E-02));
#1545 = CARTESIAN_POINT('',(5.994315891125,6.439698607418E-02));
#1546 = CARTESIAN_POINT('',(5.969248278281,5.110488462106E-02));
#1547 = CARTESIAN_POINT('',(5.943859737126,3.92707082206E-02));
#1548 = CARTESIAN_POINT('',(5.918176365823,2.892635547116E-02));
#1549 = CARTESIAN_POINT('',(5.892226411812,2.010222991813E-02));
#1550 = CARTESIAN_POINT('',(5.866040136855,1.282705732368E-02));
#1551 = CARTESIAN_POINT('',(5.839649636173,7.127739469496E-03));
#1552 = CARTESIAN_POINT('',(5.813088662617,3.029120766019E-03));
#1553 = CARTESIAN_POINT('',(5.786392273968,5.541451521969E-04));
#1554 = CARTESIAN_POINT('',(5.768528755017,-1.940599975769E-07));
#1555 = CARTESIAN_POINT('',(5.759586531581,1.922962686384E-16));
#1556 = ( GEOMETRIC_REPRESENTATION_CONTEXT(2) 
PARAMETRIC_REPRESENTATION_CONTEXT() REPRESENTATION_CONTEXT('2D SPACE',''
  ) );
#1557 = ORIENTED_EDGE('',*,*,#1211,.F.);
#1558 = ORIENTED_EDGE('',*,*,#1559,.T.);
#1559 = EDGE_CURVE('',#1183,#1560,#1562,.T.);
#1560 = VERTEX_POINT('',#1561);
#1561 = CARTESIAN_POINT('',(5.687907293363,-3.9624,-2.287692706637));
#1562 = SURFACE_CURVE('',#1563,(#1570,#1580),.PCURVE_S1.);
#1563 = B_SPLINE_CURVE_WITH_KNOTS('',3,(#1564,#1565,#1566,#1567,#1568,
    #1569),.UNSPECIFIED.,.F.,.F.,(4,2,4),(2.315008838493E-03,
    3.468068993597E-03,4.621129148701E-03),.UNSPECIFIED.);
#1564 = CARTESIAN_POINT('',(5.334,-1.9812,-3.431539059955));
#1565 = CARTESIAN_POINT('',(5.334,-2.31747724854,-3.237389299989));
#1566 = CARTESIAN_POINT('',(5.367888705401,-2.653316823884,
    -3.043492230759));
#1567 = CARTESIAN_POINT('',(5.491183933113,-3.313125099024,
    -2.662551745494));
#1568 = CARTESIAN_POINT('',(5.580144351498,-3.639111174407,
    -2.474343597119));
#1569 = CARTESIAN_POINT('',(5.687907293363,-3.9624,-2.287692706637));
#1570 = PCURVE('',#659,#1571);
#1571 = DEFINITIONAL_REPRESENTATION('',(#1572),#1579);
#1572 = B_SPLINE_CURVE_WITH_KNOTS('',3,(#1573,#1574,#1575,#1576,#1577,
    #1578),.UNSPECIFIED.,.F.,.F.,(4,2,4),(2.315008838493E-03,
    3.468068993597E-03,4.621129148701E-03),.UNSPECIFIED.);
#1573 = CARTESIAN_POINT('',(-2.287692706637,-2.3876));
#1574 = CARTESIAN_POINT('',(-1.899393186703,-2.3876));
#1575 = CARTESIAN_POINT('',(-1.511599048244,-2.353711294599));
#1576 = CARTESIAN_POINT('',(-0.749718077713,-2.230416066887));
#1577 = CARTESIAN_POINT('',(-0.373301780965,-2.141455648502));
#1578 = CARTESIAN_POINT('',(7.194245199571E-14,-2.033692706637));
#1579 = ( GEOMETRIC_REPRESENTATION_CONTEXT(2) 
PARAMETRIC_REPRESENTATION_CONTEXT() REPRESENTATION_CONTEXT('2D SPACE',''
  ) );
#1580 = PCURVE('',#1199,#1581);
#1581 = DEFINITIONAL_REPRESENTATION('',(#1582),#1608);
#1582 = B_SPLINE_CURVE_WITH_KNOTS('',3,(#1583,#1584,#1585,#1586,#1587,
    #1588,#1589,#1590,#1591,#1592,#1593,#1594,#1595,#1596,#1597,#1598,
    #1599,#1600,#1601,#1602,#1603,#1604,#1605,#1606,#1607),
  .UNSPECIFIED.,.F.,.F.,(4,1,1,1,1,1,1,1,1,1,1,1,1,1,1,1,1,1,1,1,1,1,4),
  (2.315008838493E-03,2.419832488957E-03,2.524656139421E-03,
    2.629479789885E-03,2.734303440349E-03,2.839127090813E-03,
    2.943950741277E-03,3.048774391741E-03,3.153598042205E-03,
    3.258421692669E-03,3.363245343133E-03,3.468068993597E-03,
    3.572892644061E-03,3.677716294525E-03,3.782539944989E-03,
    3.887363595453E-03,3.992187245917E-03,4.097010896381E-03,
    4.201834546845E-03,4.306658197309E-03,4.411481847773E-03,
    4.516305498237E-03,4.621129148701E-03),.QUASI_UNIFORM_KNOTS.);
#1583 = CARTESIAN_POINT('',(5.759586531581,1.922962686384E-16));
#1584 = CARTESIAN_POINT('',(5.750677753316,-3.255497389681E-07));
#1585 = CARTESIAN_POINT('',(5.732862472405,5.488154699085E-04));
#1586 = CARTESIAN_POINT('',(5.706191086342,3.007860860431E-03));
#1587 = CARTESIAN_POINT('',(5.679616262273,7.089714326113E-03));
#1588 = CARTESIAN_POINT('',(5.653181913032,1.277654159454E-02));
#1589 = CARTESIAN_POINT('',(5.626930716769,2.004715828023E-02));
#1590 = CARTESIAN_POINT('',(5.600903668325,2.887668680228E-02));
#1591 = CARTESIAN_POINT('',(5.575139808355,3.923685981751E-02));
#1592 = CARTESIAN_POINT('',(5.549675791692,5.109624042959E-02));
#1593 = CARTESIAN_POINT('',(5.524546178936,6.442030294617E-02));
#1594 = CARTESIAN_POINT('',(5.49978127927,7.917229848707E-02));
#1595 = CARTESIAN_POINT('',(5.475414363521,9.531123224603E-02));
#1596 = CARTESIAN_POINT('',(5.451454148118,0.112800688071));
#1597 = CARTESIAN_POINT('',(5.427899694159,0.131608014041));
#1598 = CARTESIAN_POINT('',(5.404769364693,0.151693347798));
#1599 = CARTESIAN_POINT('',(5.382073460001,0.173018331177));
#1600 = CARTESIAN_POINT('',(5.359821650541,0.195543979231));
#1601 = CARTESIAN_POINT('',(5.338021109897,0.219231440837));
#1602 = CARTESIAN_POINT('',(5.316677154195,0.244041971046));
#1603 = CARTESIAN_POINT('',(5.295793238049,0.269937092161));
#1604 = CARTESIAN_POINT('',(5.275371079549,0.296878712256));
#1605 = CARTESIAN_POINT('',(5.255410954763,0.324829147937));
#1606 = CARTESIAN_POINT('',(5.242411124766,0.344110713132));
#1607 = CARTESIAN_POINT('',(5.235987755983,0.353907293363));
#1608 = ( GEOMETRIC_REPRESENTATION_CONTEXT(2) 
PARAMETRIC_REPRESENTATION_CONTEXT() REPRESENTATION_CONTEXT('2D SPACE',''
  ) );
#1609 = ORIENTED_EDGE('',*,*,#1610,.F.);
#1610 = EDGE_CURVE('',#1611,#1560,#1613,.T.);
#1611 = VERTEX_POINT('',#1612);
#1612 = CARTESIAN_POINT('',(7.367692706637,-3.9624,-2.287692706637));
#1613 = SURFACE_CURVE('',#1614,(#1618,#1625),.PCURVE_S1.);
#1614 = LINE('',#1615,#1616);
#1615 = CARTESIAN_POINT('',(7.7216,-3.9624,-2.287692706637));
#1616 = VECTOR('',#1617,1.);
#1617 = DIRECTION('',(-1.,4.55307998944E-17,0.));
#1618 = PCURVE('',#659,#1619);
#1619 = DEFINITIONAL_REPRESENTATION('',(#1620),#1624);
#1620 = LINE('',#1621,#1622);
#1621 = CARTESIAN_POINT('',(0.,0.));
#1622 = VECTOR('',#1623,1.);
#1623 = DIRECTION('',(-3.943082936318E-17,-1.));
#1624 = ( GEOMETRIC_REPRESENTATION_CONTEXT(2) 
PARAMETRIC_REPRESENTATION_CONTEXT() REPRESENTATION_CONTEXT('2D SPACE',''
  ) );
#1625 = PCURVE('',#600,#1626);
#1626 = DEFINITIONAL_REPRESENTATION('',(#1627),#1631);
#1627 = LINE('',#1628,#1629);
#1628 = CARTESIAN_POINT('',(0.,-4.575385413274));
#1629 = VECTOR('',#1630,1.);
#1630 = DIRECTION('',(1.,0.));
#1631 = ( GEOMETRIC_REPRESENTATION_CONTEXT(2) 
PARAMETRIC_REPRESENTATION_CONTEXT() REPRESENTATION_CONTEXT('2D SPACE',''
  ) );
#1632 = ORIENTED_EDGE('',*,*,#1633,.F.);
#1633 = EDGE_CURVE('',#612,#1611,#1634,.T.);
#1634 = SURFACE_CURVE('',#1635,(#1642,#1652),.PCURVE_S1.);
#1635 = B_SPLINE_CURVE_WITH_KNOTS('',3,(#1636,#1637,#1638,#1639,#1640,
    #1641),.UNSPECIFIED.,.F.,.F.,(4,2,4),(2.315008838493E-03,
    3.468068993597E-03,4.621129148701E-03),.UNSPECIFIED.);
#1636 = CARTESIAN_POINT('',(7.7216,-1.9812,-3.431539059955));
#1637 = CARTESIAN_POINT('',(7.7216,-2.31747724854,-3.237389299989));
#1638 = CARTESIAN_POINT('',(7.687711294599,-2.653316823884,
    -3.043492230759));
#1639 = CARTESIAN_POINT('',(7.564416066887,-3.313125099024,
    -2.662551745494));
#1640 = CARTESIAN_POINT('',(7.475455648502,-3.639111174407,
    -2.474343597119));
#1641 = CARTESIAN_POINT('',(7.367692706637,-3.9624,-2.287692706637));
#1642 = PCURVE('',#659,#1643);
#1643 = DEFINITIONAL_REPRESENTATION('',(#1644),#1651);
#1644 = B_SPLINE_CURVE_WITH_KNOTS('',3,(#1645,#1646,#1647,#1648,#1649,
    #1650),.UNSPECIFIED.,.F.,.F.,(4,2,4),(2.315008838493E-03,
    3.468068993597E-03,4.621129148701E-03),.UNSPECIFIED.);
#1645 = CARTESIAN_POINT('',(-2.287692706637,0.));
#1646 = CARTESIAN_POINT('',(-1.899393186703,0.));
#1647 = CARTESIAN_POINT('',(-1.511599048244,-3.388870540128E-02));
#1648 = CARTESIAN_POINT('',(-0.749718077713,-0.157183933113));
#1649 = CARTESIAN_POINT('',(-0.373301780965,-0.246144351498));
#1650 = CARTESIAN_POINT('',(7.194245199571E-14,-0.353907293363));
#1651 = ( GEOMETRIC_REPRESENTATION_CONTEXT(2) 
PARAMETRIC_REPRESENTATION_CONTEXT() REPRESENTATION_CONTEXT('2D SPACE',''
  ) );
#1652 = PCURVE('',#632,#1653);
#1653 = DEFINITIONAL_REPRESENTATION('',(#1654),#1680);
#1654 = B_SPLINE_CURVE_WITH_KNOTS('',3,(#1655,#1656,#1657,#1658,#1659,
    #1660,#1661,#1662,#1663,#1664,#1665,#1666,#1667,#1668,#1669,#1670,
    #1671,#1672,#1673,#1674,#1675,#1676,#1677,#1678,#1679),
  .UNSPECIFIED.,.F.,.F.,(4,1,1,1,1,1,1,1,1,1,1,1,1,1,1,1,1,1,1,1,1,1,4),
  (2.315008838493E-03,2.419832488957E-03,2.524656139421E-03,
    2.629479789885E-03,2.734303440349E-03,2.839127090813E-03,
    2.943950741277E-03,3.048774391741E-03,3.153598042205E-03,
    3.258421692669E-03,3.363245343133E-03,3.468068993597E-03,
    3.572892644061E-03,3.677716294525E-03,3.782539944989E-03,
    3.887363595453E-03,3.992187245917E-03,4.097010896381E-03,
    4.201834546845E-03,4.306658197309E-03,4.411481847773E-03,
    4.516305498237E-03,4.621129148701E-03),.QUASI_UNIFORM_KNOTS.);
#1655 = CARTESIAN_POINT('',(3.665191429188,1.922962686384E-16));
#1656 = CARTESIAN_POINT('',(3.674100207453,-3.255497392148E-07));
#1657 = CARTESIAN_POINT('',(3.691915488364,5.488154699082E-04));
#1658 = CARTESIAN_POINT('',(3.718586874427,3.007860860431E-03));
#1659 = CARTESIAN_POINT('',(3.745161698497,7.089714326113E-03));
#1660 = CARTESIAN_POINT('',(3.771596047737,1.277654159454E-02));
#1661 = CARTESIAN_POINT('',(3.797847244,2.004715828023E-02));
#1662 = CARTESIAN_POINT('',(3.823874292444,2.887668680228E-02));
#1663 = CARTESIAN_POINT('',(3.849638152415,3.923685981751E-02));
#1664 = CARTESIAN_POINT('',(3.875102169078,5.109624042959E-02));
#1665 = CARTESIAN_POINT('',(3.900231781833,6.442030294617E-02));
#1666 = CARTESIAN_POINT('',(3.9249966815,7.917229848707E-02));
#1667 = CARTESIAN_POINT('',(3.949363597248,9.531123224603E-02));
#1668 = CARTESIAN_POINT('',(3.973323812651,0.112800688071));
#1669 = CARTESIAN_POINT('',(3.99687826661,0.131608014041));
#1670 = CARTESIAN_POINT('',(4.020008596076,0.151693347798));
#1671 = CARTESIAN_POINT('',(4.042704500768,0.173018331177));
#1672 = CARTESIAN_POINT('',(4.064956310228,0.195543979231));
#1673 = CARTESIAN_POINT('',(4.086756850872,0.219231440837));
#1674 = CARTESIAN_POINT('',(4.108100806574,0.244041971046));
#1675 = CARTESIAN_POINT('',(4.12898472272,0.269937092161));
#1676 = CARTESIAN_POINT('',(4.14940688122,0.296878712256));
#1677 = CARTESIAN_POINT('',(4.169367006007,0.324829147937));
#1678 = CARTESIAN_POINT('',(4.182366836003,0.344110713132));
#1679 = CARTESIAN_POINT('',(4.188790204786,0.353907293363));
#1680 = ( GEOMETRIC_REPRESENTATION_CONTEXT(2) 
PARAMETRIC_REPRESENTATION_CONTEXT() REPRESENTATION_CONTEXT('2D SPACE',''
  ) );
#1681 = ORIENTED_EDGE('',*,*,#644,.T.);
#1682 = ADVANCED_FACE('',(#1683),#514,.T.);
#1683 = FACE_BOUND('',#1684,.T.);
#1684 = EDGE_LOOP('',(#1685,#1686,#1687));
#1685 = ORIENTED_EDGE('',*,*,#493,.T.);
#1686 = ORIENTED_EDGE('',*,*,#1338,.F.);
#1687 = ORIENTED_EDGE('',*,*,#1688,.F.);
#1688 = EDGE_CURVE('',#494,#1339,#1689,.T.);
#1689 = SURFACE_CURVE('',#1690,(#1697,#1726),.PCURVE_S1.);
#1690 = B_SPLINE_CURVE_WITH_KNOTS('',3,(#1691,#1692,#1693,#1694,#1695,
    #1696),.UNSPECIFIED.,.F.,.F.,(4,2,4),(2.315008838493E-03,
    3.468068993597E-03,4.621129148701E-03),.UNSPECIFIED.);
#1691 = CARTESIAN_POINT('',(7.7216,-1.9812,3.431539059955));
#1692 = CARTESIAN_POINT('',(7.7216,-1.64492275146,3.625688819922));
#1693 = CARTESIAN_POINT('',(7.687711294599,-1.309083176116,
    3.819585889152));
#1694 = CARTESIAN_POINT('',(7.564416066887,-0.649274900976,
    4.200526374417));
#1695 = CARTESIAN_POINT('',(7.475455648502,-0.323288825593,
    4.388734522792));
#1696 = CARTESIAN_POINT('',(7.367692706637,6.522470466806E-14,
    4.575385413274));
#1697 = PCURVE('',#514,#1698);
#1698 = DEFINITIONAL_REPRESENTATION('',(#1699),#1725);
#1699 = B_SPLINE_CURVE_WITH_KNOTS('',3,(#1700,#1701,#1702,#1703,#1704,
    #1705,#1706,#1707,#1708,#1709,#1710,#1711,#1712,#1713,#1714,#1715,
    #1716,#1717,#1718,#1719,#1720,#1721,#1722,#1723,#1724),
  .UNSPECIFIED.,.F.,.F.,(4,1,1,1,1,1,1,1,1,1,1,1,1,1,1,1,1,1,1,1,1,1,4),
  (2.315008838493E-03,2.419832488957E-03,2.524656139421E-03,
    2.629479789885E-03,2.734303440349E-03,2.839127090813E-03,
    2.943950741277E-03,3.048774391741E-03,3.153598042205E-03,
    3.258421692669E-03,3.363245343133E-03,3.468068993597E-03,
    3.572892644061E-03,3.677716294525E-03,3.782539944989E-03,
    3.887363595453E-03,3.992187245917E-03,4.097010896381E-03,
    4.201834546845E-03,4.306658197309E-03,4.411481847773E-03,
    4.516305498237E-03,4.621129148701E-03),.QUASI_UNIFORM_KNOTS.);
#1700 = CARTESIAN_POINT('',(5.759586531581,-6.510460631867E-15));
#1701 = CARTESIAN_POINT('',(5.768495309846,-3.255497450369E-07));
#1702 = CARTESIAN_POINT('',(5.786310590757,5.488154699033E-04));
#1703 = CARTESIAN_POINT('',(5.812981976821,3.007860860426E-03));
#1704 = CARTESIAN_POINT('',(5.83955680089,7.08971432611E-03));
#1705 = CARTESIAN_POINT('',(5.86599115013,1.277654159454E-02));
#1706 = CARTESIAN_POINT('',(5.892242346393,2.004715828023E-02));
#1707 = CARTESIAN_POINT('',(5.918269394837,2.887668680228E-02));
#1708 = CARTESIAN_POINT('',(5.944033254808,3.923685981751E-02));
#1709 = CARTESIAN_POINT('',(5.969497271471,5.109624042959E-02));
#1710 = CARTESIAN_POINT('',(5.994626884227,6.442030294617E-02));
#1711 = CARTESIAN_POINT('',(6.019391783893,7.917229848707E-02));
#1712 = CARTESIAN_POINT('',(6.043758699641,9.531123224603E-02));
#1713 = CARTESIAN_POINT('',(6.067718915045,0.112800688071));
#1714 = CARTESIAN_POINT('',(6.091273369003,0.131608014041));
#1715 = CARTESIAN_POINT('',(6.11440369847,0.151693347798));
#1716 = CARTESIAN_POINT('',(6.137099603161,0.173018331177));
#1717 = CARTESIAN_POINT('',(6.159351412621,0.195543979231));
#1718 = CARTESIAN_POINT('',(6.181151953266,0.219231440837));
#1719 = CARTESIAN_POINT('',(6.202495908967,0.244041971046));
#1720 = CARTESIAN_POINT('',(6.223379825113,0.269937092161));
#1721 = CARTESIAN_POINT('',(6.243801983614,0.296878712256));
#1722 = CARTESIAN_POINT('',(6.2637621084,0.324829147937));
#1723 = CARTESIAN_POINT('',(6.276761938397,0.344110713132));
#1724 = CARTESIAN_POINT('',(6.28318530718,0.353907293363));
#1725 = ( GEOMETRIC_REPRESENTATION_CONTEXT(2) 
PARAMETRIC_REPRESENTATION_CONTEXT() REPRESENTATION_CONTEXT('2D SPACE',''
  ) );
#1726 = PCURVE('',#541,#1727);
#1727 = DEFINITIONAL_REPRESENTATION('',(#1728),#1735);
#1728 = B_SPLINE_CURVE_WITH_KNOTS('',3,(#1729,#1730,#1731,#1732,#1733,
    #1734),.UNSPECIFIED.,.F.,.F.,(4,2,4),(2.315008838493E-03,
    3.468068993597E-03,4.621129148701E-03),.UNSPECIFIED.);
#1729 = CARTESIAN_POINT('',(-2.287692706637,1.06581410364E-14));
#1730 = CARTESIAN_POINT('',(-1.899393186703,1.06581410364E-14));
#1731 = CARTESIAN_POINT('',(-1.511599048244,-3.388870540128E-02));
#1732 = CARTESIAN_POINT('',(-0.749718077713,-0.157183933113));
#1733 = CARTESIAN_POINT('',(-0.373301780965,-0.246144351498));
#1734 = CARTESIAN_POINT('',(7.327471962526E-14,-0.353907293363));
#1735 = ( GEOMETRIC_REPRESENTATION_CONTEXT(2) 
PARAMETRIC_REPRESENTATION_CONTEXT() REPRESENTATION_CONTEXT('2D SPACE',''
  ) );
#1736 = ADVANCED_FACE('',(#1737),#632,.T.);
#1737 = FACE_BOUND('',#1738,.T.);
#1738 = EDGE_LOOP('',(#1739,#1740,#1741));
#1739 = ORIENTED_EDGE('',*,*,#1633,.F.);
#1740 = ORIENTED_EDGE('',*,*,#611,.T.);
#1741 = ORIENTED_EDGE('',*,*,#1742,.F.);
#1742 = EDGE_CURVE('',#1611,#586,#1743,.T.);
#1743 = SURFACE_CURVE('',#1744,(#1751,#1780),.PCURVE_S1.);
#1744 = B_SPLINE_CURVE_WITH_KNOTS('',3,(#1745,#1746,#1747,#1748,#1749,
    #1750),.UNSPECIFIED.,.F.,.F.,(4,2,4),(4.08154599481E-03,
    5.238711350823E-03,6.395876706837E-03),.UNSPECIFIED.);
#1745 = CARTESIAN_POINT('',(7.367692706637,-3.9624,-2.287692706637));
#1746 = CARTESIAN_POINT('',(7.475101417031,-3.9624,-1.915618019482));
#1747 = CARTESIAN_POINT('',(7.565188878658,-3.9624,-1.53454054793));
#1748 = CARTESIAN_POINT('',(7.688370966328,-3.9624,-0.770660302168));
#1749 = CARTESIAN_POINT('',(7.7216,-3.9624,-0.386582441654));
#1750 = CARTESIAN_POINT('',(7.7216,-3.9624,-4.773495708203E-16));
#1751 = PCURVE('',#632,#1752);
#1752 = DEFINITIONAL_REPRESENTATION('',(#1753),#1779);
#1753 = B_SPLINE_CURVE_WITH_KNOTS('',3,(#1754,#1755,#1756,#1757,#1758,
    #1759,#1760,#1761,#1762,#1763,#1764,#1765,#1766,#1767,#1768,#1769,
    #1770,#1771,#1772,#1773,#1774,#1775,#1776,#1777,#1778),
  .UNSPECIFIED.,.F.,.F.,(4,1,1,1,1,1,1,1,1,1,1,1,1,1,1,1,1,1,1,1,1,1,4),
  (4.08154599481E-03,4.186742845357E-03,4.291939695904E-03,
    4.39713654645E-03,4.502333396997E-03,4.607530247544E-03,
    4.71272709809E-03,4.817923948637E-03,4.923120799184E-03,
    5.02831764973E-03,5.133514500277E-03,5.238711350823E-03,
    5.34390820137E-03,5.449105051917E-03,5.554301902463E-03,
    5.65949875301E-03,5.764695603557E-03,5.869892454103E-03,
    5.97508930465E-03,6.080286155197E-03,6.185483005743E-03,
    6.29067985629E-03,6.395876706837E-03),.QUASI_UNIFORM_KNOTS.);
#1754 = CARTESIAN_POINT('',(4.188790204786,0.353907293363));
#1755 = CARTESIAN_POINT('',(4.195192397971,0.344142839784));
#1756 = CARTESIAN_POINT('',(4.2081675903,0.324897011988));
#1757 = CARTESIAN_POINT('',(4.228138274182,0.296931605738));
#1758 = CARTESIAN_POINT('',(4.248613175647,0.269923793447));
#1759 = CARTESIAN_POINT('',(4.269585660474,0.243927269571));
#1760 = CARTESIAN_POINT('',(4.291046951189,0.21899511234));
#1761 = CARTESIAN_POINT('',(4.312985725828,0.195179526104));
#1762 = CARTESIAN_POINT('',(4.335388039199,0.172531634926));
#1763 = CARTESIAN_POINT('',(4.358237276197,0.151101186713));
#1764 = CARTESIAN_POINT('',(4.38151379195,0.130936485011));
#1765 = CARTESIAN_POINT('',(4.405195940482,0.112083435116));
#1766 = CARTESIAN_POINT('',(4.429256059918,9.458785871622E-02));
#1767 = CARTESIAN_POINT('',(4.45367546809,7.848559505878E-02));
#1768 = CARTESIAN_POINT('',(4.478442492598,6.38008229382E-02));
#1769 = CARTESIAN_POINT('',(4.503531380094,5.056411435692E-02));
#1770 = CARTESIAN_POINT('',(4.528917313652,3.880262301459E-02));
#1771 = CARTESIAN_POINT('',(4.554572499628,2.854248505674E-02));
#1772 = CARTESIAN_POINT('',(4.580467371576,1.980795689609E-02));
#1773 = CARTESIAN_POINT('',(4.606570465277,1.262143191093E-02));
#1774 = CARTESIAN_POINT('',(4.632848699416,7.003263501876E-03));
#1775 = CARTESIAN_POINT('',(4.659267561884,2.971562227042E-03));
#1776 = CARTESIAN_POINT('',(4.685791453044,5.423873855667E-04));
#1777 = CARTESIAN_POINT('',(4.70351959113,-2.034134826397E-07));
#1778 = CARTESIAN_POINT('',(4.712388980385,0.));
#1779 = ( GEOMETRIC_REPRESENTATION_CONTEXT(2) 
PARAMETRIC_REPRESENTATION_CONTEXT() REPRESENTATION_CONTEXT('2D SPACE',''
  ) );
#1780 = PCURVE('',#600,#1781);
#1781 = DEFINITIONAL_REPRESENTATION('',(#1782),#1789);
#1782 = B_SPLINE_CURVE_WITH_KNOTS('',3,(#1783,#1784,#1785,#1786,#1787,
    #1788),.UNSPECIFIED.,.F.,.F.,(4,2,4),(4.08154599481E-03,
    5.238711350823E-03,6.395876706837E-03),.UNSPECIFIED.);
#1783 = CARTESIAN_POINT('',(0.353907293363,-4.575385413274));
#1784 = CARTESIAN_POINT('',(0.246498582969,-4.203310726119));
#1785 = CARTESIAN_POINT('',(0.156411121342,-3.822233254567));
#1786 = CARTESIAN_POINT('',(3.322903367175E-02,-3.058353008805));
#1787 = CARTESIAN_POINT('',(0.,-2.674275148291));
#1788 = CARTESIAN_POINT('',(0.,-2.287692706637));
#1789 = ( GEOMETRIC_REPRESENTATION_CONTEXT(2) 
PARAMETRIC_REPRESENTATION_CONTEXT() REPRESENTATION_CONTEXT('2D SPACE',''
  ) );
#1790 = ADVANCED_FACE('',(#1791),#541,.F.);
#1791 = FACE_BOUND('',#1792,.F.);
#1792 = EDGE_LOOP('',(#1793,#1840,#1863,#1908,#1909,#1958,#1959,#1960));
#1793 = ORIENTED_EDGE('',*,*,#1794,.F.);
#1794 = EDGE_CURVE('',#1795,#527,#1797,.T.);
#1795 = VERTEX_POINT('',#1796);
#1796 = CARTESIAN_POINT('',(7.367692706637,-3.9624,2.287692706637));
#1797 = SURFACE_CURVE('',#1798,(#1803,#1811),.PCURVE_S1.);
#1798 = B_SPLINE_CURVE_WITH_KNOTS('',3,(#1799,#1800,#1801,#1802),
  .UNSPECIFIED.,.F.,.F.,(4,4),(2.380737694573E-07,2.315008838493E-03),
  .PIECEWISE_BEZIER_KNOTS.);
#1799 = CARTESIAN_POINT('',(7.367692706638,-3.9624,2.287692706637));
#1800 = CARTESIAN_POINT('',(7.583757785896,-3.314204762224,
    2.661928401654));
#1801 = CARTESIAN_POINT('',(7.7216,-2.656277306519,3.041782995313));
#1802 = CARTESIAN_POINT('',(7.7216,-1.9812,3.431539059955));
#1803 = PCURVE('',#541,#1804);
#1804 = DEFINITIONAL_REPRESENTATION('',(#1805),#1810);
#1805 = B_SPLINE_CURVE_WITH_KNOTS('',3,(#1806,#1807,#1808,#1809),
  .UNSPECIFIED.,.F.,.F.,(4,4),(2.380737694573E-07,2.315008838493E-03),
  .PIECEWISE_BEZIER_KNOTS.);
#1806 = CARTESIAN_POINT('',(-4.575385413274,-0.353907293362));
#1807 = CARTESIAN_POINT('',(-3.82691402324,-0.137842214104));
#1808 = CARTESIAN_POINT('',(-3.067204835922,1.06581410364E-14));
#1809 = CARTESIAN_POINT('',(-2.287692706637,1.06581410364E-14));
#1810 = ( GEOMETRIC_REPRESENTATION_CONTEXT(2) 
PARAMETRIC_REPRESENTATION_CONTEXT() REPRESENTATION_CONTEXT('2D SPACE',''
  ) );
#1811 = PCURVE('',#573,#1812);
#1812 = DEFINITIONAL_REPRESENTATION('',(#1813),#1839);
#1813 = B_SPLINE_CURVE_WITH_KNOTS('',3,(#1814,#1815,#1816,#1817,#1818,
    #1819,#1820,#1821,#1822,#1823,#1824,#1825,#1826,#1827,#1828,#1829,
    #1830,#1831,#1832,#1833,#1834,#1835,#1836,#1837,#1838),
  .UNSPECIFIED.,.F.,.F.,(4,1,1,1,1,1,1,1,1,1,1,1,1,1,1,1,1,1,1,1,1,1,4),
  (2.380737694573E-07,1.054549267115E-04,2.106717796535E-04,
    3.158886325955E-04,4.211054855375E-04,5.263223384794E-04,
    6.315391914214E-04,7.367560443634E-04,8.419728973054E-04,
    9.471897502474E-04,1.052406603189E-03,1.157623456131E-03,
    1.262840309073E-03,1.368057162015E-03,1.473274014957E-03,
    1.578490867899E-03,1.683707720841E-03,1.788924573783E-03,
    1.894141426725E-03,1.999358279667E-03,2.104575132609E-03,
    2.209791985551E-03,2.315008838493E-03),.QUASI_UNIFORM_KNOTS.);
#1814 = CARTESIAN_POINT('',(5.235987755983,0.353907293363));
#1815 = CARTESIAN_POINT('',(5.24242719164,0.344086198461));
#1816 = CARTESIAN_POINT('',(5.255458929101,0.32476105842));
#1817 = CARTESIAN_POINT('',(5.275465698934,0.296760518812));
#1818 = CARTESIAN_POINT('',(5.295932763865,0.269782976422));
#1819 = CARTESIAN_POINT('',(5.316859273473,0.243864938415));
#1820 = CARTESIAN_POINT('',(5.338242906241,0.219043247558));
#1821 = CARTESIAN_POINT('',(5.360079563058,0.195355048476));
#1822 = CARTESIAN_POINT('',(5.382363285382,0.172837654563));
#1823 = CARTESIAN_POINT('',(5.40508612259,0.15152842554));
#1824 = CARTESIAN_POINT('',(5.428238026414,0.131464626555));
#1825 = CARTESIAN_POINT('',(5.451806755958,0.11268327738));
#1826 = CARTESIAN_POINT('',(5.475777802246,9.522099060956E-02));
#1827 = CARTESIAN_POINT('',(5.500134334501,7.911380078502E-02));
#1828 = CARTESIAN_POINT('',(5.524857172037,6.439698607418E-02));
#1829 = CARTESIAN_POINT('',(5.549924784882,5.110488462105E-02));
#1830 = CARTESIAN_POINT('',(5.575313326037,3.927070822059E-02));
#1831 = CARTESIAN_POINT('',(5.60099669734,2.892635547116E-02));
#1832 = CARTESIAN_POINT('',(5.62694665135,2.010222991812E-02));
#1833 = CARTESIAN_POINT('',(5.653132926308,1.282705732368E-02));
#1834 = CARTESIAN_POINT('',(5.679523426989,7.127739469491E-03));
#1835 = CARTESIAN_POINT('',(5.706084400546,3.029120766014E-03));
#1836 = CARTESIAN_POINT('',(5.732780789195,5.541451521908E-04));
#1837 = CARTESIAN_POINT('',(5.750644308146,-1.94060004034E-07));
#1838 = CARTESIAN_POINT('',(5.759586531581,-6.510460631867E-15));
#1839 = ( GEOMETRIC_REPRESENTATION_CONTEXT(2) 
PARAMETRIC_REPRESENTATION_CONTEXT() REPRESENTATION_CONTEXT('2D SPACE',''
  ) );
#1840 = ORIENTED_EDGE('',*,*,#1841,.T.);
#1841 = EDGE_CURVE('',#1795,#1842,#1844,.T.);
#1842 = VERTEX_POINT('',#1843);
#1843 = CARTESIAN_POINT('',(5.687907293363,-3.9624,2.287692706637));
#1844 = SURFACE_CURVE('',#1845,(#1849,#1856),.PCURVE_S1.);
#1845 = LINE('',#1846,#1847);
#1846 = CARTESIAN_POINT('',(7.7216,-3.9624,2.287692706637));
#1847 = VECTOR('',#1848,1.);
#1848 = DIRECTION('',(-1.,4.55307998944E-17,0.));
#1849 = PCURVE('',#541,#1850);
#1850 = DEFINITIONAL_REPRESENTATION('',(#1851),#1855);
#1851 = LINE('',#1852,#1853);
#1852 = CARTESIAN_POINT('',(-4.575385413274,-1.848892746612E-32));
#1853 = VECTOR('',#1854,1.);
#1854 = DIRECTION('',(3.943082936318E-17,-1.));
#1855 = ( GEOMETRIC_REPRESENTATION_CONTEXT(2) 
PARAMETRIC_REPRESENTATION_CONTEXT() REPRESENTATION_CONTEXT('2D SPACE',''
  ) );
#1856 = PCURVE('',#600,#1857);
#1857 = DEFINITIONAL_REPRESENTATION('',(#1858),#1862);
#1858 = LINE('',#1859,#1860);
#1859 = CARTESIAN_POINT('',(0.,0.));
#1860 = VECTOR('',#1861,1.);
#1861 = DIRECTION('',(1.,0.));
#1862 = ( GEOMETRIC_REPRESENTATION_CONTEXT(2) 
PARAMETRIC_REPRESENTATION_CONTEXT() REPRESENTATION_CONTEXT('2D SPACE',''
  ) );
#1863 = ORIENTED_EDGE('',*,*,#1864,.T.);
#1864 = EDGE_CURVE('',#1842,#1112,#1865,.T.);
#1865 = SURFACE_CURVE('',#1866,(#1871,#1879),.PCURVE_S1.);
#1866 = B_SPLINE_CURVE_WITH_KNOTS('',3,(#1867,#1868,#1869,#1870),
  .UNSPECIFIED.,.F.,.F.,(4,4),(2.38073769458E-07,2.315008838493E-03),
  .PIECEWISE_BEZIER_KNOTS.);
#1867 = CARTESIAN_POINT('',(5.687907293362,-3.9624,2.287692706637));
#1868 = CARTESIAN_POINT('',(5.471842214104,-3.314204762224,
    2.661928401654));
#1869 = CARTESIAN_POINT('',(5.334,-2.656277306519,3.041782995313));
#1870 = CARTESIAN_POINT('',(5.334,-1.9812,3.431539059955));
#1871 = PCURVE('',#541,#1872);
#1872 = DEFINITIONAL_REPRESENTATION('',(#1873),#1878);
#1873 = B_SPLINE_CURVE_WITH_KNOTS('',3,(#1874,#1875,#1876,#1877),
  .UNSPECIFIED.,.F.,.F.,(4,4),(2.38073769458E-07,2.315008838493E-03),
  .PIECEWISE_BEZIER_KNOTS.);
#1874 = CARTESIAN_POINT('',(-4.575385413274,-2.033692706638));
#1875 = CARTESIAN_POINT('',(-3.82691402324,-2.249757785896));
#1876 = CARTESIAN_POINT('',(-3.067204835922,-2.3876));
#1877 = CARTESIAN_POINT('',(-2.287692706637,-2.3876));
#1878 = ( GEOMETRIC_REPRESENTATION_CONTEXT(2) 
PARAMETRIC_REPRESENTATION_CONTEXT() REPRESENTATION_CONTEXT('2D SPACE',''
  ) );
#1879 = PCURVE('',#1149,#1880);
#1880 = DEFINITIONAL_REPRESENTATION('',(#1881),#1907);
#1881 = B_SPLINE_CURVE_WITH_KNOTS('',3,(#1882,#1883,#1884,#1885,#1886,
    #1887,#1888,#1889,#1890,#1891,#1892,#1893,#1894,#1895,#1896,#1897,
    #1898,#1899,#1900,#1901,#1902,#1903,#1904,#1905,#1906),
  .UNSPECIFIED.,.F.,.F.,(4,1,1,1,1,1,1,1,1,1,1,1,1,1,1,1,1,1,1,1,1,1,4),
  (2.38073769458E-07,1.054549267115E-04,2.106717796535E-04,
    3.158886325955E-04,4.211054855375E-04,5.263223384794E-04,
    6.315391914214E-04,7.367560443634E-04,8.419728973054E-04,
    9.471897502474E-04,1.052406603189E-03,1.157623456131E-03,
    1.262840309073E-03,1.368057162015E-03,1.473274014957E-03,
    1.578490867899E-03,1.683707720841E-03,1.788924573783E-03,
    1.894141426725E-03,1.999358279667E-03,2.104575132609E-03,
    2.209791985551E-03,2.315008838493E-03),.QUASI_UNIFORM_KNOTS.);
#1882 = CARTESIAN_POINT('',(4.188790204786,0.353907293363));
#1883 = CARTESIAN_POINT('',(4.182350769129,0.344086198461));
#1884 = CARTESIAN_POINT('',(4.169319031668,0.32476105842));
#1885 = CARTESIAN_POINT('',(4.149312261835,0.296760518812));
#1886 = CARTESIAN_POINT('',(4.128845196904,0.269782976422));
#1887 = CARTESIAN_POINT('',(4.107918687296,0.243864938415));
#1888 = CARTESIAN_POINT('',(4.086535054528,0.219043247558));
#1889 = CARTESIAN_POINT('',(4.064698397711,0.195355048476));
#1890 = CARTESIAN_POINT('',(4.042414675387,0.172837654563));
#1891 = CARTESIAN_POINT('',(4.01969183818,0.15152842554));
#1892 = CARTESIAN_POINT('',(3.996539934355,0.131464626555));
#1893 = CARTESIAN_POINT('',(3.972971204811,0.11268327738));
#1894 = CARTESIAN_POINT('',(3.949000158523,9.522099060956E-02));
#1895 = CARTESIAN_POINT('',(3.924643626268,7.911380078502E-02));
#1896 = CARTESIAN_POINT('',(3.899920788732,6.439698607418E-02));
#1897 = CARTESIAN_POINT('',(3.874853175888,5.110488462105E-02));
#1898 = CARTESIAN_POINT('',(3.849464634733,3.927070822059E-02));
#1899 = CARTESIAN_POINT('',(3.82378126343,2.892635547116E-02));
#1900 = CARTESIAN_POINT('',(3.797831309419,2.010222991812E-02));
#1901 = CARTESIAN_POINT('',(3.771645034462,1.282705732368E-02));
#1902 = CARTESIAN_POINT('',(3.74525453378,7.127739469492E-03));
#1903 = CARTESIAN_POINT('',(3.718693560223,3.029120766014E-03));
#1904 = CARTESIAN_POINT('',(3.691997171575,5.541451521918E-04));
#1905 = CARTESIAN_POINT('',(3.674133652623,-1.940600031698E-07));
#1906 = CARTESIAN_POINT('',(3.665191429188,-6.096119758304E-15));
#1907 = ( GEOMETRIC_REPRESENTATION_CONTEXT(2) 
PARAMETRIC_REPRESENTATION_CONTEXT() REPRESENTATION_CONTEXT('2D SPACE',''
  ) );
#1908 = ORIENTED_EDGE('',*,*,#1111,.F.);
#1909 = ORIENTED_EDGE('',*,*,#1910,.T.);
#1910 = EDGE_CURVE('',#1083,#1386,#1911,.T.);
#1911 = SURFACE_CURVE('',#1912,(#1919,#1929),.PCURVE_S1.);
#1912 = B_SPLINE_CURVE_WITH_KNOTS('',3,(#1913,#1914,#1915,#1916,#1917,
    #1918),.UNSPECIFIED.,.F.,.F.,(4,2,4),(2.315008838493E-03,
    3.468068993597E-03,4.621129148701E-03),.UNSPECIFIED.);
#1913 = CARTESIAN_POINT('',(5.334,-1.9812,3.431539059955));
#1914 = CARTESIAN_POINT('',(5.334,-1.64492275146,3.625688819922));
#1915 = CARTESIAN_POINT('',(5.367888705401,-1.309083176116,
    3.819585889152));
#1916 = CARTESIAN_POINT('',(5.491183933113,-0.649274900976,
    4.200526374417));
#1917 = CARTESIAN_POINT('',(5.580144351498,-0.323288825593,
    4.388734522792));
#1918 = CARTESIAN_POINT('',(5.687907293363,6.457645811125E-14,
    4.575385413274));
#1919 = PCURVE('',#541,#1920);
#1920 = DEFINITIONAL_REPRESENTATION('',(#1921),#1928);
#1921 = B_SPLINE_CURVE_WITH_KNOTS('',3,(#1922,#1923,#1924,#1925,#1926,
    #1927),.UNSPECIFIED.,.F.,.F.,(4,2,4),(2.315008838493E-03,
    3.468068993597E-03,4.621129148701E-03),.UNSPECIFIED.);
#1922 = CARTESIAN_POINT('',(-2.287692706637,-2.3876));
#1923 = CARTESIAN_POINT('',(-1.899393186703,-2.3876));
#1924 = CARTESIAN_POINT('',(-1.511599048244,-2.353711294599));
#1925 = CARTESIAN_POINT('',(-0.749718077713,-2.230416066887));
#1926 = CARTESIAN_POINT('',(-0.373301780965,-2.141455648502));
#1927 = CARTESIAN_POINT('',(6.794564910706E-14,-2.033692706637));
#1928 = ( GEOMETRIC_REPRESENTATION_CONTEXT(2) 
PARAMETRIC_REPRESENTATION_CONTEXT() REPRESENTATION_CONTEXT('2D SPACE',''
  ) );
#1929 = PCURVE('',#1099,#1930);
#1930 = DEFINITIONAL_REPRESENTATION('',(#1931),#1957);
#1931 = B_SPLINE_CURVE_WITH_KNOTS('',3,(#1932,#1933,#1934,#1935,#1936,
    #1937,#1938,#1939,#1940,#1941,#1942,#1943,#1944,#1945,#1946,#1947,
    #1948,#1949,#1950,#1951,#1952,#1953,#1954,#1955,#1956),
  .UNSPECIFIED.,.F.,.F.,(4,1,1,1,1,1,1,1,1,1,1,1,1,1,1,1,1,1,1,1,1,1,4),
  (2.315008838493E-03,2.419832488957E-03,2.524656139421E-03,
    2.629479789885E-03,2.734303440349E-03,2.839127090813E-03,
    2.943950741277E-03,3.048774391741E-03,3.153598042205E-03,
    3.258421692669E-03,3.363245343133E-03,3.468068993597E-03,
    3.572892644061E-03,3.677716294525E-03,3.782539944989E-03,
    3.887363595453E-03,3.992187245917E-03,4.097010896381E-03,
    4.201834546845E-03,4.306658197309E-03,4.411481847773E-03,
    4.516305498237E-03,4.621129148701E-03),.QUASI_UNIFORM_KNOTS.);
#1932 = CARTESIAN_POINT('',(3.665191429188,-6.096119758304E-15));
#1933 = CARTESIAN_POINT('',(3.656282650923,-3.255497444429E-07));
#1934 = CARTESIAN_POINT('',(3.638467370012,5.488154699042E-04));
#1935 = CARTESIAN_POINT('',(3.611795983949,3.007860860427E-03));
#1936 = CARTESIAN_POINT('',(3.585221159879,7.089714326111E-03));
#1937 = CARTESIAN_POINT('',(3.558786810639,1.277654159454E-02));
#1938 = CARTESIAN_POINT('',(3.532535614376,2.004715828023E-02));
#1939 = CARTESIAN_POINT('',(3.506508565932,2.887668680228E-02));
#1940 = CARTESIAN_POINT('',(3.480744705962,3.923685981751E-02));
#1941 = CARTESIAN_POINT('',(3.455280689298,5.109624042959E-02));
#1942 = CARTESIAN_POINT('',(3.430151076543,6.442030294617E-02));
#1943 = CARTESIAN_POINT('',(3.405386176877,7.917229848707E-02));
#1944 = CARTESIAN_POINT('',(3.381019261128,9.531123224603E-02));
#1945 = CARTESIAN_POINT('',(3.357059045725,0.112800688071));
#1946 = CARTESIAN_POINT('',(3.333504591766,0.131608014041));
#1947 = CARTESIAN_POINT('',(3.3103742623,0.151693347798));
#1948 = CARTESIAN_POINT('',(3.287678357608,0.173018331177));
#1949 = CARTESIAN_POINT('',(3.265426548148,0.195543979231));
#1950 = CARTESIAN_POINT('',(3.243626007504,0.219231440837));
#1951 = CARTESIAN_POINT('',(3.222282051802,0.244041971046));
#1952 = CARTESIAN_POINT('',(3.201398135656,0.269937092161));
#1953 = CARTESIAN_POINT('',(3.180975977156,0.296878712256));
#1954 = CARTESIAN_POINT('',(3.16101585237,0.324829147937));
#1955 = CARTESIAN_POINT('',(3.148016022373,0.344110713132));
#1956 = CARTESIAN_POINT('',(3.14159265359,0.353907293363));
#1957 = ( GEOMETRIC_REPRESENTATION_CONTEXT(2) 
PARAMETRIC_REPRESENTATION_CONTEXT() REPRESENTATION_CONTEXT('2D SPACE',''
  ) );
#1958 = ORIENTED_EDGE('',*,*,#1385,.F.);
#1959 = ORIENTED_EDGE('',*,*,#1688,.F.);
#1960 = ORIENTED_EDGE('',*,*,#526,.T.);
#1961 = ADVANCED_FACE('',(#1962),#600,.F.);
#1962 = FACE_BOUND('',#1963,.F.);
#1963 = EDGE_LOOP('',(#1964,#1965,#1966,#2015,#2016,#2065,#2066,#2115));
#1964 = ORIENTED_EDGE('',*,*,#1742,.F.);
#1965 = ORIENTED_EDGE('',*,*,#1610,.T.);
#1966 = ORIENTED_EDGE('',*,*,#1967,.T.);
#1967 = EDGE_CURVE('',#1560,#1162,#1968,.T.);
#1968 = SURFACE_CURVE('',#1969,(#1976,#1986),.PCURVE_S1.);
#1969 = B_SPLINE_CURVE_WITH_KNOTS('',3,(#1970,#1971,#1972,#1973,#1974,
    #1975),.UNSPECIFIED.,.F.,.F.,(4,2,4),(4.08154599481E-03,
    5.238711350823E-03,6.395876706837E-03),.UNSPECIFIED.);
#1970 = CARTESIAN_POINT('',(5.687907293363,-3.9624,-2.287692706637));
#1971 = CARTESIAN_POINT('',(5.580498582969,-3.9624,-1.915618019482));
#1972 = CARTESIAN_POINT('',(5.490411121342,-3.9624,-1.53454054793));
#1973 = CARTESIAN_POINT('',(5.367229033672,-3.9624,-0.770660302168));
#1974 = CARTESIAN_POINT('',(5.334,-3.9624,-0.386582441654));
#1975 = CARTESIAN_POINT('',(5.334,-3.9624,-1.023304161417E-16));
#1976 = PCURVE('',#600,#1977);
#1977 = DEFINITIONAL_REPRESENTATION('',(#1978),#1985);
#1978 = B_SPLINE_CURVE_WITH_KNOTS('',3,(#1979,#1980,#1981,#1982,#1983,
    #1984),.UNSPECIFIED.,.F.,.F.,(4,2,4),(4.08154599481E-03,
    5.238711350823E-03,6.395876706837E-03),.UNSPECIFIED.);
#1979 = CARTESIAN_POINT('',(2.033692706637,-4.575385413274));
#1980 = CARTESIAN_POINT('',(2.141101417031,-4.203310726119));
#1981 = CARTESIAN_POINT('',(2.231188878658,-3.822233254567));
#1982 = CARTESIAN_POINT('',(2.354370966328,-3.058353008805));
#1983 = CARTESIAN_POINT('',(2.3876,-2.674275148291));
#1984 = CARTESIAN_POINT('',(2.3876,-2.287692706637));
#1985 = ( GEOMETRIC_REPRESENTATION_CONTEXT(2) 
PARAMETRIC_REPRESENTATION_CONTEXT() REPRESENTATION_CONTEXT('2D SPACE',''
  ) );
#1986 = PCURVE('',#1199,#1987);
#1987 = DEFINITIONAL_REPRESENTATION('',(#1988),#2014);
#1988 = B_SPLINE_CURVE_WITH_KNOTS('',3,(#1989,#1990,#1991,#1992,#1993,
    #1994,#1995,#1996,#1997,#1998,#1999,#2000,#2001,#2002,#2003,#2004,
    #2005,#2006,#2007,#2008,#2009,#2010,#2011,#2012,#2013),
  .UNSPECIFIED.,.F.,.F.,(4,1,1,1,1,1,1,1,1,1,1,1,1,1,1,1,1,1,1,1,1,1,4),
  (4.08154599481E-03,4.186742845357E-03,4.291939695904E-03,
    4.39713654645E-03,4.502333396997E-03,4.607530247544E-03,
    4.71272709809E-03,4.817923948637E-03,4.923120799184E-03,
    5.02831764973E-03,5.133514500277E-03,5.238711350823E-03,
    5.34390820137E-03,5.449105051917E-03,5.554301902463E-03,
    5.65949875301E-03,5.764695603557E-03,5.869892454103E-03,
    5.97508930465E-03,6.080286155197E-03,6.185483005743E-03,
    6.29067985629E-03,6.395876706837E-03),.QUASI_UNIFORM_KNOTS.);
#1989 = CARTESIAN_POINT('',(5.235987755983,0.353907293363));
#1990 = CARTESIAN_POINT('',(5.229585562799,0.344142839784));
#1991 = CARTESIAN_POINT('',(5.21661037047,0.324897011988));
#1992 = CARTESIAN_POINT('',(5.196639686588,0.296931605738));
#1993 = CARTESIAN_POINT('',(5.176164785122,0.269923793447));
#1994 = CARTESIAN_POINT('',(5.155192300295,0.243927269571));
#1995 = CARTESIAN_POINT('',(5.13373100958,0.21899511234));
#1996 = CARTESIAN_POINT('',(5.111792234941,0.195179526104));
#1997 = CARTESIAN_POINT('',(5.089389921571,0.172531634926));
#1998 = CARTESIAN_POINT('',(5.066540684572,0.151101186713));
#1999 = CARTESIAN_POINT('',(5.04326416882,0.130936485011));
#2000 = CARTESIAN_POINT('',(5.019582020288,0.112083435116));
#2001 = CARTESIAN_POINT('',(4.995521900851,9.458785871622E-02));
#2002 = CARTESIAN_POINT('',(4.97110249268,7.848559505878E-02));
#2003 = CARTESIAN_POINT('',(4.946335468171,6.38008229382E-02));
#2004 = CARTESIAN_POINT('',(4.921246580675,5.056411435692E-02));
#2005 = CARTESIAN_POINT('',(4.895860647117,3.880262301459E-02));
#2006 = CARTESIAN_POINT('',(4.870205461141,2.854248505674E-02));
#2007 = CARTESIAN_POINT('',(4.844310589193,1.980795689609E-02));
#2008 = CARTESIAN_POINT('',(4.818207495492,1.262143191093E-02));
#2009 = CARTESIAN_POINT('',(4.791929261353,7.003263501877E-03));
#2010 = CARTESIAN_POINT('',(4.765510398886,2.971562227041E-03));
#2011 = CARTESIAN_POINT('',(4.738986507726,5.423873855666E-04));
#2012 = CARTESIAN_POINT('',(4.72125836964,-2.034134825127E-07));
#2013 = CARTESIAN_POINT('',(4.712388980385,0.));
#2014 = ( GEOMETRIC_REPRESENTATION_CONTEXT(2) 
PARAMETRIC_REPRESENTATION_CONTEXT() REPRESENTATION_CONTEXT('2D SPACE',''
  ) );
#2015 = ORIENTED_EDGE('',*,*,#1161,.F.);
#2016 = ORIENTED_EDGE('',*,*,#2017,.T.);
#2017 = EDGE_CURVE('',#1133,#1842,#2018,.T.);
#2018 = SURFACE_CURVE('',#2019,(#2026,#2036),.PCURVE_S1.);
#2019 = B_SPLINE_CURVE_WITH_KNOTS('',3,(#2020,#2021,#2022,#2023,#2024,
    #2025),.UNSPECIFIED.,.F.,.F.,(4,2,4),(6.395876706837E-03,
    7.55372956379E-03,8.711582420744E-03),.UNSPECIFIED.);
#2020 = CARTESIAN_POINT('',(5.334,-3.9624,-3.598460527259E-16));
#2021 = CARTESIAN_POINT('',(5.334,-3.9624,0.386812119972));
#2022 = CARTESIAN_POINT('',(5.368148236984,-3.9624,0.77888380784));
#2023 = CARTESIAN_POINT('',(5.492195417578,-3.9624,1.543026257788));
#2024 = CARTESIAN_POINT('',(5.581124295239,-3.9624,1.917785550368));
#2025 = CARTESIAN_POINT('',(5.687907293363,-3.9624,2.287692706637));
#2026 = PCURVE('',#600,#2027);
#2027 = DEFINITIONAL_REPRESENTATION('',(#2028),#2035);
#2028 = B_SPLINE_CURVE_WITH_KNOTS('',3,(#2029,#2030,#2031,#2032,#2033,
    #2034),.UNSPECIFIED.,.F.,.F.,(4,2,4),(6.395876706837E-03,
    7.55372956379E-03,8.711582420744E-03),.UNSPECIFIED.);
#2029 = CARTESIAN_POINT('',(2.3876,-2.287692706637));
#2030 = CARTESIAN_POINT('',(2.3876,-1.900880586665));
#2031 = CARTESIAN_POINT('',(2.353451763016,-1.508808898797));
#2032 = CARTESIAN_POINT('',(2.229404582422,-0.744666448849));
#2033 = CARTESIAN_POINT('',(2.140475704761,-0.369907156269));
#2034 = CARTESIAN_POINT('',(2.033692706637,0.));
#2035 = ( GEOMETRIC_REPRESENTATION_CONTEXT(2) 
PARAMETRIC_REPRESENTATION_CONTEXT() REPRESENTATION_CONTEXT('2D SPACE',''
  ) );
#2036 = PCURVE('',#1149,#2037);
#2037 = DEFINITIONAL_REPRESENTATION('',(#2038),#2064);
#2038 = B_SPLINE_CURVE_WITH_KNOTS('',3,(#2039,#2040,#2041,#2042,#2043,
    #2044,#2045,#2046,#2047,#2048,#2049,#2050,#2051,#2052,#2053,#2054,
    #2055,#2056,#2057,#2058,#2059,#2060,#2061,#2062,#2063),
  .UNSPECIFIED.,.F.,.F.,(4,1,1,1,1,1,1,1,1,1,1,1,1,1,1,1,1,1,1,1,1,1,4),
  (6.395876706837E-03,6.501136057469E-03,6.606395408101E-03,
    6.711654758733E-03,6.816914109365E-03,6.922173459997E-03,
    7.02743281063E-03,7.132692161262E-03,7.237951511894E-03,
    7.343210862526E-03,7.448470213158E-03,7.55372956379E-03,
    7.658988914422E-03,7.764248265055E-03,7.869507615687E-03,
    7.974766966319E-03,8.080026316951E-03,8.185285667583E-03,
    8.290545018215E-03,8.395804368847E-03,8.50106371948E-03,
    8.606323070112E-03,8.711582420744E-03),.QUASI_UNIFORM_KNOTS.);
#2039 = CARTESIAN_POINT('',(4.712388980385,0.));
#2040 = CARTESIAN_POINT('',(4.703514364296,-4.817476964906E-07));
#2041 = CARTESIAN_POINT('',(4.685743215702,5.4688689725E-04));
#2042 = CARTESIAN_POINT('',(4.659075931793,3.005661954788E-03));
#2043 = CARTESIAN_POINT('',(4.632453454949,7.097149731003E-03));
#2044 = CARTESIAN_POINT('',(4.605930523767,1.280841349635E-02));
#2045 = CARTESIAN_POINT('',(4.579560760487,2.012140677118E-02));
#2046 = CARTESIAN_POINT('',(4.553396117498,2.901238788327E-02));
#2047 = CARTESIAN_POINT('',(4.527486443724,3.945231582498E-02));
#2048 = CARTESIAN_POINT('',(4.501878891768,5.140707643701E-02));
#2049 = CARTESIAN_POINT('',(4.476618161787,6.483772257436E-02));
#2050 = CARTESIAN_POINT('',(4.45174392858,7.970110124161E-02));
#2051 = CARTESIAN_POINT('',(4.427299105266,9.59491433945E-02));
#2052 = CARTESIAN_POINT('',(4.403298002253,0.113533288866));
#2053 = CARTESIAN_POINT('',(4.379734600848,0.132413806484));
#2054 = CARTESIAN_POINT('',(4.35662545438,0.152547706851));
#2055 = CARTESIAN_POINT('',(4.333978107472,0.173892934609));
#2056 = CARTESIAN_POINT('',(4.311799703295,0.196407441604));
#2057 = CARTESIAN_POINT('',(4.290094841846,0.22004961278));
#2058 = CARTESIAN_POINT('',(4.268866328396,0.244778313376));
#2059 = CARTESIAN_POINT('',(4.248115169327,0.270553009319));
#2060 = CARTESIAN_POINT('',(4.227840726072,0.297333884698));
#2061 = CARTESIAN_POINT('',(4.208041007977,0.325081810529));
#2062 = CARTESIAN_POINT('',(4.19515517163,0.344199821631));
#2063 = CARTESIAN_POINT('',(4.188790204786,0.353907293363));
#2064 = ( GEOMETRIC_REPRESENTATION_CONTEXT(2) 
PARAMETRIC_REPRESENTATION_CONTEXT() REPRESENTATION_CONTEXT('2D SPACE',''
  ) );
#2065 = ORIENTED_EDGE('',*,*,#1841,.F.);
#2066 = ORIENTED_EDGE('',*,*,#2067,.F.);
#2067 = EDGE_CURVE('',#553,#1795,#2068,.T.);
#2068 = SURFACE_CURVE('',#2069,(#2076,#2086),.PCURVE_S1.);
#2069 = B_SPLINE_CURVE_WITH_KNOTS('',3,(#2070,#2071,#2072,#2073,#2074,
    #2075),.UNSPECIFIED.,.F.,.F.,(4,2,4),(6.395876706837E-03,
    7.55372956379E-03,8.711582420744E-03),.UNSPECIFIED.);
#2070 = CARTESIAN_POINT('',(7.7216,-3.9624,-7.348652074045E-16));
#2071 = CARTESIAN_POINT('',(7.7216,-3.9624,0.386812119972));
#2072 = CARTESIAN_POINT('',(7.687451763016,-3.9624,0.77888380784));
#2073 = CARTESIAN_POINT('',(7.563404582422,-3.9624,1.543026257788));
#2074 = CARTESIAN_POINT('',(7.474475704761,-3.9624,1.917785550368));
#2075 = CARTESIAN_POINT('',(7.367692706637,-3.9624,2.287692706637));
#2076 = PCURVE('',#600,#2077);
#2077 = DEFINITIONAL_REPRESENTATION('',(#2078),#2085);
#2078 = B_SPLINE_CURVE_WITH_KNOTS('',3,(#2079,#2080,#2081,#2082,#2083,
    #2084),.UNSPECIFIED.,.F.,.F.,(4,2,4),(6.395876706837E-03,
    7.55372956379E-03,8.711582420744E-03),.UNSPECIFIED.);
#2079 = CARTESIAN_POINT('',(0.,-2.287692706637));
#2080 = CARTESIAN_POINT('',(0.,-1.900880586665));
#2081 = CARTESIAN_POINT('',(3.414823698387E-02,-1.508808898797));
#2082 = CARTESIAN_POINT('',(0.158195417578,-0.744666448849));
#2083 = CARTESIAN_POINT('',(0.247124295239,-0.369907156269));
#2084 = CARTESIAN_POINT('',(0.353907293363,0.));
#2085 = ( GEOMETRIC_REPRESENTATION_CONTEXT(2) 
PARAMETRIC_REPRESENTATION_CONTEXT() REPRESENTATION_CONTEXT('2D SPACE',''
  ) );
#2086 = PCURVE('',#573,#2087);
#2087 = DEFINITIONAL_REPRESENTATION('',(#2088),#2114);
#2088 = B_SPLINE_CURVE_WITH_KNOTS('',3,(#2089,#2090,#2091,#2092,#2093,
    #2094,#2095,#2096,#2097,#2098,#2099,#2100,#2101,#2102,#2103,#2104,
    #2105,#2106,#2107,#2108,#2109,#2110,#2111,#2112,#2113),
  .UNSPECIFIED.,.F.,.F.,(4,1,1,1,1,1,1,1,1,1,1,1,1,1,1,1,1,1,1,1,1,1,4),
  (6.395876706837E-03,6.501136057469E-03,6.606395408101E-03,
    6.711654758733E-03,6.816914109365E-03,6.922173459997E-03,
    7.02743281063E-03,7.132692161262E-03,7.237951511894E-03,
    7.343210862526E-03,7.448470213158E-03,7.55372956379E-03,
    7.658988914422E-03,7.764248265055E-03,7.869507615687E-03,
    7.974766966319E-03,8.080026316951E-03,8.185285667583E-03,
    8.290545018215E-03,8.395804368847E-03,8.50106371948E-03,
    8.606323070112E-03,8.711582420744E-03),.QUASI_UNIFORM_KNOTS.);
#2089 = CARTESIAN_POINT('',(4.712388980385,0.));
#2090 = CARTESIAN_POINT('',(4.721263596474,-4.817476968952E-07));
#2091 = CARTESIAN_POINT('',(4.739034745068,5.468868972496E-04));
#2092 = CARTESIAN_POINT('',(4.765702028976,3.005661954789E-03));
#2093 = CARTESIAN_POINT('',(4.79232450582,7.097149731003E-03));
#2094 = CARTESIAN_POINT('',(4.818847437003,1.280841349635E-02));
#2095 = CARTESIAN_POINT('',(4.845217200282,2.012140677117E-02));
#2096 = CARTESIAN_POINT('',(4.871381843272,2.901238788327E-02));
#2097 = CARTESIAN_POINT('',(4.897291517046,3.945231582498E-02));
#2098 = CARTESIAN_POINT('',(4.922899069001,5.140707643701E-02));
#2099 = CARTESIAN_POINT('',(4.948159798982,6.483772257436E-02));
#2100 = CARTESIAN_POINT('',(4.97303403219,7.970110124161E-02));
#2101 = CARTESIAN_POINT('',(4.997478855503,9.59491433945E-02));
#2102 = CARTESIAN_POINT('',(5.021479958516,0.113533288866));
#2103 = CARTESIAN_POINT('',(5.045043359922,0.132413806484));
#2104 = CARTESIAN_POINT('',(5.068152506389,0.152547706851));
#2105 = CARTESIAN_POINT('',(5.090799853297,0.173892934609));
#2106 = CARTESIAN_POINT('',(5.112978257474,0.196407441604));
#2107 = CARTESIAN_POINT('',(5.134683118923,0.22004961278));
#2108 = CARTESIAN_POINT('',(5.155911632373,0.244778313376));
#2109 = CARTESIAN_POINT('',(5.176662791442,0.270553009319));
#2110 = CARTESIAN_POINT('',(5.196937234697,0.297333884698));
#2111 = CARTESIAN_POINT('',(5.216736952793,0.325081810529));
#2112 = CARTESIAN_POINT('',(5.229622789139,0.344199821631));
#2113 = CARTESIAN_POINT('',(5.235987755983,0.353907293363));
#2114 = ( GEOMETRIC_REPRESENTATION_CONTEXT(2) 
PARAMETRIC_REPRESENTATION_CONTEXT() REPRESENTATION_CONTEXT('2D SPACE',''
  ) );
#2115 = ORIENTED_EDGE('',*,*,#585,.T.);
#2116 = ADVANCED_FACE('',(#2117),#573,.T.);
#2117 = FACE_BOUND('',#2118,.T.);
#2118 = EDGE_LOOP('',(#2119,#2120,#2121));
#2119 = ORIENTED_EDGE('',*,*,#2067,.F.);
#2120 = ORIENTED_EDGE('',*,*,#552,.T.);
#2121 = ORIENTED_EDGE('',*,*,#1794,.F.);
#2122 = ADVANCED_FACE('',(#2123),#741,.F.);
#2123 = FACE_BOUND('',#2124,.F.);
#2124 = EDGE_LOOP('',(#2125,#2126,#2147,#2148));
#2125 = ORIENTED_EDGE('',*,*,#724,.F.);
#2126 = ORIENTED_EDGE('',*,*,#2127,.F.);
#2127 = EDGE_CURVE('',#1258,#725,#2128,.T.);
#2128 = SEAM_CURVE('',#2129,(#2133,#2140),.PCURVE_S1.);
#2129 = LINE('',#2130,#2131);
#2130 = CARTESIAN_POINT('',(3.5,7.715274834628E-16,3.15));
#2131 = VECTOR('',#2132,1.);
#2132 = DIRECTION('',(1.,0.,0.));
#2133 = PCURVE('',#741,#2134);
#2134 = DEFINITIONAL_REPRESENTATION('',(#2135),#2139);
#2135 = LINE('',#2136,#2137);
#2136 = CARTESIAN_POINT('',(6.28318530718,-0.));
#2137 = VECTOR('',#2138,1.);
#2138 = DIRECTION('',(0.,1.));
#2139 = ( GEOMETRIC_REPRESENTATION_CONTEXT(2) 
PARAMETRIC_REPRESENTATION_CONTEXT() REPRESENTATION_CONTEXT('2D SPACE',''
  ) );
#2140 = PCURVE('',#741,#2141);
#2141 = DEFINITIONAL_REPRESENTATION('',(#2142),#2146);
#2142 = LINE('',#2143,#2144);
#2143 = CARTESIAN_POINT('',(0.,-0.));
#2144 = VECTOR('',#2145,1.);
#2145 = DIRECTION('',(0.,1.));
#2146 = ( GEOMETRIC_REPRESENTATION_CONTEXT(2) 
PARAMETRIC_REPRESENTATION_CONTEXT() REPRESENTATION_CONTEXT('2D SPACE',''
  ) );
#2147 = ORIENTED_EDGE('',*,*,#1257,.T.);
#2148 = ORIENTED_EDGE('',*,*,#2127,.T.);
#2149 = ADVANCED_FACE('',(#2150),#898,.T.);
#2150 = FACE_BOUND('',#2151,.T.);
#2151 = EDGE_LOOP('',(#2152,#2153,#2154));
#2152 = ORIENTED_EDGE('',*,*,#876,.T.);
#2153 = ORIENTED_EDGE('',*,*,#1513,.T.);
#2154 = ORIENTED_EDGE('',*,*,#1232,.T.);
#2155 = ADVANCED_FACE('',(#2156),#1199,.T.);
#2156 = FACE_BOUND('',#2157,.T.);
#2157 = EDGE_LOOP('',(#2158,#2159,#2160));
#2158 = ORIENTED_EDGE('',*,*,#1559,.T.);
#2159 = ORIENTED_EDGE('',*,*,#1967,.T.);
#2160 = ORIENTED_EDGE('',*,*,#1182,.T.);
#2161 = ADVANCED_FACE('',(#2162),#1099,.T.);
#2162 = FACE_BOUND('',#2163,.T.);
#2163 = EDGE_LOOP('',(#2164,#2165,#2166));
#2164 = ORIENTED_EDGE('',*,*,#1082,.T.);
#2165 = ORIENTED_EDGE('',*,*,#1910,.T.);
#2166 = ORIENTED_EDGE('',*,*,#1408,.T.);
#2167 = ADVANCED_FACE('',(#2168),#1149,.T.);
#2168 = FACE_BOUND('',#2169,.T.);
#2169 = EDGE_LOOP('',(#2170,#2171,#2172));
#2170 = ORIENTED_EDGE('',*,*,#2017,.T.);
#2171 = ORIENTED_EDGE('',*,*,#1864,.T.);
#2172 = ORIENTED_EDGE('',*,*,#1132,.T.);
#2173 = ( GEOMETRIC_REPRESENTATION_CONTEXT(3) 
GLOBAL_UNCERTAINTY_ASSIGNED_CONTEXT((#2177)) 
GLOBAL_UNIT_ASSIGNED_CONTEXT((#2174,#2175,#2176)) REPRESENTATION_CONTEXT
('Context #1','3D Context with UNIT and UNCERTAINTY') );
#2174 = ( LENGTH_UNIT() NAMED_UNIT(*) SI_UNIT(.MILLI.,.METRE.) );
#2175 = ( NAMED_UNIT(*) PLANE_ANGLE_UNIT() SI_UNIT($,.RADIAN.) );
#2176 = ( NAMED_UNIT(*) SI_UNIT($,.STERADIAN.) SOLID_ANGLE_UNIT() );
#2177 = UNCERTAINTY_MEASURE_WITH_UNIT(LENGTH_MEASURE(1.E-03),#2174,
  'distance_accuracy_value','confusion accuracy');
#2178 = PRODUCT_RELATED_PRODUCT_CATEGORY('part',$,(#7));
/* gold colour (OCC AP214 file shipped colourless) */
#2179=COLOUR_RGB('',0.78,0.62,0.19);
#2180=FILL_AREA_STYLE_COLOUR('',#2179);
#2181=FILL_AREA_STYLE('',(#2180));
#2182=SURFACE_STYLE_FILL_AREA(#2181);
#2183=SURFACE_SIDE_STYLE('',(#2182));
#2184=SURFACE_STYLE_USAGE(.BOTH.,#2183);
#2185=PRESENTATION_STYLE_ASSIGNMENT((#2184));
#2186=STYLED_ITEM('color',(#2185),#15);
#2187=MECHANICAL_DESIGN_GEOMETRIC_PRESENTATION_REPRESENTATION('',(#2186),#2173);
ENDSEC;
END-ISO-10303-21;
