ISO-10303-21;
HEADER;
FILE_DESCRIPTION (( 'STEP AP203' ),
    '1' );
FILE_NAME ('94209A356_Thread-Forming Screws for Soft Metal.STEP',
    '2026-06-16T18:46:17',
    ( 'McMaster Carr Supply' ),
    ( 'McMaster Carr Supply' ),
    'SwSTEP 2.0',
    'SolidWorks 2024',
    '' );
FILE_SCHEMA (( 'CONFIG_CONTROL_DESIGN' ));
ENDSEC;

DATA;
#1 = CARTESIAN_POINT ( 'NONE',  ( 0.2441168411814954031, -1.471296608598333444, 2.325355142884174331 ) ) ;
#2 = ORIENTED_EDGE ( 'NONE', *, *, #2336, .F. ) ;
#3 = CARTESIAN_POINT ( 'NONE',  ( -1.459035672982378573, 0.2897018199735068578, -0.3941609999430129019 ) ) ;
#4 = CARTESIAN_POINT ( 'NONE',  ( -0.5344704030327259714, 1.374150139869404930, -0.4822332513106440399 ) ) ;
#5 = CARTESIAN_POINT ( 'NONE',  ( -1.854805089941841679E-16, -1.514563293868264271, -1.734375000000001110 ) ) ;
#6 = DIRECTION ( 'NONE',  ( 1.000000000000000000, 0.000000000000000000, 0.000000000000000000 ) ) ;
#7 = DIRECTION ( 'NONE',  ( 0.000000000000000000, 0.000000000000000000, 1.000000000000000000 ) ) ;
#8 = VERTEX_POINT ( 'NONE', #4269 ) ;
#9 = CARTESIAN_POINT ( 'NONE',  ( 1.475000000000007860, 0.04665063509461178648, -1.053074627656254370 ) ) ;
#10 = EDGE_LOOP ( 'NONE', ( #2453, #5809, #2475, #5832 ) ) ;
#11 = LINE ( 'NONE', #5557, #5594 ) ;
#12 = CARTESIAN_POINT ( 'NONE',  ( -1.194300219418120701, 0.8240654351103129382, -2.336154648617456253 ) ) ;
#13 = CARTESIAN_POINT ( 'NONE',  ( -1.156855823905075242, -0.1168332640969447223, 3.445873412263921409 ) ) ;
#14 = CARTESIAN_POINT ( 'NONE',  ( 1.006962788129352804, 0.5813702367904163282, 3.729166666666666075 ) ) ;
#15 = VERTEX_POINT ( 'NONE', #4851 ) ;
#16 = CARTESIAN_POINT ( 'NONE',  ( 0.8744335254195692020, 1.514563293868263161, 2.005208333333333925 ) ) ;
#17 = EDGE_CURVE ( 'NONE', #109, #2879, #6862, .T. ) ;
#18 = CARTESIAN_POINT ( 'NONE',  ( -0.6713085254195686469, -1.162740473580835765, 1.458333333333333259 ) ) ;
#19 = CYLINDRICAL_SURFACE ( 'NONE', #3168, 1.394198729810780968 ) ;
#20 = VERTEX_POINT ( 'NONE', #1435 ) ;
#21 = AXIS2_PLACEMENT_3D ( 'NONE', #94, #2388, #5101 ) ;
#22 = CARTESIAN_POINT ( 'NONE',  ( 0.000000000000000000, 1.514563293868263605, 2.515624999999998668 ) ) ;
#23 = CARTESIAN_POINT ( 'NONE',  ( 1.006962788129352360, -0.5813702367904186596, 0.5833333333333332593 ) ) ;
#24 = CARTESIAN_POINT ( 'NONE',  ( -0.6713085254195686469, -1.162740473580835765, 1.958333333333332815 ) ) ;
#25 = B_SPLINE_CURVE_WITH_KNOTS ( 'NONE', 3,
 ( #193, #3029, #3603, #6237, #4654, #2410, #5124, #3567, #3532, #4040 ),
 .UNSPECIFIED., .F., .F.,
 ( 4, 2, 2, 2, 4 ),
 ( 1.084202172485504434E-19, 0.0004068535042414630804, 0.0008137070084829259439, 0.001220560512724388862, 0.001627414016965851237 ),
 .UNSPECIFIED. ) ;
#26 = CONICAL_SURFACE ( 'NONE', #1878, 1.394198729810780968, 0.1221730476396033355 ) ;
#27 = EDGE_CURVE ( 'NONE', #4957, #3923, #4773, .T. ) ;
#28 = CARTESIAN_POINT ( 'NONE',  ( 1.006962788129352804, 0.5813702367904165502, 0.2291666666666674623 ) ) ;
#29 = DIRECTION ( 'NONE',  ( 0.000000000000000000, 0.000000000000000000, 1.000000000000000000 ) ) ;
#30 = CARTESIAN_POINT ( 'NONE',  ( -0.6713085254195685359, -1.162740473580835765, 1.520833333333334147 ) ) ;
#31 = CARTESIAN_POINT ( 'NONE',  ( -1.459035672982377907, 0.2897018199735127419, 1.605839000056987320 ) ) ;
#32 = VECTOR ( 'NONE', #3183, 999.9999999999998863 ) ;
#33 = ORIENTED_EDGE ( 'NONE', *, *, #4424, .T. ) ;
#34 = CARTESIAN_POINT ( 'NONE',  ( 1.227676249187600765, 0.8486071336999764236, -0.5774589018837713583 ) ) ;
#35 = EDGE_CURVE ( 'NONE', #1491, #5013, #5390, .T. ) ;
#36 = VERTEX_POINT ( 'NONE', #5855 ) ;
#37 = CARTESIAN_POINT ( 'NONE',  ( 0.5909129938625096168, -1.362019518035236354, -0.1508313418785481308 ) ) ;
#38 = B_SPLINE_CURVE_WITH_KNOTS ( 'NONE', 3,
 ( #5739, #2560, #3031, #5232, #4769, #4225, #2602, #381, #6434, #271 ),
 .UNSPECIFIED., .F., .F.,
 ( 4, 2, 2, 2, 4 ),
 ( 3.066586833366748373E-19, 0.0004068535042414636767, 0.0008137070084829269197, 0.001220560512724389946, 0.001627414016965852972 ),
 .UNSPECIFIED. ) ;
#39 = VECTOR ( 'NONE', #178, 1000.000000000000000 ) ;
#40 = CARTESIAN_POINT ( 'NONE',  ( 0.2715616379965443694, 1.444556979311147016, -0.5277169097662438579 ) ) ;
#41 = CARTESIAN_POINT ( 'NONE',  ( 0.2715616379965442029, 1.444556979311147904, 2.972283090233757363 ) ) ;
#42 = DIRECTION ( 'NONE',  ( 0.000000000000000000, 0.000000000000000000, -1.000000000000000000 ) ) ;
#43 = ORIENTED_EDGE ( 'NONE', *, *, #2882, .F. ) ;
#44 = CARTESIAN_POINT ( 'NONE',  ( -1.152121818957297483, 0.9470596902539569761, 1.070478190449158706 ) ) ;
#45 = CC_DESIGN_PERSON_AND_ORGANIZATION_ASSIGNMENT ( #229, #1315, ( #771 ) ) ;
#46 = ORIENTED_EDGE ( 'NONE', *, *, #530, .F. ) ;
#47 = CARTESIAN_POINT ( 'NONE',  ( -1.334521665427738757, -0.6133972531589964028, 1.236882395791425449 ) ) ;
#48 = CARTESIAN_POINT ( 'NONE',  ( -1.120396274108785839, 0.9194160442258937360, -2.341574279842414175 ) ) ;
#49 = CARTESIAN_POINT ( 'NONE',  ( 1.475000000000007416, 0.1692640949063734246, 0.3799980085452152045 ) ) ;
#50 = VECTOR ( 'NONE', #1312, 1000.000000000000000 ) ;
#51 = ORIENTED_EDGE ( 'NONE', *, *, #5043, .T. ) ;
#52 = CARTESIAN_POINT ( 'NONE',  ( -1.277581491647055589, -0.1940230690126676927, -3.478426566654371221 ) ) ;
#53 = ADVANCED_FACE ( 'NONE', ( #1544 ), #3210, .T. ) ;
#54 = CARTESIAN_POINT ( 'NONE',  ( -0.6713085254195686469, -1.162740473580835765, 0.4583333333333332038 ) ) ;
#55 = CARTESIAN_POINT ( 'NONE',  ( 1.372359660189060637, -0.2094650735874353242, -2.698279329305555141 ) ) ;
#56 = VERTEX_POINT ( 'NONE', #5968 ) ;
#57 = CARTESIAN_POINT ( 'NONE',  ( 0.6713085254195687579, 1.162740473580835099, -2.729166666666666519 ) ) ;
#58 = EDGE_CURVE ( 'NONE', #1419, #7066, #1473, .T. ) ;
#59 = CARTESIAN_POINT ( 'NONE',  ( -0.6713085254195682028, 1.162740473580835321, 1.791666666666666297 ) ) ;
#60 = CARTESIAN_POINT ( 'NONE',  ( 0.6713085254195678697, -1.162740473580836209, 2.541666666666666075 ) ) ;
#61 = CARTESIAN_POINT ( 'NONE',  ( -1.006962788129352360, 0.5813702367904175494, -0.6041666666666660745 ) ) ;
#62 = ADVANCED_FACE ( 'NONE', ( #7046 ), #4889, .T. ) ;
#63 = CARTESIAN_POINT ( 'NONE',  ( 1.115242222299299035, -0.9574577668538880593, -1.194383576432910488 ) ) ;
#64 = CARTESIAN_POINT ( 'NONE',  ( 1.342617050839136406, -6.444669998435441772E-16, 1.687500000000000666 ) ) ;
#65 = CARTESIAN_POINT ( 'NONE',  ( 0.000000000000000000, 0.000000000000000000, 4.359999999999999432 ) ) ;
#66 = ORIENTED_EDGE ( 'NONE', *, *, #308, .F. ) ;
#67 = CYLINDRICAL_SURFACE ( 'NONE', #1194, 1.555801270189232755 ) ;
#68 = ORIENTED_EDGE ( 'NONE', *, *, #4169, .F. ) ;
#69 = CARTESIAN_POINT ( 'NONE',  ( -0.2435093434669587664, -1.471454798341268688, -0.1991546174298324812 ) ) ;
#70 = DIRECTION ( 'NONE',  ( 1.000000000000000000, 0.000000000000000000, 0.000000000000000000 ) ) ;
#71 = CARTESIAN_POINT ( 'NONE',  ( 1.115242222299293262, -0.9574577668538949426, 0.8056164235670892904 ) ) ;
#72 = DIRECTION ( 'NONE',  ( 0.000000000000000000, 0.000000000000000000, -1.000000000000000000 ) ) ;
#73 = VERTEX_POINT ( 'NONE', #2718 ) ;
#74 = CARTESIAN_POINT ( 'NONE',  ( -0.8157524219245791963, -1.232208413719159124, -0.7249697484315451579 ) ) ;
#75 = EDGE_CURVE ( 'NONE', #5328, #3392, #160, .T. ) ;
#76 = EDGE_CURVE ( 'NONE', #540, #656, #4814, .T. ) ;
#77 = ORIENTED_EDGE ( 'NONE', *, *, #4830, .T. ) ;
#78 = CARTESIAN_POINT ( 'NONE',  ( -1.115242222299296815, -0.9574577668538907238, 1.256883576432910044 ) ) ;
#79 = CARTESIAN_POINT ( 'NONE',  ( -1.422210768417169646, 0.2823463756945794323, -2.304336072293291959 ) ) ;
#80 = PLANE ( 'NONE',  #2377 ) ;
#81 = CARTESIAN_POINT ( 'NONE',  ( 0.9804069721108328306, 1.118711047843710116, -1.060827666609679198 ) ) ;
#82 = APPROVAL_ROLE ( '' ) ;
#83 = DESIGN_CONTEXT ( 'detailed design', #1720, 'design' ) ;
#84 = VERTEX_POINT ( 'NONE', #1508 ) ;
#85 = CARTESIAN_POINT ( 'NONE',  ( -1.457284131257206461, -0.2242101233374610147, 2.211399917977311169 ) ) ;
#86 = B_SPLINE_CURVE_WITH_KNOTS ( 'NONE', 3,
 ( #685, #2844, #1159, #5016, #5551, #1196, #41, #2777, #1812, #621 ),
 .UNSPECIFIED., .F., .F.,
 ( 4, 2, 2, 2, 4 ),
 ( 1.084202172485504434E-19, 0.0004068535042414633514, 0.0008137070084829265944, 0.001220560512724389729, 0.001627414016965852972 ),
 .UNSPECIFIED. ) ;
#87 = ADVANCED_FACE ( 'NONE', ( #3114 ), #5348, .T. ) ;
#88 = CARTESIAN_POINT ( 'NONE',  ( 0.6713085254195678697, -1.162740473580836209, 1.541666666666666075 ) ) ;
#89 = CARTESIAN_POINT ( 'NONE',  ( 0.000000000000000000, 4.336808689942017736E-16, 6.195034570514509120 ) ) ;
#90 = EDGE_LOOP ( 'NONE', ( #3711, #3912, #582, #4793 ) ) ;
#91 = CARTESIAN_POINT ( 'NONE',  ( 0.000000000000000000, 1.162740473580835321, -3.687499999999999556 ) ) ;
#92 = CARTESIAN_POINT ( 'NONE',  ( 0.6713085254195689799, 1.162740473580834877, 1.208333333333333037 ) ) ;
#93 = CARTESIAN_POINT ( 'NONE',  ( 0.8744335254195692020, 1.514563293868263161, -2.494791666666666519 ) ) ;
#94 = CARTESIAN_POINT ( 'NONE',  ( 0.000000000000000000, 4.336808689942017736E-16, 0.3221818181818091320 ) ) ;
#95 = CARTESIAN_POINT ( 'NONE',  ( 1.006962788129352804, 0.5813702367904165502, 0.7291666666666670737 ) ) ;
#96 = CARTESIAN_POINT ( 'NONE',  ( -3.729468691123534823E-15, 0.3594338027113260781, 0.3599598331444171517 ) ) ;
#97 = CARTESIAN_POINT ( 'NONE',  ( -0.6713085254195680918, 1.162740473580835099, 2.854166666666666963 ) ) ;
#98 = CARTESIAN_POINT ( 'NONE',  ( -1.342617050839136628, 5.598088596811693688E-17, -3.625000000000000000 ) ) ;
#99 = CARTESIAN_POINT ( 'NONE',  ( -1.006962788129352804, -0.5813702367904177715, -1.083333333333333703 ) ) ;
#100 = VERTEX_POINT ( 'NONE', #3729 ) ;
#101 = CARTESIAN_POINT ( 'NONE',  ( 0.5909129938625021783, -1.362019518035239685, 2.349168658121452147 ) ) ;
#102 = ORIENTED_EDGE ( 'NONE', *, *, #788, .F. ) ;
#103 = CARTESIAN_POINT ( 'NONE',  ( -0.9243482935200509898, -1.148518002948892391, 0.2692094850336785861 ) ) ;
#104 = CARTESIAN_POINT ( 'NONE',  ( 0.8155067236291689836, -1.232350267696153967, -0.1314682067626115891 ) ) ;
#105 = CARTESIAN_POINT ( 'NONE',  ( -0.8843080402126987094, 1.192627809046053144, 1.118280887729984352 ) ) ;
#106 = CARTESIAN_POINT ( 'NONE',  ( 0.08080127018922518556, 0.04665063509461363223, -4.000000000000000000 ) ) ;
#107 = ORIENTED_EDGE ( 'NONE', *, *, #4242, .F. ) ;
#108 = CARTESIAN_POINT ( 'NONE',  ( -1.475000000000007638, 0.04665063509461100932, -4.000000000000000000 ) ) ;
#109 = VERTEX_POINT ( 'NONE', #2168 ) ;
#110 = CARTESIAN_POINT ( 'NONE',  ( 0.8155067236291686505, -1.232350267696153745, 1.368531793237387939 ) ) ;
#111 = EDGE_CURVE ( 'NONE', #3003, #1352, #248, .T. ) ;
#112 = CARTESIAN_POINT ( 'NONE',  ( -0.8155067236291650978, -1.232350267696155521, 1.693968206762611173 ) ) ;
#113 = DIRECTION ( 'NONE',  ( -0.9188184237650788289, -0.3805870524817666634, 0.1045284632676537068 ) ) ;
#114 = CARTESIAN_POINT ( 'NONE',  ( -0.7779006350946131576, 1.254062153034748661, -0.9624900819227479865 ) ) ;
#115 = CARTESIAN_POINT ( 'NONE',  ( -1.423570235277740625, 0.1646688276641753157, -2.418861820607372426 ) ) ;
#116 = ORIENTED_EDGE ( 'NONE', *, *, #1526, .T. ) ;
#117 = CARTESIAN_POINT ( 'NONE',  ( -1.199424823463229650, -0.8476778146389541968, 2.250237241475532279 ) ) ;
#118 = ORIENTED_EDGE ( 'NONE', *, *, #4008, .F. ) ;
#119 = CARTESIAN_POINT ( 'NONE',  ( -1.006962788129352582, 0.5813702367904175494, 0.8333333333333325932 ) ) ;
#120 = EDGE_CURVE ( 'NONE', #5077, #4138, #7078, .T. ) ;
#121 = DIRECTION ( 'NONE',  ( -0.000000000000000000, -0.000000000000000000, -1.000000000000000000 ) ) ;
#122 = ORIENTED_EDGE ( 'NONE', *, *, #3930, .T. ) ;
#123 = CARTESIAN_POINT ( 'NONE',  ( -1.006962788129352582, -0.5813702367904174384, -4.020833333333333037 ) ) ;
#124 = CARTESIAN_POINT ( 'NONE',  ( 0.4781220914894073193, -1.408544004613354161, 0.8407088253148372603 ) ) ;
#125 = CARTESIAN_POINT ( 'NONE',  ( -1.854805089941841679E-16, -1.514563293868264049, -3.703125000000000000 ) ) ;
#126 = CARTESIAN_POINT ( 'NONE',  ( -0.8843080402126989314, 1.192627809046053144, 0.6182808877299835748 ) ) ;
#127 = CC_DESIGN_DATE_AND_TIME_ASSIGNMENT ( #4767, #4263, ( #3673 ) ) ;
#128 = CARTESIAN_POINT ( 'NONE',  ( 0.6713085254195687579, 1.162740473580834433, 3.270833333333333925 ) ) ;
#129 = CARTESIAN_POINT ( 'NONE',  ( 1.748867050839136850, -3.485853088514790835E-16, -3.609375000000000888 ) ) ;
#130 = CARTESIAN_POINT ( 'NONE',  ( 0.6827077486082646640, -1.275785777499695017, -2.234420617564598643 ) ) ;
#131 = CARTESIAN_POINT ( 'NONE',  ( -0.6713085254195686469, -1.162740473580835543, -3.041666666666666963 ) ) ;
#132 = CARTESIAN_POINT ( 'NONE',  ( 1.006962788129353026, 0.5813702367904167723, -1.833333333333333481 ) ) ;
#133 = AXIS2_PLACEMENT_3D ( 'NONE', #4072, #2375, #803 ) ;
#134 = VECTOR ( 'NONE', #1374, 1000.000000000000114 ) ;
#135 = CARTESIAN_POINT ( 'NONE',  ( 1.342617050839136628, -2.903525806043269666E-16, -3.375000000000000444 ) ) ;
#136 = VECTOR ( 'NONE', #2283, 1000.000000000000000 ) ;
#137 = ORIENTED_EDGE ( 'NONE', *, *, #3456, .F. ) ;
#138 = CARTESIAN_POINT ( 'NONE',  ( 1.297499758525084257, 0.1543085085031875581, -3.445623457620918373 ) ) ;
#139 = LINE ( 'NONE', #3957, #1568 ) ;
#140 = CARTESIAN_POINT ( 'NONE',  ( -1.303290216309135996, -0.4571245975970293918, -2.719993526108365867 ) ) ;
#141 = VECTOR ( 'NONE', #1582, 1000.000000000000114 ) ;
#142 = CARTESIAN_POINT ( 'NONE',  ( -0.08080127018922669824, 0.04665063509461348651, -4.000000000000000000 ) ) ;
#143 = ADVANCED_FACE ( 'NONE', ( #628 ), #3200, .T. ) ;
#144 = ORIENTED_EDGE ( 'NONE', *, *, #5207, .F. ) ;
#145 = DIRECTION ( 'NONE',  ( 0.000000000000000000, 0.000000000000000000, 1.000000000000000000 ) ) ;
#146 = AXIS2_PLACEMENT_3D ( 'NONE', #142, #794, #1340 ) ;
#147 = CONICAL_SURFACE ( 'NONE', #5947, 1.394198729810780968, 0.1221730476396033355 ) ;
#148 = CARTESIAN_POINT ( 'NONE',  ( 1.475000000000007416, 0.1692640949063738687, 0.8799980085452153711 ) ) ;
#149 = ORIENTED_EDGE ( 'NONE', *, *, #3147, .F. ) ;
#150 = CARTESIAN_POINT ( 'NONE',  ( 1.475000000000007416, -0.09035811372578862743, 1.441696918235121361 ) ) ;
#151 = CARTESIAN_POINT ( 'NONE',  ( 0.4790027492810175480, -0.4790027492810093879, 6.362131038465223654 ) ) ;
#152 = CARTESIAN_POINT ( 'NONE',  ( 0.000000000000000000, 0.000000000000000000, -19.05000000000000071 ) ) ;
#153 = CARTESIAN_POINT ( 'NONE',  ( 1.378697978922181822, -0.4839313649119930671, -2.071370722987917024 ) ) ;
#154 = CARTESIAN_POINT ( 'NONE',  ( -0.7779006350946151560, 1.254062153034747773, -0.3864079609895879064 ) ) ;
#155 = DIRECTION ( 'NONE',  ( -1.000000000000000000, 0.000000000000000000, 0.000000000000000000 ) ) ;
#156 = UNCERTAINTY_MEASURE_WITH_UNIT (LENGTH_MEASURE( 1.000000000000000082E-05 ), #5736, 'distance_accuracy_value', 'NONE');
#157 = AXIS2_PLACEMENT_3D ( 'NONE', #2046, #4256, #6566 ) ;
#158 = ORIENTED_EDGE ( 'NONE', *, *, #6066, .F. ) ;
#159 = CARTESIAN_POINT ( 'NONE',  ( -1.216627604876194146, -0.4270231819995093381, -3.464919771416959282 ) ) ;
#160 = B_SPLINE_CURVE_WITH_KNOTS ( 'NONE', 3,
 ( #460, #425, #925, #3654, #2565, #5926, #7122, #5424, #6438, #888 ),
 .UNSPECIFIED., .F., .F.,
 ( 4, 2, 2, 2, 4 ),
 ( 7.453889935837842984E-20, 0.0003638230103348412620, 0.0007276460206696823071, 0.001091469031004523244, 0.001455292041339364181 ),
 .UNSPECIFIED. ) ;
#161 = VERTEX_POINT ( 'NONE', #4960 ) ;
#162 = CARTESIAN_POINT ( 'NONE',  ( -1.423946399209847929E-16, -1.162740473580835987, 1.999999999999999112 ) ) ;
#163 = LINE ( 'NONE', #6243, #2702 ) ;
#164 = EDGE_LOOP ( 'NONE', ( #1110, #5292, #5492, #5703 ) ) ;
#165 = CARTESIAN_POINT ( 'NONE',  ( 0.000000000000000000, 1.162740473580835321, -4.187499999999999112 ) ) ;
#166 = CARTESIAN_POINT ( 'NONE',  ( 0.000000000000000000, 1.162740473580834877, 4.249999999999998224 ) ) ;
#167 = CARTESIAN_POINT ( 'NONE',  ( -1.311650288129352582, 0.7572816469341320245, -1.869791666666666297 ) ) ;
#168 = CARTESIAN_POINT ( 'NONE',  ( 0.9807738445987274067, 1.118337879647051336, 0.007375491981503469290 ) ) ;
#169 = EDGE_CURVE ( 'NONE', #2910, #4032, #6100, .T. ) ;
#170 = EDGE_CURVE ( 'NONE', #561, #8, #5605, .T. ) ;
#171 = B_SPLINE_CURVE_WITH_KNOTS ( 'NONE', 3,
 ( #2946, #2398, #2508, #6832, #2984, #4057, #4605, #5217, #6258, #1809 ),
 .UNSPECIFIED., .F., .F.,
 ( 4, 2, 2, 2, 4 ),
 ( 3.909146525865938448E-19, 0.0003638230103348410452, 0.0007276460206696817650, 0.001091469031004522160, 0.001455292041339362880 ),
 .UNSPECIFIED. ) ;
#172 = TOROIDAL_SURFACE ( 'NONE', #2963, 2.400000000000000355, 0.5999999999999999778 ) ;
#173 = CARTESIAN_POINT ( 'NONE',  ( -1.156855823905075242, -0.1168332640969447223, 3.445873412263921409 ) ) ;
#174 = CARTESIAN_POINT ( 'NONE',  ( -0.8744335254195683138, 1.514563293868264049, -2.942708333333334370 ) ) ;
#175 = CARTESIAN_POINT ( 'NONE',  ( 0.9804069721108280566, 1.118711047843715001, 1.939172333390321024 ) ) ;
#176 = CARTESIAN_POINT ( 'NONE',  ( 1.342617050839136406, -7.493897907292380815E-16, 3.187500000000000000 ) ) ;
#177 = CARTESIAN_POINT ( 'NONE',  ( -0.6713085254195682028, 1.162740473580835543, -1.208333333333333925 ) ) ;
#178 = DIRECTION ( 'NONE',  ( 0.000000000000000000, 0.000000000000000000, 1.000000000000000000 ) ) ;
#179 = ORIENTED_EDGE ( 'NONE', *, *, #4076, .F. ) ;
#180 = CARTESIAN_POINT ( 'NONE',  ( 0.7858052121955997338, 1.052964448186968882, -3.386195717432439967 ) ) ;
#181 = CARTESIAN_POINT ( 'NONE',  ( 0.08080127018922669824, 0.04665063509461338936, -4.000000000000000000 ) ) ;
#182 = CARTESIAN_POINT ( 'NONE',  ( -1.342617050839136406, 8.658336664311091424E-17, -4.062499999999999112 ) ) ;
#183 = CARTESIAN_POINT ( 'NONE',  ( -0.6970993649053902619, -1.300712788129360753, 1.204176584743918532 ) ) ;
#184 = ORIENTED_EDGE ( 'NONE', *, *, #5922, .F. ) ;
#185 = CARTESIAN_POINT ( 'NONE',  ( 0.7779006350946156001, 1.254062153034747107, -0.4750099180772531793 ) ) ;
#186 = B_SPLINE_CURVE_WITH_KNOTS ( 'NONE', 3,
 ( #626, #1743, #562, #2884 ),
 .UNSPECIFIED., .F., .F.,
 ( 4, 4 ),
 ( 0.003633378778187809806, 0.004975574600634405896 ),
 .UNSPECIFIED. ) ;
#187 = CARTESIAN_POINT ( 'NONE',  ( -1.475000000000007638, 0.04665063509460930236, 2.691656748589413173 ) ) ;
#188 = ORIENTED_EDGE ( 'NONE', *, *, #1310, .T. ) ;
#189 = CARTESIAN_POINT ( 'NONE',  ( 1.475000000000007638, 0.04665063509461170321, -4.000000000000000000 ) ) ;
#190 = LINE ( 'NONE', #1820, #2722 ) ;
#191 = CARTESIAN_POINT ( 'NONE',  ( 0.1129656829382370276, -1.389119867267447406, -2.800904345690163666 ) ) ;
#192 = CARTESIAN_POINT ( 'NONE',  ( -0.1210772110230779464, -1.487502386269244470, 1.806625568550437988 ) ) ;
#193 = CARTESIAN_POINT ( 'NONE',  ( -0.6970993649053922603, -1.300712788129359865, 0.2041765847439187265 ) ) ;
#194 = DIRECTION ( 'NONE',  ( 0.7071067811865489050, 8.659560562354950115E-17, -0.7071067811865462405 ) ) ;
#195 = ORIENTED_EDGE ( 'NONE', *, *, #1683, .F. ) ;
#196 = DIRECTION ( 'NONE',  ( 0.000000000000000000, 0.000000000000000000, 1.000000000000000000 ) ) ;
#197 = ORIENTED_EDGE ( 'NONE', *, *, #6497, .T. ) ;
#198 = CARTESIAN_POINT ( 'NONE',  ( -1.162887550789289959, -0.8847305166241581365, 3.155851320776447810 ) ) ;
#199 = DIRECTION ( 'NONE',  ( -1.000000000000000000, 0.000000000000000000, 0.000000000000000000 ) ) ;
#200 = ORIENTED_EDGE ( 'NONE', *, *, #5140, .T. ) ;
#201 = CARTESIAN_POINT ( 'NONE',  ( -1.006962788129352360, 0.5813702367904177715, -3.604166666666666075 ) ) ;
#202 = CARTESIAN_POINT ( 'NONE',  ( -1.006962788129352582, 0.5813702367904173274, 2.833333333333332593 ) ) ;
#203 = B_SPLINE_CURVE_WITH_KNOTS ( 'NONE', 3,
 ( #1921, #2546, #1523, #5945, #1410, #7025, #4682, #3632, #6416, #294 ),
 .UNSPECIFIED., .F., .F.,
 ( 4, 2, 2, 2, 4 ),
 ( 0.000000000000000000, 0.0004068535042414623756, 0.0008137070084829247513, 0.001220560512724387127, 0.001627414016965849503 ),
 .UNSPECIFIED. ) ;
#204 = CARTESIAN_POINT ( 'NONE',  ( 1.311650288129352582, -0.7572816469341326906, -3.119791666666666519 ) ) ;
#205 = CARTESIAN_POINT ( 'NONE',  ( -1.475000000000007860, 0.04665063509460937174, 0.6916567485894139500 ) ) ;
#206 = CARTESIAN_POINT ( 'NONE',  ( -1.342617050839136406, -2.631592696425357211E-16, 0.9375000000000008882 ) ) ;
#207 = CARTESIAN_POINT ( 'NONE',  ( 1.311650288129353248, 0.7572816469341309142, -2.567708333333334370 ) ) ;
#208 = EDGE_CURVE ( 'NONE', #5700, #540, #6723, .T. ) ;
#209 = CARTESIAN_POINT ( 'NONE',  ( 1.152562564150564794, 0.9466126766718956365, 1.928321284096498278 ) ) ;
#210 = CARTESIAN_POINT ( 'NONE',  ( 1.342617050839136628, -2.553783169757622661E-16, -3.875000000000000000 ) ) ;
#211 = EDGE_CURVE ( 'NONE', #4408, #309, #1688, .T. ) ;
#212 = CARTESIAN_POINT ( 'NONE',  ( 0.6713085254195678697, -1.162740473580835987, -2.458333333333333481 ) ) ;
#213 = ORIENTED_EDGE ( 'NONE', *, *, #1268, .F. ) ;
#214 = CARTESIAN_POINT ( 'NONE',  ( 1.260973140748903765, 0.1507665578901051517, -3.743108886632347865 ) ) ;
#215 = EDGE_CURVE ( 'NONE', #6612, #5873, #6995, .T. ) ;
#216 = CARTESIAN_POINT ( 'NONE',  ( 0.2214240558170063877, -1.338046115759809140, -3.096912156381965708 ) ) ;
#217 = CARTESIAN_POINT ( 'NONE',  ( 1.006962788129352804, 0.5813702367904167723, -3.270833333333332593 ) ) ;
#218 = B_SPLINE_CURVE_WITH_KNOTS ( 'NONE', 3,
 ( #2488, #1469, #6389, #1430 ),
 .UNSPECIFIED., .F., .F.,
 ( 4, 4 ),
 ( 0.003633378778187810240, 0.004975574600634405896 ),
 .UNSPECIFIED. ) ;
#219 = CARTESIAN_POINT ( 'NONE',  ( 1.063083591629562230, 1.036050220293526003, -2.000000000000000000 ) ) ;
#220 = ORIENTED_EDGE ( 'NONE', *, *, #4199, .F. ) ;
#221 = DIRECTION ( 'NONE',  ( 0.000000000000000000, 0.000000000000000000, 1.000000000000000000 ) ) ;
#222 = DIRECTION ( 'NONE',  ( -0.02078751127481454422, -0.1045058763748859254, 0.9943069954385902465 ) ) ;
#223 = ORIENTED_EDGE ( 'NONE', *, *, #4391, .T. ) ;
#224 = CARTESIAN_POINT ( 'NONE',  ( -1.544354521968175575, -0.2538572652780249350, 6.195034570514510008 ) ) ;
#225 = DIRECTION ( 'NONE',  ( 1.000000000000000000, 0.000000000000000000, 0.000000000000000000 ) ) ;
#226 = DIRECTION ( 'NONE',  ( 0.000000000000000000, 0.000000000000000000, 1.000000000000000000 ) ) ;
#227 = CARTESIAN_POINT ( 'NONE',  ( 1.115481102915917289, -0.9573318031974876741, -1.604318676136216038 ) ) ;
#228 = CARTESIAN_POINT ( 'NONE',  ( 0.2435093434669692858, -1.471454798341267800, 1.761654617429831093 ) ) ;
#229 = PERSON_AND_ORGANIZATION ( #4244, #1182 ) ;
#230 = ORIENTED_EDGE ( 'NONE', *, *, #4696, .F. ) ;
#231 = DIRECTION ( 'NONE',  ( 0.000000000000000000, 0.000000000000000000, 1.000000000000000000 ) ) ;
#232 = ORIENTED_EDGE ( 'NONE', *, *, #35, .T. ) ;
#233 = CARTESIAN_POINT ( 'NONE',  ( 0.7779006350946136017, 1.254062153034748217, 2.524990081922746654 ) ) ;
#234 = CARTESIAN_POINT ( 'NONE',  ( 0.2114252856670538194, -1.281370446374906491, -3.563848840327865641 ) ) ;
#235 = ORIENTED_EDGE ( 'NONE', *, *, #4389, .T. ) ;
#236 = CARTESIAN_POINT ( 'NONE',  ( 1.342617050839136406, -4.695956817007209704E-16, -0.8124999999999994449 ) ) ;
#237 = CARTESIAN_POINT ( 'NONE',  ( -0.6970993649053902619, -1.300712788129360753, 0.7802587056770791119 ) ) ;
#238 = EDGE_CURVE ( 'NONE', #6927, #5589, #4941, .T. ) ;
#239 = CARTESIAN_POINT ( 'NONE',  ( 0.000000000000000000, 1.514563293868264049, -3.453124999999999556 ) ) ;
#240 = DIRECTION ( 'NONE',  ( 0.3805870524817698275, -0.9188184237650774966, 0.1045284632676536235 ) ) ;
#241 = CARTESIAN_POINT ( 'NONE',  ( -0.08080127018922518556, 0.04665063509461363223, -2.000000000000000000 ) ) ;
#242 = CARTESIAN_POINT ( 'NONE',  ( -0.6713085254195685359, -1.162740473580835765, 1.520833333333334147 ) ) ;
#243 = CARTESIAN_POINT ( 'NONE',  ( -1.854805089941841679E-16, -1.514563293868264271, -0.2343750000000010825 ) ) ;
#244 = CARTESIAN_POINT ( 'NONE',  ( -1.348776801269682579, 0.6388452785093691189, 1.651710430784212758 ) ) ;
#245 = CARTESIAN_POINT ( 'NONE',  ( 0.6713085254195689799, 1.162740473580835321, -3.291666666666666963 ) ) ;
#246 = CARTESIAN_POINT ( 'NONE',  ( -1.006962788129352582, 0.5813702367904176604, -1.166666666666666963 ) ) ;
#247 = ADVANCED_FACE ( 'NONE', ( #3871 ), #80, .T. ) ;
#248 = B_SPLINE_CURVE_WITH_KNOTS ( 'NONE', 3,
 ( #1038, #2683, #3264, #4306, #5314, #5459, #495, #4379, #387, #348 ),
 .UNSPECIFIED., .F., .F.,
 ( 4, 2, 2, 2, 4 ),
 ( 1.016439536705160407E-19, 0.0003638230103348401236, 0.0007276460206696799219, 0.001091469031004519774, 0.001455292041339359410 ),
 .UNSPECIFIED. ) ;
#249 = ORIENTED_EDGE ( 'NONE', *, *, #3243, .T. ) ;
#250 = CARTESIAN_POINT ( 'NONE',  ( -0.6970993649053902619, -1.300712788129360753, 1.204176584743918532 ) ) ;
#251 = CARTESIAN_POINT ( 'NONE',  ( -0.5745353022215369254, -1.327746075919518098, -2.308430612850269625 ) ) ;
#252 = B_SPLINE_CURVE_WITH_KNOTS ( 'NONE', 3,
 ( #6700, #105, #6769, #556, #3386, #6195, #2259, #2877, #1128, #3896 ),
 .UNSPECIFIED., .F., .F.,
 ( 4, 2, 2, 2, 4 ),
 ( 0.000000000000000000, 0.0003638230103348409367, 0.0007276460206696818735, 0.001091469031004523027, 0.001455292041339363530 ),
 .UNSPECIFIED. ) ;
#253 = CARTESIAN_POINT ( 'NONE',  ( 0.6970993649053937036, -1.300712788129358088, -1.217758705677079556 ) ) ;
#254 = DIRECTION ( 'NONE',  ( 0.000000000000000000, 0.000000000000000000, 1.000000000000000000 ) ) ;
#255 = EDGE_LOOP ( 'NONE', ( #1249, #2714, #1612, #3999, #4207 ) ) ;
#256 = CARTESIAN_POINT ( 'NONE',  ( -0.8840870061374968003, 1.192755423128870840, -1.453335324788119332 ) ) ;
#257 = EDGE_CURVE ( 'NONE', #3076, #1284, #6184, .T. ) ;
#258 = ADVANCED_FACE ( 'NONE', ( #6610 ), #3430, .T. ) ;
#259 = VECTOR ( 'NONE', #4373, 1000.000000000000000 ) ;
#260 = B_SPLINE_CURVE_WITH_KNOTS ( 'NONE', 3,
 ( #5758, #1337, #3053, #1372, #5720, #5680, #5148, #2906, #791, #250 ),
 .UNSPECIFIED., .F., .F.,
 ( 4, 2, 2, 2, 4 ),
 ( 2.168404344971008868E-19, 0.0003638230103348398525, 0.0007276460206696794882, 0.001091469031004519124, 0.001455292041339358760 ),
 .UNSPECIFIED. ) ;
#261 = CARTESIAN_POINT ( 'NONE',  ( -1.475000000000006750, -0.09007440577179881558, 2.701865126570720754 ) ) ;
#262 = VERTEX_POINT ( 'NONE', #564 ) ;
#263 = CARTESIAN_POINT ( 'NONE',  ( 0.1210772110230694532, -1.487502386269244914, -1.244125568550439320 ) ) ;
#264 =( GEOMETRIC_REPRESENTATION_CONTEXT ( 3 ) GLOBAL_UNCERTAINTY_ASSIGNED_CONTEXT ( ( #156 ) ) GLOBAL_UNIT_ASSIGNED_CONTEXT ( ( #5736, #630, #1277 ) ) REPRESENTATION_CONTEXT ( 'NONE', 'WORKASPACE' ) );
#265 = CARTESIAN_POINT ( 'NONE',  ( 0.1177436471014850078, 0.9495842026457554930, 4.899999999999999467 ) ) ;
#266 = CARTESIAN_POINT ( 'NONE',  ( -0.2293233271244262128, -1.392232277469939605, -2.652818729355632232 ) ) ;
#267 = CARTESIAN_POINT ( 'NONE',  ( 0.2041935090398562802, -1.244171991650053988, -3.871086200180126280 ) ) ;
#268 = CARTESIAN_POINT ( 'NONE',  ( -1.152121818957302812, 0.9470596902539504258, -0.9295218095508409606 ) ) ;
#269 = AXIS2_PLACEMENT_3D ( 'NONE', #4042, #2379, #4587 ) ;
#270 = ORIENTED_EDGE ( 'NONE', *, *, #308, .T. ) ;
#271 = CARTESIAN_POINT ( 'NONE',  ( -1.475000000000007638, 0.04665063509461159219, -1.384425372343746075 ) ) ;
#272 = VECTOR ( 'NONE', #2993, 1000.000000000000000 ) ;
#273 = B_SPLINE_CURVE_WITH_KNOTS ( 'NONE', 3,
 ( #1977, #4771, #2563, #4186, #5741, #2451, #5201, #1471, #1320, #3652 ),
 .UNSPECIFIED., .F., .F.,
 ( 4, 2, 2, 2, 4 ),
 ( 7.818293051731876896E-19, 0.0003988691742672181070, 0.0007977383485344354550, 0.001196607522801652803, 0.001595476697068870259 ),
 .UNSPECIFIED. ) ;
#274 = ORIENTED_EDGE ( 'NONE', *, *, #2216, .F. ) ;
#275 = DIRECTION ( 'NONE',  ( -1.031911368222558397E-14, 0.9945218953682734009, 0.1045284632676538039 ) ) ;
#276 = CARTESIAN_POINT ( 'NONE',  ( -1.358095587167440721, 0.04665063509461363916, -2.952110037067381842 ) ) ;
#277 = ORIENTED_EDGE ( 'NONE', *, *, #926, .T. ) ;
#278 = AXIS2_PLACEMENT_3D ( 'NONE', #3298, #4958, #6474 ) ;
#279 = CARTESIAN_POINT ( 'NONE',  ( 0.6713085254195677587, -1.162740473580835765, 0.1041666666666673374 ) ) ;
#280 = CARTESIAN_POINT ( 'NONE',  ( 0.7238622066967870250, -1.100200390037111564, -3.305273305107657933 ) ) ;
#281 = CARTESIAN_POINT ( 'NONE',  ( -0.8744335254195688689, -1.514563293868263605, -0.2447916666666666019 ) ) ;
#282 = DIRECTION ( 'NONE',  ( 1.000000000000000000, 0.000000000000000000, 0.000000000000000000 ) ) ;
#283 = B_SPLINE_CURVE_WITH_KNOTS ( 'NONE', 3,
 ( #5722, #5183, #1776, #1811, #683, #3422, #757, #721, #6157, #2399 ),
 .UNSPECIFIED., .F., .F.,
 ( 4, 2, 2, 2, 4 ),
 ( 3.909146525865938448E-19, 0.0003638230103348411536, 0.0007276460206696819819, 0.001091469031004522810, 0.001455292041339363530 ),
 .UNSPECIFIED. ) ;
#284 = CARTESIAN_POINT ( 'NONE',  ( -0.7779006350946150450, 1.254062153034747551, 0.03750991807725207600 ) ) ;
#285 = CARTESIAN_POINT ( 'NONE',  ( -0.6713085254195680918, 1.162740473580834877, 1.854166666666666963 ) ) ;
#286 = CARTESIAN_POINT ( 'NONE',  ( -1.748867050839136850, -1.825433988768299832E-16, 0.1406249999999992506 ) ) ;
#287 = CARTESIAN_POINT ( 'NONE',  ( -9.144455000759798487E-16, -0.09330127018922626525, -4.000000000000000000 ) ) ;
#288 = CONICAL_SURFACE ( 'NONE', #6182, 1.620000000000001661, 0.2617993877991500740 ) ;
#289 = CARTESIAN_POINT ( 'NONE',  ( -0.6713085254195680918, 1.162740473580834877, 3.854166666666666519 ) ) ;
#290 = CARTESIAN_POINT ( 'NONE',  ( -1.006962788129352804, -0.5813702367904178825, 0.9166666666666662966 ) ) ;
#291 = ADVANCED_FACE ( 'NONE', ( #5627 ), #2495, .F. ) ;
#292 = VERTEX_POINT ( 'NONE', #13 ) ;
#293 = FACE_OUTER_BOUND ( 'NONE', #1354, .T. ) ;
#294 = CARTESIAN_POINT ( 'NONE',  ( -0.6970993649053922603, -1.300712788129359865, -0.2197412943229214155 ) ) ;
#295 = CARTESIAN_POINT ( 'NONE',  ( -1.006962788129352360, 0.5813702367904176604, -3.104166666666666075 ) ) ;
#296 = CARTESIAN_POINT ( 'NONE',  ( 1.383984305464531328, 0.5207565467625366873, -2.103452803842087881 ) ) ;
#297 = ORIENTED_EDGE ( 'NONE', *, *, #1501, .F. ) ;
#298 = CARTESIAN_POINT ( 'NONE',  ( 0.8157524219245783081, -1.232208413719159124, 2.287469748431544048 ) ) ;
#299 = LINE ( 'NONE', #4034, #6398 ) ;
#300 = ORIENTED_EDGE ( 'NONE', *, *, #1683, .T. ) ;
#301 = CARTESIAN_POINT ( 'NONE',  ( -0.1221977798288937517, 1.300004761534974573, -3.322526395162330282 ) ) ;
#302 = FACE_OUTER_BOUND ( 'NONE', #2838, .T. ) ;
#303 = CARTESIAN_POINT ( 'NONE',  ( -0.1177436471014827596, -1.873546810843143633E-15, 4.899999999999999467 ) ) ;
#304 = CARTESIAN_POINT ( 'NONE',  ( 0.000000000000000000, 0.000000000000000000, 4.359999999999999432 ) ) ;
#305 = CARTESIAN_POINT ( 'NONE',  ( -1.267604191173974160, 0.04665063509461362529, -3.689103314789204280 ) ) ;
#306 = CARTESIAN_POINT ( 'NONE',  ( 0.4786287008715560121, -1.408412867817214531, 1.772505666723653839 ) ) ;
#307 = ADVANCED_FACE ( 'NONE', ( #662 ), #5721, .T. ) ;
#308 = EDGE_CURVE ( 'NONE', #3901, #3135, #5685, .T. ) ;
#309 = VERTEX_POINT ( 'NONE', #693 ) ;
#310 = LINE ( 'NONE', #5807, #5820 ) ;
#311 = ORIENTED_EDGE ( 'NONE', *, *, #5932, .F. ) ;
#312 = CARTESIAN_POINT ( 'NONE',  ( 1.221702694992093464E-15, -0.1177436471014854935, 4.899999999999999467 ) ) ;
#313 = CARTESIAN_POINT ( 'NONE',  ( -0.5344704030327201982, 1.374150139869406706, 1.517766748689355349 ) ) ;
#314 = ORIENTED_EDGE ( 'NONE', *, *, #6042, .T. ) ;
#315 = CARTESIAN_POINT ( 'NONE',  ( -1.006962788129352360, 0.5813702367904175494, -0.6041666666666660745 ) ) ;
#316 = DIRECTION ( 'NONE',  ( 0.9188184237650788289, 0.3805870524817666634, 0.1045284632676537762 ) ) ;
#317 = CARTESIAN_POINT ( 'NONE',  ( -1.311650288129352582, 0.7572816469341319134, 0.1302083333333337312 ) ) ;
#318 = CARTESIAN_POINT ( 'NONE',  ( -0.2638406249144178428, 1.398120592185520428, -2.382605094633980070 ) ) ;
#319 = CARTESIAN_POINT ( 'NONE',  ( 1.006962788129352360, -0.5813702367904183266, -3.916666666666667407 ) ) ;
#320 = ORIENTED_EDGE ( 'NONE', *, *, #3866, .F. ) ;
#321 = CARTESIAN_POINT ( 'NONE',  ( 1.342617050839136406, -8.193383179863674825E-16, 4.187500000000001776 ) ) ;
#322 = CARTESIAN_POINT ( 'NONE',  ( -0.8843080402126985984, 1.192627809046053367, -1.881719112270016092 ) ) ;
#323 = CARTESIAN_POINT ( 'NONE',  ( -1.854805089941841679E-16, -1.514563293868264271, 0.7656249999999988898 ) ) ;
#324 = CARTESIAN_POINT ( 'NONE',  ( 1.396071907617525421, 0.5248421216693841540, 1.967512049236834981 ) ) ;
#325 = CARTESIAN_POINT ( 'NONE',  ( -0.6713085254195682028, 1.162740473580835543, -2.208333333333333925 ) ) ;
#326 = CARTESIAN_POINT ( 'NONE',  ( -0.6713085254195682028, 1.162740473580835543, -0.7083333333333339255 ) ) ;
#327 = ORIENTED_EDGE ( 'NONE', *, *, #923, .F. ) ;
#328 = CARTESIAN_POINT ( 'NONE',  ( -0.6970993649053922603, -1.300712788129359643, -1.795823415256081024 ) ) ;
#329 = CARTESIAN_POINT ( 'NONE',  ( -1.333822933433428837, -0.6148934597293373994, -0.8544039081422001303 ) ) ;
#330 = CARTESIAN_POINT ( 'NONE',  ( 0.6713085254195687579, 1.162740473580834877, -2.229166666666666519 ) ) ;
#331 = CARTESIAN_POINT ( 'NONE',  ( 0.6970993649053929264, -1.300712788129358088, -4.000000000000000000 ) ) ;
#332 = ORIENTED_EDGE ( 'NONE', *, *, #2264, .F. ) ;
#333 = CARTESIAN_POINT ( 'NONE',  ( 0.6970993649053937036, -1.300712788129358088, 2.282241294322920222 ) ) ;
#334 = CARTESIAN_POINT ( 'NONE',  ( -0.9804069721108277236, 1.118711047843715667, 2.123327666609677422 ) ) ;
#335 = VERTEX_POINT ( 'NONE', #6311 ) ;
#336 = CARTESIAN_POINT ( 'NONE',  ( -0.1177436471014850772, -1.212372092318233063, 4.899999999999999467 ) ) ;
#337 = CARTESIAN_POINT ( 'NONE',  ( 1.458895936088133505, 0.2902061249663108189, -0.1115421586481702976 ) ) ;
#338 = CARTESIAN_POINT ( 'NONE',  ( 0.6889753357071431994, -1.286641556795815822, -2.132329816363057073 ) ) ;
#339 = CARTESIAN_POINT ( 'NONE',  ( 0.7779006350946136017, 1.254062153034748217, 0.9489079609895869627 ) ) ;
#340 = CARTESIAN_POINT ( 'NONE',  ( 1.475000000000007860, 0.04665063509461178648, -1.053074627656254370 ) ) ;
#341 = CARTESIAN_POINT ( 'NONE',  ( 0.7779006350946136017, 1.254062153034748217, 0.5249900819227473203 ) ) ;
#342 = ORIENTED_EDGE ( 'NONE', *, *, #6989, .F. ) ;
#343 = CARTESIAN_POINT ( 'NONE',  ( -0.5122351659028866466, 1.314035084483826221, -2.518940358930469525 ) ) ;
#344 = ADVANCED_FACE ( 'NONE', ( #1854 ), #6271, .T. ) ;
#345 = ORIENTED_EDGE ( 'NONE', *, *, #169, .F. ) ;
#346 = CARTESIAN_POINT ( 'NONE',  ( 0.2538572652780414773, -1.544354521968173577, 6.195034570514510008 ) ) ;
#347 = CARTESIAN_POINT ( 'NONE',  ( -0.7779006350946143789, 1.254062153034747995, -4.000000000000000000 ) ) ;
#348 = CARTESIAN_POINT ( 'NONE',  ( -0.7779006350946131576, 1.254062153034748661, 0.5375099180772522356 ) ) ;
#349 = CARTESIAN_POINT ( 'NONE',  ( 1.006962788129352138, -0.5813702367904185486, 0.1458333333333337589 ) ) ;
#350 = CARTESIAN_POINT ( 'NONE',  ( -1.036007179204376965E-16, 1.957402334920955190E-16, 4.899999999999999467 ) ) ;
#351 = ADVANCED_BREP_SHAPE_REPRESENTATION ( '94209A356_Thread-Forming Screws for Soft Metal', ( #2804, #6734 ), #264 ) ;
#352 = CARTESIAN_POINT ( 'NONE',  ( 0.000000000000000000, 1.514563293868263605, 1.046875000000000000 ) ) ;
#353 = DIRECTION ( 'NONE',  ( 0.000000000000000000, 0.000000000000000000, 1.000000000000000000 ) ) ;
#354 = EDGE_CURVE ( 'NONE', #6783, #4957, #2917, .T. ) ;
#355 = CARTESIAN_POINT ( 'NONE',  ( 0.6713085254195678697, -1.162740473580835765, -2.958333333333333481 ) ) ;
#356 = ORIENTED_EDGE ( 'NONE', *, *, #1595, .F. ) ;
#357 = CARTESIAN_POINT ( 'NONE',  ( -1.475000000000008082, 0.1695193230720015709, 0.1108857789366817226 ) ) ;
#358 = CARTESIAN_POINT ( 'NONE',  ( 1.475000000000007638, 0.04665063509461381958, -0.05307462765625430012 ) ) ;
#359 = CARTESIAN_POINT ( 'NONE',  ( 0.8744335254195692020, 1.514563293868263161, -0.02604166666666813887 ) ) ;
#360 = DIRECTION ( 'NONE',  ( 3.374404404727124495E-15, -0.9945218953682734009, 0.1045284632676536096 ) ) ;
#361 = CARTESIAN_POINT ( 'NONE',  ( 0.6713085254195678697, -1.162740473580835987, -1.458333333333333703 ) ) ;
#362 = CARTESIAN_POINT ( 'NONE',  ( 1.342617050839136628, -6.400952168899735280E-16, 1.624999999999999778 ) ) ;
#363 = ORIENTED_EDGE ( 'NONE', *, *, #1633, .F. ) ;
#364 = CARTESIAN_POINT ( 'NONE',  ( 0.000000000000000000, 1.162740473580835321, -3.687499999999999556 ) ) ;
#365 = DIRECTION ( 'NONE',  ( 1.000000000000000000, 0.000000000000000000, 0.000000000000000000 ) ) ;
#366 = CARTESIAN_POINT ( 'NONE',  ( 0.000000000000000000, 1.162740473580835099, -1.187499999999999334 ) ) ;
#367 = CARTESIAN_POINT ( 'NONE',  ( 1.433933713982423974, 0.4128830375879505854, -2.035470063484796199 ) ) ;
#368 = VERTEX_POINT ( 'NONE', #2483 ) ;
#369 = CARTESIAN_POINT ( 'NONE',  ( 0.6970993649053919272, -1.300712788129358977, -1.717758705677080444 ) ) ;
#370 = CARTESIAN_POINT ( 'NONE',  ( -0.8843080402127019291, 1.192627809046050702, 2.118280887729984130 ) ) ;
#371 = ORIENTED_EDGE ( 'NONE', *, *, #923, .T. ) ;
#372 = CARTESIAN_POINT ( 'NONE',  ( -0.4786287008715485736, -1.408412867817217640, -0.7100056667236552821 ) ) ;
#373 = ADVANCED_FACE ( 'NONE', ( #3565, #3494 ), #4617, .T. ) ;
#374 = CARTESIAN_POINT ( 'NONE',  ( 1.152121818957299926, 0.9470596902539532014, 1.492021809550840183 ) ) ;
#375 = DIRECTION ( 'NONE',  ( 0.000000000000000000, 0.000000000000000000, 1.000000000000000000 ) ) ;
#376 = DIRECTION ( 'NONE',  ( 1.000000000000000000, 0.000000000000000000, 0.000000000000000000 ) ) ;
#377 = DIRECTION ( 'NONE',  ( 0.000000000000000000, 0.000000000000000000, 1.000000000000000000 ) ) ;
#378 = CARTESIAN_POINT ( 'NONE',  ( -1.475000000000007638, 0.04665063509461160607, -1.808343251410586383 ) ) ;
#379 = ADVANCED_FACE ( 'NONE', ( #768 ), #1208, .T. ) ;
#380 = VERTEX_POINT ( 'NONE', #6202 ) ;
#381 = CARTESIAN_POINT ( 'NONE',  ( -1.456819914017537076, -0.2262501026587150910, -1.373376151700345771 ) ) ;
#382 = VECTOR ( 'NONE', #5417, 1000.000000000000000 ) ;
#383 = ORIENTED_EDGE ( 'NONE', *, *, #1280, .F. ) ;
#384 = CARTESIAN_POINT ( 'NONE',  ( -0.5818846813168232490, 0.2410245267385729973, 6.399999999999999467 ) ) ;
#385 = EDGE_CURVE ( 'NONE', #2883, #3594, #5960, .T. ) ;
#386 = DIRECTION ( 'NONE',  ( 0.000000000000000000, -0.9945218953682734009, 0.1045284632676537068 ) ) ;
#387 = CARTESIAN_POINT ( 'NONE',  ( -0.8840870061374969113, 1.192755423128870396, 0.5466646752118817787 ) ) ;
#388 = VECTOR ( 'NONE', #688, 1000.000000000000000 ) ;
#389 = CARTESIAN_POINT ( 'NONE',  ( -1.423946399209847682E-16, -1.162740473580835543, -1.437499999999999556 ) ) ;
#390 = CARTESIAN_POINT ( 'NONE',  ( 0.000000000000000000, -0.3594338027113289091, 0.3599598331444175403 ) ) ;
#391 = AXIS2_PLACEMENT_3D ( 'NONE', #5423, #386, #7008 ) ;
#392 = CARTESIAN_POINT ( 'NONE',  ( 1.311650288129353248, 0.7572816469341306922, 0.4635416666666667962 ) ) ;
#393 = DIRECTION ( 'NONE',  ( 0.000000000000000000, 0.000000000000000000, 1.000000000000000000 ) ) ;
#394 = CARTESIAN_POINT ( 'NONE',  ( -1.475000000000007638, 0.04665063509460933011, 2.115574627656253703 ) ) ;
#395 = AXIS2_PLACEMENT_3D ( 'NONE', #4152, #6354, #846 ) ;
#396 = VERTEX_POINT ( 'NONE', #4144 ) ;
#397 = CARTESIAN_POINT ( 'NONE',  ( -0.6970993649053922603, -1.300712788129359865, -0.2197412943229214155 ) ) ;
#398 = CARTESIAN_POINT ( 'NONE',  ( -0.2713331099618211950, 1.444700874165414817, 0.5001520094695488527 ) ) ;
#399 = CARTESIAN_POINT ( 'NONE',  ( 1.311650288129352582, -0.7572816469341329126, 1.348958333333332149 ) ) ;
#400 = DIRECTION ( 'NONE',  ( 0.000000000000000000, 0.000000000000000000, 1.000000000000000000 ) ) ;
#401 = CARTESIAN_POINT ( 'NONE',  ( -0.6713085254195682028, 1.162740473580835543, -0.7083333333333339255 ) ) ;
#402 = EDGE_CURVE ( 'NONE', #4195, #1052, #4319, .T. ) ;
#403 = CARTESIAN_POINT ( 'NONE',  ( 0.6713085254195678697, -1.162740473580835987, 0.04166666666666641455 ) ) ;
#404 = EDGE_CURVE ( 'NONE', #3228, #637, #1975, .T. ) ;
#405 = CARTESIAN_POINT ( 'NONE',  ( 1.006962788129352138, -0.5813702367904183266, -3.354166666666666075 ) ) ;
#406 = CARTESIAN_POINT ( 'NONE',  ( 0.5785139101486846958, -1.335229580671587479, -2.239446294904089196 ) ) ;
#407 = CARTESIAN_POINT ( 'NONE',  ( 0.000000000000000000, 1.162740473580835099, -0.6874999999999993339 ) ) ;
#408 = CARTESIAN_POINT ( 'NONE',  ( -0.9228137282244852635, -1.149940016531945997, 0.6844334153560214240 ) ) ;
#409 = ORIENTED_EDGE ( 'NONE', *, *, #1017, .T. ) ;
#410 = CARTESIAN_POINT ( 'NONE',  ( 1.475000000000008304, 0.1692640949063740630, -1.620001991454784740 ) ) ;
#411 = AXIS2_PLACEMENT_3D ( 'NONE', #152, #6742, #839 ) ;
#412 = CARTESIAN_POINT ( 'NONE',  ( 0.2715616379965398730, 1.444556979311148348, 1.972283090233755809 ) ) ;
#413 = ORIENTED_EDGE ( 'NONE', *, *, #3116, .F. ) ;
#414 = CARTESIAN_POINT ( 'NONE',  ( 0.8840870061374979105, 1.192755423128870396, 0.5158353247881175552 ) ) ;
#415 = CARTESIAN_POINT ( 'NONE',  ( 0.6002224707709832296, 1.197021978296181288, -3.125852643892517158 ) ) ;
#416 = CARTESIAN_POINT ( 'NONE',  ( -1.475000000000007416, -0.09035811372578543554, -1.879196918235122249 ) ) ;
#417 = CARTESIAN_POINT ( 'NONE',  ( 0.1343981099701961612, 1.462571274368298146, 0.9789294251911336842 ) ) ;
#418 = LINE ( 'NONE', #7002, #6964 ) ;
#419 = CARTESIAN_POINT ( 'NONE',  ( -1.199424823463224099, -0.8476778146389610802, -1.749762758524467499 ) ) ;
#420 = ORIENTED_EDGE ( 'NONE', *, *, #1140, .F. ) ;
#421 = CARTESIAN_POINT ( 'NONE',  ( -3.000000000000000000, 3.673940397442059868E-16, 4.359999999999999432 ) ) ;
#422 = ORIENTED_EDGE ( 'NONE', *, *, #2068, .T. ) ;
#423 = DIRECTION ( 'NONE',  ( 0.000000000000000000, 0.000000000000000000, 1.000000000000000000 ) ) ;
#424 = CARTESIAN_POINT ( 'NONE',  ( -0.08080127018922669824, 0.04665063509461348651, -4.000000000000000000 ) ) ;
#425 = CARTESIAN_POINT ( 'NONE',  ( -1.475000000000008304, 0.1695193230720016542, 2.110885778936682389 ) ) ;
#426 = CARTESIAN_POINT ( 'NONE',  ( 1.342617050839136406, -7.144155271006735782E-16, 2.687500000000000444 ) ) ;
#427 = LINE ( 'NONE', #2648, #836 ) ;
#428 = CARTESIAN_POINT ( 'NONE',  ( 1.311650288129352582, -0.7572816469341329126, 0.3802083333333339810 ) ) ;
#429 = PRODUCT_DEFINITION_FORMATION_WITH_SPECIFIED_SOURCE ( 'ANY', '', #771, .NOT_KNOWN. ) ;
#430 = CARTESIAN_POINT ( 'NONE',  ( -0.7557524410520753966, 1.215700355657176157, -2.360765130072885576 ) ) ;
#431 = B_SPLINE_CURVE_WITH_KNOTS ( 'NONE', 3,
 ( #2518, #415, #4257, #875, #3102, #4762, #4841, #2118, #7036, #4295 ),
 .UNSPECIFIED., .F., .F.,
 ( 4, 2, 2, 2, 4 ),
 ( 3.909146525865938448E-19, 0.0003715231073468307113, 0.0007430462146936610973, 0.001114569322040491429, 0.001486092429387321761 ),
 .UNSPECIFIED. ) ;
#432 = CARTESIAN_POINT ( 'NONE',  ( 1.342617050839136628, -4.302496351185856207E-16, -1.375000000000000444 ) ) ;
#433 = CARTESIAN_POINT ( 'NONE',  ( -1.475000000000007638, 0.04665063509461100932, -4.000000000000000000 ) ) ;
#434 = CARTESIAN_POINT ( 'NONE',  ( -1.249219532351853346, -0.4374474737656717793, -3.186933327469772426 ) ) ;
#435 = CARTESIAN_POINT ( 'NONE',  ( 1.311650288129352582, -0.7572816469341330237, 1.848958333333331705 ) ) ;
#436 = DIRECTION ( 'NONE',  ( 0.000000000000000000, 0.000000000000000000, 1.000000000000000000 ) ) ;
#437 = CARTESIAN_POINT ( 'NONE',  ( 1.342617050839136628, -3.952753714900209695E-16, -1.875000000000000444 ) ) ;
#438 = CARTESIAN_POINT ( 'NONE',  ( 1.006962788129353026, 0.5813702367904165502, 1.666666666666666075 ) ) ;
#439 = EDGE_CURVE ( 'NONE', #1284, #831, #5340, .T. ) ;
#440 = CARTESIAN_POINT ( 'NONE',  ( 0.000000000000000000, 1.162740473580835321, -2.687499999999999556 ) ) ;
#441 = FACE_OUTER_BOUND ( 'NONE', #6745, .T. ) ;
#442 = CARTESIAN_POINT ( 'NONE',  ( 0.6713085254195677587, -1.162740473580835765, -0.3958333333333327042 ) ) ;
#443 = CARTESIAN_POINT ( 'NONE',  ( -1.475000000000007638, 0.04665063509461100932, 3.132876347609697021 ) ) ;
#444 = EDGE_LOOP ( 'NONE', ( #1530, #5085, #3269, #6961 ) ) ;
#445 = CARTESIAN_POINT ( 'NONE',  ( 1.475000000000007638, 0.04665063509461413876, -1.629156748589414061 ) ) ;
#446 = CARTESIAN_POINT ( 'NONE',  ( 1.475000000000008082, 0.04665063509461175179, -0.6291567485894145051 ) ) ;
#447 = ADVANCED_FACE ( 'NONE', ( #3719 ), #2049, .T. ) ;
#448 = ORIENTED_EDGE ( 'NONE', *, *, #3939, .F. ) ;
#449 = CARTESIAN_POINT ( 'NONE',  ( -1.475000000000007638, 0.04665063509460933011, 2.115574627656253703 ) ) ;
#450 = CARTESIAN_POINT ( 'NONE',  ( 0.6970993649053937036, -1.300712788129357866, 1.782241294322919778 ) ) ;
#451 = CARTESIAN_POINT ( 'NONE',  ( -0.7779006350946133796, 1.254062153034748661, 0.6135920390104117050 ) ) ;
#452 = CARTESIAN_POINT ( 'NONE',  ( -1.166290646080349935, -0.03887566175311455569, 3.442323239763930065 ) ) ;
#453 = CARTESIAN_POINT ( 'NONE',  ( 1.475000000000007638, 0.04665063509460950358, 2.946925372343745853 ) ) ;
#454 = CARTESIAN_POINT ( 'NONE',  ( -0.3594338027113287981, -3.334930561129520070E-15, 0.3599598331444174848 ) ) ;
#455 = VERTEX_POINT ( 'NONE', #2598 ) ;
#456 = CARTESIAN_POINT ( 'NONE',  ( -0.6970993649053902619, -1.300712788129360753, 0.7802587056770791119 ) ) ;
#457 = ORIENTED_EDGE ( 'NONE', *, *, #1269, .T. ) ;
#458 = CARTESIAN_POINT ( 'NONE',  ( 1.333822933433424396, -0.6148934597293460591, 2.916903908142200130 ) ) ;
#459 = CARTESIAN_POINT ( 'NONE',  ( -1.475000000000008082, 0.1695193230720013211, 3.110885778936681056 ) ) ;
#460 = CARTESIAN_POINT ( 'NONE',  ( -1.475000000000007638, 0.04665063509460933011, 2.115574627656253703 ) ) ;
#461 = CARTESIAN_POINT ( 'NONE',  ( -1.006962788129352360, 0.5813702367904173274, 1.395833333333333925 ) ) ;
#462 = CONICAL_SURFACE ( 'NONE', #5582, 1.394198729810780968, 0.1221730476396033355 ) ;
#463 = CARTESIAN_POINT ( 'NONE',  ( 0.8744335254195679807, -1.514563293868264937, 1.838541666666667407 ) ) ;
#464 = CARTESIAN_POINT ( 'NONE',  ( -1.115481102915917733, -0.9573318031974874520, -0.3331813238637841290 ) ) ;
#465 = CARTESIAN_POINT ( 'NONE',  ( -0.6713085254195686469, -1.162740473580835765, -0.5416666666666672958 ) ) ;
#466 = CARTESIAN_POINT ( 'NONE',  ( -1.290924796358799753, -0.5956726574751379788, -2.381417941375012504 ) ) ;
#467 = CARTESIAN_POINT ( 'NONE',  ( -1.396238660138792609, 0.5242369183443870151, -1.841311523782492632 ) ) ;
#468 = CARTESIAN_POINT ( 'NONE',  ( 0.000000000000000000, 1.514563293868263383, 4.015624999999999112 ) ) ;
#469 = EDGE_CURVE ( 'NONE', #6117, #831, #1788, .T. ) ;
#470 = CARTESIAN_POINT ( 'NONE',  ( -1.299560760765125389, 0.6154387540460664052, -2.442124892953565496 ) ) ;
#471 = CARTESIAN_POINT ( 'NONE',  ( -1.342617050839136628, -1.538646958032709950E-16, -0.6250000000000005551 ) ) ;
#472 = CARTESIAN_POINT ( 'NONE',  ( -1.423946399209847929E-16, -1.162740473580836209, 3.499999999999999556 ) ) ;
#473 = CARTESIAN_POINT ( 'NONE',  ( -1.342617050839136406, -1.833942424258306712E-17, -2.562499999999999556 ) ) ;
#474 = CARTESIAN_POINT ( 'NONE',  ( 0.7779006350946136017, 1.254062153034748217, 2.524990081922746654 ) ) ;
#475 = CARTESIAN_POINT ( 'NONE',  ( -1.006962788129352582, -0.5813702367904177715, -0.02083333333333277360 ) ) ;
#476 = CARTESIAN_POINT ( 'NONE',  ( -2.400000000000000355, 0.000000000000000000, 5.246254526119613182 ) ) ;
#477 = ORIENTED_EDGE ( 'NONE', *, *, #1140, .T. ) ;
#478 = CARTESIAN_POINT ( 'NONE',  ( 0.7414788750331250400, 1.190977814107165411, -2.593262862914678113 ) ) ;
#479 = ADVANCED_FACE ( 'NONE', ( #1029 ), #3142, .T. ) ;
#480 = CARTESIAN_POINT ( 'NONE',  ( 1.396071907617525198, 0.5248421216693837099, 0.9675120492368343150 ) ) ;
#481 = VERTEX_POINT ( 'NONE', #2636 ) ;
#482 = CARTESIAN_POINT ( 'NONE',  ( 1.475000000000007860, 0.04665063509460954522, 1.870843251410585273 ) ) ;
#483 = CYLINDRICAL_SURFACE ( 'NONE', #6873, 1.555801270189232755 ) ;
#484 = FACE_OUTER_BOUND ( 'NONE', #1357, .T. ) ;
#485 = CARTESIAN_POINT ( 'NONE',  ( -0.1343981099702048210, 1.462571274368298369, -0.9164294251911339062 ) ) ;
#486 = CARTESIAN_POINT ( 'NONE',  ( 1.223451089076923903, -0.1820061088757524426, -3.927059266166371021 ) ) ;
#487 = CARTESIAN_POINT ( 'NONE',  ( -1.150193836414304283, -0.5285748464791222290, -3.646401168296508288 ) ) ;
#488 = EDGE_LOOP ( 'NONE', ( #3465, #4105, #910, #1144 ) ) ;
#489 = CARTESIAN_POINT ( 'NONE',  ( 1.386803860295836577, -0.4870992124572561810, -1.076449756900423216 ) ) ;
#490 = EDGE_CURVE ( 'NONE', #161, #3122, #4687, .T. ) ;
#491 = ADVANCED_FACE ( 'NONE', ( #4335 ), #4259, .T. ) ;
#492 = ORIENTED_EDGE ( 'NONE', *, *, #6066, .T. ) ;
#493 = DIRECTION ( 'NONE',  ( 1.000000000000000000, 0.000000000000000000, 0.000000000000000000 ) ) ;
#494 = CARTESIAN_POINT ( 'NONE',  ( -1.108613885844307756, 4.336808689942017736E-16, 3.499999999999999556 ) ) ;
#495 = CARTESIAN_POINT ( 'NONE',  ( -1.152121818957296817, 0.9470596902539569761, 0.5704781904491585953 ) ) ;
#496 = CARTESIAN_POINT ( 'NONE',  ( 0.6713085254195677587, -1.162740473580835987, 2.104166666666667407 ) ) ;
#497 = CIRCLE ( 'NONE', #3390, 1.218076211353316562 ) ;
#498 = CARTESIAN_POINT ( 'NONE',  ( 0.8744335254195692020, 1.514563293868263161, 3.005208333333333925 ) ) ;
#499 = VECTOR ( 'NONE', #4474, 999.9999999999998863 ) ;
#500 = AXIS2_PLACEMENT_3D ( 'NONE', #1483, #3702, #3163 ) ;
#501 = CARTESIAN_POINT ( 'NONE',  ( -1.342617050839136628, -1.538646958032709950E-16, -0.6250000000000005551 ) ) ;
#502 = CARTESIAN_POINT ( 'NONE',  ( -0.2653952719993368237, 1.219350852102159433, 3.371474397046656524 ) ) ;
#503 = ORIENTED_EDGE ( 'NONE', *, *, #575, .T. ) ;
#504 = DIRECTION ( 'NONE',  ( -0.9238795325112849621, -0.3826834323650941116, 0.000000000000000000 ) ) ;
#505 = AXIS2_PLACEMENT_3D ( 'NONE', #3287, #2084, #4842 ) ;
#506 = CARTESIAN_POINT ( 'NONE',  ( 1.748867050839136850, -7.682764723942549473E-16, 2.390624999999998668 ) ) ;
#507 = CARTESIAN_POINT ( 'NONE',  ( -1.475000000000007638, 0.04665063509461100932, 3.132876347609697021 ) ) ;
#508 = CARTESIAN_POINT ( 'NONE',  ( 0.6713085254195678697, -1.162740473580836209, 1.041666666666666519 ) ) ;
#509 = CARTESIAN_POINT ( 'NONE',  ( -0.6713085254195682028, 1.162740473580835321, 3.291666666666665630 ) ) ;
#510 = CIRCLE ( 'NONE', #3295, 1.394198729810780968 ) ;
#511 = CARTESIAN_POINT ( 'NONE',  ( 0.000000000000000000, 1.162740473580835099, -1.187499999999999334 ) ) ;
#512 = CARTESIAN_POINT ( 'NONE',  ( 1.475000000000007860, 0.04665063509460957297, 2.370843251410585051 ) ) ;
#513 = CARTESIAN_POINT ( 'NONE',  ( -1.423946399209847682E-16, -1.162740473580835543, -1.937499999999999556 ) ) ;
#514 = AXIS2_PLACEMENT_3D ( 'NONE', #4445, #5086, #2327 ) ;
#515 = CARTESIAN_POINT ( 'NONE',  ( -1.006962788129352582, 0.5813702367904178825, -4.166666666666666963 ) ) ;
#516 = ORIENTED_EDGE ( 'NONE', *, *, #2091, .F. ) ;
#517 = CARTESIAN_POINT ( 'NONE',  ( 1.164648063353001195, 0.8050622649113480245, -2.621514509704613083 ) ) ;
#518 = CARTESIAN_POINT ( 'NONE',  ( 1.475000000000007638, 0.04665063509461363223, -2.000000000000000000 ) ) ;
#519 = ORIENTED_EDGE ( 'NONE', *, *, #3939, .T. ) ;
#520 = CARTESIAN_POINT ( 'NONE',  ( 0.4781220914893969387, -1.408544004613357048, -0.6592911746851629617 ) ) ;
#521 = CARTESIAN_POINT ( 'NONE',  ( 1.131217289833200690, 0.7827290032808773557, -2.947730522898826422 ) ) ;
#522 = CARTESIAN_POINT ( 'NONE',  ( -0.8744335254195688689, -1.514563293868263605, -1.776041666666667407 ) ) ;
#523 = CARTESIAN_POINT ( 'NONE',  ( 1.386803860295837687, -0.4870992124572541826, -0.5764497569004233268 ) ) ;
#524 = CARTESIAN_POINT ( 'NONE',  ( -1.475000000000007638, 0.04665063509461100932, -4.000000000000000000 ) ) ;
#525 = EDGE_LOOP ( 'NONE', ( #6304, #2261, #516, #3079 ) ) ;
#526 = DIRECTION ( 'NONE',  ( 1.000000000000000000, 0.000000000000000000, 0.000000000000000000 ) ) ;
#527 = AXIS2_PLACEMENT_3D ( 'NONE', #3288, #4876, #993 ) ;
#528 = ORIENTED_EDGE ( 'NONE', *, *, #2527, .F. ) ;
#529 = DIRECTION ( 'NONE',  ( 0.000000000000000000, 0.000000000000000000, 1.000000000000000000 ) ) ;
#530 = EDGE_CURVE ( 'NONE', #6018, #4680, #6293, .T. ) ;
#531 = CARTESIAN_POINT ( 'NONE',  ( -0.5985290348138668781, -1.129983968292002317, -3.605581831570376927 ) ) ;
#532 = DIRECTION ( 'NONE',  ( -0.000000000000000000, -0.000000000000000000, 1.000000000000000000 ) ) ;
#533 = EDGE_CURVE ( 'NONE', #5873, #6028, #5262, .T. ) ;
#534 = CARTESIAN_POINT ( 'NONE',  ( -1.423946399209847682E-16, -1.162740473580835765, 2.062500000000000000 ) ) ;
#535 = CARTESIAN_POINT ( 'NONE',  ( 0.000000000000000000, 1.514563293868263605, 2.046875000000000000 ) ) ;
#536 = B_SPLINE_CURVE_WITH_KNOTS ( 'NONE', 3,
 ( #3229, #7152, #5422, #6608, #1645, #6644, #6200, #660, #6128, #591 ),
 .UNSPECIFIED., .F., .F.,
 ( 4, 2, 2, 2, 4 ),
 ( 3.909146525865938448E-19, 0.0003638230103348406115, 0.0007276460206696808977, 0.001091469031004521075, 0.001455292041339361362 ),
 .UNSPECIFIED. ) ;
#537 = CARTESIAN_POINT ( 'NONE',  ( 1.006962788129352360, -0.5813702367904185486, -0.9166666666666671848 ) ) ;
#538 = EDGE_CURVE ( 'NONE', #6654, #292, #4659, .T. ) ;
#539 = CARTESIAN_POINT ( 'NONE',  ( -0.08080127018922518556, 0.04665063509461363223, -2.000000000000000000 ) ) ;
#540 = VERTEX_POINT ( 'NONE', #1970 ) ;
#541 = CARTESIAN_POINT ( 'NONE',  ( -1.311650288129352582, 0.7572816469341318024, 2.098958333333332149 ) ) ;
#542 = CARTESIAN_POINT ( 'NONE',  ( -1.313877020103857207, 0.7046148123121698248, 3.120947022360373246 ) ) ;
#543 = CARTESIAN_POINT ( 'NONE',  ( 0.6713085254195678697, -1.162740473580836209, 2.041666666666666519 ) ) ;
#544 = CARTESIAN_POINT ( 'NONE',  ( -1.423946399209847929E-16, -1.162740473580836209, 4.000000000000000000 ) ) ;
#545 = CARTESIAN_POINT ( 'NONE',  ( 0.6713085254195677587, -1.162740473580835765, -1.395833333333332593 ) ) ;
#546 = B_SPLINE_CURVE_WITH_KNOTS ( 'NONE', 3,
 ( #6070, #1687, #5558, #4510, #3903, #6707, #1135, #2268, #3645, #2957 ),
 .UNSPECIFIED., .F., .F.,
 ( 4, 2, 2, 2, 4 ),
 ( 2.168404344971008868E-19, 0.0004068535042414634598, 0.0008137070084829267028, 0.001220560512724389946, 0.001627414016965853189 ),
 .UNSPECIFIED. ) ;
#547 = CARTESIAN_POINT ( 'NONE',  ( 1.152562564150561908, 0.9466126766718980790, 2.428321284096499610 ) ) ;
#548 = CARTESIAN_POINT ( 'NONE',  ( -1.423946399209847682E-16, -1.162740473580835765, 2.062500000000000000 ) ) ;
#549 = CARTESIAN_POINT ( 'NONE',  ( 1.096296158290136713, -0.7749674476163627146, -3.023791965132253345 ) ) ;
#550 = ORIENTED_EDGE ( 'NONE', *, *, #4242, .T. ) ;
#551 = DIRECTION ( 'NONE',  ( 0.000000000000000000, 0.000000000000000000, 1.000000000000000000 ) ) ;
#552 = ORIENTED_EDGE ( 'NONE', *, *, #2759, .T. ) ;
#553 = CARTESIAN_POINT ( 'NONE',  ( -1.475000000000007860, 0.1695193230720036803, -0.3891142210633181109 ) ) ;
#554 = CARTESIAN_POINT ( 'NONE',  ( -0.5324716204974867528, 1.374768105607605762, 1.102542818367011179 ) ) ;
#555 = CARTESIAN_POINT ( 'NONE',  ( 1.748867050839136850, -3.835595724800437840E-16, -3.109375000000000888 ) ) ;
#556 = CARTESIAN_POINT ( 'NONE',  ( -1.152562564150573232, 0.9466126766718858665, 1.134178715903501056 ) ) ;
#557 = DIRECTION ( 'NONE',  ( 0.000000000000000000, -1.000000000000000000, 0.000000000000000000 ) ) ;
#558 = ADVANCED_FACE ( 'NONE', ( #3760 ), #4181, .T. ) ;
#559 = EDGE_LOOP ( 'NONE', ( #5421, #448, #834, #2324 ) ) ;
#560 = CARTESIAN_POINT ( 'NONE',  ( 1.475000000000008304, -0.09035811372578460288, -1.058303081764878639 ) ) ;
#561 = VERTEX_POINT ( 'NONE', #3794 ) ;
#562 = CARTESIAN_POINT ( 'NONE',  ( 1.434537303156616206, -0.2084632626475476924, 5.763139485452331456 ) ) ;
#563 = CARTESIAN_POINT ( 'NONE',  ( -1.333822933433425062, -0.6148934597293448379, 1.645596091857799426 ) ) ;
#564 = CARTESIAN_POINT ( 'NONE',  ( -0.3613841049544180839, -0.3613841049544172512, 4.899999999999999467 ) ) ;
#565 = CARTESIAN_POINT ( 'NONE',  ( -0.6713085254195685359, -1.162740473580835765, 2.520833333333333925 ) ) ;
#566 = ORIENTED_EDGE ( 'NONE', *, *, #6762, .T. ) ;
#567 = CARTESIAN_POINT ( 'NONE',  ( 0.8744335254195692020, 1.514563293868263161, 2.505208333333333037 ) ) ;
#568 = EDGE_CURVE ( 'NONE', #3589, #5873, #5450, .T. ) ;
#569 = CARTESIAN_POINT ( 'NONE',  ( 0.000000000000000000, 1.162740473580835321, -0.2500000000000002220 ) ) ;
#570 = CARTESIAN_POINT ( 'NONE',  ( -0.3594338027113262446, 4.653392360430854564E-16, 0.3599598331444172072 ) ) ;
#571 = ORIENTED_EDGE ( 'NONE', *, *, #111, .F. ) ;
#572 = CARTESIAN_POINT ( 'NONE',  ( 0.8744335254195692020, 1.514563293868263161, 2.473958333333332149 ) ) ;
#573 = CARTESIAN_POINT ( 'NONE',  ( -0.6713085254195682028, 1.162740473580835543, 0.2916666666666666852 ) ) ;
#574 = CARTESIAN_POINT ( 'NONE',  ( 1.006962788129353026, 0.5813702367904165502, 2.666666666666666075 ) ) ;
#575 = EDGE_CURVE ( 'NONE', #1826, #2593, #3104, .T. ) ;
#576 = CARTESIAN_POINT ( 'NONE',  ( 1.342617050839136406, -5.045699453292855724E-16, -0.3124999999999993894 ) ) ;
#577 = CARTESIAN_POINT ( 'NONE',  ( 1.475000000000007860, 0.04665063509460957297, 1.946925372343744964 ) ) ;
#578 = CARTESIAN_POINT ( 'NONE',  ( -0.6713085254195685359, -1.162740473580835765, 1.020833333333333703 ) ) ;
#579 = CARTESIAN_POINT ( 'NONE',  ( -0.6970993649053921493, -1.300712788129359421, -2.000000000000000000 ) ) ;
#580 = VERTEX_POINT ( 'NONE', #4764 ) ;
#581 = CARTESIAN_POINT ( 'NONE',  ( -1.291390653194617544, 0.1530405850513922861, -3.495378127797226231 ) ) ;
#582 = ORIENTED_EDGE ( 'NONE', *, *, #6186, .T. ) ;
#583 = CARTESIAN_POINT ( 'NONE',  ( -0.5906919597873069305, -1.362147132118056048, -0.2150524456033495180 ) ) ;
#584 = CYLINDRICAL_SURFACE ( 'NONE', #989, 1.555801270189232755 ) ;
#585 = CARTESIAN_POINT ( 'NONE',  ( 0.8157524219245780861, -1.232208413719158679, 0.7874697484315440477 ) ) ;
#586 = DIRECTION ( 'NONE',  ( 0.000000000000000000, 0.000000000000000000, 1.000000000000000000 ) ) ;
#587 = VERTEX_POINT ( 'NONE', #6385 ) ;
#588 = DIRECTION ( 'NONE',  ( 0.000000000000000000, 0.000000000000000000, 1.000000000000000000 ) ) ;
#589 = EDGE_CURVE ( 'NONE', #5600, #5850, #5304, .T. ) ;
#590 = EDGE_LOOP ( 'NONE', ( #3337, #6915, #4014, #5795 ) ) ;
#591 = CARTESIAN_POINT ( 'NONE',  ( -0.6970993649053922603, -1.300712788129359865, 0.2041765847439187265 ) ) ;
#592 = DIRECTION ( 'NONE',  ( 0.000000000000000000, -1.981144842755211983E-16, 1.000000000000000000 ) ) ;
#593 = CARTESIAN_POINT ( 'NONE',  ( 0.8843080402126988204, 1.192627809046052478, 0.4442191122700155925 ) ) ;
#594 = VERTEX_POINT ( 'NONE', #6958 ) ;
#595 = CARTESIAN_POINT ( 'NONE',  ( 0.8744335254195692020, 1.514563293868262939, 4.005208333333333925 ) ) ;
#596 = EDGE_CURVE ( 'NONE', #73, #902, #1367, .T. ) ;
#597 = CARTESIAN_POINT ( 'NONE',  ( 1.006962788129352360, -0.5813702367904186596, 0.5833333333333332593 ) ) ;
#598 = CARTESIAN_POINT ( 'NONE',  ( -1.132343879886907434, -0.4483111083807782005, -4.000000000000000000 ) ) ;
#599 = ORIENTED_EDGE ( 'NONE', *, *, #490, .T. ) ;
#600 = AXIS2_PLACEMENT_3D ( 'NONE', #2969, #4625, #6475 ) ;
#601 = CARTESIAN_POINT ( 'NONE',  ( 1.342617050839136406, -2.597500999293329153E-16, -3.812499999999999556 ) ) ;
#602 = CARTESIAN_POINT ( 'NONE',  ( 1.006962788129353026, 0.5813702367904166612, 0.6666666666666660745 ) ) ;
#603 = CARTESIAN_POINT ( 'NONE',  ( -1.006962788129352582, 0.5813702367904173274, 2.833333333333332593 ) ) ;
#604 = VECTOR ( 'NONE', #4863, 1000.000000000000000 ) ;
#605 = VECTOR ( 'NONE', #3196, 1000.000000000000000 ) ;
#606 = CARTESIAN_POINT ( 'NONE',  ( 1.006962788129352138, -0.5813702367904184376, -1.354166666666666297 ) ) ;
#607 = ADVANCED_FACE ( 'NONE', ( #6025 ), #1061, .T. ) ;
#608 = CARTESIAN_POINT ( 'NONE',  ( -0.4432884845952654307, 1.409255266720865984, -1.989027042891675867 ) ) ;
#609 = CARTESIAN_POINT ( 'NONE',  ( -0.6713085254195685359, -1.162740473580835765, 0.5208333333333341475 ) ) ;
#610 = EDGE_CURVE ( 'NONE', #3425, #3406, #6889, .T. ) ;
#611 = EDGE_CURVE ( 'NONE', #4224, #3228, #3722, .T. ) ;
#612 = CARTESIAN_POINT ( 'NONE',  ( -1.396071907617524532, 0.5248421216693851532, 1.594987950763165241 ) ) ;
#613 = AXIS2_PLACEMENT_3D ( 'NONE', #6918, #5303, #1423 ) ;
#614 = ORIENTED_EDGE ( 'NONE', *, *, #2393, .T. ) ;
#615 = B_SPLINE_CURVE_WITH_KNOTS ( 'NONE', 3,
 ( #5049, #6160, #2748, #1095, #1609, #4954, #2162 ),
 .UNSPECIFIED., .F., .F.,
 ( 4, 3, 4 ),
 ( 0.001508768717772389877, 0.002231914141078935633, 0.002852577093040788419 ),
 .UNSPECIFIED. ) ;
#616 = CARTESIAN_POINT ( 'NONE',  ( 0.8840870061375012412, 1.192755423128868619, -0.4841646752118828334 ) ) ;
#617 = ORIENTED_EDGE ( 'NONE', *, *, #1458, .F. ) ;
#618 = CARTESIAN_POINT ( 'NONE',  ( 0.2441168411814997330, -1.471296608598333000, -0.1746448571158255303 ) ) ;
#619 = VECTOR ( 'NONE', #730, 1000.000000000000000 ) ;
#620 = CARTESIAN_POINT ( 'NONE',  ( 1.565079678693066301, -1.463672932855430986E-15, 6.195034570514509120 ) ) ;
#621 = CARTESIAN_POINT ( 'NONE',  ( 0.7779006350946136017, 1.254062153034748217, 2.948907960989587185 ) ) ;
#622 = FACE_OUTER_BOUND ( 'NONE', #3109, .T. ) ;
#623 = EDGE_LOOP ( 'NONE', ( #2302, #5799, #46, #2000 ) ) ;
#624 = CARTESIAN_POINT ( 'NONE',  ( 1.475000000000007638, 0.04665063509460961461, 1.370843251410585051 ) ) ;
#625 = EDGE_LOOP ( 'NONE', ( #6717, #2397, #6391, #3800 ) ) ;
#626 = CARTESIAN_POINT ( 'NONE',  ( 1.212372092318233729, -0.1177436471014729064, 4.899999999999999467 ) ) ;
#627 = DIRECTION ( 'NONE',  ( 0.3805870524817679401, 0.9188184237650781627, 0.1045284632676538733 ) ) ;
#628 = FACE_OUTER_BOUND ( 'NONE', #5679, .T. ) ;
#629 = CARTESIAN_POINT ( 'NONE',  ( 0.6592475780754325498, 1.322566527444944517, -1.045863584901788546 ) ) ;
#630 =( NAMED_UNIT ( * ) PLANE_ANGLE_UNIT ( ) SI_UNIT ( $, .RADIAN. ) );
#631 = AXIS2_PLACEMENT_3D ( 'NONE', #3300, #6677, #1647 ) ;
#632 = ORIENTED_EDGE ( 'NONE', *, *, #6852, .F. ) ;
#633 = FACE_OUTER_BOUND ( 'NONE', #4811, .T. ) ;
#634 = CARTESIAN_POINT ( 'NONE',  ( 0.000000000000000000, 1.162740473580835099, 1.249999999999999334 ) ) ;
#635 = AXIS2_PLACEMENT_3D ( 'NONE', #5550, #4333, #70 ) ;
#636 = CARTESIAN_POINT ( 'NONE',  ( -0.6970993649053939256, -1.300712788129358533, 2.780258705677078446 ) ) ;
#637 = VERTEX_POINT ( 'NONE', #1968 ) ;
#638 = CARTESIAN_POINT ( 'NONE',  ( 1.006962788129352804, 0.5813702367904167723, -3.270833333333332593 ) ) ;
#639 = CARTESIAN_POINT ( 'NONE',  ( -0.6713085254195682028, 1.162740473580835321, 0.7916666666666662966 ) ) ;
#640 = ADVANCED_FACE ( 'NONE', ( #3717 ), #2596, .T. ) ;
#641 = CARTESIAN_POINT ( 'NONE',  ( 0.8744335254195679807, -1.514563293868264493, -3.161458333333333037 ) ) ;
#642 = CARTESIAN_POINT ( 'NONE',  ( -0.7779006350946130466, 1.254062153034748661, -1.386407960989587851 ) ) ;
#643 = CARTESIAN_POINT ( 'NONE',  ( 0.6713085254195677587, -1.162740473580835765, -0.8958333333333327042 ) ) ;
#644 = CARTESIAN_POINT ( 'NONE',  ( 1.475000000000007638, 0.04665063509461176566, -1.553074627656254814 ) ) ;
#645 = CARTESIAN_POINT ( 'NONE',  ( 1.006962788129352138, -0.5813702367904186596, 2.645833333333333481 ) ) ;
#646 = CARTESIAN_POINT ( 'NONE',  ( 1.342617050839136628, -2.553783169757622661E-16, -3.875000000000000000 ) ) ;
#647 = CARTESIAN_POINT ( 'NONE',  ( 0.000000000000000000, 1.162740473580835543, -2.750000000000000444 ) ) ;
#648 = ORIENTED_EDGE ( 'NONE', *, *, #1801, .F. ) ;
#649 = ADVANCED_FACE ( 'NONE', ( #302 ), #3680, .T. ) ;
#650 = CARTESIAN_POINT ( 'NONE',  ( -1.108613885844307756, 4.336808689942017736E-16, 3.499999999999999556 ) ) ;
#651 = ORIENTED_EDGE ( 'NONE', *, *, #2199, .T. ) ;
#652 = CARTESIAN_POINT ( 'NONE',  ( 0.6970993649053937036, -1.300712788129357866, 1.358323415256081024 ) ) ;
#653 = CARTESIAN_POINT ( 'NONE',  ( 0.4337966285248037179, -1.282695560241578603, -3.082631833642665242 ) ) ;
#654 = FACE_OUTER_BOUND ( 'NONE', #2380, .T. ) ;
#655 = LINE ( 'NONE', #6196, #6265 ) ;
#656 = VERTEX_POINT ( 'NONE', #5302 ) ;
#657 = DIRECTION ( 'NONE',  ( 1.000000000000000000, 0.000000000000000000, 0.000000000000000000 ) ) ;
#658 = ADVANCED_FACE ( 'NONE', ( #5915 ), #913, .T. ) ;
#659 = ORIENTED_EDGE ( 'NONE', *, *, #3209, .T. ) ;
#660 = CARTESIAN_POINT ( 'NONE',  ( -0.4781220914893978269, -1.408544004613358824, 0.2217911746851627675 ) ) ;
#661 = DIRECTION ( 'NONE',  ( 0.000000000000000000, -1.000000000000000000, 0.000000000000000000 ) ) ;
#662 = FACE_OUTER_BOUND ( 'NONE', #2112, .T. ) ;
#663 = CARTESIAN_POINT ( 'NONE',  ( -1.344391234976070937, 0.3891672749584786928, 3.222394590816539228 ) ) ;
#664 = CARTESIAN_POINT ( 'NONE',  ( -0.9426575637498544324, 1.073371050292391438, -2.478744172951616420 ) ) ;
#665 = ORIENTED_EDGE ( 'NONE', *, *, #4964, .T. ) ;
#666 = DIRECTION ( 'NONE',  ( 0.000000000000000000, 0.000000000000000000, 1.000000000000000000 ) ) ;
#667 = CARTESIAN_POINT ( 'NONE',  ( -1.006962788129352582, 0.5813702367904173274, 2.833333333333332593 ) ) ;
#668 = FACE_OUTER_BOUND ( 'NONE', #6711, .T. ) ;
#669 = ORIENTED_EDGE ( 'NONE', *, *, #2527, .T. ) ;
#670 = CARTESIAN_POINT ( 'NONE',  ( -1.311650288129352582, 0.7572816469341316914, 4.098958333333332149 ) ) ;
#671 = CARTESIAN_POINT ( 'NONE',  ( 1.006962788129353026, 0.5813702367904164392, 4.166666666666666075 ) ) ;
#672 = CARTESIAN_POINT ( 'NONE',  ( 1.748867050839136850, -3.507712003282644574E-16, -3.578125000000000000 ) ) ;
#673 = DIRECTION ( 'NONE',  ( 0.000000000000000000, 0.000000000000000000, 1.000000000000000000 ) ) ;
#674 = ADVANCED_FACE ( 'NONE', ( #3758 ), #172, .T. ) ;
#675 = CARTESIAN_POINT ( 'NONE',  ( -0.6713085254195685359, -1.162740473580835765, 2.520833333333333925 ) ) ;
#676 = CARTESIAN_POINT ( 'NONE',  ( -0.8744335254195688689, -1.514563293868263605, -2.276041666666667851 ) ) ;
#677 = CARTESIAN_POINT ( 'NONE',  ( 1.179427499430111048, -0.8328398709863655824, -2.202031162688403043 ) ) ;
#678 = CARTESIAN_POINT ( 'NONE',  ( 0.6713085254195687579, 1.162740473580834433, 1.770833333333333259 ) ) ;
#679 = CARTESIAN_POINT ( 'NONE',  ( 1.006962788129352360, -0.5813702367904184376, -2.916666666666667407 ) ) ;
#680 = CARTESIAN_POINT ( 'NONE',  ( -0.2441168411814914618, -1.471296608598334776, -0.2628551428841748860 ) ) ;
#681 = ORIENTED_EDGE ( 'NONE', *, *, #1540, .F. ) ;
#682 = CARTESIAN_POINT ( 'NONE',  ( -0.4786287008715466307, -1.408412867817217862, -0.2100056667236548658 ) ) ;
#683 = CARTESIAN_POINT ( 'NONE',  ( 1.227676249187600765, 0.8486071336999764236, 2.922541098116229641 ) ) ;
#684 = B_SPLINE_CURVE_WITH_KNOTS ( 'NONE', 3,
 ( #6324, #1946, #745, #2972, #3576, #4629, #5778, #6821, #1866, #813 ),
 .UNSPECIFIED., .F., .F.,
 ( 4, 2, 2, 2, 4 ),
 ( 0.000000000000000000, 0.0003638230103348397983, 0.0007276460206696795966, 0.001091469031004519341, 0.001455292041339359410 ),
 .UNSPECIFIED. ) ;
#685 = CARTESIAN_POINT ( 'NONE',  ( -0.7779006350946168213, 1.254062153034746663, 3.037509918077252014 ) ) ;
#686 = CARTESIAN_POINT ( 'NONE',  ( -1.115242222299292596, -0.9574577668538933883, -1.243116423567089512 ) ) ;
#687 = ORIENTED_EDGE ( 'NONE', *, *, #6042, .F. ) ;
#688 = DIRECTION ( 'NONE',  ( 0.000000000000000000, 0.000000000000000000, 1.000000000000000000 ) ) ;
#689 = DIRECTION ( 'NONE',  ( 1.000000000000000000, 0.000000000000000000, 0.000000000000000000 ) ) ;
#690 = ORIENTED_EDGE ( 'NONE', *, *, #1280, .T. ) ;
#691 = CARTESIAN_POINT ( 'NONE',  ( 0.9228137282244848194, -1.149940016531945997, 1.378066584643977910 ) ) ;
#692 = CARTESIAN_POINT ( 'NONE',  ( -0.8594636617506938858, 1.156444623077840461, -2.356378254298065578 ) ) ;
#693 = CARTESIAN_POINT ( 'NONE',  ( 0.1177436471014850494, 1.212372092318231731, 4.899999999999999467 ) ) ;
#694 = CARTESIAN_POINT ( 'NONE',  ( -0.5906919597873052652, -1.362147132118056492, 1.784947554396650649 ) ) ;
#695 = CARTESIAN_POINT ( 'NONE',  ( 0.1210772110230777798, -1.487502386269244470, 1.755874431449561346 ) ) ;
#696 = APPLICATION_PROTOCOL_DEFINITION ( 'international standard', 'config_control_design', 1994, #1720 ) ;
#697 = ADVANCED_FACE ( 'NONE', ( #5845 ), #5041, .T. ) ;
#698 = EDGE_CURVE ( 'NONE', #3052, #1906, #5379, .T. ) ;
#699 = EDGE_LOOP ( 'NONE', ( #320, #808, #4886, #5624 ) ) ;
#700 = CARTESIAN_POINT ( 'NONE',  ( 0.8744335254195679807, -1.514563293868264937, 3.838541666666666075 ) ) ;
#701 = VERTEX_POINT ( 'NONE', #2634 ) ;
#702 = CARTESIAN_POINT ( 'NONE',  ( -1.006962788129352804, -0.5813702367904181045, 2.916666666666666519 ) ) ;
#703 = CARTESIAN_POINT ( 'NONE',  ( 0.2713331099618278008, 1.444700874165413707, -1.437652009469549963 ) ) ;
#704 = ORIENTED_EDGE ( 'NONE', *, *, #6412, .T. ) ;
#705 = CARTESIAN_POINT ( 'NONE',  ( -0.6713085254195685359, -1.162740473580835321, -3.479166666666666075 ) ) ;
#706 = CARTESIAN_POINT ( 'NONE',  ( -1.006962788129352804, -0.5813702367904181045, 2.916666666666666519 ) ) ;
#707 = CARTESIAN_POINT ( 'NONE',  ( 1.311650288129353248, 0.7572816469341308032, -2.036458333333333037 ) ) ;
#708 = CARTESIAN_POINT ( 'NONE',  ( -1.396238660138791721, 0.5242369183443935654, 0.6586884762175062580 ) ) ;
#709 = AXIS2_PLACEMENT_3D ( 'NONE', #5638, #240, #6823 ) ;
#710 = CARTESIAN_POINT ( 'NONE',  ( -0.6713085254195680918, 1.162740473580834877, 0.8541666666666671848 ) ) ;
#711 = CARTESIAN_POINT ( 'NONE',  ( -1.311650288129352804, -0.7572816469341318024, -2.817708333333334370 ) ) ;
#712 = DIRECTION ( 'NONE',  ( 0.000000000000000000, -0.1045284632676538733, 0.9945218953682732899 ) ) ;
#713 = CARTESIAN_POINT ( 'NONE',  ( 1.006962788129352804, 0.5813702367904163282, 3.229166666666666519 ) ) ;
#714 = CARTESIAN_POINT ( 'NONE',  ( 1.006962788129352360, -0.5813702367904185486, -0.9166666666666671848 ) ) ;
#715 = CIRCLE ( 'NONE', #6154, 1.108613885844307756 ) ;
#716 = AXIS2_PLACEMENT_3D ( 'NONE', #2707, #3720, #3185 ) ;
#717 = CARTESIAN_POINT ( 'NONE',  ( -1.423946399209847929E-16, -1.162740473580835765, -2.500000000000000444 ) ) ;
#718 = CIRCLE ( 'NONE', #963, 1.310232148383423390 ) ;
#719 = ORIENTED_EDGE ( 'NONE', *, *, #1000, .T. ) ;
#720 = CYLINDRICAL_SURFACE ( 'NONE', #6986, 1.394198729810781412 ) ;
#721 = CARTESIAN_POINT ( 'NONE',  ( 1.458895936088131728, 0.2902061249663188125, 2.888457841351830258 ) ) ;
#722 = CARTESIAN_POINT ( 'NONE',  ( 0.2732689804942698975, 0.9805201148984252768, 6.379724703763425708 ) ) ;
#723 = CARTESIAN_POINT ( 'NONE',  ( -9.144455000759798487E-16, -0.09330127018922626525, -4.000000000000000000 ) ) ;
#724 = VERTEX_POINT ( 'NONE', #450 ) ;
#725 = CARTESIAN_POINT ( 'NONE',  ( -0.1177436471014869784, 1.212372092318232619, 4.899999999999999467 ) ) ;
#726 = AXIS2_PLACEMENT_3D ( 'NONE', #5115, #145, #2367 ) ;
#727 = AXIS2_PLACEMENT_3D ( 'NONE', #1237, #1101, #1165 ) ;
#728 = CARTESIAN_POINT ( 'NONE',  ( 0.1177436471014927100, -0.9495842026457562701, 4.899999999999999467 ) ) ;
#729 = EDGE_LOOP ( 'NONE', ( #2742, #4759, #4376, #3187 ) ) ;
#730 = DIRECTION ( 'NONE',  ( 0.000000000000000000, 0.000000000000000000, 1.000000000000000000 ) ) ;
#731 = DIRECTION ( 'NONE',  ( 0.000000000000000000, 0.000000000000000000, 1.000000000000000000 ) ) ;
#732 = CARTESIAN_POINT ( 'NONE',  ( 2.640000000000000124, 0.000000000000000000, 4.000000000000000000 ) ) ;
#733 = CARTESIAN_POINT ( 'NONE',  ( -0.6970993649053922603, -1.300712788129359643, -1.795823415256081024 ) ) ;
#734 = CARTESIAN_POINT ( 'NONE',  ( 1.386803860295836577, -0.4870992124572586235, 0.4235502430995767842 ) ) ;
#735 = DIRECTION ( 'NONE',  ( 0.000000000000000000, 0.000000000000000000, 1.000000000000000000 ) ) ;
#736 = ORIENTED_EDGE ( 'NONE', *, *, #807, .F. ) ;
#737 = CARTESIAN_POINT ( 'NONE',  ( -0.08080127018922669824, 0.04665063509461348651, -4.000000000000000000 ) ) ;
#738 = EDGE_CURVE ( 'NONE', #380, #4170, #431, .T. ) ;
#739 = ADVANCED_FACE ( 'NONE', ( #5414 ), #483, .T. ) ;
#740 = EDGE_LOOP ( 'NONE', ( #5665, #2641, #3931, #1579, #413 ) ) ;
#741 = CARTESIAN_POINT ( 'NONE',  ( -1.257176520787435914, -0.7543616081268263995, 3.150899384578046636 ) ) ;
#742 = DIRECTION ( 'NONE',  ( 0.06093467170257391846, 0.1055419473313874701, -0.9925461516413219831 ) ) ;
#743 = ORIENTED_EDGE ( 'NONE', *, *, #2669, .F. ) ;
#744 = CARTESIAN_POINT ( 'NONE',  ( -0.6713085254195685359, -1.162740473580835321, -2.979166666666666075 ) ) ;
#745 = CARTESIAN_POINT ( 'NONE',  ( -0.9804069721108322755, 1.118711047843711226, -0.8766723333903216897 ) ) ;
#746 = CARTESIAN_POINT ( 'NONE',  ( 1.311650288129353248, 0.7572816469341309142, -3.536458333333333037 ) ) ;
#747 = CARTESIAN_POINT ( 'NONE',  ( 0.7779006350946136017, 1.254062153034748217, 0.02499008192274728909 ) ) ;
#748 = AXIS2_PLACEMENT_3D ( 'NONE', #2095, #2131, #3803 ) ;
#749 = EDGE_CURVE ( 'NONE', #3280, #3944, #1032, .T. ) ;
#750 = CARTESIAN_POINT ( 'NONE',  ( 1.006962788129352804, 0.5813702367904165502, 1.229166666666667407 ) ) ;
#751 = CARTESIAN_POINT ( 'NONE',  ( 0.8744335254195692020, 1.514563293868263383, -2.526041666666667851 ) ) ;
#752 = CARTESIAN_POINT ( 'NONE',  ( 1.152121818957304589, 0.9470596902539480944, -1.507978190449159817 ) ) ;
#753 = CARTESIAN_POINT ( 'NONE',  ( 0.6713085254195678697, -1.162740473580835765, -3.958333333333333481 ) ) ;
#754 = CARTESIAN_POINT ( 'NONE',  ( -0.6713085254195686469, -1.162740473580835765, -2.541666666666666963 ) ) ;
#755 = ORIENTED_EDGE ( 'NONE', *, *, #6510, .T. ) ;
#756 = CARTESIAN_POINT ( 'NONE',  ( 1.259771325798722641, 0.04665063509461363223, -3.752896883928938276 ) ) ;
#757 = CARTESIAN_POINT ( 'NONE',  ( 1.396238660138791277, 0.5242369183443924552, 2.903811523782493076 ) ) ;
#758 = CARTESIAN_POINT ( 'NONE',  ( -1.006962788129352360, 0.5813702367904177715, -3.604166666666666075 ) ) ;
#759 = CARTESIAN_POINT ( 'NONE',  ( -1.386814212877748087, -0.4873690709679278643, -1.270985342802883666 ) ) ;
#760 = ORIENTED_EDGE ( 'NONE', *, *, #7125, .F. ) ;
#761 = CARTESIAN_POINT ( 'NONE',  ( -0.6697778035739814229, 1.066787915382801044, -3.761179593355139517 ) ) ;
#762 = PLANE ( 'NONE',  #3867 ) ;
#763 = ORIENTED_EDGE ( 'NONE', *, *, #6798, .T. ) ;
#764 = APPROVAL_PERSON_ORGANIZATION ( #3533, #5798, #5196 ) ;
#765 = CARTESIAN_POINT ( 'NONE',  ( -0.7779006350946168213, 1.254062153034746663, 3.037509918077252014 ) ) ;
#766 = EDGE_CURVE ( 'NONE', #6841, #1644, #5258, .T. ) ;
#767 = DIRECTION ( 'NONE',  ( 0.000000000000000000, 0.000000000000000000, 1.000000000000000000 ) ) ;
#768 = FACE_OUTER_BOUND ( 'NONE', #1940, .T. ) ;
#769 = CARTESIAN_POINT ( 'NONE',  ( 0.9807738445987339571, 1.118337879647045563, -0.9926245080184972203 ) ) ;
#770 = CARTESIAN_POINT ( 'NONE',  ( 1.333822933433432167, -0.6148934597293304050, 0.4169039081422004633 ) ) ;
#771 = PRODUCT ( '94209A356_Thread-Forming Screws for Soft Metal', '94209A356_Thread-Forming Screws for Soft Metal', '', ( #3968 ) ) ;
#772 = ORIENTED_EDGE ( 'NONE', *, *, #5006, .F. ) ;
#773 = CARTESIAN_POINT ( 'NONE',  ( -1.198478436561153826, -0.8490310375816402244, 1.158950937541907367 ) ) ;
#774 = EDGE_LOOP ( 'NONE', ( #270, #4497, #1503, #3457 ) ) ;
#775 = PLANE ( 'NONE',  #6171 ) ;
#776 = CARTESIAN_POINT ( 'NONE',  ( 0.2715616379965398730, 1.444556979311148348, 1.472283090233756031 ) ) ;
#777 = ORIENTED_EDGE ( 'NONE', *, *, #2068, .F. ) ;
#778 = CARTESIAN_POINT ( 'NONE',  ( 0.000000000000000000, 1.162740473580835099, -0.1874999999999993061 ) ) ;
#779 = CARTESIAN_POINT ( 'NONE',  ( 0.6713085254195678697, -1.162740473580836653, 3.541666666666666075 ) ) ;
#780 = ADVANCED_FACE ( 'NONE', ( #1092 ), #5047, .T. ) ;
#781 = CARTESIAN_POINT ( 'NONE',  ( 1.311650288129353248, 0.7572816469341308032, -1.536458333333333259 ) ) ;
#782 = CARTESIAN_POINT ( 'NONE',  ( 1.475000000000007638, 0.04665063509460961461, 0.9469253723437456305 ) ) ;
#783 = CARTESIAN_POINT ( 'NONE',  ( 0.6859053522654458002, -1.045799811345087260, -3.843538945816352026 ) ) ;
#784 = CARTESIAN_POINT ( 'NONE',  ( -1.006962788129352582, -0.5813702367904178825, 1.479166666666666741 ) ) ;
#785 = CARTESIAN_POINT ( 'NONE',  ( -0.8744335254195688689, -1.514563293868263605, -0.2760416666666679064 ) ) ;
#786 = CARTESIAN_POINT ( 'NONE',  ( -1.152562564150573010, 0.9466126766718855334, 1.634178715903500390 ) ) ;
#787 = CARTESIAN_POINT ( 'NONE',  ( -1.342617050839136628, 5.598088596811693688E-17, -3.625000000000000000 ) ) ;
#788 = EDGE_CURVE ( 'NONE', #2221, #3280, #6558, .T. ) ;
#789 = CARTESIAN_POINT ( 'NONE',  ( 1.006962788129352360, -0.5813702367904184376, -2.416666666666666963 ) ) ;
#790 = EDGE_LOOP ( 'NONE', ( #68, #1610, #457, #3383 ) ) ;
#791 = CARTESIAN_POINT ( 'NONE',  ( -0.5909129938625028444, -1.362019518035239685, 1.213331341878548075 ) ) ;
#792 = LINE ( 'NONE', #3018, #6747 ) ;
#793 = CARTESIAN_POINT ( 'NONE',  ( 0.6713085254195687579, 1.162740473580835099, -3.729166666666666075 ) ) ;
#794 = DIRECTION ( 'NONE',  ( 0.000000000000000000, 0.000000000000000000, 1.000000000000000000 ) ) ;
#795 = ORIENTED_EDGE ( 'NONE', *, *, #901, .F. ) ;
#796 = CARTESIAN_POINT ( 'NONE',  ( -1.475000000000007638, 0.04665063509461159219, -1.384425372343746075 ) ) ;
#797 = CARTESIAN_POINT ( 'NONE',  ( -0.4993677638616901837, 1.276988277211599465, -2.837833904770868276 ) ) ;
#798 = ORIENTED_EDGE ( 'NONE', *, *, #1898, .T. ) ;
#799 = CARTESIAN_POINT ( 'NONE',  ( 0.4786287008715477409, -1.408412867817217640, -1.227494333276346383 ) ) ;
#800 = B_SPLINE_CURVE_WITH_KNOTS ( 'NONE', 3,
 ( #1223, #5675, #608, #5104 ),
 .UNSPECIFIED., .F., .F.,
 ( 4, 4 ),
 ( 2.168404344971008868E-19, 0.0005499305156282268715 ),
 .UNSPECIFIED. ) ;
#801 = CARTESIAN_POINT ( 'NONE',  ( -0.1131716113678858104, -1.408111239507406243, -2.647410014691223168 ) ) ;
#802 = CARTESIAN_POINT ( 'NONE',  ( -0.9791604258076460621, 0.2664333618311751639, 6.314688136532695673 ) ) ;
#803 = DIRECTION ( 'NONE',  ( -0.9238795325112857393, 0.3826834323650921688, 0.000000000000000000 ) ) ;
#804 = B_SPLINE_CURVE_WITH_KNOTS ( 'NONE', 3,
 ( #725, #5652, #3932, #3389, #6126, #4612, #2262 ),
 .UNSPECIFIED., .F., .F.,
 ( 4, 3, 4 ),
 ( 0.001508768717772394213, 0.002231914141078931730, 0.002852577093040791888 ),
 .UNSPECIFIED. ) ;
#805 = ORIENTED_EDGE ( 'NONE', *, *, #1501, .T. ) ;
#806 = CARTESIAN_POINT ( 'NONE',  ( 0.7741719292569239075, -1.172600582010919545, -2.589749577024856642 ) ) ;
#807 = EDGE_CURVE ( 'NONE', #594, #2127, #6601, .T. ) ;
#808 = ORIENTED_EDGE ( 'NONE', *, *, #1949, .F. ) ;
#809 = CARTESIAN_POINT ( 'NONE',  ( 0.6594932763708382106, 1.322424673467952116, 2.535198459904053792 ) ) ;
#810 = CARTESIAN_POINT ( 'NONE',  ( -1.267604191173974160, 0.04665063509461362529, -3.689103314789204280 ) ) ;
#811 = VERTEX_POINT ( 'NONE', #6059 ) ;
#812 = CARTESIAN_POINT ( 'NONE',  ( 0.6713085254195687579, 1.162740473580834877, -0.2291666666666666019 ) ) ;
#813 = CARTESIAN_POINT ( 'NONE',  ( -1.475000000000007638, 0.04665063509461157831, -0.8083432514105863831 ) ) ;
#814 = CARTESIAN_POINT ( 'NONE',  ( -1.311650288129352804, -0.7572816469341319134, -1.286458333333333037 ) ) ;
#815 = ADVANCED_FACE ( 'NONE', ( #1059 ), #584, .T. ) ;
#816 = CARTESIAN_POINT ( 'NONE',  ( -1.152121818957303034, 0.9470596902539496487, -1.929521809550841516 ) ) ;
#817 = ORIENTED_EDGE ( 'NONE', *, *, #4160, .T. ) ;
#818 = CARTESIAN_POINT ( 'NONE',  ( 0.000000000000000000, 1.162740473580834655, 4.312499999999999112 ) ) ;
#819 = CARTESIAN_POINT ( 'NONE',  ( 1.342617050839136406, -6.794412634721087791E-16, 2.187500000000000000 ) ) ;
#820 = CARTESIAN_POINT ( 'NONE',  ( 0.8744335254195692020, 1.514563293868263161, -0.5260416666666677399 ) ) ;
#821 = DIRECTION ( 'NONE',  ( 1.000000000000000000, 0.000000000000000000, 0.000000000000000000 ) ) ;
#822 = CARTESIAN_POINT ( 'NONE',  ( -1.423946399209847929E-16, -1.162740473580835543, -3.000000000000000000 ) ) ;
#823 = CARTESIAN_POINT ( 'NONE',  ( -0.6713085254195682028, 1.162740473580835543, -0.2083333333333337867 ) ) ;
#824 = EDGE_CURVE ( 'NONE', #594, #1789, #4569, .T. ) ;
#825 = EDGE_CURVE ( 'NONE', #6596, #5134, #3329, .T. ) ;
#826 = VERTEX_POINT ( 'NONE', #1158 ) ;
#827 = CARTESIAN_POINT ( 'NONE',  ( -0.6970993649053922603, -1.300712788129359865, 0.2041765847439187265 ) ) ;
#828 = CARTESIAN_POINT ( 'NONE',  ( -1.475000000000007860, -0.09035811372578360368, -0.8791969182351221379 ) ) ;
#829 = CARTESIAN_POINT ( 'NONE',  ( -1.006962788129352582, -0.5813702367904175494, -2.520833333333333037 ) ) ;
#830 = DIRECTION ( 'NONE',  ( 1.000000000000000000, 0.000000000000000000, 0.000000000000000000 ) ) ;
#831 = VERTEX_POINT ( 'NONE', #620 ) ;
#832 = CARTESIAN_POINT ( 'NONE',  ( 1.115242222299293040, -0.9574577668538956088, 2.305616423567089068 ) ) ;
#833 = CARTESIAN_POINT ( 'NONE',  ( -0.2624422910076907312, 1.440205050701909073, -2.000000000000000000 ) ) ;
#834 = ORIENTED_EDGE ( 'NONE', *, *, #120, .F. ) ;
#835 = CARTESIAN_POINT ( 'NONE',  ( 0.2753999999999999226, -2.425680116754312905E-17, 6.399999999999999467 ) ) ;
#836 = VECTOR ( 'NONE', #4853, 1000.000000000000000 ) ;
#837 = CARTESIAN_POINT ( 'NONE',  ( 0.7779006350946156001, 1.254062153034747107, -0.05109203901041300261 ) ) ;
#838 = LINE ( 'NONE', #3069, #272 ) ;
#839 = DIRECTION ( 'NONE',  ( 1.000000000000000000, 0.000000000000000000, 0.000000000000000000 ) ) ;
#840 = CARTESIAN_POINT ( 'NONE',  ( 0.6970993649053937036, -1.300712788129357866, -1.641676584743918532 ) ) ;
#841 = CYLINDRICAL_SURFACE ( 'NONE', #1998, 1.555801270189233199 ) ;
#842 = VERTEX_POINT ( 'NONE', #6732 ) ;
#843 = CARTESIAN_POINT ( 'NONE',  ( 1.411597709383962007, 0.04665063509461363223, -2.516370219104196337 ) ) ;
#844 = AXIS2_PLACEMENT_3D ( 'NONE', #4633, #6290, #5751 ) ;
#845 = ORIENTED_EDGE ( 'NONE', *, *, #6221, .T. ) ;
#846 = DIRECTION ( 'NONE',  ( 1.000000000000000000, 0.000000000000000000, 0.000000000000000000 ) ) ;
#847 = CARTESIAN_POINT ( 'NONE',  ( 0.6029592046980551956, -1.137657247617575473, -3.533420155027167553 ) ) ;
#848 = ORIENTED_EDGE ( 'NONE', *, *, #4790, .F. ) ;
#849 = VECTOR ( 'NONE', #2128, 999.9999999999998863 ) ;
#850 = CARTESIAN_POINT ( 'NONE',  ( -1.006962788129352582, -0.5813702367904176604, -0.5208333333333328152 ) ) ;
#851 = CARTESIAN_POINT ( 'NONE',  ( 1.324474301195387005, -0.07639949488559931445, -3.225933437377790369 ) ) ;
#852 = AXIS2_PLACEMENT_3D ( 'NONE', #4210, #5792, #6491 ) ;
#853 = CARTESIAN_POINT ( 'NONE',  ( -1.854805089941841679E-16, -1.514563293868264271, 0.7968749999999998890 ) ) ;
#854 = DIRECTION ( 'NONE',  ( -1.224646799147353207E-16, 1.000000000000000000, 0.000000000000000000 ) ) ;
#855 = CARTESIAN_POINT ( 'NONE',  ( 1.242002079286156579, -0.1851459141058089675, -3.774222014860835195 ) ) ;
#856 = CARTESIAN_POINT ( 'NONE',  ( -1.396238660138797938, 0.5242369183443765790, 2.658688476217506924 ) ) ;
#857 = CARTESIAN_POINT ( 'NONE',  ( -1.311650288129352804, -0.7572816469341320245, 1.182291666666665630 ) ) ;
#858 = EDGE_CURVE ( 'NONE', #3021, #4224, #139, .T. ) ;
#859 = CARTESIAN_POINT ( 'NONE',  ( 0.2119291636260235145, -1.442773012011130396, 5.796115330523537779 ) ) ;
#860 = CARTESIAN_POINT ( 'NONE',  ( 1.342617050839136628, -3.253268442328916671E-16, -2.875000000000000444 ) ) ;
#861 = CARTESIAN_POINT ( 'NONE',  ( 1.006962788129353026, 0.5813702367904166612, 1.166666666666666519 ) ) ;
#862 = B_SPLINE_CURVE_WITH_KNOTS ( 'NONE', 3,
 ( #1675, #553, #3, #1735, #3384, #3893, #4501, #1230, #6089, #6731 ),
 .UNSPECIFIED., .F., .F.,
 ( 4, 2, 2, 2, 4 ),
 ( 8.131516293641283255E-20, 0.0003638230103348399610, 0.0007276460206696799219, 0.001091469031004519774, 0.001455292041339359627 ),
 .UNSPECIFIED. ) ;
#863 = AXIS2_PLACEMENT_3D ( 'NONE', #732, #2408, #5695 ) ;
#864 = EDGE_LOOP ( 'NONE', ( #5147, #5197, #5377, #3483 ) ) ;
#865 = CARTESIAN_POINT ( 'NONE',  ( 0.6713085254195677587, -1.162740473580835765, -1.895833333333332593 ) ) ;
#866 = LINE ( 'NONE', #4717, #4462 ) ;
#867 = CARTESIAN_POINT ( 'NONE',  ( 1.006962788129352804, 0.5813702367904168833, -3.770833333333332593 ) ) ;
#868 = CARTESIAN_POINT ( 'NONE',  ( -1.108613885844307756, 4.336808689942017736E-16, 3.499999999999999556 ) ) ;
#869 = ORIENTED_EDGE ( 'NONE', *, *, #6327, .T. ) ;
#870 = DIRECTION ( 'NONE',  ( 1.000000000000000000, 0.000000000000000000, 0.000000000000000000 ) ) ;
#871 = EDGE_CURVE ( 'NONE', #5134, #5773, #5619, .T. ) ;
#872 = CARTESIAN_POINT ( 'NONE',  ( -0.5784764965184603369, -1.095251953143637547, -3.932211468846412039 ) ) ;
#873 = VERTEX_POINT ( 'NONE', #1231 ) ;
#874 = FACE_OUTER_BOUND ( 'NONE', #1407, .T. ) ;
#875 = CARTESIAN_POINT ( 'NONE',  ( 0.2464317550966116654, 1.310646967192037993, -3.106137036116630057 ) ) ;
#876 = CARTESIAN_POINT ( 'NONE',  ( 0.6029592046980551956, -1.137657247617575473, -3.533420155027167553 ) ) ;
#877 = DIRECTION ( 'NONE',  ( -0.07992773943613282195, 0.07992773943613211418, 0.9935910189495773537 ) ) ;
#878 = CARTESIAN_POINT ( 'NONE',  ( 1.475000000000007638, 0.04665063509461176566, -1.553074627656254814 ) ) ;
#879 = CARTESIAN_POINT ( 'NONE',  ( -0.5674309083576811741, 1.125181001866336850, -3.766095124294764229 ) ) ;
#880 = B_SPLINE_CURVE_WITH_KNOTS ( 'NONE', 3,
 ( #960, #4849, #5496, #4267, #4304, #458, #3262, #1036, #7044, #4812 ),
 .UNSPECIFIED., .F., .F.,
 ( 4, 2, 2, 2, 4 ),
 ( 0.000000000000000000, 0.0004068535042414630262, 0.0008137070084829263776, 0.001220560512724389729, 0.001627414016965853189 ),
 .UNSPECIFIED. ) ;
#881 = ORIENTED_EDGE ( 'NONE', *, *, #4630, .F. ) ;
#882 = CARTESIAN_POINT ( 'NONE',  ( 0.000000000000000000, 4.336808689942017736E-16, 3.499999999999999556 ) ) ;
#883 = EDGE_CURVE ( 'NONE', #4188, #6927, #283, .T. ) ;
#884 = VERTEX_POINT ( 'NONE', #5681 ) ;
#885 = CARTESIAN_POINT ( 'NONE',  ( -1.006962788129352582, 0.5813702367904173274, 3.333333333333333037 ) ) ;
#886 = B_SPLINE_CURVE_WITH_KNOTS ( 'NONE', 3,
 ( #3976, #2893, #2340, #703, #6785, #5599, #2241, #2858, #6177, #5633 ),
 .UNSPECIFIED., .F., .F.,
 ( 4, 2, 2, 2, 4 ),
 ( 0.000000000000000000, 0.0004068535042414628093, 0.0008137070084829254018, 0.001220560512724387994, 0.001627414016965850804 ),
 .UNSPECIFIED. ) ;
#887 = CARTESIAN_POINT ( 'NONE',  ( -0.4107686206572202514, -1.223696986372134532, -3.596554787524123942 ) ) ;
#888 = CARTESIAN_POINT ( 'NONE',  ( -0.7779006350946131576, 1.254062153034748661, 2.037509918077252014 ) ) ;
#889 = CARTESIAN_POINT ( 'NONE',  ( -1.006962788129352360, 0.5813702367904175494, -1.104166666666666075 ) ) ;
#890 = DIRECTION ( 'NONE',  ( 0.000000000000000000, -0.1045284632676536651, -0.9945218953682732899 ) ) ;
#891 = CARTESIAN_POINT ( 'NONE',  ( -1.748867050839136850, -1.847292903536153325E-16, 0.1718750000000001388 ) ) ;
#892 = FACE_OUTER_BOUND ( 'NONE', #740, .T. ) ;
#893 = CARTESIAN_POINT ( 'NONE',  ( -1.423946399209847929E-16, -1.162740473580835543, -3.000000000000000000 ) ) ;
#894 = DIRECTION ( 'NONE',  ( 0.000000000000000000, 0.000000000000000000, 1.000000000000000000 ) ) ;
#895 = CARTESIAN_POINT ( 'NONE',  ( -0.8843080402126983763, 1.192627809046052922, 0.1182808877299839911 ) ) ;
#896 = CARTESIAN_POINT ( 'NONE',  ( 1.311650288129353248, 0.7572816469341306922, 0.4322916666666659080 ) ) ;
#897 = LINE ( 'NONE', #6983, #6395 ) ;
#898 = CARTESIAN_POINT ( 'NONE',  ( -1.006962788129352804, -0.5813702367904177715, -0.5833333333333337034 ) ) ;
#899 = CARTESIAN_POINT ( 'NONE',  ( 0.6713085254195689799, 1.162740473580834877, 1.208333333333333037 ) ) ;
#900 = B_SPLINE_CURVE_WITH_KNOTS ( 'NONE', 3,
 ( #5763, #1305, #2590, #6378, #1416, #4062, #2439, #3637, #2001, #6264 ),
 .UNSPECIFIED., .F., .F.,
 ( 4, 2, 2, 2, 4 ),
 ( 1.084202172485504434E-19, 0.0003638230103348396357, 0.0007276460206696791630, 0.001091469031004518690, 0.001455292041339358109 ),
 .UNSPECIFIED. ) ;
#901 = EDGE_CURVE ( 'NONE', #6339, #3661, #3922, .T. ) ;
#902 = VERTEX_POINT ( 'NONE', #1882 ) ;
#903 = CARTESIAN_POINT ( 'NONE',  ( -1.006962788129352360, 0.5813702367904176604, -3.104166666666666075 ) ) ;
#904 = CARTESIAN_POINT ( 'NONE',  ( 1.115242222299293706, -0.9574577668538920561, -0.1943835764329109872 ) ) ;
#905 = CARTESIAN_POINT ( 'NONE',  ( 0.6713085254195687579, 1.162740473580834877, -1.229166666666666075 ) ) ;
#906 = CARTESIAN_POINT ( 'NONE',  ( 1.459149775175925479, 0.1682489358979473437, -2.129089721928610679 ) ) ;
#907 = ORIENTED_EDGE ( 'NONE', *, *, #1054, .F. ) ;
#908 = DIRECTION ( 'NONE',  ( -1.000000000000000000, 0.000000000000000000, 0.000000000000000000 ) ) ;
#909 = CARTESIAN_POINT ( 'NONE',  ( 1.459035672982378351, 0.2897018199735127975, 0.9566609999430122357 ) ) ;
#910 = ORIENTED_EDGE ( 'NONE', *, *, #75, .F. ) ;
#911 = FACE_OUTER_BOUND ( 'NONE', #2711, .T. ) ;
#912 = B_SPLINE_CURVE_WITH_KNOTS ( 'NONE', 3,
 ( #7150, #2780, #2164, #3798, #955, #4847, #489, #1538, #560, #9 ),
 .UNSPECIFIED., .F., .F.,
 ( 4, 2, 2, 2, 4 ),
 ( 0.000000000000000000, 0.0004068535042414632972, 0.0008137070084829265944, 0.001220560512724389946, 0.001627414016965853189 ),
 .UNSPECIFIED. ) ;
#913 = CYLINDRICAL_SURFACE ( 'NONE', #4231, 1.555801270189233199 ) ;
#914 = DIRECTION ( 'NONE',  ( -0.02078751127481483219, 0.1045058763748855368, 0.9943069954385901354 ) ) ;
#915 = CARTESIAN_POINT ( 'NONE',  ( 0.7779006350946136017, 1.254062153034748217, -0.9750099180772524576 ) ) ;
#916 = CARTESIAN_POINT ( 'NONE',  ( -0.2713331099618273567, 1.444700874165414151, 0.0001520094695496381453 ) ) ;
#917 = CARTESIAN_POINT ( 'NONE',  ( -0.4204538604328622031, -1.249186674061640412, -3.375476053427958867 ) ) ;
#918 = DATE_AND_TIME ( #1467, #6317 ) ;
#919 = ORIENTED_EDGE ( 'NONE', *, *, #3628, .T. ) ;
#920 = CARTESIAN_POINT ( 'NONE',  ( -1.386803860295837687, -0.4870992124572530724, 1.138949756900422772 ) ) ;
#921 = ORIENTED_EDGE ( 'NONE', *, *, #1879, .F. ) ;
#922 = DIRECTION ( 'NONE',  ( 1.000000000000000000, 1.037595424523498839E-14, -0.000000000000000000 ) ) ;
#923 = EDGE_CURVE ( 'NONE', #4226, #4649, #4452, .T. ) ;
#924 = CARTESIAN_POINT ( 'NONE',  ( -0.2435093434669518275, -1.471454798341270243, 0.3008453825701683515 ) ) ;
#925 = CARTESIAN_POINT ( 'NONE',  ( -1.459035672982377685, 0.2897018199735127975, 2.105839000056986876 ) ) ;
#926 = EDGE_CURVE ( 'NONE', #7004, #6353, #5998, .T. ) ;
#927 = CARTESIAN_POINT ( 'NONE',  ( 0.6713085254195677587, -1.162740473580835987, 0.6041666666666669627 ) ) ;
#928 = DIRECTION ( 'NONE',  ( 0.000000000000000000, 0.000000000000000000, 1.000000000000000000 ) ) ;
#929 = CARTESIAN_POINT ( 'NONE',  ( 0.000000000000000000, 1.514563293868263827, -0.4531249999999995559 ) ) ;
#930 = CARTESIAN_POINT ( 'NONE',  ( -0.08080127018922518556, 0.04665063509461363223, -4.000000000000000000 ) ) ;
#931 = CARTESIAN_POINT ( 'NONE',  ( 0.000000000000000000, 1.162740473580835543, -3.750000000000000444 ) ) ;
#932 = CARTESIAN_POINT ( 'NONE',  ( 1.006962788129352138, -0.5813702367904187707, 4.145833333333333925 ) ) ;
#933 = CARTESIAN_POINT ( 'NONE',  ( -0.9804069721108246149, 1.118711047843718553, 0.1233276666096778940 ) ) ;
#934 = CARTESIAN_POINT ( 'NONE',  ( -0.8744335254195688689, -1.514563293868264049, 1.223958333333331927 ) ) ;
#935 = CARTESIAN_POINT ( 'NONE',  ( 1.259338769098515831, 0.4753891431003315904, -3.179657682974781796 ) ) ;
#936 = CARTESIAN_POINT ( 'NONE',  ( 1.006962788129352360, -0.5813702367904185486, -1.916666666666667185 ) ) ;
#937 = CARTESIAN_POINT ( 'NONE',  ( 0.000000000000000000, 1.162740473580835099, 0.7499999999999997780 ) ) ;
#938 = ORIENTED_EDGE ( 'NONE', *, *, #3730, .T. ) ;
#939 = CARTESIAN_POINT ( 'NONE',  ( 1.006962788129352138, -0.5813702367904182156, -3.854166666666666075 ) ) ;
#940 = CARTESIAN_POINT ( 'NONE',  ( -0.4657952214696011728, -1.373823969849259585, -2.299394492431448889 ) ) ;
#941 = CARTESIAN_POINT ( 'NONE',  ( -0.6713085254195685359, -1.162740473580835543, -0.9791666666666658525 ) ) ;
#942 = DIRECTION ( 'NONE',  ( 0.000000000000000000, 0.000000000000000000, 1.000000000000000000 ) ) ;
#943 = ORIENTED_EDGE ( 'NONE', *, *, #6631, .F. ) ;
#944 = CARTESIAN_POINT ( 'NONE',  ( -0.7779006350946140458, 1.254062153034748217, -1.962490081922747986 ) ) ;
#945 = CARTESIAN_POINT ( 'NONE',  ( -1.073261041182757447, 0.7401735236421477238, -3.530990907189617278 ) ) ;
#946 = AXIS2_PLACEMENT_3D ( 'NONE', #4310, #353, #3040 ) ;
#947 = VERTEX_POINT ( 'NONE', #4029 ) ;
#948 = CARTESIAN_POINT ( 'NONE',  ( 1.459035672982377463, 0.2897018199735167387, 0.4566609999430125688 ) ) ;
#949 = CARTESIAN_POINT ( 'NONE',  ( 1.475000000000008082, 0.1695193230720014876, 1.451614221063318055 ) ) ;
#950 = LINE ( 'NONE', #2008, #32 ) ;
#951 = DIRECTION ( 'NONE',  ( -0.000000000000000000, -0.000000000000000000, -1.000000000000000000 ) ) ;
#952 = CARTESIAN_POINT ( 'NONE',  ( 0.5792232574222949681, -1.085195602522771363, -4.000000000000000000 ) ) ;
#953 = CARTESIAN_POINT ( 'NONE',  ( 0.2157672764991902525, -1.309486094662163813, -3.332886387979410614 ) ) ;
#954 = ORIENTED_EDGE ( 'NONE', *, *, #4391, .F. ) ;
#955 = CARTESIAN_POINT ( 'NONE',  ( 1.198478436561157823, -0.8490310375816342292, -1.096450937541907145 ) ) ;
#956 = AXIS2_PLACEMENT_3D ( 'NONE', #1623, #7056, #3309 ) ;
#957 = B_SPLINE_CURVE_WITH_KNOTS ( 'NONE', 3,
 ( #114, #4385, #5593, #4353, #3495, #6169, #1621, #3842, #629, #4544 ),
 .UNSPECIFIED., .F., .F.,
 ( 4, 2, 2, 2, 4 ),
 ( 2.168404344971008868E-19, 0.0004068535042414627551, 0.0008137070084829254018, 0.001220560512724388211, 0.001627414016965851020 ),
 .UNSPECIFIED. ) ;
#958 = AXIS2_PLACEMENT_3D ( 'NONE', #2322, #4533, #1678 ) ;
#959 = ORIENTED_EDGE ( 'NONE', *, *, #4671, .F. ) ;
#960 = CARTESIAN_POINT ( 'NONE',  ( 0.6970993649053899288, -1.300712788129359865, 2.858323415256080580 ) ) ;
#961 = CARTESIAN_POINT ( 'NONE',  ( -1.396071907617524754, 0.5248421216693841540, 3.094987950763163909 ) ) ;
#962 = DIRECTION ( 'NONE',  ( 1.000000000000000000, 0.000000000000000000, 0.000000000000000000 ) ) ;
#963 = AXIS2_PLACEMENT_3D ( 'NONE', #6541, #1098, #5493 ) ;
#964 = CARTESIAN_POINT ( 'NONE',  ( 1.006962788129352138, -0.5813702367904186596, 1.645833333333333259 ) ) ;
#965 = CYLINDRICAL_SURFACE ( 'NONE', #2238, 1.555801270189232755 ) ;
#966 = CIRCLE ( 'NONE', #3626, 1.555801270189232977 ) ;
#967 = CARTESIAN_POINT ( 'NONE',  ( -0.8744335254195683138, 1.514563293868263605, -0.4114583333333330928 ) ) ;
#968 = B_SPLINE_CURVE_WITH_KNOTS ( 'NONE', 3,
 ( #1442, #3121, #5896, #5283, #6796, #3989, #680, #3616, #4570, #3697 ),
 .UNSPECIFIED., .F., .F.,
 ( 4, 2, 2, 2, 4 ),
 ( 3.918532245320450569E-19, 0.0003638230103348403946, 0.0007276460206696804640, 0.001091469031004520425, 0.001455292041339360494 ),
 .UNSPECIFIED. ) ;
#969 = CARTESIAN_POINT ( 'NONE',  ( -0.3613841049544180839, 0.3613841049544159745, 4.899999999999999467 ) ) ;
#970 = EDGE_CURVE ( 'NONE', #1022, #3297, #6287, .T. ) ;
#971 = CARTESIAN_POINT ( 'NONE',  ( 1.006962788129353026, 0.5813702367904166612, -0.3333333333333339255 ) ) ;
#972 = CIRCLE ( 'NONE', #3412, 1.108613885844307756 ) ;
#973 = EDGE_LOOP ( 'NONE', ( #2988, #1754, #5156, #2197 ) ) ;
#974 = CARTESIAN_POINT ( 'NONE',  ( 0.08080127018922518556, 0.04665063509461363223, -4.000000000000000000 ) ) ;
#975 = CARTESIAN_POINT ( 'NONE',  ( 0.6592475780754286641, 1.322566527444946516, 0.4541364150982115100 ) ) ;
#976 = CARTESIAN_POINT ( 'NONE',  ( 0.8744335254195679807, -1.514563293868264937, 2.307291666666666075 ) ) ;
#977 = CARTESIAN_POINT ( 'NONE',  ( -0.7779006350946143789, 1.254062153034747995, -4.000000000000000000 ) ) ;
#978 = CARTESIAN_POINT ( 'NONE',  ( -0.6713085254195682028, 1.162740473580835543, -1.208333333333333925 ) ) ;
#979 = CARTESIAN_POINT ( 'NONE',  ( -0.6713085254195686469, -1.162740473580835765, 1.458333333333333259 ) ) ;
#980 = EDGE_CURVE ( 'NONE', #3552, #3297, #5111, .T. ) ;
#981 = B_SPLINE_CURVE_WITH_KNOTS ( 'NONE', 3,
 ( #1085, #6526, #2149, #2800, #6592, #1628 ),
 .UNSPECIFIED., .F., .F.,
 ( 4, 2, 4 ),
 ( 0.000000000000000000, 0.0002935542193991188425, 0.0005871084387982376850 ),
 .UNSPECIFIED. ) ;
#982 = CARTESIAN_POINT ( 'NONE',  ( 0.6713085254195677587, -1.162740473580835765, -3.895833333333332149 ) ) ;
#983 = FACE_OUTER_BOUND ( 'NONE', #2332, .T. ) ;
#984 = B_SPLINE_CURVE_WITH_KNOTS ( 'NONE', 3,
 ( #5770, #5229, #5735, #1276, #3496, #770, #734, #5162, #2996, #1895 ),
 .UNSPECIFIED., .F., .F.,
 ( 4, 2, 2, 2, 4 ),
 ( 0.000000000000000000, 0.0004068535042414628093, 0.0008137070084829259439, 0.001220560512724389078, 0.001627414016965852321 ),
 .UNSPECIFIED. ) ;
#985 = CARTESIAN_POINT ( 'NONE',  ( 1.006962788129352804, 0.5813702367904165502, 0.2291666666666674623 ) ) ;
#986 = CARTESIAN_POINT ( 'NONE',  ( -1.475000000000008304, -0.09035811372577969014, 0.6208030817648777511 ) ) ;
#987 = ORIENTED_EDGE ( 'NONE', *, *, #7166, .T. ) ;
#988 = CARTESIAN_POINT ( 'NONE',  ( -1.029113486294598978, -0.8881912504752639270, -2.896477875002027691 ) ) ;
#989 = AXIS2_PLACEMENT_3D ( 'NONE', #7145, #7110, #4981 ) ;
#990 = CARTESIAN_POINT ( 'NONE',  ( -1.467921096194802599, -0.2126556084493926302, 3.140692789649505823 ) ) ;
#991 = ORIENTED_EDGE ( 'NONE', *, *, #404, .T. ) ;
#992 = CARTESIAN_POINT ( 'NONE',  ( 1.396071907617523200, 0.5248421216693874847, 0.4675120492368344816 ) ) ;
#993 = DIRECTION ( 'NONE',  ( 1.000000000000000000, 0.000000000000000000, 0.000000000000000000 ) ) ;
#994 = DIRECTION ( 'NONE',  ( 0.1218693434051477398, -1.480812554440049031E-17, -0.9925461516413219831 ) ) ;
#995 = CARTESIAN_POINT ( 'NONE',  ( 0.6592475780754284420, 1.322566527444946072, 0.9541364150982110104 ) ) ;
#996 = CARTESIAN_POINT ( 'NONE',  ( 0.9317684376777398692, -0.7993085149001963874, -3.964988849232866208 ) ) ;
#997 = DIRECTION ( 'NONE',  ( 0.000000000000000000, 0.000000000000000000, 1.000000000000000000 ) ) ;
#998 = ORIENTED_EDGE ( 'NONE', *, *, #2840, .T. ) ;
#999 = CARTESIAN_POINT ( 'NONE',  ( -1.386814212877745867, -0.4873690709679340816, 0.7290146571971175549 ) ) ;
#1000 = EDGE_CURVE ( 'NONE', #1388, #7151, #6174, .T. ) ;
#1001 = ORIENTED_EDGE ( 'NONE', *, *, #5725, .T. ) ;
#1002 = CARTESIAN_POINT ( 'NONE',  ( -1.305548555467020533, 0.4903827978179326474, -2.785622615796535140 ) ) ;
#1003 = CARTESIAN_POINT ( 'NONE',  ( 0.1211321603579824935, -1.487497613189344703, 0.3183770974508803309 ) ) ;
#1004 = DIRECTION ( 'NONE',  ( 1.000000000000000000, -0.000000000000000000, -0.000000000000000000 ) ) ;
#1005 = CARTESIAN_POINT ( 'NONE',  ( 0.000000000000000000, 1.162740473580834877, 3.312500000000000444 ) ) ;
#1006 = CARTESIAN_POINT ( 'NONE',  ( -1.311650288129352582, 0.7572816469341316914, 3.130208333333333925 ) ) ;
#1007 = CARTESIAN_POINT ( 'NONE',  ( 0.1296235038487986158, 1.413348115271751748, -2.401237647761746086 ) ) ;
#1008 = CARTESIAN_POINT ( 'NONE',  ( -1.006962788129352582, 0.5813702367904176604, -0.6666666666666669627 ) ) ;
#1009 = CARTESIAN_POINT ( 'NONE',  ( 0.6906006903098173000, 1.085460039683539879, 3.332574683371950730 ) ) ;
#1010 = CARTESIAN_POINT ( 'NONE',  ( -1.475000000000007638, 0.04665063509461365304, 0.1916567485894135614 ) ) ;
#1011 = CARTESIAN_POINT ( 'NONE',  ( 0.8744335254195679807, -1.514563293868264937, 3.807291666666665630 ) ) ;
#1012 = EDGE_CURVE ( 'NONE', #5885, #3030, #792, .T. ) ;
#1013 = CYLINDRICAL_SURFACE ( 'NONE', #3283, 1.394198729810781412 ) ;
#1014 = CARTESIAN_POINT ( 'NONE',  ( 0.000000000000000000, 1.162740473580835321, -1.250000000000000222 ) ) ;
#1015 = CARTESIAN_POINT ( 'NONE',  ( -1.423946399209847929E-16, -1.162740473580835987, 2.499999999999999556 ) ) ;
#1016 = CARTESIAN_POINT ( 'NONE',  ( 1.006962788129352138, -0.5813702367904183266, -2.354166666666666075 ) ) ;
#1017 = EDGE_CURVE ( 'NONE', #3468, #6463, #5050, .T. ) ;
#1018 = CYLINDRICAL_SURFACE ( 'NONE', #6116, 1.394198729810780968 ) ;
#1019 = CARTESIAN_POINT ( 'NONE',  ( -1.006962788129352360, 0.5813702367904176604, -2.104166666666666075 ) ) ;
#1020 = ADVANCED_FACE ( 'NONE', ( #2073 ), #2470, .T. ) ;
#1021 = DIRECTION ( 'NONE',  ( 0.07992773943613251664, 0.07992773943613241949, 0.9935910189495774647 ) ) ;
#1022 = VERTEX_POINT ( 'NONE', #1997 ) ;
#1023 = CARTESIAN_POINT ( 'NONE',  ( -1.106597209095944612, -0.7857478511402069543, -2.905123831910585430 ) ) ;
#1024 = CARTESIAN_POINT ( 'NONE',  ( 0.8840870061375049049, 1.192755423128865511, 1.015835324788117333 ) ) ;
#1025 = ORIENTED_EDGE ( 'NONE', *, *, #5616, .F. ) ;
#1026 = CARTESIAN_POINT ( 'NONE',  ( 1.115242222299292596, -0.9574577668538950537, 1.805616423567088624 ) ) ;
#1027 = CARTESIAN_POINT ( 'NONE',  ( 0.1360432288665840150, 1.462428290740636516, 1.070215729124758708 ) ) ;
#1028 = CARTESIAN_POINT ( 'NONE',  ( -0.6970993649053939256, -1.300712788129358755, 2.704176584743918976 ) ) ;
#1029 = FACE_OUTER_BOUND ( 'NONE', #6583, .T. ) ;
#1030 = CARTESIAN_POINT ( 'NONE',  ( 1.239649470263600284, 0.04665063509461363223, -3.916776246180633247 ) ) ;
#1031 = CARTESIAN_POINT ( 'NONE',  ( -0.1062868325174021605, -1.321582867455177723, -3.351616071238169070 ) ) ;
#1032 = B_SPLINE_CURVE_WITH_KNOTS ( 'NONE', 3,
 ( #3859, #2744, #5448, #2809, #2775, #5991, #4435, #6535, #1572, #2158 ),
 .UNSPECIFIED., .F., .F.,
 ( 4, 2, 2, 2, 4 ),
 ( 0.000000000000000000, 0.0004068535042414625383, 0.0008137070084829251850, 0.001220560512724387994, 0.001627414016965850804 ),
 .UNSPECIFIED. ) ;
#1033 = ORIENTED_EDGE ( 'NONE', *, *, #5533, .F. ) ;
#1034 = CARTESIAN_POINT ( 'NONE',  ( -0.4786287008715466307, -1.408412867817218528, -1.710005666723654949 ) ) ;
#1035 = ORIENTED_EDGE ( 'NONE', *, *, #4199, .T. ) ;
#1036 = CARTESIAN_POINT ( 'NONE',  ( 1.456819914017537521, -0.2262501026587135922, 2.935876151700343772 ) ) ;
#1037 = CARTESIAN_POINT ( 'NONE',  ( 1.391879277465226883, 0.04665063509461363223, -2.676963959666806669 ) ) ;
#1038 = CARTESIAN_POINT ( 'NONE',  ( -1.475000000000007638, 0.04665063509461363916, 0.6155746276562531483 ) ) ;
#1039 = CARTESIAN_POINT ( 'NONE',  ( 1.006962788129352804, 0.5813702367904164392, 2.729166666666666963 ) ) ;
#1040 = CARTESIAN_POINT ( 'NONE',  ( -0.8744335254195688689, -1.514563293868264271, 3.755208333333333481 ) ) ;
#1041 = CARTESIAN_POINT ( 'NONE',  ( -0.6713085254195686469, -1.162740473580835765, -1.541666666666666963 ) ) ;
#1042 = CARTESIAN_POINT ( 'NONE',  ( 0.2264512561451224315, 1.246113693452667759, 3.352833652685271115 ) ) ;
#1043 = CARTESIAN_POINT ( 'NONE',  ( 1.152562564150568569, 0.9466126766718899743, -1.071678715903501056 ) ) ;
#1044 = CARTESIAN_POINT ( 'NONE',  ( -0.8744335254195683138, 1.514563293868263383, 1.557291666666664964 ) ) ;
#1045 = CARTESIAN_POINT ( 'NONE',  ( -0.6970993649053939256, -1.300712788129358533, -0.7958234152560814678 ) ) ;
#1046 = CARTESIAN_POINT ( 'NONE',  ( 1.342617050839136628, -4.302496351185856207E-16, -1.375000000000000444 ) ) ;
#1047 = CARTESIAN_POINT ( 'NONE',  ( 0.6713085254195689799, 1.162740473580834877, 2.208333333333333037 ) ) ;
#1048 = CARTESIAN_POINT ( 'NONE',  ( -0.6713085254195685359, -1.162740473580835765, 0.5208333333333340365 ) ) ;
#1049 = CARTESIAN_POINT ( 'NONE',  ( -0.6812949734144680969, 1.086736238705924062, -3.573579951253651021 ) ) ;
#1050 = CARTESIAN_POINT ( 'NONE',  ( 1.006962788129352804, 0.5813702367904166612, -1.270833333333333037 ) ) ;
#1051 = CARTESIAN_POINT ( 'NONE',  ( -0.6713085254195682028, 1.162740473580835765, -4.208333333333333925 ) ) ;
#1052 = VERTEX_POINT ( 'NONE', #6946 ) ;
#1053 = CARTESIAN_POINT ( 'NONE',  ( 1.277781866057556392, 0.6061809882075258615, -2.634114312355190002 ) ) ;
#1054 = EDGE_CURVE ( 'NONE', #3030, #3763, #203, .T. ) ;
#1055 = EDGE_CURVE ( 'NONE', #262, #3500, #2509, .T. ) ;
#1056 = CARTESIAN_POINT ( 'NONE',  ( 0.4781220914894031004, -1.408544004613355272, 2.340708825314837149 ) ) ;
#1057 = ORIENTED_EDGE ( 'NONE', *, *, #4415, .F. ) ;
#1058 = DIRECTION ( 'NONE',  ( -0.9945218953682732899, 1.083045353182966131E-16, -0.1045284632676536929 ) ) ;
#1059 = FACE_OUTER_BOUND ( 'NONE', #4469, .T. ) ;
#1060 = LINE ( 'NONE', #2048, #5368 ) ;
#1061 = CYLINDRICAL_SURFACE ( 'NONE', #527, 1.394198729810781412 ) ;
#1062 = CARTESIAN_POINT ( 'NONE',  ( 1.198478436561157379, -0.8490310375816341182, -0.5964509375419068116 ) ) ;
#1063 = CARTESIAN_POINT ( 'NONE',  ( 0.7779006350946136017, 1.254062153034748217, 2.024990081922747098 ) ) ;
#1064 = ORIENTED_EDGE ( 'NONE', *, *, #3987, .F. ) ;
#1065 = CARTESIAN_POINT ( 'NONE',  ( -1.208719526310351178, 0.5720480628389269517, -3.259006617520040283 ) ) ;
#1066 = EDGE_CURVE ( 'NONE', #3923, #580, #1451, .T. ) ;
#1067 = CIRCLE ( 'NONE', #6835, 0.5999999999999998668 ) ;
#1068 = ORIENTED_EDGE ( 'NONE', *, *, #1682, .F. ) ;
#1069 = CARTESIAN_POINT ( 'NONE',  ( 0.7779006350946136017, 1.254062153034748217, 0.5249900819227473203 ) ) ;
#1070 = DIRECTION ( 'NONE',  ( -0.000000000000000000, -0.000000000000000000, 1.000000000000000000 ) ) ;
#1071 = DIRECTION ( 'NONE',  ( -0.3805870524817697720, 0.9188184237650773856, -0.1045284632676536096 ) ) ;
#1072 = CARTESIAN_POINT ( 'NONE',  ( 1.342617050839136406, -6.444669998435441772E-16, 1.687500000000000666 ) ) ;
#1073 = CARTESIAN_POINT ( 'NONE',  ( -1.854805089941841679E-16, -1.514563293868264271, 1.296875000000000222 ) ) ;
#1074 = CONICAL_SURFACE ( 'NONE', #5121, 1.394198729810781412, 0.1221730476396033355 ) ;
#1075 = CARTESIAN_POINT ( 'NONE',  ( 0.000000000000000000, 1.162740473580835321, -0.7500000000000002220 ) ) ;
#1076 = CARTESIAN_POINT ( 'NONE',  ( -3.995032017477741882E-16, 0.1177436471014844249, 4.899999999999999467 ) ) ;
#1077 = ORIENTED_EDGE ( 'NONE', *, *, #5312, .F. ) ;
#1078 = AXIS2_PLACEMENT_3D ( 'NONE', #2440, #5155, #689 ) ;
#1079 = CARTESIAN_POINT ( 'NONE',  ( -0.8744335254195683138, 1.514563293868263383, 3.057291666666665630 ) ) ;
#1080 = CARTESIAN_POINT ( 'NONE',  ( -1.475000000000007638, 0.04665063509461057911, -1.884425372343746519 ) ) ;
#1081 = CARTESIAN_POINT ( 'NONE',  ( -1.006962788129352804, -0.5813702367904178825, 0.4166666666666658525 ) ) ;
#1082 = CARTESIAN_POINT ( 'NONE',  ( 1.006962788129352360, -0.5813702367904187707, 2.583333333333332593 ) ) ;
#1083 = CIRCLE ( 'NONE', #2941, 3.000000000000000000 ) ;
#1084 = CARTESIAN_POINT ( 'NONE',  ( -1.006962788129352360, 0.5813702367904175494, -1.104166666666666075 ) ) ;
#1085 = CARTESIAN_POINT ( 'NONE',  ( -1.423946399209847929E-16, -1.162740473580835543, -4.000000000000000000 ) ) ;
#1086 = CARTESIAN_POINT ( 'NONE',  ( -1.006962788129352360, 0.5813702367904173274, 1.895833333333333481 ) ) ;
#1087 = DIRECTION ( 'NONE',  ( -0.000000000000000000, -0.000000000000000000, 1.000000000000000000 ) ) ;
#1088 = ORIENTED_EDGE ( 'NONE', *, *, #4909, .F. ) ;
#1089 = CARTESIAN_POINT ( 'NONE',  ( -0.6970993649053939256, -1.300712788129358533, 2.280258705677079334 ) ) ;
#1090 = ORIENTED_EDGE ( 'NONE', *, *, #3818, .T. ) ;
#1091 = CARTESIAN_POINT ( 'NONE',  ( -0.6970993649053902619, -1.300712788129360753, 1.280258705677079556 ) ) ;
#1092 = FACE_OUTER_BOUND ( 'NONE', #4988, .T. ) ;
#1093 = CARTESIAN_POINT ( 'NONE',  ( -0.8744335254195688689, -1.514563293868263383, -3.776041666666666963 ) ) ;
#1094 = CARTESIAN_POINT ( 'NONE',  ( -1.367477229489109769, -0.2104242984932811755, -2.736379494957113856 ) ) ;
#1095 = CARTESIAN_POINT ( 'NONE',  ( -1.391720760096111231, -0.1909720603112307069, 5.596721811681941716 ) ) ;
#1096 = ADVANCED_FACE ( 'NONE', ( #3670 ), #2732, .T. ) ;
#1097 = ORIENTED_EDGE ( 'NONE', *, *, #5400, .F. ) ;
#1098 = DIRECTION ( 'NONE',  ( -0.000000000000000000, -0.000000000000000000, 1.000000000000000000 ) ) ;
#1099 = AXIS2_PLACEMENT_3D ( 'NONE', #6429, #951, #5957 ) ;
#1100 = ORIENTED_EDGE ( 'NONE', *, *, #6557, .F. ) ;
#1101 = DIRECTION ( 'NONE',  ( 0.000000000000000000, 0.000000000000000000, 1.000000000000000000 ) ) ;
#1102 = LINE ( 'NONE', #2818, #4550 ) ;
#1103 = DIRECTION ( 'NONE',  ( 0.3826834323650908920, -0.9238795325112862944, 0.000000000000000000 ) ) ;
#1104 = CARTESIAN_POINT ( 'NONE',  ( 1.006962788129352138, -0.5813702367904186596, 2.145833333333333925 ) ) ;
#1105 = EDGE_CURVE ( 'NONE', #3406, #811, #2022, .T. ) ;
#1106 = EDGE_LOOP ( 'NONE', ( #4699, #503, #7115, #6239, #5216 ) ) ;
#1107 = CARTESIAN_POINT ( 'NONE',  ( -0.8744335254195688689, -1.514563293868264049, 1.755208333333333703 ) ) ;
#1108 = CARTESIAN_POINT ( 'NONE',  ( 1.006962788129352360, -0.5813702367904185486, -1.916666666666667185 ) ) ;
#1109 = CARTESIAN_POINT ( 'NONE',  ( -0.9365088205232463547, 0.7712213826057725541, 3.406388990036676834 ) ) ;
#1110 = ORIENTED_EDGE ( 'NONE', *, *, #1581, .F. ) ;
#1111 = PRODUCT_RELATED_PRODUCT_CATEGORY ( 'detail', '', ( #771 ) ) ;
#1112 = CARTESIAN_POINT ( 'NONE',  ( -0.8744335254195683138, 1.514563293868263383, 2.057291666666665630 ) ) ;
#1113 = CARTESIAN_POINT ( 'NONE',  ( -1.407419883533795879, 0.2809232870004978455, -2.424310429440996728 ) ) ;
#1114 = CARTESIAN_POINT ( 'NONE',  ( -1.423946399209847929E-16, -1.162740473580835765, -8.673617379884035472E-16 ) ) ;
#1115 = CARTESIAN_POINT ( 'NONE',  ( 1.006962788129353026, 0.5813702367904164392, 4.166666666666666075 ) ) ;
#1116 = LOCAL_TIME ( 13, 46, 17.00000000000000000, #6813 ) ;
#1117 = CARTESIAN_POINT ( 'NONE',  ( 0.6713085254195677587, -1.162740473580835765, 0.1041666666666673374 ) ) ;
#1118 = CARTESIAN_POINT ( 'NONE',  ( 0.5720725526052438115, 1.136960055844527195, -3.664113392964997384 ) ) ;
#1119 = CARTESIAN_POINT ( 'NONE',  ( -1.342617050839136406, -3.331077968996649249E-16, 1.937499999999999778 ) ) ;
#1120 = B_SPLINE_CURVE_WITH_KNOTS ( 'NONE', 3,
 ( #7131, #7091, #4003, #2853, #2298, #6709, #1240, #2142, #1746, #2177 ),
 .UNSPECIFIED., .F., .F.,
 ( 4, 2, 2, 2, 4 ),
 ( 0.000000000000000000, 0.0004068535042414631346, 0.0008137070084829265944, 0.001220560512724389946, 0.001627414016965853623 ),
 .UNSPECIFIED. ) ;
#1121 = FACE_OUTER_BOUND ( 'NONE', #2552, .T. ) ;
#1122 = EDGE_CURVE ( 'NONE', #5757, #368, #866, .T. ) ;
#1123 = ORIENTED_EDGE ( 'NONE', *, *, #5748, .T. ) ;
#1124 = CARTESIAN_POINT ( 'NONE',  ( -0.5906919597873088179, -1.362147132118054493, 2.284947554396651093 ) ) ;
#1125 = ORIENTED_EDGE ( 'NONE', *, *, #749, .T. ) ;
#1126 = CARTESIAN_POINT ( 'NONE',  ( -0.7779006350946131576, 1.254062153034748661, -1.462490081922748431 ) ) ;
#1127 = CARTESIAN_POINT ( 'NONE',  ( 0.7779006350946172654, 1.254062153034745997, 1.024990081922747098 ) ) ;
#1128 = CARTESIAN_POINT ( 'NONE',  ( -1.475000000000007860, 0.1692640949063661249, 1.182501991454784518 ) ) ;
#1129 = CARTESIAN_POINT ( 'NONE',  ( 0.08080127018922518556, 0.04665063509461363223, -4.000000000000000000 ) ) ;
#1130 = ADVANCED_FACE ( 'NONE', ( #983 ), #288, .F. ) ;
#1131 = ORIENTED_EDGE ( 'NONE', *, *, #1310, .F. ) ;
#1132 = DIRECTION ( 'NONE',  ( 0.06093467170257364784, -0.1055419473313876089, -0.9925461516413219831 ) ) ;
#1133 = ORIENTED_EDGE ( 'NONE', *, *, #3147, .T. ) ;
#1134 = CARTESIAN_POINT ( 'NONE',  ( 1.199424823463227430, -0.8476778146389545299, 0.3122627585244663884 ) ) ;
#1135 = CARTESIAN_POINT ( 'NONE',  ( 0.2715616379965442029, 1.444556979311147238, 2.472283090233756031 ) ) ;
#1136 = CARTESIAN_POINT ( 'NONE',  ( 1.199424823463222989, -0.8476778146389614133, -0.6877372414755342778 ) ) ;
#1137 = CARTESIAN_POINT ( 'NONE',  ( 1.342617050839136406, -7.843640543578027820E-16, 3.687500000000000888 ) ) ;
#1138 = VERTEX_POINT ( 'NONE', #3212 ) ;
#1139 = CARTESIAN_POINT ( 'NONE',  ( -1.311650288129352582, 0.7572816469341316914, 3.630208333333333481 ) ) ;
#1140 = EDGE_CURVE ( 'NONE', #4591, #587, #1148, .T. ) ;
#1141 = ADVANCED_FACE ( 'NONE', ( #441 ), #1018, .T. ) ;
#1142 = CARTESIAN_POINT ( 'NONE',  ( 0.6713085254195689799, 1.162740473580834877, 0.7083333333333324822 ) ) ;
#1143 = CARTESIAN_POINT ( 'NONE',  ( 1.045895479226733649, -0.8969695903603549514, -2.747327171878888752 ) ) ;
#1144 = ORIENTED_EDGE ( 'NONE', *, *, #3713, .T. ) ;
#1145 = CARTESIAN_POINT ( 'NONE',  ( -0.6713085254195680918, 1.162740473580835543, -3.645833333333332593 ) ) ;
#1146 = CARTESIAN_POINT ( 'NONE',  ( -1.342617050839136628, -3.287360139460942757E-16, 1.874999999999999112 ) ) ;
#1147 = CARTESIAN_POINT ( 'NONE',  ( 0.6713085254195689799, 1.162740473580834433, 4.208333333333333037 ) ) ;
#1148 = B_SPLINE_CURVE_WITH_KNOTS ( 'NONE', 3,
 ( #4247, #251, #940, #6336, #3708, #5906, #3170, #5370, #406, #2626 ),
 .UNSPECIFIED., .F., .F.,
 ( 4, 2, 2, 2, 4 ),
 ( 2.168404344971008868E-19, 0.0003551037585972068120, 0.0007102075171944134072, 0.001065311275791620002, 0.001420415034388826598 ),
 .UNSPECIFIED. ) ;
#1149 = CARTESIAN_POINT ( 'NONE',  ( 0.000000000000000000, 1.162740473580835099, -0.1874999999999993061 ) ) ;
#1150 = CARTESIAN_POINT ( 'NONE',  ( 0.7779006350946148229, 1.254062153034747551, -4.000000000000000000 ) ) ;
#1151 = CARTESIAN_POINT ( 'NONE',  ( 0.000000000000000000, 1.162740473580834877, 1.312500000000000222 ) ) ;
#1152 = B_SPLINE_CURVE_WITH_KNOTS ( 'NONE', 3,
 ( #3426, #3454, #6704, #5084, #1200, #1681, #44, #1741, #4537, #2403 ),
 .UNSPECIFIED., .F., .F.,
 ( 4, 2, 2, 2, 4 ),
 ( 5.421010862427522170E-20, 0.0003638230103348413162, 0.0007276460206696825240, 0.001091469031004523894, 0.001455292041339364831 ),
 .UNSPECIFIED. ) ;
#1153 = CARTESIAN_POINT ( 'NONE',  ( 0.6316319212228705959, -1.187319849429575358, -3.066379082208753992 ) ) ;
#1154 = VERTEX_POINT ( 'NONE', #577 ) ;
#1155 = CARTESIAN_POINT ( 'NONE',  ( -1.212372092318233063, 0.1177436471014803171, 4.899999999999999467 ) ) ;
#1156 = ORIENTED_EDGE ( 'NONE', *, *, #1804, .F. ) ;
#1157 = DIRECTION ( 'NONE',  ( 0.000000000000000000, 0.000000000000000000, 1.000000000000000000 ) ) ;
#1158 = CARTESIAN_POINT ( 'NONE',  ( 0.6970993649053918162, -1.300712788129358977, -0.6416765847439189763 ) ) ;
#1159 = CARTESIAN_POINT ( 'NONE',  ( -0.5344704030327317446, 1.374150139869401599, 3.017766748689356238 ) ) ;
#1160 = CARTESIAN_POINT ( 'NONE',  ( -0.7779006350946168213, 1.254062153034746663, 2.113592039010412371 ) ) ;
#1161 = ORIENTED_EDGE ( 'NONE', *, *, #3192, .F. ) ;
#1162 = CARTESIAN_POINT ( 'NONE',  ( -1.457284131257206683, -0.2242101233374539926, -0.7886000820226896080 ) ) ;
#1163 = B_SPLINE_CURVE_WITH_KNOTS ( 'NONE', 3,
 ( #6641, #1611, #3831, #999, #1578, #5385, #3724, #2712, #5420, #456 ),
 .UNSPECIFIED., .F., .F.,
 ( 4, 2, 2, 2, 4 ),
 ( 0.000000000000000000, 0.0004068535042414631888, 0.0008137070084829263776, 0.001220560512724389512, 0.001627414016965852755 ),
 .UNSPECIFIED. ) ;
#1164 = VERTEX_POINT ( 'NONE', #7137 ) ;
#1165 = DIRECTION ( 'NONE',  ( 1.000000000000000000, 0.000000000000000000, 0.000000000000000000 ) ) ;
#1166 = DIRECTION ( 'NONE',  ( -0.9188184237650822705, 0.3805870524817583922, 0.1045284632676538178 ) ) ;
#1167 = CARTESIAN_POINT ( 'NONE',  ( -0.003397810665733257390, -0.008203040591588687744, 0.3231150289283322152 ) ) ;
#1168 = CARTESIAN_POINT ( 'NONE',  ( -1.330428767449099769, -3.776644255144276342E-16, 3.278185118395208875 ) ) ;
#1169 = APPROVAL_DATE_TIME ( #6132, #5798 ) ;
#1170 = ORIENTED_EDGE ( 'NONE', *, *, #611, .T. ) ;
#1171 = CARTESIAN_POINT ( 'NONE',  ( -0.6970993649053922603, -1.300712788129359865, -1.295823415256081024 ) ) ;
#1172 = CARTESIAN_POINT ( 'NONE',  ( 0.000000000000000000, 1.162740473580835099, 0.7499999999999997780 ) ) ;
#1173 = DIRECTION ( 'NONE',  ( 0.1045284632676536929, 1.065814103640150121E-14, 0.9945218953682732899 ) ) ;
#1174 = ORIENTED_EDGE ( 'NONE', *, *, #6982, .T. ) ;
#1175 = VECTOR ( 'NONE', #1396, 1000.000000000000000 ) ;
#1176 = CARTESIAN_POINT ( 'NONE',  ( -1.311650288129352804, -0.7572816469341321355, 4.182291666666665186 ) ) ;
#1177 = CARTESIAN_POINT ( 'NONE',  ( 0.000000000000000000, 1.162740473580835099, 2.249999999999999556 ) ) ;
#1178 = ADVANCED_FACE ( 'NONE', ( #3277 ), #462, .T. ) ;
#1179 = CARTESIAN_POINT ( 'NONE',  ( -1.748867050839136850, 2.511629141777256862E-17, -2.828125000000000000 ) ) ;
#1180 = CARTESIAN_POINT ( 'NONE',  ( -1.358792618231678517, -0.08062400813691181223, -2.946433174609177197 ) ) ;
#1181 = VECTOR ( 'NONE', #6331, 1000.000000000000000 ) ;
#1182 = ORGANIZATION ( 'UNSPECIFIED', 'UNSPECIFIED', '' ) ;
#1183 = CARTESIAN_POINT ( 'NONE',  ( 0.000000000000000000, 1.162740473580835099, -0.6874999999999993339 ) ) ;
#1184 = CARTESIAN_POINT ( 'NONE',  ( -0.7779006350946131576, 1.254062153034748661, 0.5375099180772522356 ) ) ;
#1185 = CARTESIAN_POINT ( 'NONE',  ( 1.342617050839136406, -6.094927362149793781E-16, 1.187500000000000222 ) ) ;
#1186 = CONICAL_SURFACE ( 'NONE', #3403, 1.108613885844307756, 0.7853981633974502774 ) ;
#1187 = CARTESIAN_POINT ( 'NONE',  ( -1.006962788129352804, -0.5813702367904175494, -3.583333333333333925 ) ) ;
#1188 = EDGE_CURVE ( 'NONE', #1164, #2666, #1406, .T. ) ;
#1189 = CIRCLE ( 'NONE', #6053, 2.662878385554965810 ) ;
#1190 = ORIENTED_EDGE ( 'NONE', *, *, #5053, .F. ) ;
#1191 = CARTESIAN_POINT ( 'NONE',  ( 3.000000000000000000, 0.000000000000000000, 4.359999999999999432 ) ) ;
#1192 = ORIENTED_EDGE ( 'NONE', *, *, #469, .F. ) ;
#1193 = CARTESIAN_POINT ( 'NONE',  ( -1.386814212877748753, -0.4873690709679218691, 0.2290146571971164446 ) ) ;
#1194 = AXIS2_PLACEMENT_3D ( 'NONE', #6696, #551, #4948 ) ;
#1195 = CARTESIAN_POINT ( 'NONE',  ( -0.6970993649053939256, -1.300712788129358533, -1.219741294322920888 ) ) ;
#1196 = CARTESIAN_POINT ( 'NONE',  ( 0.1343981099701962167, 1.462571274368299035, 2.978929425191133795 ) ) ;
#1197 = CARTESIAN_POINT ( 'NONE',  ( -0.9611403002510298110, -0.8291252986808806957, -3.627559662546176789 ) ) ;
#1198 = AXIS2_PLACEMENT_3D ( 'NONE', #181, #1301, #2907 ) ;
#1199 = EDGE_LOOP ( 'NONE', ( #5045, #1266, #3606, #921 ) ) ;
#1200 = CARTESIAN_POINT ( 'NONE',  ( -1.348753460210678101, 0.6388952525692669360, 1.089207764782895271 ) ) ;
#1201 = VERTEX_POINT ( 'NONE', #474 ) ;
#1202 = CARTESIAN_POINT ( 'NONE',  ( 1.333822933433425062, -0.6148934597293460591, 1.416903908142199020 ) ) ;
#1203 = DIRECTION ( 'NONE',  ( -0.3826834323650825653, -0.9238795325112897361, 0.000000000000000000 ) ) ;
#1204 = DIRECTION ( 'NONE',  ( 1.000000000000000000, 0.000000000000000000, -0.000000000000000000 ) ) ;
#1205 = CARTESIAN_POINT ( 'NONE',  ( 1.326038208031867782, -0.6089685845928821673, -2.077499271354254162 ) ) ;
#1206 = SECURITY_CLASSIFICATION_LEVEL ( 'unclassified' ) ;
#1207 = B_SPLINE_CURVE_WITH_KNOTS ( 'NONE', 3,
 ( #5863, #3618, #5360, #4280, #2539, #5937, #434, #4238, #4197, #6405 ),
 .UNSPECIFIED., .F., .F.,
 ( 4, 2, 2, 2, 4 ),
 ( 1.084202172485504314E-19, 0.0003684656354060961776, 0.0007369312708121925721, 0.001105396906218288804, 0.001473862541624385361 ),
 .UNSPECIFIED. ) ;
#1208 = TOROIDAL_SURFACE ( 'NONE', #4468, 2.640000000000000124, 0.3599999999999999867 ) ;
#1209 = VERTEX_POINT ( 'NONE', #1699 ) ;
#1210 = LINE ( 'NONE', #3433, #3865 ) ;
#1211 = EDGE_CURVE ( 'NONE', #3178, #3228, #2185, .T. ) ;
#1212 = CARTESIAN_POINT ( 'NONE',  ( 1.006962788129353026, 0.5813702367904165502, 2.166666666666666519 ) ) ;
#1213 = CARTESIAN_POINT ( 'NONE',  ( -0.4786287008715564562, -1.408412867817214975, 2.789994333276344385 ) ) ;
#1214 = ORIENTED_EDGE ( 'NONE', *, *, #4639, .T. ) ;
#1215 = CARTESIAN_POINT ( 'NONE',  ( -1.342617050839136406, 5.160910301454625687E-17, -3.562499999999999556 ) ) ;
#1216 = CARTESIAN_POINT ( 'NONE',  ( 0.000000000000000000, 1.162740473580835099, 3.249999999999999556 ) ) ;
#1217 = B_SPLINE_CURVE_WITH_KNOTS ( 'NONE', 3,
 ( #1533, #2597, #1606, #6024, #4334, #1497, #4296, #6536, #416, #7037 ),
 .UNSPECIFIED., .F., .F.,
 ( 4, 2, 2, 2, 4 ),
 ( 1.084202172485504434E-19, 0.0004068535042414631888, 0.0008137070084829261607, 0.001220560512724388862, 0.001627414016965851671 ),
 .UNSPECIFIED. ) ;
#1218 = CARTESIAN_POINT ( 'NONE',  ( -1.311650288129352804, -0.7572816469341316914, -3.786458333333333037 ) ) ;
#1219 = CARTESIAN_POINT ( 'NONE',  ( -0.1343981099701965776, 1.462571274368298369, 3.083570574808864873 ) ) ;
#1220 = EDGE_CURVE ( 'NONE', #3901, #1052, #4974, .T. ) ;
#1221 = CARTESIAN_POINT ( 'NONE',  ( 1.342617050839136406, -6.444669998435441772E-16, 1.687500000000000888 ) ) ;
#1222 = CARTESIAN_POINT ( 'NONE',  ( -1.748867050839136850, -7.762060799113600494E-17, -1.359375000000001332 ) ) ;
#1223 = CARTESIAN_POINT ( 'NONE',  ( -0.7779006350946140458, 1.254062153034748217, -1.962490081922747986 ) ) ;
#1224 = CARTESIAN_POINT ( 'NONE',  ( -0.6713085254195685359, -1.162740473580835765, 3.020833333333333481 ) ) ;
#1225 = CARTESIAN_POINT ( 'NONE',  ( -0.6713085254195686469, -1.162740473580835765, -1.541666666666666963 ) ) ;
#1226 = CARTESIAN_POINT ( 'NONE',  ( 1.006962788129353026, 0.5813702367904168833, -3.333333333333333481 ) ) ;
#1227 = EDGE_CURVE ( 'NONE', #1943, #4734, #981, .T. ) ;
#1228 = EDGE_CURVE ( 'NONE', #6077, #1985, #5406, .T. ) ;
#1229 = VERTEX_POINT ( 'NONE', #1562 ) ;
#1230 = CARTESIAN_POINT ( 'NONE',  ( -0.9807738445987352893, 1.118337879647044897, -0.4448754919815036124 ) ) ;
#1231 = CARTESIAN_POINT ( 'NONE',  ( -0.6970993649053939256, -1.300712788129358755, -0.7197412943229213322 ) ) ;
#1232 = CARTESIAN_POINT ( 'NONE',  ( -1.049333664020547507, -0.9030795775011485338, -2.693837904685839391 ) ) ;
#1233 = CARTESIAN_POINT ( 'NONE',  ( -1.199424823463224543, -0.8476778146389609692, -1.249762758524467054 ) ) ;
#1234 = ORIENTED_EDGE ( 'NONE', *, *, #6702, .F. ) ;
#1235 = DIRECTION ( 'NONE',  ( 0.06093467170257391846, 0.1055419473313874701, -0.9925461516413219831 ) ) ;
#1236 = ORIENTED_EDGE ( 'NONE', *, *, #1682, .T. ) ;
#1237 = CARTESIAN_POINT ( 'NONE',  ( 0.08080127018922518556, 0.04665063509461363223, -4.000000000000000000 ) ) ;
#1238 = CARTESIAN_POINT ( 'NONE',  ( 8.297065831737632894E-16, -6.947754667219228714E-16, 6.399999999999999467 ) ) ;
#1239 = CARTESIAN_POINT ( 'NONE',  ( -1.115242222299296371, -0.9574577668538908348, 1.756883576432910266 ) ) ;
#1240 = CARTESIAN_POINT ( 'NONE',  ( 1.386803860295837465, -0.4870992124572540716, 2.423550243099577006 ) ) ;
#1241 = CARTESIAN_POINT ( 'NONE',  ( -1.396071907617526753, 0.5248421216693784919, -0.9050120492368344260 ) ) ;
#1242 = DIRECTION ( 'NONE',  ( 0.000000000000000000, 0.000000000000000000, 1.000000000000000000 ) ) ;
#1243 = B_SPLINE_CURVE_WITH_KNOTS ( 'NONE', 3,
 ( #5838, #1887, #6305, #4214, #6420, #3136, #1455, #5727, #1343, #5222 ),
 .UNSPECIFIED., .F., .F.,
 ( 4, 2, 2, 2, 4 ),
 ( 0.000000000000000000, 0.0004068535042414620504, 0.0008137070084829241007, 0.001220560512724386260, 0.001627414016965848201 ),
 .UNSPECIFIED. ) ;
#1244 = ORIENTED_EDGE ( 'NONE', *, *, #3497, .T. ) ;
#1245 = CARTESIAN_POINT ( 'NONE',  ( 0.8840870061374984656, 1.192755423128870618, 3.015835324788119109 ) ) ;
#1246 = EDGE_LOOP ( 'NONE', ( #3488, #1214, #1304, #4264 ) ) ;
#1247 = CARTESIAN_POINT ( 'NONE',  ( 1.006962788129352360, -0.5813702367904186596, 1.083333333333332815 ) ) ;
#1248 = CARTESIAN_POINT ( 'NONE',  ( 0.6970993649053899288, -1.300712788129359865, 2.858323415256080580 ) ) ;
#1249 = ORIENTED_EDGE ( 'NONE', *, *, #3898, .F. ) ;
#1250 = CARTESIAN_POINT ( 'NONE',  ( 1.006962788129352804, 0.5813702367904167723, -2.270833333333333037 ) ) ;
#1251 = CARTESIAN_POINT ( 'NONE',  ( 1.342617050839136628, -7.799922714042321328E-16, 3.624999999999999556 ) ) ;
#1252 = CARTESIAN_POINT ( 'NONE',  ( -1.748867050839136850, -9.857972210792061015E-18, -2.328125000000000444 ) ) ;
#1253 = CARTESIAN_POINT ( 'NONE',  ( 0.000000000000000000, -1.463672932855430986E-15, 4.899999999999999467 ) ) ;
#1254 = B_SPLINE_CURVE_WITH_KNOTS ( 'NONE', 3,
 ( #1599, #2837, #6627, #4905, #3247, #549, #3351, #7103, #2187, #1153 ),
 .UNSPECIFIED., .F., .F.,
 ( 4, 2, 2, 2, 4 ),
 ( 9.137911406971152132E-19, 0.0003735337800687058138, 0.0007470675601374106517, 0.001120601340206115598, 0.001494135120274819786 ),
 .UNSPECIFIED. ) ;
#1255 = CARTESIAN_POINT ( 'NONE',  ( 1.342617050839136406, -7.493897907292380815E-16, 3.187500000000000444 ) ) ;
#1256 = CARTESIAN_POINT ( 'NONE',  ( -1.311650288129352804, -0.7572816469341316914, -3.317708333333334370 ) ) ;
#1257 = CARTESIAN_POINT ( 'NONE',  ( -3.261085491388560192E-16, -2.662878385554965366, 5.785601311043761186 ) ) ;
#1258 = CARTESIAN_POINT ( 'NONE',  ( 0.000000000000000000, 1.162740473580835543, -4.250000000000000000 ) ) ;
#1259 = CARTESIAN_POINT ( 'NONE',  ( -0.6713085254195686469, -1.162740473580835765, -1.041666666666666741 ) ) ;
#1260 = LINE ( 'NONE', #5357, #39 ) ;
#1261 = ORIENTED_EDGE ( 'NONE', *, *, #2034, .F. ) ;
#1262 = CARTESIAN_POINT ( 'NONE',  ( 1.296964472841150240, 0.04665063509461363223, -3.449983009668810663 ) ) ;
#1263 = CARTESIAN_POINT ( 'NONE',  ( 1.475000000000007638, 0.04665063509461363223, -2.000000000000000000 ) ) ;
#1264 = CARTESIAN_POINT ( 'NONE',  ( 0.6713085254195677587, -1.162740473580835765, -3.895833333333333037 ) ) ;
#1265 = CARTESIAN_POINT ( 'NONE',  ( -0.6970993649053917052, -1.300712788129359643, -4.000000000000000000 ) ) ;
#1266 = ORIENTED_EDGE ( 'NONE', *, *, #354, .F. ) ;
#1267 = CARTESIAN_POINT ( 'NONE',  ( 1.457284131257207349, -0.2242101233374521330, -1.648899917977310947 ) ) ;
#1268 = EDGE_CURVE ( 'NONE', #884, #5064, #5399, .T. ) ;
#1269 = EDGE_CURVE ( 'NONE', #3923, #4384, #3918, .T. ) ;
#1270 = CARTESIAN_POINT ( 'NONE',  ( -1.386814212877745200, -0.4873690709679338595, 2.729014657197117444 ) ) ;
#1271 = VERTEX_POINT ( 'NONE', #4867 ) ;
#1272 = CARTESIAN_POINT ( 'NONE',  ( -0.4781220914893977714, -1.408544004613358602, -1.278208825314837149 ) ) ;
#1273 = CARTESIAN_POINT ( 'NONE',  ( 1.136982362488265119, 0.5411871648938442192, -3.892423857628303008 ) ) ;
#1274 = CARTESIAN_POINT ( 'NONE',  ( 0.2314235646513054245, -1.394721284724113941, -2.629978282085328800 ) ) ;
#1275 = CARTESIAN_POINT ( 'NONE',  ( 0.8071880693750295155, -1.219749244847494918, -2.122752672785916062 ) ) ;
#1276 = CARTESIAN_POINT ( 'NONE',  ( 1.115481102915923506, -0.9573318031974811237, 0.3956813238637843511 ) ) ;
#1277 =( NAMED_UNIT ( * ) SI_UNIT ( $, .STERADIAN. ) SOLID_ANGLE_UNIT ( ) );
#1278 = ORIENTED_EDGE ( 'NONE', *, *, #1298, .T. ) ;
#1279 = CARTESIAN_POINT ( 'NONE',  ( -0.6115025155010485047, -1.152454695993214706, -3.394260789384285992 ) ) ;
#1280 = EDGE_CURVE ( 'NONE', #4290, #4579, #4610, .T. ) ;
#1281 = ORIENTED_EDGE ( 'NONE', *, *, #2393, .F. ) ;
#1282 = CARTESIAN_POINT ( 'NONE',  ( 1.006962788129352360, -0.5813702367904187707, 1.583333333333332371 ) ) ;
#1283 = DIRECTION ( 'NONE',  ( 0.9945218953682732899, -8.759593272591264369E-17, -0.1045284632676536929 ) ) ;
#1284 = VERTEX_POINT ( 'NONE', #3886 ) ;
#1285 = CARTESIAN_POINT ( 'NONE',  ( 0.6713085254195687579, 1.162740473580834877, -2.229166666666666519 ) ) ;
#1286 = CARTESIAN_POINT ( 'NONE',  ( -0.1210772110230780296, -1.487502386269245136, 0.8066255685504372108 ) ) ;
#1287 = CARTESIAN_POINT ( 'NONE',  ( 1.311650288129352582, -0.7572816469341326906, -2.619791666666666075 ) ) ;
#1288 = CARTESIAN_POINT ( 'NONE',  ( -0.5324716204974824230, 1.374768105607607982, 3.102542818367010291 ) ) ;
#1289 = CIRCLE ( 'NONE', #5351, 1.565079678693066301 ) ;
#1290 = CARTESIAN_POINT ( 'NONE',  ( -1.423946399209847682E-16, -1.162740473580835765, 2.562500000000000444 ) ) ;
#1291 = CARTESIAN_POINT ( 'NONE',  ( -1.311650288129352582, 0.7572816469341321355, -2.401041666666667851 ) ) ;
#1292 = CARTESIAN_POINT ( 'NONE',  ( 0.8840870061375012412, 1.192755423128868175, -1.484164675211882445 ) ) ;
#1293 = CARTESIAN_POINT ( 'NONE',  ( 0.6713085254195677587, -1.162740473580836209, 4.104166666666666963 ) ) ;
#1294 = CARTESIAN_POINT ( 'NONE',  ( 1.342617050839136628, -3.603011078614562690E-16, -2.375000000000000444 ) ) ;
#1295 = VECTOR ( 'NONE', #5621, 1000.000000000000000 ) ;
#1296 = B_SPLINE_CURVE_WITH_KNOTS ( 'NONE', 3,
 ( #6955, #5337, #372, #2594, #6998, #3824, #5953, #520, #1571, #2704 ),
 .UNSPECIFIED., .F., .F.,
 ( 4, 2, 2, 2, 4 ),
 ( 0.000000000000000000, 0.0003638230103348400152, 0.0007276460206696800303, 0.001091469031004519991, 0.001455292041339360061 ),
 .UNSPECIFIED. ) ;
#1297 = VECTOR ( 'NONE', #6440, 1000.000000000000000 ) ;
#1298 = EDGE_CURVE ( 'NONE', #2871, #2076, #6768, .T. ) ;
#1299 = EDGE_LOOP ( 'NONE', ( #1773, #777, #7156, #1371 ) ) ;
#1300 = CARTESIAN_POINT ( 'NONE',  ( 1.055942886842549555, 0.7290320230624665054, -3.697857232085308254 ) ) ;
#1301 = DIRECTION ( 'NONE',  ( -0.000000000000000000, -0.000000000000000000, 1.000000000000000000 ) ) ;
#1302 = CARTESIAN_POINT ( 'NONE',  ( 1.006962788129352138, -0.5813702367904182156, -3.854166666666666075 ) ) ;
#1303 = LINE ( 'NONE', #5186, #1295 ) ;
#1304 = ORIENTED_EDGE ( 'NONE', *, *, #3251, .T. ) ;
#1305 = CARTESIAN_POINT ( 'NONE',  ( 0.5906919597873091510, -1.362147132118053605, 2.277552445603346687 ) ) ;
#1306 = CYLINDRICAL_SURFACE ( 'NONE', #2595, 1.555801270189232755 ) ;
#1307 = ORIENTED_EDGE ( 'NONE', *, *, #1739, .T. ) ;
#1308 = DIRECTION ( 'NONE',  ( 1.000000000000000000, 0.000000000000000000, 0.000000000000000000 ) ) ;
#1309 = VECTOR ( 'NONE', #6113, 1000.000000000000000 ) ;
#1310 = EDGE_CURVE ( 'NONE', #3425, #2306, #2428, .T. ) ;
#1311 = DIRECTION ( 'NONE',  ( 1.000000000000000000, 0.000000000000000000, 0.000000000000000000 ) ) ;
#1312 = DIRECTION ( 'NONE',  ( -1.048485535221181431E-14, 1.000000000000000000, -0.000000000000000000 ) ) ;
#1313 = CARTESIAN_POINT ( 'NONE',  ( 0.4944841144390116350, -1.154801552702236389, -3.854227112402895727 ) ) ;
#1314 = CARTESIAN_POINT ( 'NONE',  ( -0.6970993649053902619, -1.300712788129360753, 1.704176584743918976 ) ) ;
#1315 = PERSON_AND_ORGANIZATION_ROLE ( 'design_owner' ) ;
#1316 = ORIENTED_EDGE ( 'NONE', *, *, #120, .T. ) ;
#1317 = CARTESIAN_POINT ( 'NONE',  ( -1.115242222299292596, -0.9574577668538937214, 2.256883576432910488 ) ) ;
#1318 = VECTOR ( 'NONE', #6874, 1000.000000000000114 ) ;
#1319 = ORIENTED_EDGE ( 'NONE', *, *, #3545, .F. ) ;
#1320 = CARTESIAN_POINT ( 'NONE',  ( -1.440814631503362309, -0.08749760456257424379, -2.278417483804654253 ) ) ;
#1321 = B_SPLINE_CURVE_WITH_KNOTS ( 'NONE', 3,
 ( #3341, #3202, #4859, #2101 ),
 .UNSPECIFIED., .F., .F.,
 ( 4, 4 ),
 ( 0.000000000000000000, 0.0002888122438827704229 ),
 .UNSPECIFIED. ) ;
#1322 = EDGE_CURVE ( 'NONE', #3291, #1505, #800, .T. ) ;
#1323 = FACE_OUTER_BOUND ( 'NONE', #6912, .T. ) ;
#1324 = ORIENTED_EDGE ( 'NONE', *, *, #1457, .F. ) ;
#1325 = CARTESIAN_POINT ( 'NONE',  ( -1.423946399209847682E-16, -1.162740473580835543, -1.937499999999999556 ) ) ;
#1326 = CARTESIAN_POINT ( 'NONE',  ( 1.342617050839136628, -7.100437441471028304E-16, 2.625000000000000000 ) ) ;
#1327 = CARTESIAN_POINT ( 'NONE',  ( 1.311650288129352582, -0.7572816469341326906, -3.619791666666666075 ) ) ;
#1328 = CARTESIAN_POINT ( 'NONE',  ( 0.5344704030327203093, 1.374150139869405818, 3.044733251310644206 ) ) ;
#1329 = AXIS2_PLACEMENT_3D ( 'NONE', #2675, #7001, #5917 ) ;
#1330 = CARTESIAN_POINT ( 'NONE',  ( 0.6166163791711026798, -1.161312167692726494, -3.310962634755588940 ) ) ;
#1331 = CARTESIAN_POINT ( 'NONE',  ( -0.6713085254195685359, -1.162740473580835765, 1.020833333333333703 ) ) ;
#1332 = CARTESIAN_POINT ( 'NONE',  ( -1.748867050839136850, -4.264634436257132292E-17, -1.859375000000001554 ) ) ;
#1333 = CARTESIAN_POINT ( 'NONE',  ( -0.9804069721108378266, 1.118711047843707451, 1.623327666609678532 ) ) ;
#1334 = CARTESIAN_POINT ( 'NONE',  ( 0.6713085254195678697, -1.162740473580835765, -3.458333333333333925 ) ) ;
#1335 = CARTESIAN_POINT ( 'NONE',  ( -1.342617050839136628, -8.391616854614169261E-17, -1.625000000000000888 ) ) ;
#1336 = ORIENTED_EDGE ( 'NONE', *, *, #2035, .F. ) ;
#1337 = CARTESIAN_POINT ( 'NONE',  ( 0.5906919597873088179, -1.362147132118053605, 1.277552445603347353 ) ) ;
#1338 = CARTESIAN_POINT ( 'NONE',  ( 1.456819914017537743, -0.2262501026587184216, -0.06412384829965560307 ) ) ;
#1339 = CARTESIAN_POINT ( 'NONE',  ( 1.006962788129352138, -0.5813702367904183266, -3.354166666666666075 ) ) ;
#1340 = DIRECTION ( 'NONE',  ( 1.000000000000000000, 0.000000000000000000, 0.000000000000000000 ) ) ;
#1341 = EDGE_CURVE ( 'NONE', #4507, #5771, #4904, .T. ) ;
#1342 = VERTEX_POINT ( 'NONE', #2939 ) ;
#1343 = CARTESIAN_POINT ( 'NONE',  ( -0.6592475780754288861, 1.322566527444947848, 0.1083635849017876712 ) ) ;
#1344 = CARTESIAN_POINT ( 'NONE',  ( -0.6161812338856172966, 1.229404675404244029, -2.832463803870183483 ) ) ;
#1345 = ORIENTED_EDGE ( 'NONE', *, *, #5128, .T. ) ;
#1346 = FACE_OUTER_BOUND ( 'NONE', #2983, .T. ) ;
#1347 = LINE ( 'NONE', #303, #4332 ) ;
#1348 = CARTESIAN_POINT ( 'NONE',  ( 0.5594711943384517161, -1.293991799818178690, -2.607850297713809606 ) ) ;
#1349 = CARTESIAN_POINT ( 'NONE',  ( 0.7779006350946136017, 1.254062153034748217, -0.9750099180772524576 ) ) ;
#1350 = EDGE_CURVE ( 'NONE', #587, #2593, #1924, .T. ) ;
#1351 = CARTESIAN_POINT ( 'NONE',  ( -0.7779006350946168213, 1.254062153034746663, 2.613592039010412815 ) ) ;
#1352 = VERTEX_POINT ( 'NONE', #1184 ) ;
#1353 = CARTESIAN_POINT ( 'NONE',  ( 1.410998722340385925, -0.08441006447919637001, -2.521248577092942700 ) ) ;
#1354 = EDGE_LOOP ( 'NONE', ( #6640, #1088, #5221, #6786 ) ) ;
#1355 = CARTESIAN_POINT ( 'NONE',  ( 1.310481345699467060, -0.3165760873475705894, 3.269556170990220334 ) ) ;
#1356 = CARTESIAN_POINT ( 'NONE',  ( -1.283498216266888647, 0.4829733023453959828, -2.974089282920454824 ) ) ;
#1357 = EDGE_LOOP ( 'NONE', ( #2450, #3558, #3537, #6814, #5556, #1097, #5412, #817, #6054, #4250, #1886, #1771, #4539, #2242, #223, #5387, #1133, #659, #5576, #2188, #2726, #3574, #6907, #2341, #4519, #4440, #5093, #4640, #5253, #6799, #998, #2614, #2468, #1807, #566, #6444, #6377, #6605, #4499, #4367, #3453, #3892, #4536, #5952, #7140, #2921, #4737, #6473, #3327, #492, #1926, #1345, #1316, #2026, #409, #5612, #5868, #4476, #3506, #6730, #6533, #3367, #4756, #4444, #6319, #4660, #2053, #2116, #1903, #5531, #4781, #6629, #420, #6403, #1068, #6679, #1570, #2081, #2294, #3534, #118, #3148, #617, #2092, #5553, #743, #2525, #213, #3540, #7074, #6414 ) ) ;
#1358 = CARTESIAN_POINT ( 'NONE',  ( -0.6713085254195680918, 1.162740473580835321, -0.1458333333333328707 ) ) ;
#1359 = CARTESIAN_POINT ( 'NONE',  ( -1.423946399209847929E-16, -1.162740473580836209, 3.499999999999999556 ) ) ;
#1360 = CARTESIAN_POINT ( 'NONE',  ( -1.748867050839136850, -2.197035539821800823E-16, 0.6718750000000005551 ) ) ;
#1361 = DIRECTION ( 'NONE',  ( -1.000000000000000000, 0.000000000000000000, 0.000000000000000000 ) ) ;
#1362 = EDGE_CURVE ( 'NONE', #7034, #6133, #2365, .T. ) ;
#1363 = EDGE_CURVE ( 'NONE', #4303, #6894, #4272, .T. ) ;
#1364 = CARTESIAN_POINT ( 'NONE',  ( -0.8840870061375006861, 1.192755423128868175, 0.04666467521188159134 ) ) ;
#1365 = CARTESIAN_POINT ( 'NONE',  ( -1.342617050839136406, -2.981335332711003230E-16, 1.437500000000000444 ) ) ;
#1366 = CARTESIAN_POINT ( 'NONE',  ( -1.311650288129352804, -0.7572816469341320245, 0.6822916666666652974 ) ) ;
#1367 = B_SPLINE_CURVE_WITH_KNOTS ( 'NONE', 3,
 ( #915, #2706, #3827, #4371, #7112, #485, #2160, #1607, #4917, #6569 ),
 .UNSPECIFIED., .F., .F.,
 ( 4, 2, 2, 2, 4 ),
 ( 0.000000000000000000, 0.0004068535042414624841, 0.0008137070084829249681, 0.001220560512724387561, 0.001627414016965850370 ),
 .UNSPECIFIED. ) ;
#1368 = CARTESIAN_POINT ( 'NONE',  ( 0.1421438538851875488, -1.272500117417191712, 5.132152460098433622 ) ) ;
#1369 = CARTESIAN_POINT ( 'NONE',  ( 1.006962788129352804, 0.5813702367904163282, 4.229166666666666963 ) ) ;
#1370 = CARTESIAN_POINT ( 'NONE',  ( 1.342617050839136628, -4.652238987471502226E-16, -0.8750000000000004441 ) ) ;
#1371 = ORIENTED_EDGE ( 'NONE', *, *, #5312, .T. ) ;
#1372 = CARTESIAN_POINT ( 'NONE',  ( 0.2435093434669692303, -1.471454798341267134, 1.261654617429831093 ) ) ;
#1373 = DIRECTION ( 'NONE',  ( 0.3826834323650908920, -0.9238795325112862944, -0.000000000000000000 ) ) ;
#1374 = DIRECTION ( 'NONE',  ( 0.1045058763748857172, 0.02078751127481443667, 0.9943069954385901354 ) ) ;
#1375 = DIRECTION ( 'NONE',  ( 0.000000000000000000, 0.000000000000000000, 1.000000000000000000 ) ) ;
#1376 = VERTEX_POINT ( 'NONE', #1837 ) ;
#1377 = CARTESIAN_POINT ( 'NONE',  ( 0.9243482935200513229, -1.148518002948893280, 2.293290514966321858 ) ) ;
#1378 = DIRECTION ( 'NONE',  ( 0.000000000000000000, 0.000000000000000000, 1.000000000000000000 ) ) ;
#1379 = ORIENTED_EDGE ( 'NONE', *, *, #2264, .T. ) ;
#1380 = DIRECTION ( 'NONE',  ( 0.000000000000000000, 0.000000000000000000, 1.000000000000000000 ) ) ;
#1381 = CARTESIAN_POINT ( 'NONE',  ( 0.9804069721108334967, 1.118711047843710116, -0.06082766660967928868 ) ) ;
#1382 = FACE_OUTER_BOUND ( 'NONE', #5131, .T. ) ;
#1383 = CARTESIAN_POINT ( 'NONE',  ( 0.5344704030327326327, 1.374150139869401377, 1.544733251310643096 ) ) ;
#1384 = CARTESIAN_POINT ( 'NONE',  ( -1.141264026774899021, -0.2712196150724180410, 3.445873412263529723 ) ) ;
#1385 = CARTESIAN_POINT ( 'NONE',  ( -1.152562564150568569, 0.9466126766718908625, -0.3658212840964994994 ) ) ;
#1386 = ORIENTED_EDGE ( 'NONE', *, *, #4160, .F. ) ;
#1387 = CARTESIAN_POINT ( 'NONE',  ( 1.393371864010422012, -0.2127072879127864247, -2.526611358834200516 ) ) ;
#1388 = VERTEX_POINT ( 'NONE', #1257 ) ;
#1389 = CARTESIAN_POINT ( 'NONE',  ( -1.342617050839136628, -4.336588048317881801E-16, 3.374999999999999556 ) ) ;
#1390 = CARTESIAN_POINT ( 'NONE',  ( -0.7779006350946131576, 1.254062153034748661, 1.537509918077251569 ) ) ;
#1391 = ORIENTED_EDGE ( 'NONE', *, *, #2517, .T. ) ;
#1392 = CARTESIAN_POINT ( 'NONE',  ( -0.6713085254195680918, 1.162740473580835321, -1.645833333333332815 ) ) ;
#1393 = FACE_OUTER_BOUND ( 'NONE', #559, .T. ) ;
#1394 = CARTESIAN_POINT ( 'NONE',  ( 0.8744335254195692020, 1.514563293868263161, 0.5052083333333331483 ) ) ;
#1395 = B_SPLINE_CURVE_WITH_KNOTS ( 'NONE', 3,
 ( #4196, #783, #3042, #6979, #6404, #5861, #1480, #855, #2500, #6824 ),
 .UNSPECIFIED., .F., .F.,
 ( 4, 2, 2, 2, 4 ),
 ( 3.909146525865938448E-19, 0.0003486893613836689293, 0.0006973787227673375333, 0.001046068084151006083, 0.001394757445534674633 ),
 .UNSPECIFIED. ) ;
#1396 = DIRECTION ( 'NONE',  ( 0.000000000000000000, 0.000000000000000000, 1.000000000000000000 ) ) ;
#1397 = CARTESIAN_POINT ( 'NONE',  ( -1.006962788129352582, 0.5813702367904177715, -3.166666666666666963 ) ) ;
#1398 = FACE_OUTER_BOUND ( 'NONE', #3908, .T. ) ;
#1399 = CARTESIAN_POINT ( 'NONE',  ( -0.7779006350946168213, 1.254062153034746663, 2.613592039010412815 ) ) ;
#1400 = CARTESIAN_POINT ( 'NONE',  ( 0.8744335254195692020, 1.514563293868263161, 0.4739583333333323156 ) ) ;
#1401 = EDGE_CURVE ( 'NONE', #1829, #5996, #5555, .T. ) ;
#1402 = CARTESIAN_POINT ( 'NONE',  ( 0.9807738445987274067, 1.118337879647051336, 2.007375491981503224 ) ) ;
#1403 = CARTESIAN_POINT ( 'NONE',  ( -1.006962788129352804, -0.5813702367904175494, -3.583333333333333925 ) ) ;
#1404 = CARTESIAN_POINT ( 'NONE',  ( -0.6713085254195682028, 1.162740473580835321, 0.7916666666666662966 ) ) ;
#1405 = AXIS2_PLACEMENT_3D ( 'NONE', #4819, #6480, #2024 ) ;
#1406 = B_SPLINE_CURVE_WITH_KNOTS ( 'NONE', 3,
 ( #3245, #7060, #4359, #547, #2249, #5438, #7101, #6660, #5543, #512 ),
 .UNSPECIFIED., .F., .F.,
 ( 4, 2, 2, 2, 4 ),
 ( 2.424349759030540154E-19, 0.0003638230103348410994, 0.0007276460206696819819, 0.001091469031004523027, 0.001455292041339363530 ),
 .UNSPECIFIED. ) ;
#1407 = EDGE_LOOP ( 'NONE', ( #1930, #2229, #3823, #4708 ) ) ;
#1408 = FACE_OUTER_BOUND ( 'NONE', #3674, .T. ) ;
#1409 = ADVANCED_FACE ( 'NONE', ( #3515 ), #3856, .T. ) ;
#1410 = CARTESIAN_POINT ( 'NONE',  ( -1.334521665427734094, -0.6133972531590035082, -0.2631176042085735522 ) ) ;
#1411 = CARTESIAN_POINT ( 'NONE',  ( -1.382294612430987168, 0.04665063509461363916, -2.755024792101749664 ) ) ;
#1412 = AXIS2_PLACEMENT_3D ( 'NONE', #2717, #1070, #1614 ) ;
#1413 = CARTESIAN_POINT ( 'NONE',  ( 0.08080127018922669824, 0.04665063509461338936, -4.000000000000000000 ) ) ;
#1414 = VECTOR ( 'NONE', #4071, 1000.000000000000000 ) ;
#1415 = ORIENTED_EDGE ( 'NONE', *, *, #2960, .F. ) ;
#1416 = CARTESIAN_POINT ( 'NONE',  ( 0.1210772110230777798, -1.487502386269244470, 2.255874431449561346 ) ) ;
#1417 = VECTOR ( 'NONE', #1375, 1000.000000000000000 ) ;
#1418 = CARTESIAN_POINT ( 'NONE',  ( 1.396238660138788612, 0.5242369183443954528, 0.9038115237824922987 ) ) ;
#1419 = VERTEX_POINT ( 'NONE', #5071 ) ;
#1420 = CARTESIAN_POINT ( 'NONE',  ( 0.6933181305638075331, 1.107560957755965081, -3.377738437289245610 ) ) ;
#1421 = CONICAL_SURFACE ( 'NONE', #2136, 1.555801270189232755, 0.1221730476396033355 ) ;
#1422 = CARTESIAN_POINT ( 'NONE',  ( -0.08080127018922669824, 0.04665063509461348651, -4.000000000000000000 ) ) ;
#1423 = DIRECTION ( 'NONE',  ( 1.000000000000000000, 0.000000000000000000, 0.000000000000000000 ) ) ;
#1424 = CARTESIAN_POINT ( 'NONE',  ( -1.475000000000007638, 0.04665063509461365304, -2.000000000000000000 ) ) ;
#1425 = CARTESIAN_POINT ( 'NONE',  ( 0.6970993649053937036, -1.300712788129357866, 1.858323415256081468 ) ) ;
#1426 = DIRECTION ( 'NONE',  ( 0.9945218953682732899, 1.042741821754387887E-14, -0.1045284632676537900 ) ) ;
#1427 = APPROVAL_ROLE ( '' ) ;
#1428 = AXIS2_PLACEMENT_3D ( 'NONE', #65, #1087, #3819 ) ;
#1429 = ORIENTED_EDGE ( 'NONE', *, *, #1510, .F. ) ;
#1430 = CARTESIAN_POINT ( 'NONE',  ( 0.2538572652780266559, 1.544354521968174687, 6.195034570514510008 ) ) ;
#1431 = VECTOR ( 'NONE', #2914, 1000.000000000000000 ) ;
#1432 = ORIENTED_EDGE ( 'NONE', *, *, #3107, .T. ) ;
#1433 = CARTESIAN_POINT ( 'NONE',  ( -1.327717508445854344, -0.6141007875721647968, 3.145755875123370959 ) ) ;
#1434 = CARTESIAN_POINT ( 'NONE',  ( -3.000000000000000000, 3.673940397442059868E-16, 5.246254526119612294 ) ) ;
#1435 = CARTESIAN_POINT ( 'NONE',  ( -1.475000000000007860, 0.04665063509460937174, 0.6916567485894139500 ) ) ;
#1436 = AXIS2_PLACEMENT_3D ( 'NONE', #835, #4109, #2992 ) ;
#1437 = CARTESIAN_POINT ( 'NONE',  ( -0.6713085254195685359, -1.162740473580835543, 0.02083333333333364443 ) ) ;
#1438 = DIRECTION ( 'NONE',  ( 0.000000000000000000, 0.000000000000000000, 1.000000000000000000 ) ) ;
#1439 = EDGE_CURVE ( 'NONE', #1789, #3024, #6724, .T. ) ;
#1440 = CARTESIAN_POINT ( 'NONE',  ( -1.854805089941841679E-16, -1.514563293868264271, -0.2031250000000001665 ) ) ;
#1441 = CARTESIAN_POINT ( 'NONE',  ( -1.333822933433424618, -0.6148934597293449489, 2.645596091857798982 ) ) ;
#1442 = CARTESIAN_POINT ( 'NONE',  ( 0.6970993649053918162, -1.300712788129358755, -0.2177587056770803331 ) ) ;
#1443 = CARTESIAN_POINT ( 'NONE',  ( 0.000000000000000000, -1.463672932855430986E-15, 4.899999999999999467 ) ) ;
#1444 = CARTESIAN_POINT ( 'NONE',  ( -1.475000000000007638, 0.04665063509461160607, -1.808343251410586383 ) ) ;
#1445 = CARTESIAN_POINT ( 'NONE',  ( -0.8744335254195683138, 1.514563293868263605, 0.05729166666666556107 ) ) ;
#1446 = CARTESIAN_POINT ( 'NONE',  ( 1.475000000000007416, 0.04665063509461379876, 0.8708432514105854949 ) ) ;
#1447 = CARTESIAN_POINT ( 'NONE',  ( 0.6713085254195689799, 1.162740473580835099, -0.2916666666666675178 ) ) ;
#1448 = CARTESIAN_POINT ( 'NONE',  ( 1.342617050839136628, -5.351724260042795251E-16, 0.1249999999999992506 ) ) ;
#1449 = ORIENTED_EDGE ( 'NONE', *, *, #1298, .F. ) ;
#1450 = CYLINDRICAL_SURFACE ( 'NONE', #6843, 1.394198729810780968 ) ;
#1451 = LINE ( 'NONE', #3094, #1318 ) ;
#1452 = CARTESIAN_POINT ( 'NONE',  ( -0.6713085254195685359, -1.162740473580835543, -0.4791666666666664076 ) ) ;
#1453 = FACE_OUTER_BOUND ( 'NONE', #2415, .T. ) ;
#1454 = ORIENTED_EDGE ( 'NONE', *, *, #3181, .T. ) ;
#1455 = CARTESIAN_POINT ( 'NONE',  ( -0.2715616379965444804, 1.444556979311147682, 0.09021690976624315017 ) ) ;
#1456 = ADVANCED_FACE ( 'NONE', ( #2463 ), #6367, .T. ) ;
#1457 = EDGE_CURVE ( 'NONE', #6783, #5384, #4705, .T. ) ;
#1458 = EDGE_CURVE ( 'NONE', #5773, #380, #3242, .T. ) ;
#1459 = CARTESIAN_POINT ( 'NONE',  ( -0.6594932763708384327, 1.322424673467953227, 2.027301540095944876 ) ) ;
#1460 = EDGE_LOOP ( 'NONE', ( #4946, #4099, #4108, #6816 ) ) ;
#1461 = CARTESIAN_POINT ( 'NONE',  ( -0.9228137282244754935, -1.149940016531953990, 2.184433415356022312 ) ) ;
#1462 = CARTESIAN_POINT ( 'NONE',  ( 1.227644640911699447, 0.8486523346799735856, 1.485043764117546461 ) ) ;
#1463 = DIRECTION ( 'NONE',  ( 0.000000000000000000, 0.000000000000000000, 1.000000000000000000 ) ) ;
#1464 = DIRECTION ( 'NONE',  ( -0.1218693434051477398, -0.000000000000000000, -0.9925461516413219831 ) ) ;
#1465 = CARTESIAN_POINT ( 'NONE',  ( 0.8840870061374977995, 1.192755423128870174, -0.9841646752118821118 ) ) ;
#1466 = CARTESIAN_POINT ( 'NONE',  ( 0.1156771156801165851, 1.241274298377803564, -3.802041367973183039 ) ) ;
#1467 = CALENDAR_DATE ( 2026, 16, 6 ) ;
#1468 = ORIENTED_EDGE ( 'NONE', *, *, #5261, .T. ) ;
#1469 = CARTESIAN_POINT ( 'NONE',  ( 0.1630858473686298549, 1.324106266535444165, 5.331402218497962586 ) ) ;
#1470 = ORIENTED_EDGE ( 'NONE', *, *, #4838, .T. ) ;
#1471 = CARTESIAN_POINT ( 'NONE',  ( -1.424104890507027932, -0.2206789955974874928, -2.269386796536407847 ) ) ;
#1472 = LINE ( 'NONE', #3263, #141 ) ;
#1473 = LINE ( 'NONE', #2608, #6652 ) ;
#1474 = CARTESIAN_POINT ( 'NONE',  ( -1.006962788129352360, 0.5813702367904174384, 0.3958333333333339810 ) ) ;
#1475 = CARTESIAN_POINT ( 'NONE',  ( -0.7779006350946131576, 1.254062153034748661, -0.9624900819227479865 ) ) ;
#1476 = CARTESIAN_POINT ( 'NONE',  ( 0.8744335254195692020, 1.514563293868263161, -0.4947916666666667962 ) ) ;
#1477 = CARTESIAN_POINT ( 'NONE',  ( -0.7779006350946140458, 1.254062153034748217, -1.962490081922747986 ) ) ;
#1478 = CARTESIAN_POINT ( 'NONE',  ( -0.6713085254195682028, 1.162740473580835765, -2.708333333333333481 ) ) ;
#1479 = EDGE_LOOP ( 'NONE', ( #1033, #5237, #3261, #4514 ) ) ;
#1480 = CARTESIAN_POINT ( 'NONE',  ( 1.180231604557875125, -0.4084337401659602351, -3.793208111109036995 ) ) ;
#1481 = CARTESIAN_POINT ( 'NONE',  ( -1.152562564150560798, 0.9466126766718995222, 0.1341787159035001120 ) ) ;
#1482 = CARTESIAN_POINT ( 'NONE',  ( 0.000000000000000000, 1.514563293868263827, 0.01562499999999914652 ) ) ;
#1483 = CARTESIAN_POINT ( 'NONE',  ( -0.08080127018922669824, 0.04665063509461348651, -4.000000000000000000 ) ) ;
#1484 = CARTESIAN_POINT ( 'NONE',  ( 1.006962788129352360, -0.5813702367904185486, -1.416666666666667185 ) ) ;
#1485 = CARTESIAN_POINT ( 'NONE',  ( -1.423946399209847929E-16, -1.162740473580835987, 0.4999999999999995559 ) ) ;
#1486 = VERTEX_POINT ( 'NONE', #5786 ) ;
#1487 = CARTESIAN_POINT ( 'NONE',  ( -1.006962788129352582, -0.5813702367904175494, -2.520833333333333037 ) ) ;
#1488 = CARTESIAN_POINT ( 'NONE',  ( 1.199424823463227430, -0.8476778146389546409, -0.1877372414755336116 ) ) ;
#1489 = CARTESIAN_POINT ( 'NONE',  ( -0.6713085254195680918, 1.162740473580835321, -1.145833333333332815 ) ) ;
#1490 = CARTESIAN_POINT ( 'NONE',  ( 0.7779006350946136017, 1.254062153034748217, 0.02499008192274728909 ) ) ;
#1491 = VERTEX_POINT ( 'NONE', #1446 ) ;
#1492 = CARTESIAN_POINT ( 'NONE',  ( 1.348776801269682579, 0.6388452785093684527, -1.589210430784213868 ) ) ;
#1493 = CARTESIAN_POINT ( 'NONE',  ( 1.442773012011131062, 0.2119291636260071943, 5.796115330523531561 ) ) ;
#1494 = ORIENTED_EDGE ( 'NONE', *, *, #2882, .T. ) ;
#1495 = CARTESIAN_POINT ( 'NONE',  ( 1.457284131257208459, -0.2242101233374443059, 1.851100082022689719 ) ) ;
#1496 = DIRECTION ( 'NONE',  ( 1.000000000000000000, 0.000000000000000000, 0.000000000000000000 ) ) ;
#1497 = CARTESIAN_POINT ( 'NONE',  ( -1.333822933433428615, -0.6148934597293370663, -1.854403908142199686 ) ) ;
#1498 = DIRECTION ( 'NONE',  ( 1.000000000000000000, 0.000000000000000000, 0.000000000000000000 ) ) ;
#1499 = FACE_OUTER_BOUND ( 'NONE', #1479, .T. ) ;
#1500 = CARTESIAN_POINT ( 'NONE',  ( -0.6697778035739814229, 1.066787915382801044, -3.761179593355139517 ) ) ;
#1501 = EDGE_CURVE ( 'NONE', #5579, #4121, #715, .T. ) ;
#1502 = ADVANCED_FACE ( 'NONE', ( #3045 ), #5249, .T. ) ;
#1503 = ORIENTED_EDGE ( 'NONE', *, *, #402, .T. ) ;
#1504 = CARTESIAN_POINT ( 'NONE',  ( -1.475000000000007194, -0.09035811372578808620, 1.120803081764878195 ) ) ;
#1505 = VERTEX_POINT ( 'NONE', #4240 ) ;
#1506 = CARTESIAN_POINT ( 'NONE',  ( -1.327717508445854344, -0.6141007875721647968, 3.145755875123370959 ) ) ;
#1507 = CARTESIAN_POINT ( 'NONE',  ( -0.7253950859569506804, -0.9087174358250725836, 3.445873412263473767 ) ) ;
#1508 = CARTESIAN_POINT ( 'NONE',  ( -1.474300434062846943, 4.439603604042590227E-16, 3.134313451781461701 ) ) ;
#1509 = CARTESIAN_POINT ( 'NONE',  ( -1.006962788129352360, 0.5813702367904174384, 0.8958333333333335924 ) ) ;
#1510 = EDGE_CURVE ( 'NONE', #1154, #6663, #3067, .T. ) ;
#1511 = CARTESIAN_POINT ( 'NONE',  ( 0.9948111613023644662, -0.8546217866819473263, -3.285542866384917104 ) ) ;
#1512 = CARTESIAN_POINT ( 'NONE',  ( 1.311650288129352582, -0.7572816469341329126, -0.1197916666666664909 ) ) ;
#1513 = CARTESIAN_POINT ( 'NONE',  ( -0.8155067236291685395, -1.232350267696153967, 2.693968206762611395 ) ) ;
#1514 = CARTESIAN_POINT ( 'NONE',  ( -1.423946399209847929E-16, -1.162740473580835765, -1.500000000000000444 ) ) ;
#1515 = CARTESIAN_POINT ( 'NONE',  ( -0.6775579115451096923, -1.266865998055612508, -2.318304731744496916 ) ) ;
#1516 = CARTESIAN_POINT ( 'NONE',  ( 0.1343981099701959669, 1.462571274368298813, 0.4789294251911333511 ) ) ;
#1517 = CARTESIAN_POINT ( 'NONE',  ( 0.000000000000000000, 1.514563293868263827, -0.4843750000000008882 ) ) ;
#1518 = CARTESIAN_POINT ( 'NONE',  ( -1.424186695785348400, 0.04665063509461364610, -2.413841152674244928 ) ) ;
#1519 = CARTESIAN_POINT ( 'NONE',  ( -0.6713085254195686469, -1.162740473580835765, -0.5416666666666672958 ) ) ;
#1520 = CARTESIAN_POINT ( 'NONE',  ( -1.342617050839136628, -2.937617503175296245E-16, 1.374999999999999556 ) ) ;
#1521 = B_SPLINE_CURVE_WITH_KNOTS ( 'NONE', 3,
 ( #5309, #3570, #7005, #3650, #1901, #5198, #4732, #343, #4116, #6352 ),
 .UNSPECIFIED., .F., .F.,
 ( 4, 2, 2, 2, 4 ),
 ( 6.857096618313869580E-19, 0.0003890307842886002714, 0.0007780615685771997839, 0.001167092352865799296, 0.001556123137154398917 ),
 .UNSPECIFIED. ) ;
#1522 = CARTESIAN_POINT ( 'NONE',  ( 1.006962788129352804, 0.5813702367904167723, -2.770833333333332593 ) ) ;
#1523 = CARTESIAN_POINT ( 'NONE',  ( -1.457284131257206683, -0.2242101233374520219, -0.2886000820226896635 ) ) ;
#1524 = CARTESIAN_POINT ( 'NONE',  ( 1.342617050839136406, -5.395442089578501743E-16, 0.1875000000000001943 ) ) ;
#1525 = DIRECTION ( 'NONE',  ( 0.000000000000000000, 0.000000000000000000, 1.000000000000000000 ) ) ;
#1526 = EDGE_CURVE ( 'NONE', #1690, #884, #4786, .T. ) ;
#1527 = ORIENTED_EDGE ( 'NONE', *, *, #5883, .T. ) ;
#1528 = CARTESIAN_POINT ( 'NONE',  ( 1.379126839101465496, 0.2758381177090482028, -2.658092820184067673 ) ) ;
#1529 = CARTESIAN_POINT ( 'NONE',  ( -0.6812949734144680969, 1.086736238705924062, -3.573579951253651021 ) ) ;
#1530 = ORIENTED_EDGE ( 'NONE', *, *, #5129, .F. ) ;
#1531 = CARTESIAN_POINT ( 'NONE',  ( 0.9243482935200509898, -1.148518002948893280, 1.793290514966320748 ) ) ;
#1532 = DIRECTION ( 'NONE',  ( 0.000000000000000000, 0.000000000000000000, 1.000000000000000000 ) ) ;
#1533 = CARTESIAN_POINT ( 'NONE',  ( -0.6970993649053922603, -1.300712788129359643, -1.795823415256081024 ) ) ;
#1534 = CARTESIAN_POINT ( 'NONE',  ( -0.6594932763708384327, 1.322424673467953449, 1.027301540095944876 ) ) ;
#1535 = CARTESIAN_POINT ( 'NONE',  ( -0.1360432288665760214, 1.462428290740637182, -0.007715729124759657630 ) ) ;
#1536 = CARTESIAN_POINT ( 'NONE',  ( 0.4226474975861184702, -1.255416501523022976, -3.321371259620620187 ) ) ;
#1537 = ORIENTED_EDGE ( 'NONE', *, *, #589, .T. ) ;
#1538 = CARTESIAN_POINT ( 'NONE',  ( 1.456819914017537521, -0.2262501026587158681, -1.064123848299655117 ) ) ;
#1539 = AXIS2_PLACEMENT_3D ( 'NONE', #454, #1426, #6921 ) ;
#1540 = EDGE_CURVE ( 'NONE', #396, #6388, #897, .T. ) ;
#1541 = ORIENTED_EDGE ( 'NONE', *, *, #4076, .T. ) ;
#1542 = CARTESIAN_POINT ( 'NONE',  ( -1.475000000000007638, 0.04665063509460930236, 3.115574627656252815 ) ) ;
#1543 = CARTESIAN_POINT ( 'NONE',  ( -1.020255510780433417, -0.6778020899102956687, 3.387263580413487407 ) ) ;
#1544 = FACE_OUTER_BOUND ( 'NONE', #2855, .T. ) ;
#1545 = VECTOR ( 'NONE', #4719, 1000.000000000000000 ) ;
#1546 = CARTESIAN_POINT ( 'NONE',  ( 1.342617050839136406, -7.493897907292380815E-16, 3.187500000000000000 ) ) ;
#1547 = CARTESIAN_POINT ( 'NONE',  ( -0.5792233348266333515, -1.019364948033522955, -3.999999999999999112 ) ) ;
#1548 = AXIS2_PLACEMENT_3D ( 'NONE', #3459, #2916, #5626 ) ;
#1549 = CARTESIAN_POINT ( 'NONE',  ( -0.8744335254195688689, -1.514563293868264049, 2.755208333333333925 ) ) ;
#1550 = DIRECTION ( 'NONE',  ( 0.000000000000000000, 0.000000000000000000, 1.000000000000000000 ) ) ;
#1551 = ADVANCED_FACE ( 'NONE', ( #6449 ), #3549, .T. ) ;
#1552 = EDGE_CURVE ( 'NONE', #6894, #3661, #5363, .T. ) ;
#1553 = CARTESIAN_POINT ( 'NONE',  ( -1.006962788129352804, -0.5813702367904177715, -1.083333333333333703 ) ) ;
#1554 = CIRCLE ( 'NONE', #514, 1.310232148383423390 ) ;
#1555 = CARTESIAN_POINT ( 'NONE',  ( -0.08080127018922518556, 0.04665063509461363223, -4.000000000000000000 ) ) ;
#1556 = CARTESIAN_POINT ( 'NONE',  ( -2.640000000000000124, 3.453503973595535793E-16, 4.000000000000000000 ) ) ;
#1557 = CARTESIAN_POINT ( 'NONE',  ( -1.311650288129352804, -0.7572816469341321355, 1.682291666666665186 ) ) ;
#1558 = FACE_OUTER_BOUND ( 'NONE', #3636, .T. ) ;
#1559 = CARTESIAN_POINT ( 'NONE',  ( -1.423946399209847929E-16, -1.162740473580835765, -2.000000000000000444 ) ) ;
#1560 = CARTESIAN_POINT ( 'NONE',  ( -1.342617050839136628, -3.986845412032234795E-16, 2.874999999999999112 ) ) ;
#1561 = CARTESIAN_POINT ( 'NONE',  ( -0.8146500082998369141, -0.8296449679712768477, -4.000000000000000888 ) ) ;
#1562 = CARTESIAN_POINT ( 'NONE',  ( -0.9495842026457560481, 0.1177436471014811914, 4.899999999999999467 ) ) ;
#1563 = CARTESIAN_POINT ( 'NONE',  ( -0.6713085254195685359, -1.162740473580835543, -1.479166666666665853 ) ) ;
#1564 = CARTESIAN_POINT ( 'NONE',  ( -1.475000000000007638, 0.04665063509460931623, 1.615574627656253259 ) ) ;
#1565 = VECTOR ( 'NONE', #6168, 1000.000000000000000 ) ;
#1566 = ORIENTED_EDGE ( 'NONE', *, *, #1012, .T. ) ;
#1567 = CARTESIAN_POINT ( 'NONE',  ( -0.7537578370519735227, -1.145040543445232872, -2.867266061011669365 ) ) ;
#1568 = VECTOR ( 'NONE', #3993, 1000.000000000000000 ) ;
#1569 = CARTESIAN_POINT ( 'NONE',  ( -0.8573888948709379454, 0.9717869664319033207, -3.554818737068810464 ) ) ;
#1570 = ORIENTED_EDGE ( 'NONE', *, *, #3272, .F. ) ;
#1571 = CARTESIAN_POINT ( 'NONE',  ( 0.5909129938625060641, -1.362019518035238130, -0.6508313418785484084 ) ) ;
#1572 = CARTESIAN_POINT ( 'NONE',  ( -0.6592475780754282200, 1.322566527444947626, -1.891636415098212343 ) ) ;
#1573 = DIRECTION ( 'NONE',  ( -1.000000000000000000, 0.000000000000000000, 0.000000000000000000 ) ) ;
#1574 = DIRECTION ( 'NONE',  ( 0.2588190451025213501, 0.000000000000000000, 0.9659258262890680902 ) ) ;
#1575 = CARTESIAN_POINT ( 'NONE',  ( -0.7779006350946143789, 1.254062153034747995, -4.000000000000000000 ) ) ;
#1576 = CARTESIAN_POINT ( 'NONE',  ( -0.4597677654025135729, 1.168931237371253040, -3.771498690914305119 ) ) ;
#1577 = EDGE_LOOP ( 'NONE', ( #2782, #1880, #5321, #2088 ) ) ;
#1578 = CARTESIAN_POINT ( 'NONE',  ( -1.334521665427738757, -0.6133972531589962918, 0.7368823957914257816 ) ) ;
#1579 = ORIENTED_EDGE ( 'NONE', *, *, #3906, .T. ) ;
#1580 = CARTESIAN_POINT ( 'NONE',  ( -1.147161421379153889, 0.7910648854779983585, -2.803037439795414976 ) ) ;
#1581 = EDGE_CURVE ( 'NONE', #637, #2883, #6935, .T. ) ;
#1582 = DIRECTION ( 'NONE',  ( 0.02078751127481563710, -0.1045058763748855785, 0.9943069954385901354 ) ) ;
#1583 = DIRECTION ( 'NONE',  ( -1.000000000000000000, 0.000000000000000000, 0.000000000000000000 ) ) ;
#1584 = CARTESIAN_POINT ( 'NONE',  ( 0.000000000000000000, 1.162740473580834877, 0.8125000000000006661 ) ) ;
#1585 = CARTESIAN_POINT ( 'NONE',  ( -1.748867050839136850, -3.246263448678739620E-16, 2.171875000000000444 ) ) ;
#1586 = CARTESIAN_POINT ( 'NONE',  ( 0.6970993649053918162, -1.300712788129358977, -1.141676584743918976 ) ) ;
#1587 = CARTESIAN_POINT ( 'NONE',  ( 0.6713085254195689799, 1.162740473580834877, -2.291666666666667407 ) ) ;
#1588 = CARTESIAN_POINT ( 'NONE',  ( 1.326542653293407703, -1.045839947578415002E-15, 3.282071232550900497 ) ) ;
#1589 = CARTESIAN_POINT ( 'NONE',  ( 0.1210772110230692727, -1.487502386269244692, -1.744125568550439542 ) ) ;
#1590 = CARTESIAN_POINT ( 'NONE',  ( -0.8744335254195688689, -1.514563293868264049, 2.723958333333332593 ) ) ;
#1591 = CARTESIAN_POINT ( 'NONE',  ( 0.2435093434669579338, -1.471454798341268022, -0.7383453825701683515 ) ) ;
#1592 = CARTESIAN_POINT ( 'NONE',  ( -0.6713085254195686469, -1.162740473580835765, -2.541666666666666963 ) ) ;
#1593 = EDGE_CURVE ( 'NONE', #6028, #6021, #3747, .T. ) ;
#1594 = CARTESIAN_POINT ( 'NONE',  ( 1.006962788129353026, 0.5813702367904165502, 2.166666666666666519 ) ) ;
#1595 = EDGE_CURVE ( 'NONE', #5771, #3706, #2820, .T. ) ;
#1596 = CARTESIAN_POINT ( 'NONE',  ( -1.006962788129352582, -0.5813702367904174384, -3.520833333333333037 ) ) ;
#1597 = CARTESIAN_POINT ( 'NONE',  ( 0.1154743225642852478, 1.261700824933701393, -3.637105675546603134 ) ) ;
#1598 = CARTESIAN_POINT ( 'NONE',  ( -1.006962788129352360, 0.5813702367904174384, 0.3958333333333339810 ) ) ;
#1599 = CARTESIAN_POINT ( 'NONE',  ( 1.354280597994049984, 0.04665063509461363223, -2.983180630514448151 ) ) ;
#1600 = ORIENTED_EDGE ( 'NONE', *, *, #1849, .T. ) ;
#1601 = CARTESIAN_POINT ( 'NONE',  ( 1.391879277465226883, 0.04665063509461363223, -2.676963959666806669 ) ) ;
#1602 = CARTESIAN_POINT ( 'NONE',  ( -0.08080127018922518556, 0.04665063509461363223, -2.000000000000000000 ) ) ;
#1603 = ORIENTED_EDGE ( 'NONE', *, *, #5615, .F. ) ;
#1604 = CARTESIAN_POINT ( 'NONE',  ( 1.348753460210670996, 0.6388952525692817019, 0.4732922352171043401 ) ) ;
#1605 = CARTESIAN_POINT ( 'NONE',  ( 0.8188589051668653251, 1.100093314001866274, -2.919185524039915602 ) ) ;
#1606 = CARTESIAN_POINT ( 'NONE',  ( -0.9228137282244801565, -1.149940016531949549, -1.815566584643977688 ) ) ;
#1607 = CARTESIAN_POINT ( 'NONE',  ( -0.5324716204974840883, 1.374768105607606650, -0.8974571816329887097 ) ) ;
#1608 = CARTESIAN_POINT ( 'NONE',  ( 1.003345608303933378, -0.7070229388156630268, -3.957493071573949361 ) ) ;
#1609 = CARTESIAN_POINT ( 'NONE',  ( -1.442773012011131950, -0.2119291636260089151, 5.796115330523537779 ) ) ;
#1610 = ORIENTED_EDGE ( 'NONE', *, *, #1066, .F. ) ;
#1611 = CARTESIAN_POINT ( 'NONE',  ( -1.475000000000007860, -0.09007440577179914865, 0.7018651265707211984 ) ) ;
#1612 = ORIENTED_EDGE ( 'NONE', *, *, #3455, .F. ) ;
#1613 = CARTESIAN_POINT ( 'NONE',  ( -1.381251845464359640, 0.1607928197314849039, -2.763517447521612436 ) ) ;
#1614 = DIRECTION ( 'NONE',  ( 1.000000000000000000, 0.000000000000000000, 0.000000000000000000 ) ) ;
#1615 = CARTESIAN_POINT ( 'NONE',  ( 1.396238660138788612, 0.5242369183443955638, 0.4038115237824926318 ) ) ;
#1616 = CARTESIAN_POINT ( 'NONE',  ( -1.342617050839136406, -2.631592696425356718E-16, 0.9375000000000008882 ) ) ;
#1617 = CARTESIAN_POINT ( 'NONE',  ( -1.311650288129352804, -0.7572816469341321355, 3.213541666666666519 ) ) ;
#1618 = CARTESIAN_POINT ( 'NONE',  ( 1.006962788129353026, 0.5813702367904167723, -1.333333333333333925 ) ) ;
#1619 = LINE ( 'NONE', #433, #2923 ) ;
#1620 = ORIENTED_EDGE ( 'NONE', *, *, #2649, .F. ) ;
#1621 = CARTESIAN_POINT ( 'NONE',  ( 0.2715616379965422045, 1.444556979311148348, -1.027716909766243747 ) ) ;
#1622 = CARTESIAN_POINT ( 'NONE',  ( 0.8744335254195692020, 1.514563293868263161, 3.473958333333332593 ) ) ;
#1623 = CARTESIAN_POINT ( 'NONE',  ( 0.3594338027113287981, 1.684895097734595519E-15, 0.3599598331444174848 ) ) ;
#1624 = CARTESIAN_POINT ( 'NONE',  ( 1.006962788129352360, -0.5813702367904186596, 1.083333333333332815 ) ) ;
#1625 = CARTESIAN_POINT ( 'NONE',  ( 1.342617050839136628, -8.149665350327969320E-16, 4.125000000000000000 ) ) ;
#1626 = ADVANCED_FACE ( 'NONE', ( #3273 ), #6622, .T. ) ;
#1627 = CARTESIAN_POINT ( 'NONE',  ( 1.006962788129352804, 0.5813702367904166612, -1.270833333333333037 ) ) ;
#1628 = CARTESIAN_POINT ( 'NONE',  ( 0.5792232574222949681, -1.085195602522771363, -4.000000000000000000 ) ) ;
#1629 = CARTESIAN_POINT ( 'NONE',  ( 1.006962788129352138, -0.5813702367904185486, 1.145833333333333703 ) ) ;
#1630 = FACE_OUTER_BOUND ( 'NONE', #2418, .T. ) ;
#1631 = EDGE_LOOP ( 'NONE', ( #848, #6470, #1192, #6633 ) ) ;
#1632 = CARTESIAN_POINT ( 'NONE',  ( 1.396071907617525198, 0.5248421216693834879, -0.5324879507631656850 ) ) ;
#1633 = EDGE_CURVE ( 'NONE', #2286, #2480, #4884, .T. ) ;
#1634 = EDGE_CURVE ( 'NONE', #4138, #3468, #4013, .T. ) ;
#1635 = ORIENTED_EDGE ( 'NONE', *, *, #4098, .T. ) ;
#1636 = CARTESIAN_POINT ( 'NONE',  ( 0.8155067236291686505, -1.232350267696153745, 1.868531793237388827 ) ) ;
#1637 = DIRECTION ( 'NONE',  ( 0.000000000000000000, 0.000000000000000000, 1.000000000000000000 ) ) ;
#1638 = CARTESIAN_POINT ( 'NONE',  ( 1.311650288129352582, -0.7572816469341326906, -3.151041666666667407 ) ) ;
#1639 = CARTESIAN_POINT ( 'NONE',  ( -0.6970993649053921493, -1.300712788129359643, -1.719741294322920444 ) ) ;
#1640 = CARTESIAN_POINT ( 'NONE',  ( -0.6970993649053917052, -1.300712788129359643, -4.000000000000000000 ) ) ;
#1641 = VERTEX_POINT ( 'NONE', #7133 ) ;
#1642 = CARTESIAN_POINT ( 'NONE',  ( -1.100023142299573209, 0.7580639470516975509, -3.269918593365265025 ) ) ;
#1643 = AXIS2_PLACEMENT_3D ( 'NONE', #1555, #5974, #3268 ) ;
#1644 = VERTEX_POINT ( 'NONE', #5539 ) ;
#1645 = CARTESIAN_POINT ( 'NONE',  ( 0.1210772110230695919, -1.487502386269244470, 0.2558744314495605132 ) ) ;
#1646 = CARTESIAN_POINT ( 'NONE',  ( -1.198478436561153826, -0.8490310375816401134, 1.658950937541906923 ) ) ;
#1647 = DIRECTION ( 'NONE',  ( 1.000000000000000000, 0.000000000000000000, 0.000000000000000000 ) ) ;
#1648 = CARTESIAN_POINT ( 'NONE',  ( 0.000000000000000000, 1.162740473580834877, 2.812500000000000888 ) ) ;
#1649 = VECTOR ( 'NONE', #5401, 1000.000000000000000 ) ;
#1650 = B_SPLINE_CURVE_WITH_KNOTS ( 'NONE', 3,
 ( #840, #6272, #3531, #227, #5848, #3071, #5769, #6386, #5305, #878 ),
 .UNSPECIFIED., .F., .F.,
 ( 4, 2, 2, 2, 4 ),
 ( 0.000000000000000000, 0.0004068535042414625383, 0.0008137070084829252934, 0.001220560512724387994, 0.001627414016965850587 ),
 .UNSPECIFIED. ) ;
#1651 = ORIENTED_EDGE ( 'NONE', *, *, #824, .F. ) ;
#1652 = CARTESIAN_POINT ( 'NONE',  ( 1.748867050839136850, -8.054366274996050217E-16, 2.921875000000000000 ) ) ;
#1653 = AXIS2_PLACEMENT_3D ( 'NONE', #7071, #6061, #7147 ) ;
#1654 = CARTESIAN_POINT ( 'NONE',  ( 0.000000000000000000, 1.162740473580835321, -2.250000000000000444 ) ) ;
#1655 = CARTESIAN_POINT ( 'NONE',  ( -1.341219680349217569, -0.4726758148497819390, -2.388519554041212078 ) ) ;
#1656 = ORIENTED_EDGE ( 'NONE', *, *, #5129, .T. ) ;
#1657 = AXIS2_PLACEMENT_3D ( 'NONE', #1850, #2369, #4065 ) ;
#1658 = CARTESIAN_POINT ( 'NONE',  ( -1.854805089941841679E-16, -1.514563293868264271, 3.765624999999999112 ) ) ;
#1659 = EDGE_CURVE ( 'NONE', #3248, #2928, #2179, .T. ) ;
#1660 = CARTESIAN_POINT ( 'NONE',  ( 0.5906919597873071526, -1.362147132118054493, -0.7224475543966522029 ) ) ;
#1661 = CARTESIAN_POINT ( 'NONE',  ( 1.006962788129353026, 0.5813702367904165502, 1.666666666666666075 ) ) ;
#1662 = B_SPLINE_CURVE_WITH_KNOTS ( 'NONE', 3,
 ( #6341, #2954, #3596, #833 ),
 .UNSPECIFIED., .F., .F.,
 ( 4, 4 ),
 ( 1.084202172485504434E-19, 0.001073887341349148532 ),
 .UNSPECIFIED. ) ;
#1663 = CARTESIAN_POINT ( 'NONE',  ( 0.000000000000000000, 1.162740473580834877, 4.249999999999998224 ) ) ;
#1664 = CIRCLE ( 'NONE', #21, 6.077818181818189558 ) ;
#1665 = AXIS2_PLACEMENT_3D ( 'NONE', #2371, #5590, #2295 ) ;
#1666 = CARTESIAN_POINT ( 'NONE',  ( -0.6713085254195685359, -1.162740473580835321, 0.02083333333333363749 ) ) ;
#1667 = EDGE_CURVE ( 'NONE', #5077, #2405, #3844, .T. ) ;
#1668 = CARTESIAN_POINT ( 'NONE',  ( 0.6029592046980551956, -1.137657247617575473, -3.533420155027167553 ) ) ;
#1669 = CARTESIAN_POINT ( 'NONE',  ( -1.423946399209847682E-16, -1.162740473580835765, 1.062500000000000000 ) ) ;
#1670 = CARTESIAN_POINT ( 'NONE',  ( -0.9477409745934257668, -0.7270630628726276745, -4.000000000000001776 ) ) ;
#1671 = VERTEX_POINT ( 'NONE', #1080 ) ;
#1672 = LINE ( 'NONE', #650, #5831 ) ;
#1673 = B_SPLINE_CURVE_WITH_KNOTS ( 'NONE', 3,
 ( #6204, #1823, #5697, #1241, #2446, #6313, #268, #6847, #5661, #4584 ),
 .UNSPECIFIED., .F., .F.,
 ( 4, 2, 2, 2, 4 ),
 ( 8.131516293641283255E-20, 0.0003638230103348405031, 0.0007276460206696810061, 0.001091469031004521292, 0.001455292041339361795 ),
 .UNSPECIFIED. ) ;
#1674 = ORIENTED_EDGE ( 'NONE', *, *, #1634, .F. ) ;
#1675 = CARTESIAN_POINT ( 'NONE',  ( -1.475000000000007638, 0.04665063509461157831, -0.3844253723437463521 ) ) ;
#1676 = CARTESIAN_POINT ( 'NONE',  ( 1.063083591629562230, 1.036050220293526003, -2.000000000000000000 ) ) ;
#1677 = CARTESIAN_POINT ( 'NONE',  ( 1.311650288129353248, 0.7572816469341308032, -1.567708333333334147 ) ) ;
#1678 = DIRECTION ( 'NONE',  ( 1.000000000000000000, 0.000000000000000000, 0.000000000000000000 ) ) ;
#1679 = CARTESIAN_POINT ( 'NONE',  ( 0.6594932763708382106, 1.322424673467952561, 2.035198459904053792 ) ) ;
#1680 = ORIENTED_EDGE ( 'NONE', *, *, #3941, .T. ) ;
#1681 = CARTESIAN_POINT ( 'NONE',  ( -1.227644640911699447, 0.8486523346799760281, 1.077456235882453095 ) ) ;
#1682 = EDGE_CURVE ( 'NONE', #2749, #5850, #5561, .T. ) ;
#1683 = EDGE_CURVE ( 'NONE', #724, #2573, #3344, .T. ) ;
#1684 = AXIS2_PLACEMENT_3D ( 'NONE', #6708, #1745, #3966 ) ;
#1685 = ORIENTED_EDGE ( 'NONE', *, *, #1552, .T. ) ;
#1686 = CYLINDRICAL_SURFACE ( 'NONE', #727, 1.555801270189232755 ) ;
#1687 = CARTESIAN_POINT ( 'NONE',  ( -0.6594932763708418744, 1.322424673467951450, 2.527301540095945764 ) ) ;
#1688 = LINE ( 'NONE', #2269, #1565 ) ;
#1689 = CARTESIAN_POINT ( 'NONE',  ( 0.6713085254195687579, 1.162740473580834211, 3.770833333333333481 ) ) ;
#1690 = VERTEX_POINT ( 'NONE', #4897 ) ;
#1691 = CARTESIAN_POINT ( 'NONE',  ( 0.000000000000000000, 1.514563293868263605, 3.046875000000000000 ) ) ;
#1692 = CARTESIAN_POINT ( 'NONE',  ( -0.6713085254195686469, -1.162740473580835765, 0.9583333333333327042 ) ) ;
#1693 = DIRECTION ( 'NONE',  ( 0.000000000000000000, 0.000000000000000000, 1.000000000000000000 ) ) ;
#1694 = ORIENTED_EDGE ( 'NONE', *, *, #7012, .T. ) ;
#1695 = CARTESIAN_POINT ( 'NONE',  ( 0.000000000000000000, 1.514563293868263383, 4.515624999999998224 ) ) ;
#1696 = CARTESIAN_POINT ( 'NONE',  ( -0.6713085254195686469, -1.162740473580835765, 0.9583333333333328152 ) ) ;
#1697 = CARTESIAN_POINT ( 'NONE',  ( -0.6713085254195682028, 1.162740473580835099, 3.791666666666665186 ) ) ;
#1698 = CARTESIAN_POINT ( 'NONE',  ( -1.006962788129352582, -0.5813702367904176604, -0.5208333333333328152 ) ) ;
#1699 = CARTESIAN_POINT ( 'NONE',  ( -0.6970993649053939256, -1.300712788129358755, 0.2802587056770787788 ) ) ;
#1700 = CARTESIAN_POINT ( 'NONE',  ( 0.6713085254195687579, 1.162740473580834433, 2.270833333333333481 ) ) ;
#1701 = DIRECTION ( 'NONE',  ( 0.000000000000000000, 0.000000000000000000, 1.000000000000000000 ) ) ;
#1702 = VERTEX_POINT ( 'NONE', #3740 ) ;
#1703 = CARTESIAN_POINT ( 'NONE',  ( -0.6970993649053902619, -1.300712788129360753, 1.704176584743918976 ) ) ;
#1704 = ORIENTED_EDGE ( 'NONE', *, *, #7164, .F. ) ;
#1705 = DIRECTION ( 'NONE',  ( 0.000000000000000000, 0.000000000000000000, 1.000000000000000000 ) ) ;
#1706 = CARTESIAN_POINT ( 'NONE',  ( 1.354817404947677106, 0.1593597215287853308, -2.978808688719162934 ) ) ;
#1707 = CARTESIAN_POINT ( 'NONE',  ( 0.6970993649053934815, -1.300712788129357644, 0.7822412943229196669 ) ) ;
#1708 = CARTESIAN_POINT ( 'NONE',  ( -1.033701967737707506, -0.7332864827217472348, -3.633815428598796693 ) ) ;
#1709 = ORIENTED_EDGE ( 'NONE', *, *, #575, .F. ) ;
#1710 = CARTESIAN_POINT ( 'NONE',  ( -1.475000000000007416, -0.09007440577179677554, -0.7981348734292792457 ) ) ;
#1711 = ORIENTED_EDGE ( 'NONE', *, *, #6754, .T. ) ;
#1712 = FACE_OUTER_BOUND ( 'NONE', #1199, .T. ) ;
#1713 = EDGE_CURVE ( 'NONE', #3291, #3944, #5940, .T. ) ;
#1714 = CARTESIAN_POINT ( 'NONE',  ( 0.1343981099702045157, 1.462571274368298369, -1.521070574808867093 ) ) ;
#1715 = CARTESIAN_POINT ( 'NONE',  ( 0.003397810665733067871, -0.008203040591588184674, 0.3231150289283321597 ) ) ;
#1716 = ORIENTED_EDGE ( 'NONE', *, *, #5400, .T. ) ;
#1717 = CARTESIAN_POINT ( 'NONE',  ( -1.334521665427738535, -0.6133972531589966248, 2.236882395791425449 ) ) ;
#1718 = B_SPLINE_CURVE_WITH_KNOTS ( 'NONE', 3,
 ( #1952, #322, #3087, #5825, #5975, #6446, #467, #7018, #2066, #1444 ),
 .UNSPECIFIED., .F., .F.,
 ( 4, 2, 2, 2, 4 ),
 ( 0.000000000000000000, 0.0003638230103348403946, 0.0007276460206696807893, 0.001091469031004521292, 0.001455292041339361362 ),
 .UNSPECIFIED. ) ;
#1719 = CARTESIAN_POINT ( 'NONE',  ( -1.006962788129352804, -0.5813702367904179935, 1.416666666666665853 ) ) ;
#1720 = APPLICATION_CONTEXT ( 'configuration controlled 3d designs of mechanical parts and assemblies' ) ;
#1721 = ADVANCED_FACE ( 'NONE', ( #1558 ), #1013, .T. ) ;
#1722 = LINE ( 'NONE', #4518, #5683 ) ;
#1723 = EDGE_LOOP ( 'NONE', ( #959, #6267, #5726, #5537, #2582 ) ) ;
#1724 = CARTESIAN_POINT ( 'NONE',  ( -0.6713085254195685359, -1.162740473580835321, -3.979166666666666075 ) ) ;
#1725 = CARTESIAN_POINT ( 'NONE',  ( 1.006962788129352360, -0.5813702367904187707, 2.083333333333333037 ) ) ;
#1726 = CARTESIAN_POINT ( 'NONE',  ( -1.854805089941841679E-16, -1.514563293868264271, -2.703125000000000000 ) ) ;
#1727 = CARTESIAN_POINT ( 'NONE',  ( -0.6445297076636877787, -1.209659470850246388, -2.856291000352644716 ) ) ;
#1728 = CARTESIAN_POINT ( 'NONE',  ( 1.342617050839136406, -4.695956817007208718E-16, -0.8124999999999994449 ) ) ;
#1729 = CARTESIAN_POINT ( 'NONE',  ( 0.000000000000000000, 0.3594338027113288536, 0.3599598331444174848 ) ) ;
#1730 = CARTESIAN_POINT ( 'NONE',  ( -0.6713085254195680918, 1.162740473580835099, 0.8541666666666671848 ) ) ;
#1731 = CARTESIAN_POINT ( 'NONE',  ( -1.006962788129352582, 0.5813702367904178825, -3.666666666666666963 ) ) ;
#1732 = ORIENTED_EDGE ( 'NONE', *, *, #1362, .F. ) ;
#1733 = DIRECTION ( 'NONE',  ( 0.000000000000000000, 0.000000000000000000, -1.000000000000000000 ) ) ;
#1734 = EDGE_LOOP ( 'NONE', ( #2274, #1190, #3058, #2762 ) ) ;
#1735 = CARTESIAN_POINT ( 'NONE',  ( -1.396071907617526531, 0.5248421216693778257, -0.4050120492368350367 ) ) ;
#1736 = CARTESIAN_POINT ( 'NONE',  ( -0.6970993649053939256, -1.300712788129358533, -0.7958234152560814678 ) ) ;
#1737 = CARTESIAN_POINT ( 'NONE',  ( -0.6970993649053939256, -1.300712788129358755, 2.704176584743918976 ) ) ;
#1738 = DIRECTION ( 'NONE',  ( 0.000000000000000000, 0.000000000000000000, 1.000000000000000000 ) ) ;
#1739 = EDGE_CURVE ( 'NONE', #3122, #4507, #2342, .T. ) ;
#1740 = EDGE_LOOP ( 'NONE', ( #235, #4505, #1236, #2366 ) ) ;
#1741 = CARTESIAN_POINT ( 'NONE',  ( -0.9807738445987265186, 1.118337879647052002, 1.055124508018495666 ) ) ;
#1742 = ORIENTED_EDGE ( 'NONE', *, *, #3192, .T. ) ;
#1743 = CARTESIAN_POINT ( 'NONE',  ( 1.324106266535446386, -0.1630858473686166155, 5.331402218497963474 ) ) ;
#1744 = CARTESIAN_POINT ( 'NONE',  ( 0.9495842026457570473, 0.1177436471014822739, 4.899999999999999467 ) ) ;
#1745 = DIRECTION ( 'NONE',  ( 0.000000000000000000, 0.000000000000000000, 1.000000000000000000 ) ) ;
#1746 = CARTESIAN_POINT ( 'NONE',  ( 1.475000000000008527, -0.09035811372578908540, 2.441696918235122027 ) ) ;
#1747 = APPROVAL_STATUS ( 'not_yet_approved' ) ;
#1748 = VERTEX_POINT ( 'NONE', #1351 ) ;
#1749 = CARTESIAN_POINT ( 'NONE',  ( 0.08080127018922669824, 0.04665063509461338936, -2.000000000000000000 ) ) ;
#1750 = EDGE_CURVE ( 'NONE', #724, #5164, #4366, .T. ) ;
#1751 = CARTESIAN_POINT ( 'NONE',  ( -1.006962788129352582, 0.5813702367904174384, 1.833333333333332593 ) ) ;
#1752 = B_SPLINE_CURVE_WITH_KNOTS ( 'NONE', 3,
 ( #430, #6900, #1948, #318, #2534, #1007, #2138, #4347, #4892, #6548 ),
 .UNSPECIFIED., .F., .F.,
 ( 4, 2, 2, 2, 4 ),
 ( 2.168404344971008868E-19, 0.0003938027592145770112, 0.0007876055184291538055, 0.001181408277643730383, 0.001575211036858306960 ),
 .UNSPECIFIED. ) ;
#1753 = CARTESIAN_POINT ( 'NONE',  ( -0.7037054356473401162, -1.020976095834593922, -3.946140823974477740 ) ) ;
#1754 = ORIENTED_EDGE ( 'NONE', *, *, #1228, .F. ) ;
#1755 = VECTOR ( 'NONE', #6615, 1000.000000000000000 ) ;
#1756 = CARTESIAN_POINT ( 'NONE',  ( 1.006962788129352138, -0.5813702367904183266, -3.354166666666666075 ) ) ;
#1757 = CARTESIAN_POINT ( 'NONE',  ( -1.006962788129352582, 0.5813702367904175494, 0.3333333333333330373 ) ) ;
#1758 = CARTESIAN_POINT ( 'NONE',  ( 1.311650288129353248, 0.7572816469341309142, -3.036458333333333037 ) ) ;
#1759 = CARTESIAN_POINT ( 'NONE',  ( -0.7779006350946131576, 1.254062153034748661, 2.037509918077252014 ) ) ;
#1760 = ADVANCED_FACE ( 'NONE', ( #4004 ), #1856, .T. ) ;
#1761 = EDGE_CURVE ( 'NONE', #6228, #2643, #25, .T. ) ;
#1762 = AXIS2_PLACEMENT_3D ( 'NONE', #723, #2364, #4060 ) ;
#1763 = CIRCLE ( 'NONE', #2823, 3.000000000000000000 ) ;
#1764 = CARTESIAN_POINT ( 'NONE',  ( -1.006962788129352360, 0.5813702367904174384, 0.3958333333333339810 ) ) ;
#1765 = CARTESIAN_POINT ( 'NONE',  ( 1.366811088278694131, -0.4774450244758660089, -2.179026217122859155 ) ) ;
#1766 = CARTESIAN_POINT ( 'NONE',  ( -1.006962788129352582, -0.5813702367904177715, 0.9791666666666672958 ) ) ;
#1767 = CIRCLE ( 'NONE', #5021, 6.077811624702201598 ) ;
#1768 = CARTESIAN_POINT ( 'NONE',  ( -1.006962788129352804, -0.5813702367904177715, -1.583333333333333703 ) ) ;
#1769 = B_SPLINE_CURVE_WITH_KNOTS ( 'NONE', 3,
 ( #1778, #2878, #6876, #5081, #3995, #367, #4212, #3635 ),
 .UNSPECIFIED., .F., .F.,
 ( 4, 2, 2, 4 ),
 ( 0.000000000000000000, 0.0002731438824533231934, 0.0005462877649066463868, 0.001092575529813292557 ),
 .UNSPECIFIED. ) ;
#1770 = AXIS2_PLACEMENT_3D ( 'NONE', #6609, #2851, #5025 ) ;
#1771 = ORIENTED_EDGE ( 'NONE', *, *, #6852, .T. ) ;
#1772 = CARTESIAN_POINT ( 'NONE',  ( -1.006962788129352582, 0.5813702367904177715, -2.666666666666666963 ) ) ;
#1773 = ORIENTED_EDGE ( 'NONE', *, *, #6327, .F. ) ;
#1774 = CARTESIAN_POINT ( 'NONE',  ( 0.9228137282244848194, -1.149940016531945997, 1.878066584643978132 ) ) ;
#1775 = AXIS2_PLACEMENT_3D ( 'NONE', #6775, #3964, #5625 ) ;
#1776 = CARTESIAN_POINT ( 'NONE',  ( 0.9804069721108252811, 1.118711047843718331, 2.939172333390322134 ) ) ;
#1777 = CARTESIAN_POINT ( 'NONE',  ( -0.7676026086972206341, -1.164043407788938334, -2.676856542770776670 ) ) ;
#1778 = CARTESIAN_POINT ( 'NONE',  ( 1.063083591629562230, 1.036050220293526003, -2.000000000000000000 ) ) ;
#1779 = ORIENTED_EDGE ( 'NONE', *, *, #5091, .T. ) ;
#1780 = CARTESIAN_POINT ( 'NONE',  ( -0.6970993649053921493, -1.300712788129359421, -2.000000000000000000 ) ) ;
#1781 = ORIENTED_EDGE ( 'NONE', *, *, #5817, .F. ) ;
#1782 = CARTESIAN_POINT ( 'NONE',  ( -1.386814212877745867, -0.4873690709679343591, 1.229014657197117000 ) ) ;
#1783 = CARTESIAN_POINT ( 'NONE',  ( -0.2713331099618300213, 1.444700874165413484, -1.499847990530450703 ) ) ;
#1784 = CARTESIAN_POINT ( 'NONE',  ( -1.199424823463229428, -0.8476778146389546409, 1.750237241475533390 ) ) ;
#1785 = CARTESIAN_POINT ( 'NONE',  ( 0.6970993649053919272, -1.300712788129358977, -1.717758705677080444 ) ) ;
#1786 = CARTESIAN_POINT ( 'NONE',  ( -0.2441168411814962913, -1.471296608598334110, 1.737144857115825003 ) ) ;
#1787 = CALENDAR_DATE ( 2026, 16, 6 ) ;
#1788 = CIRCLE ( 'NONE', #1099, 1.565079678693066301 ) ;
#1789 = VERTEX_POINT ( 'NONE', #6744 ) ;
#1790 = CARTESIAN_POINT ( 'NONE',  ( 1.475000000000008749, 0.1695193230720017374, 2.951614221063317611 ) ) ;
#1791 = ORIENTED_EDGE ( 'NONE', *, *, #5053, .T. ) ;
#1792 = CARTESIAN_POINT ( 'NONE',  ( -1.006962788129352582, 0.5813702367904174384, 1.333333333333333037 ) ) ;
#1793 = CARTESIAN_POINT ( 'NONE',  ( -0.2435093434669697854, -1.471454798341267134, 2.800845382570166464 ) ) ;
#1794 = ORIENTED_EDGE ( 'NONE', *, *, #4830, .F. ) ;
#1795 = CARTESIAN_POINT ( 'NONE',  ( -1.423946399209847682E-16, -1.162740473580835543, -2.437499999999999556 ) ) ;
#1796 = CARTESIAN_POINT ( 'NONE',  ( 0.000000000000000000, 1.162740473580834877, 3.750000000000000000 ) ) ;
#1797 = CARTESIAN_POINT ( 'NONE',  ( 0.8744335254195679807, -1.514563293868264715, -2.161458333333333037 ) ) ;
#1798 = CARTESIAN_POINT ( 'NONE',  ( -1.152562564150573232, 0.9466126766718858665, 0.6341787159035007226 ) ) ;
#1799 = CARTESIAN_POINT ( 'NONE',  ( -1.423946399209847682E-16, -1.162740473580835765, 1.062500000000000000 ) ) ;
#1800 = CARTESIAN_POINT ( 'NONE',  ( 0.000000000000000000, 1.514563293868264049, -3.484375000000000888 ) ) ;
#1801 = EDGE_CURVE ( 'NONE', #6463, #7108, #1673, .T. ) ;
#1802 = DIRECTION ( 'NONE',  ( 1.031911368222558240E-14, -0.9945218953682732899, -0.1045284632676537900 ) ) ;
#1803 = CARTESIAN_POINT ( 'NONE',  ( 1.006962788129352138, -0.5813702367904187707, 4.145833333333333925 ) ) ;
#1804 = EDGE_CURVE ( 'NONE', #1906, #656, #984, .T. ) ;
#1805 = CARTESIAN_POINT ( 'NONE',  ( -0.6713085254195682028, 1.162740473580835543, -1.708333333333333925 ) ) ;
#1806 = CARTESIAN_POINT ( 'NONE',  ( 0.6713085254195689799, 1.162740473580835099, -3.291666666666666963 ) ) ;
#1807 = ORIENTED_EDGE ( 'NONE', *, *, #4883, .T. ) ;
#1808 = B_SPLINE_CURVE_WITH_KNOTS ( 'NONE', 3,
 ( #5580, #2287, #6156, #1193, #3421, #5618, #5078, #103, #2320, #5110 ),
 .UNSPECIFIED., .F., .F.,
 ( 4, 2, 2, 2, 4 ),
 ( 0.000000000000000000, 0.0004068535042414632972, 0.0008137070084829265944, 0.001220560512724389946, 0.001627414016965853189 ),
 .UNSPECIFIED. ) ;
#1809 = CARTESIAN_POINT ( 'NONE',  ( -0.6970993649053939256, -1.300712788129358755, 0.7041765847439187542 ) ) ;
#1810 = ADVANCED_FACE ( 'NONE', ( #4619 ), #841, .T. ) ;
#1811 = CARTESIAN_POINT ( 'NONE',  ( 1.152562564150562130, 0.9466126766718985230, 2.928321284096498722 ) ) ;
#1812 = CARTESIAN_POINT ( 'NONE',  ( 0.6592475780754287751, 1.322566527444947404, 2.954136415098212343 ) ) ;
#1813 = FACE_OUTER_BOUND ( 'NONE', #2945, .T. ) ;
#1814 = ORIENTED_EDGE ( 'NONE', *, *, #3866, .T. ) ;
#1815 = CARTESIAN_POINT ( 'NONE',  ( 0.2538572652780266559, 1.544354521968174687, 6.195034570514510008 ) ) ;
#1816 = CARTESIAN_POINT ( 'NONE',  ( 0.7779006350946136017, 1.254062153034748217, 0.9489079609895869627 ) ) ;
#1817 = EDGE_LOOP ( 'NONE', ( #6954, #4548, #5546, #7149 ) ) ;
#1818 = CARTESIAN_POINT ( 'NONE',  ( -1.424186695785348400, 0.04665063509461364610, -2.413841152674244928 ) ) ;
#1819 = B_SPLINE_CURVE_WITH_KNOTS ( 'NONE', 3,
 ( #5527, #110, #691, #4000, #2850, #1202, #6166, #5120, #150, #3934 ),
 .UNSPECIFIED., .F., .F.,
 ( 4, 2, 2, 2, 4 ),
 ( 0.000000000000000000, 0.0004068535042414617793, 0.0008137070084829238839, 0.001220560512724386043, 0.001627414016965848201 ),
 .UNSPECIFIED. ) ;
#1820 = CARTESIAN_POINT ( 'NONE',  ( 0.6970993649053929264, -1.300712788129358088, -4.000000000000000000 ) ) ;
#1821 = CARTESIAN_POINT ( 'NONE',  ( -0.4501471527309454657, -1.331820134726311888, -2.662893601408193422 ) ) ;
#1822 = CARTESIAN_POINT ( 'NONE',  ( -1.231958438839940717, 0.7616240420063845606, 3.173149588232111018 ) ) ;
#1823 = CARTESIAN_POINT ( 'NONE',  ( -1.475000000000008304, 0.1695193230720037636, -0.8891142210633183884 ) ) ;
#1824 = ORIENTED_EDGE ( 'NONE', *, *, #6943, .F. ) ;
#1825 = CARTESIAN_POINT ( 'NONE',  ( 0.7779006350946136017, 1.254062153034748217, 3.024990081922747986 ) ) ;
#1826 = VERTEX_POINT ( 'NONE', #6886 ) ;
#1827 = CARTESIAN_POINT ( 'NONE',  ( 1.342617050839136628, -6.051209532614087289E-16, 1.124999999999999334 ) ) ;
#1828 = CARTESIAN_POINT ( 'NONE',  ( 0.6603039374033128350, -1.236981238209538203, -2.599349417084727332 ) ) ;
#1829 = VERTEX_POINT ( 'NONE', #1935 ) ;
#1830 = CARTESIAN_POINT ( 'NONE',  ( 1.006962788129352138, -0.5813702367904183266, -2.354166666666666075 ) ) ;
#1831 = CARTESIAN_POINT ( 'NONE',  ( -0.6713085254195686469, -1.162740473580835765, 2.958333333333333037 ) ) ;
#1832 = EDGE_CURVE ( 'NONE', #2127, #3030, #2982, .T. ) ;
#1833 = CARTESIAN_POINT ( 'NONE',  ( 0.8744335254195679807, -1.514563293868264715, -2.661458333333333481 ) ) ;
#1834 = CARTESIAN_POINT ( 'NONE',  ( -1.475000000000008082, 0.1692640949063663747, 0.6825019914547844069 ) ) ;
#1835 = CARTESIAN_POINT ( 'NONE',  ( -1.006962788129352582, -0.5813702367904178825, 2.479166666666666963 ) ) ;
#1836 = CARTESIAN_POINT ( 'NONE',  ( -1.854805089941841679E-16, -1.514563293868264049, -3.234375000000001332 ) ) ;
#1837 = CARTESIAN_POINT ( 'NONE',  ( 0.6970993649053899288, -1.300712788129360087, 2.358323415256081024 ) ) ;
#1838 = CARTESIAN_POINT ( 'NONE',  ( 0.000000000000000000, 1.162740473580834877, 3.312500000000000444 ) ) ;
#1839 = CARTESIAN_POINT ( 'NONE',  ( 0.6713085254195689799, 1.162740473580835099, -1.791666666666666963 ) ) ;
#1840 = EDGE_CURVE ( 'NONE', #1164, #1201, #5849, .T. ) ;
#1841 = ORIENTED_EDGE ( 'NONE', *, *, #6106, .F. ) ;
#1842 = CARTESIAN_POINT ( 'NONE',  ( 1.018681204807247331, 0.8361171875185898772, -3.408202944485688057 ) ) ;
#1843 = B_SPLINE_CURVE_WITH_KNOTS ( 'NONE', 3,
 ( #4033, #6229, #1267, #6340, #1927, #1848, #2989, #3059, #5298, #369 ),
 .UNSPECIFIED., .F., .F.,
 ( 4, 2, 2, 2, 4 ),
 ( 6.911788849595090767E-19, 0.0004068535042414645982, 0.0008137070084829284376, 0.001220560512724392331, 0.001627414016965856225 ),
 .UNSPECIFIED. ) ;
#1844 = CARTESIAN_POINT ( 'NONE',  ( 1.475000000000007638, 0.04665063509461381958, -0.05307462765625430012 ) ) ;
#1845 = CARTESIAN_POINT ( 'NONE',  ( -1.383474310087290160, -0.08248010265490028636, -2.745416925708545453 ) ) ;
#1846 = CARTESIAN_POINT ( 'NONE',  ( -2.662878385554965810, -9.629649721936179265E-32, 5.785601311043761186 ) ) ;
#1847 = ORIENTED_EDGE ( 'NONE', *, *, #4063, .T. ) ;
#1848 = CARTESIAN_POINT ( 'NONE',  ( 1.199424823463228318, -0.8476778146389551960, -1.687737241475533168 ) ) ;
#1849 = EDGE_CURVE ( 'NONE', #6208, #4839, #4276, .T. ) ;
#1850 = CARTESIAN_POINT ( 'NONE',  ( -0.008203040591588130898, -0.003397810665732398702, 0.3231150289283321042 ) ) ;
#1851 = VERTEX_POINT ( 'NONE', #6387 ) ;
#1852 = FACE_OUTER_BOUND ( 'NONE', #3960, .T. ) ;
#1853 = CARTESIAN_POINT ( 'NONE',  ( 1.475000000000007638, 0.04665063509461363223, -2.000000000000000000 ) ) ;
#1854 = FACE_OUTER_BOUND ( 'NONE', #3841, .T. ) ;
#1855 = CARTESIAN_POINT ( 'NONE',  ( 0.2441168411814998163, -1.471296608598332778, 1.825355142884174553 ) ) ;
#1856 = CYLINDRICAL_SURFACE ( 'NONE', #3172, 1.394198729810780968 ) ;
#1857 = DATE_AND_TIME ( #2997, #1116 ) ;
#1858 = ORIENTED_EDGE ( 'NONE', *, *, #6098, .T. ) ;
#1859 = CARTESIAN_POINT ( 'NONE',  ( -0.6970993649053939256, -1.300712788129358533, 2.280258705677079334 ) ) ;
#1860 = APPROVAL ( #5230, 'UNSPECIFIED' ) ;
#1861 = EDGE_LOOP ( 'NONE', ( #6192, #3100, #5740, #6138 ) ) ;
#1862 = CARTESIAN_POINT ( 'NONE',  ( 1.136148440739914056, -0.7562371600280690664, 3.252822691215068396 ) ) ;
#1863 = CARTESIAN_POINT ( 'NONE',  ( 0.000000000000000000, 4.336808689942017736E-16, 3.499999999999999556 ) ) ;
#1864 = ORIENTED_EDGE ( 'NONE', *, *, #3050, .F. ) ;
#1865 = CARTESIAN_POINT ( 'NONE',  ( 0.6713085254195677587, -1.162740473580835765, -1.895833333333332593 ) ) ;
#1866 = CARTESIAN_POINT ( 'NONE',  ( -1.475000000000006972, 0.1692640949063703437, -0.8174980085452153711 ) ) ;
#1867 = CARTESIAN_POINT ( 'NONE',  ( -0.8744335254195688689, -1.514563293868263605, -1.744791666666666297 ) ) ;
#1868 = CARTESIAN_POINT ( 'NONE',  ( 1.198478436561154048, -0.8490310375816408905, 0.9035490624580924113 ) ) ;
#1869 = VECTOR ( 'NONE', #742, 1000.000000000000000 ) ;
#1870 = EDGE_CURVE ( 'NONE', #3248, #3552, #2278, .T. ) ;
#1871 = CARTESIAN_POINT ( 'NONE',  ( 1.338402977636549140, 0.5040499276744311308, -2.497196660940062873 ) ) ;
#1872 = CARTESIAN_POINT ( 'NONE',  ( 1.006962788129352138, -0.5813702367904186596, 2.645833333333333481 ) ) ;
#1873 = CARTESIAN_POINT ( 'NONE',  ( -1.311650288129352804, -0.7572816469341318024, -2.317708333333334370 ) ) ;
#1874 = CARTESIAN_POINT ( 'NONE',  ( 0.6970993649053937036, -1.300712788129358088, -1.217758705677079556 ) ) ;
#1875 = CARTESIAN_POINT ( 'NONE',  ( -1.006962788129352582, 0.5813702367904178825, -3.666666666666666963 ) ) ;
#1876 = CARTESIAN_POINT ( 'NONE',  ( -1.006962788129352804, -0.5813702367904176604, -2.083333333333333925 ) ) ;
#1877 = VECTOR ( 'NONE', #436, 1000.000000000000000 ) ;
#1878 = AXIS2_PLACEMENT_3D ( 'NONE', #5893, #928, #3154 ) ;
#1879 = EDGE_CURVE ( 'NONE', #1851, #5384, #5578, .T. ) ;
#1880 = ORIENTED_EDGE ( 'NONE', *, *, #35, .F. ) ;
#1881 = DIRECTION ( 'NONE',  ( 0.000000000000000000, 0.000000000000000000, 1.000000000000000000 ) ) ;
#1882 = CARTESIAN_POINT ( 'NONE',  ( -0.7779006350946149340, 1.254062153034747551, -0.8864079609895877399 ) ) ;
#1883 = CARTESIAN_POINT ( 'NONE',  ( -1.423946399209847682E-16, -1.162740473580835321, -2.937499999999999112 ) ) ;
#1884 = CONICAL_SURFACE ( 'NONE', #613, 1.555801270189232755, 0.1221730476396033355 ) ;
#1885 = CYLINDRICAL_SURFACE ( 'NONE', #146, 1.394198729810780968 ) ;
#1886 = ORIENTED_EDGE ( 'NONE', *, *, #238, .T. ) ;
#1887 = CARTESIAN_POINT ( 'NONE',  ( 0.6594932763708385437, 1.322424673467951894, 0.03519845990405439523 ) ) ;
#1888 = AXIS2_PLACEMENT_3D ( 'NONE', #3833, #423, #493 ) ;
#1889 = CARTESIAN_POINT ( 'NONE',  ( 0.8843080402126985984, 1.192627809046052700, 0.9442191122700152039 ) ) ;
#1890 = ORIENTED_EDGE ( 'NONE', *, *, #4509, .T. ) ;
#1891 = CARTESIAN_POINT ( 'NONE',  ( 0.000000000000000000, 2.662878385554965810, 5.785601311043761186 ) ) ;
#1892 = CARTESIAN_POINT ( 'NONE',  ( 0.7779006350946148229, 1.254062153034747551, -4.000000000000000000 ) ) ;
#1893 = CARTESIAN_POINT ( 'NONE',  ( -0.2256596294670466241, -1.371854335394929292, -2.820925534293849068 ) ) ;
#1894 = CARTESIAN_POINT ( 'NONE',  ( -0.3977863088458299390, -1.186869049230608875, -3.913499899101252844 ) ) ;
#1895 = CARTESIAN_POINT ( 'NONE',  ( 1.475000000000007638, 0.04665063509461379876, 0.4469253723437460191 ) ) ;
#1896 = LINE ( 'NONE', #2962, #6269 ) ;
#1897 = ADVANCED_FACE ( 'NONE', ( #3144 ), #2522, .T. ) ;
#1898 = EDGE_CURVE ( 'NONE', #5516, #4697, #3086, .T. ) ;
#1899 = EDGE_CURVE ( 'NONE', #5075, #6666, #2746, .T. ) ;
#1900 = ORIENTED_EDGE ( 'NONE', *, *, #6965, .F. ) ;
#1901 = CARTESIAN_POINT ( 'NONE',  ( 0.1276461184712616437, 1.393785834584052141, -2.560805023798534474 ) ) ;
#1902 = B_SPLINE_CURVE_WITH_KNOTS ( 'NONE', 3,
 ( #340, #6430, #3028, #5733, #2484, #3105, #4765, #769, #1465, #1349 ),
 .UNSPECIFIED., .F., .F.,
 ( 4, 2, 2, 2, 4 ),
 ( 0.000000000000000000, 0.0003638230103348402320, 0.0007276460206696804640, 0.001091469031004520642, 0.001455292041339360928 ),
 .UNSPECIFIED. ) ;
#1903 = ORIENTED_EDGE ( 'NONE', *, *, #1322, .T. ) ;
#1904 = CARTESIAN_POINT ( 'NONE',  ( 0.1023148312715059655, -1.407562653508307227, 3.206045745570291761 ) ) ;
#1905 = DIRECTION ( 'NONE',  ( 0.000000000000000000, 0.000000000000000000, -1.000000000000000000 ) ) ;
#1906 = VERTEX_POINT ( 'NONE', #2087 ) ;
#1907 = CARTESIAN_POINT ( 'NONE',  ( 0.000000000000000000, 1.162740473580835099, -0.6874999999999993339 ) ) ;
#1908 = AXIS2_PLACEMENT_3D ( 'NONE', #2009, #6919, #376 ) ;
#1909 = CARTESIAN_POINT ( 'NONE',  ( 0.6970993649053937036, -1.300712788129358088, 0.8583234152560808017 ) ) ;
#1910 = CARTESIAN_POINT ( 'NONE',  ( -1.311650288129352804, -0.7572816469341320245, -0.2864583333333330373 ) ) ;
#1911 = FACE_OUTER_BOUND ( 'NONE', #5630, .T. ) ;
#1912 = VECTOR ( 'NONE', #3220, 1000.000000000000000 ) ;
#1913 = CARTESIAN_POINT ( 'NONE',  ( 1.411597709383962007, 0.04665063509461363223, -2.516370219104196337 ) ) ;
#1914 = CARTESIAN_POINT ( 'NONE',  ( -0.6713085254195680918, 1.162740473580834877, 2.854166666666666963 ) ) ;
#1915 = CARTESIAN_POINT ( 'NONE',  ( -1.748867050839136850, -1.475691352482653074E-16, -0.3593750000000012212 ) ) ;
#1916 = CARTESIAN_POINT ( 'NONE',  ( 0.8036191782459647381, 1.078076355085538784, -3.136534586493885168 ) ) ;
#1917 = CARTESIAN_POINT ( 'NONE',  ( -1.006962788129352582, 0.5813702367904177715, -3.166666666666666963 ) ) ;
#1918 = CARTESIAN_POINT ( 'NONE',  ( -0.6713085254195686469, -1.162740473580835543, -3.041666666666666963 ) ) ;
#1919 = ORIENTED_EDGE ( 'NONE', *, *, #7104, .T. ) ;
#1920 = LINE ( 'NONE', #3590, #4438 ) ;
#1921 = CARTESIAN_POINT ( 'NONE',  ( -1.475000000000007638, 0.04665063509460938562, -0.3083432514105859390 ) ) ;
#1922 = CARTESIAN_POINT ( 'NONE',  ( -1.006962788129352360, 0.5813702367904176604, -2.604166666666666075 ) ) ;
#1923 = CARTESIAN_POINT ( 'NONE',  ( -0.9243482935200503237, -1.148518002948892391, -1.230790514966321414 ) ) ;
#1924 = B_SPLINE_CURVE_WITH_KNOTS ( 'NONE', 3,
 ( #130, #5143, #6187, #6760, #677, #3378, #1765, #4021, #3443, #4599 ),
 .UNSPECIFIED., .F., .F.,
 ( 4, 2, 2, 2, 4 ),
 ( 6.942281208919283290E-19, 0.0004007006901278879784, 0.0008014013802557756316, 0.001202102070383663339, 0.001602802760511551263 ),
 .UNSPECIFIED. ) ;
#1925 = CC_DESIGN_APPROVAL ( #5798, ( #429 ) ) ;
#1926 = ORIENTED_EDGE ( 'NONE', *, *, #824, .T. ) ;
#1927 = CARTESIAN_POINT ( 'NONE',  ( 1.334521665427738313, -0.6133972531589967359, -1.674382395791426337 ) ) ;
#1928 = B_SPLINE_CURVE_WITH_KNOTS ( 'NONE', 3,
 ( #1390, #4772, #313, #4187, #1942, #5742, #776, #5811, #3539, #3002 ),
 .UNSPECIFIED., .F., .F.,
 ( 4, 2, 2, 2, 4 ),
 ( 3.909146525865938448E-19, 0.0004068535042414636225, 0.0008137070084829269197, 0.001220560512724390163, 0.001627414016965853406 ),
 .UNSPECIFIED. ) ;
#1929 = CARTESIAN_POINT ( 'NONE',  ( -0.8157524219245787522, -1.232208413719158902, 2.775030251568454620 ) ) ;
#1930 = ORIENTED_EDGE ( 'NONE', *, *, #6594, .F. ) ;
#1931 = FACE_OUTER_BOUND ( 'NONE', #3111, .T. ) ;
#1932 = DIRECTION ( 'NONE',  ( 1.000000000000000000, 0.000000000000000000, 0.000000000000000000 ) ) ;
#1933 = CARTESIAN_POINT ( 'NONE',  ( 0.4453133400538389353, -1.317760616432813947, -2.783131982246323854 ) ) ;
#1934 = CARTESIAN_POINT ( 'NONE',  ( -1.052885441295057678, 0.7250625831826145173, -3.736797885329969038 ) ) ;
#1935 = CARTESIAN_POINT ( 'NONE',  ( 1.475000000000007638, 0.04665063509461176566, -1.553074627656254814 ) ) ;
#1936 = PERSON_AND_ORGANIZATION ( #4244, #1182 ) ;
#1937 = ORIENTED_EDGE ( 'NONE', *, *, #6256, .F. ) ;
#1938 = CARTESIAN_POINT ( 'NONE',  ( -9.144455000759798487E-16, -0.09330127018922626525, -2.000000000000000000 ) ) ;
#1939 = EDGE_CURVE ( 'NONE', #6463, #56, #4299, .T. ) ;
#1940 = EDGE_LOOP ( 'NONE', ( #1794, #7041, #4293, #2490 ) ) ;
#1941 = CYLINDRICAL_SURFACE ( 'NONE', #395, 1.555801270189232755 ) ;
#1942 = CARTESIAN_POINT ( 'NONE',  ( -0.1360432288665841261, 1.462428290740636294, 1.492284270875240626 ) ) ;
#1943 = VERTEX_POINT ( 'NONE', #2677 ) ;
#1944 = B_SPLINE_CURVE_WITH_KNOTS ( 'NONE', 3,
 ( #4274, #1513, #3735, #3120, #3614, #1441, #5859, #4193, #5895, #5819 ),
 .UNSPECIFIED., .F., .F.,
 ( 4, 2, 2, 2, 4 ),
 ( 3.066586833366748373E-19, 0.0004068535042414628635, 0.0008137070084829248597, 0.001220560512724386693, 0.001627414016965848635 ),
 .UNSPECIFIED. ) ;
#1945 = CARTESIAN_POINT ( 'NONE',  ( 1.006962788129352138, -0.5813702367904184376, -1.354166666666666297 ) ) ;
#1946 = CARTESIAN_POINT ( 'NONE',  ( -0.8843080402127000417, 1.192627809046051812, -0.8817191122700163142 ) ) ;
#1947 = CARTESIAN_POINT ( 'NONE',  ( 0.8744335254195679807, -1.514563293868264937, 0.3385416666666666852 ) ) ;
#1948 = CARTESIAN_POINT ( 'NONE',  ( -0.5190290339626154603, 1.331080051932438391, -2.370999225625909368 ) ) ;
#1949 = EDGE_CURVE ( 'NONE', #1138, #4301, #4880, .T. ) ;
#1950 = CARTESIAN_POINT ( 'NONE',  ( -1.006962788129352582, 0.5813702367904178825, -3.666666666666666963 ) ) ;
#1951 = DIRECTION ( 'NONE',  ( -0.07992773943613250276, -0.07992773943613259990, 0.9935910189495773537 ) ) ;
#1952 = CARTESIAN_POINT ( 'NONE',  ( -0.7779006350946131576, 1.254062153034748661, -1.886407960989587851 ) ) ;
#1953 = CARTESIAN_POINT ( 'NONE',  ( 0.000000000000000000, 1.514563293868263605, 1.015624999999999112 ) ) ;
#1954 = CARTESIAN_POINT ( 'NONE',  ( 1.325824185858875293, 0.04665063509461363223, -3.214939509040530385 ) ) ;
#1955 = CARTESIAN_POINT ( 'NONE',  ( -1.006962788129352360, 0.5813702367904172164, 3.395833333333333925 ) ) ;
#1956 = CARTESIAN_POINT ( 'NONE',  ( 0.000000000000000000, 1.162740473580835321, 0.2499999999999993616 ) ) ;
#1957 = ORIENTED_EDGE ( 'NONE', *, *, #257, .F. ) ;
#1958 = CARTESIAN_POINT ( 'NONE',  ( 1.197012334623805963, 0.4527207351805075941, -3.717751680226352384 ) ) ;
#1959 = CARTESIAN_POINT ( 'NONE',  ( -1.115481102915917733, -0.9573318031974874520, -0.8331813238637840735 ) ) ;
#1960 = CARTESIAN_POINT ( 'NONE',  ( 0.6713085254195677587, -1.162740473580835765, -2.395833333333333037 ) ) ;
#1961 = CARTESIAN_POINT ( 'NONE',  ( 0.6970993649053929264, -1.300712788129358088, -4.000000000000000000 ) ) ;
#1962 = ORIENTED_EDGE ( 'NONE', *, *, #27, .T. ) ;
#1963 = CARTESIAN_POINT ( 'NONE',  ( -0.9807738445987337350, 1.118337879647046895, -1.444875491981504112 ) ) ;
#1964 = LINE ( 'NONE', #5797, #4914 ) ;
#1965 = ORIENTED_EDGE ( 'NONE', *, *, #2660, .F. ) ;
#1966 = LINE ( 'NONE', #189, #5372 ) ;
#1967 = EDGE_CURVE ( 'NONE', #3074, #73, #5584, .T. ) ;
#1968 = CARTESIAN_POINT ( 'NONE',  ( -0.7779006350946131576, 1.254062153034748661, 1.613592039010411927 ) ) ;
#1969 = CARTESIAN_POINT ( 'NONE',  ( 0.7779006350946148229, 1.254062153034747551, -4.000000000000000000 ) ) ;
#1970 = CARTESIAN_POINT ( 'NONE',  ( 1.475000000000007638, 0.04665063509461381958, 0.3708432514105858835 ) ) ;
#1971 = CARTESIAN_POINT ( 'NONE',  ( 0.6970993649053929264, -1.300712788129358088, -4.000000000000000000 ) ) ;
#1972 = CARTESIAN_POINT ( 'NONE',  ( -0.2141260730118549893, -1.306543761125421810, -3.359022939337142688 ) ) ;
#1973 = ORIENTED_EDGE ( 'NONE', *, *, #2866, .T. ) ;
#1974 = CARTESIAN_POINT ( 'NONE',  ( -0.1177436471014869784, 1.212372092318232619, 4.899999999999999467 ) ) ;
#1975 = B_SPLINE_CURVE_WITH_KNOTS ( 'NONE', 3,
 ( #4112, #6347, #1383, #3601, #5803, #4543, #4002, #3460, #5659, #5381 ),
 .UNSPECIFIED., .F., .F.,
 ( 4, 2, 2, 2, 4 ),
 ( 0.000000000000000000, 0.0004068535042414634056, 0.0008137070084829268113, 0.001220560512724390163, 0.001627414016965853623 ),
 .UNSPECIFIED. ) ;
#1976 = ORIENTED_EDGE ( 'NONE', *, *, #533, .T. ) ;
#1977 = CARTESIAN_POINT ( 'NONE',  ( -0.6845041685470485415, -1.278897268105402052, -2.205159284941426545 ) ) ;
#1978 = CARTESIAN_POINT ( 'NONE',  ( -0.9000234468040980707, 1.022577986391314031, -3.016786816762290435 ) ) ;
#1979 = ORIENTED_EDGE ( 'NONE', *, *, #170, .F. ) ;
#1980 = CARTESIAN_POINT ( 'NONE',  ( 1.006962788129352138, -0.5813702367904184376, -0.8541666666666662966 ) ) ;
#1981 = LINE ( 'NONE', #2060, #2588 ) ;
#1982 = CARTESIAN_POINT ( 'NONE',  ( 1.311650288129353248, 0.7572816469341308032, -1.036458333333333259 ) ) ;
#1983 = CARTESIAN_POINT ( 'NONE',  ( 1.475000000000007638, 0.04665063509461170321, -4.000000000000000000 ) ) ;
#1984 = CARTESIAN_POINT ( 'NONE',  ( -1.423946399209847929E-16, -1.162740473580835543, -4.000000000000000000 ) ) ;
#1985 = VERTEX_POINT ( 'NONE', #3959 ) ;
#1986 = CARTESIAN_POINT ( 'NONE',  ( -1.459035672982379239, 0.2897018199735046373, 0.1058390000569876394 ) ) ;
#1987 = CARTESIAN_POINT ( 'NONE',  ( -1.348776801269683245, 0.6388452785093694519, 2.651710430784214090 ) ) ;
#1988 = CARTESIAN_POINT ( 'NONE',  ( -0.8744335254195688689, -1.514563293868264049, 0.7239583333333325932 ) ) ;
#1989 = DIRECTION ( 'NONE',  ( -0.06093467170257362703, -0.1055419473313876366, -0.9925461516413219831 ) ) ;
#1990 = CARTESIAN_POINT ( 'NONE',  ( -1.342617050839136628, -4.894190491757701675E-17, -2.125000000000000444 ) ) ;
#1991 = EDGE_CURVE ( 'NONE', #4178, #4056, #2474, .T. ) ;
#1992 = CARTESIAN_POINT ( 'NONE',  ( -0.6713085254195682028, 1.162740473580835321, 1.791666666666666297 ) ) ;
#1993 = ADVANCED_FACE ( 'NONE', ( #622 ), #6062, .T. ) ;
#1994 = CIRCLE ( 'NONE', #6040, 2.640000000000000124 ) ;
#1995 = ORIENTED_EDGE ( 'NONE', *, *, #6413, .F. ) ;
#1996 = CARTESIAN_POINT ( 'NONE',  ( -1.006962788129352360, 0.5813702367904177715, -3.604166666666666075 ) ) ;
#1997 = CARTESIAN_POINT ( 'NONE',  ( 1.229430878194197829, 0.04665063509461363223, -4.000000000000000000 ) ) ;
#1998 = AXIS2_PLACEMENT_3D ( 'NONE', #6812, #2485, #4694 ) ;
#1999 = CARTESIAN_POINT ( 'NONE',  ( 1.144644313510198907, 0.9411845586401401675, -2.077104632955762309 ) ) ;
#2000 = ORIENTED_EDGE ( 'NONE', *, *, #6702, .T. ) ;
#2001 = CARTESIAN_POINT ( 'NONE',  ( -0.5909129938625031775, -1.362019518035240795, 2.213331341878548297 ) ) ;
#2002 = AXIS2_PLACEMENT_3D ( 'NONE', #476, #6561, #3920 ) ;
#2003 = CARTESIAN_POINT ( 'NONE',  ( 1.493633801772230818, 0.2328913682091445503, 5.995557384691474923 ) ) ;
#2004 = ORIENTED_EDGE ( 'NONE', *, *, #6694, .T. ) ;
#2005 = CARTESIAN_POINT ( 'NONE',  ( 0.6970993649053937036, -1.300712788129357866, 1.782241294322919778 ) ) ;
#2006 = AXIS2_PLACEMENT_3D ( 'NONE', #424, #5458, #2057 ) ;
#2007 = CARTESIAN_POINT ( 'NONE',  ( 0.8840870061375052380, 1.192755423128865733, 1.515835324788117999 ) ) ;
#2008 = CARTESIAN_POINT ( 'NONE',  ( -0.4362292037035089276, 0.1806920524772070435, 4.899999999999999467 ) ) ;
#2009 = CARTESIAN_POINT ( 'NONE',  ( -0.08080127018922669824, 0.04665063509461348651, -4.000000000000000000 ) ) ;
#2010 = CARTESIAN_POINT ( 'NONE',  ( -0.7779006350946150450, 1.254062153034747551, 0.03750991807725207600 ) ) ;
#2011 = CARTESIAN_POINT ( 'NONE',  ( 0.1360432288665835987, 1.462428290740636738, 0.5702157291247588189 ) ) ;
#2012 = CIRCLE ( 'NONE', #6975, 1.218076211353316562 ) ;
#2013 = VERTEX_POINT ( 'NONE', #4439 ) ;
#2014 = CARTESIAN_POINT ( 'NONE',  ( 0.000000000000000000, 4.336808689942017736E-16, 6.195034570514509120 ) ) ;
#2015 = AXIS2_PLACEMENT_3D ( 'NONE', #7142, #2222, #5547 ) ;
#2016 = VERTEX_POINT ( 'NONE', #2196 ) ;
#2017 = CARTESIAN_POINT ( 'NONE',  ( -1.423946399209847929E-16, -1.162740473580835987, 2.999999999999999112 ) ) ;
#2018 = CARTESIAN_POINT ( 'NONE',  ( -0.7143217940608879157, 1.143940370077988211, -3.035616213735596425 ) ) ;
#2019 = CARTESIAN_POINT ( 'NONE',  ( 1.475000000000008082, 0.04665063509461175179, -0.6291567485894145051 ) ) ;
#2020 = CARTESIAN_POINT ( 'NONE',  ( -1.006962788129352582, -0.5813702367904177715, 0.4791666666666667962 ) ) ;
#2021 = DIRECTION ( 'NONE',  ( 0.000000000000000000, 0.000000000000000000, 1.000000000000000000 ) ) ;
#2022 = B_SPLINE_CURVE_WITH_KNOTS ( 'NONE', 3,
 ( #5834, #6456, #5870, #4135, #2584, #1488, #904, #5255, #4832, #3131 ),
 .UNSPECIFIED., .F., .F.,
 ( 4, 2, 2, 2, 4 ),
 ( 7.135698343175545642E-19, 0.0004068535042414643272, 0.0008137070084829280039, 0.001220560512724391464, 0.001627414016965855574 ),
 .UNSPECIFIED. ) ;
#2023 = CARTESIAN_POINT ( 'NONE',  ( -0.8744335254195683138, 1.514563293868263383, 1.088541666666666519 ) ) ;
#2024 = DIRECTION ( 'NONE',  ( 1.000000000000000000, 0.000000000000000000, 0.000000000000000000 ) ) ;
#2025 = CARTESIAN_POINT ( 'NONE',  ( 1.006962788129352360, -0.5813702367904184376, -2.916666666666667407 ) ) ;
#2026 = ORIENTED_EDGE ( 'NONE', *, *, #1634, .T. ) ;
#2027 = CARTESIAN_POINT ( 'NONE',  ( 0.7506624053238617478, 1.206884155163569172, -2.443675158675561399 ) ) ;
#2028 = CARTESIAN_POINT ( 'NONE',  ( -0.8843080402127020401, 1.192627809046050924, 2.618280887729983686 ) ) ;
#2029 = CARTESIAN_POINT ( 'NONE',  ( -1.311650288129352804, -0.7572816469341319134, -0.8177083333333343695 ) ) ;
#2030 = DIRECTION ( 'NONE',  ( 0.000000000000000000, 0.000000000000000000, 1.000000000000000000 ) ) ;
#2031 = AXIS2_PLACEMENT_3D ( 'NONE', #3054, #6909, #365 ) ;
#2032 = CARTESIAN_POINT ( 'NONE',  ( -1.342617050839136628, -1.188904321747063192E-16, -1.125000000000000666 ) ) ;
#2033 = CARTESIAN_POINT ( 'NONE',  ( -1.006962788129352804, -0.5813702367904178825, -0.08333333333333370341 ) ) ;
#2034 = EDGE_CURVE ( 'NONE', #6663, #4484, #2624, .T. ) ;
#2035 = EDGE_CURVE ( 'NONE', #1342, #2883, #3387, .T. ) ;
#2036 = ORIENTED_EDGE ( 'NONE', *, *, #3815, .T. ) ;
#2037 = CARTESIAN_POINT ( 'NONE',  ( 1.006962788129352138, -0.5813702367904183266, -2.854166666666666519 ) ) ;
#2038 = DIRECTION ( 'NONE',  ( 1.000000000000000000, 0.000000000000000000, 0.000000000000000000 ) ) ;
#2039 = CARTESIAN_POINT ( 'NONE',  ( -1.006962788129352582, -0.5813702367904175494, -2.020833333333333037 ) ) ;
#2040 = CARTESIAN_POINT ( 'NONE',  ( -1.115481102915923506, -0.9573318031974802356, 0.6668186761362149273 ) ) ;
#2041 = ORIENTED_EDGE ( 'NONE', *, *, #1593, .T. ) ;
#2042 = CARTESIAN_POINT ( 'NONE',  ( 1.152562564150567681, 0.9466126766718898633, -1.571678715903500168 ) ) ;
#2043 = CARTESIAN_POINT ( 'NONE',  ( 0.1343981099701963833, 1.462571274368298591, 1.978929425191134905 ) ) ;
#2044 = EDGE_CURVE ( 'NONE', #1419, #5771, #615, .T. ) ;
#2045 = ORIENTED_EDGE ( 'NONE', *, *, #1581, .T. ) ;
#2046 = CARTESIAN_POINT ( 'NONE',  ( -9.144455000759798487E-16, -0.09330127018922626525, -4.000000000000000000 ) ) ;
#2047 = DIRECTION ( 'NONE',  ( 1.000000000000000000, 0.000000000000000000, 0.000000000000000000 ) ) ;
#2048 = CARTESIAN_POINT ( 'NONE',  ( -1.475000000000007638, 0.04665063509461365304, -2.000000000000000000 ) ) ;
#2049 = CYLINDRICAL_SURFACE ( 'NONE', #1908, 1.394198729810780968 ) ;
#2050 = CARTESIAN_POINT ( 'NONE',  ( 1.333822933433428171, -0.6148934597293373994, -0.5830960918578000918 ) ) ;
#2051 = CARTESIAN_POINT ( 'NONE',  ( -1.475000000000007638, 0.04665063509460938562, -0.3083432514105859390 ) ) ;
#2052 = SHAPE_DEFINITION_REPRESENTATION ( #6454, #351 ) ;
#2053 = ORIENTED_EDGE ( 'NONE', *, *, #4647, .T. ) ;
#2054 = CARTESIAN_POINT ( 'NONE',  ( 1.544354521968177796, -0.2538572652780112238, 6.195034570514510008 ) ) ;
#2055 = ORIENTED_EDGE ( 'NONE', *, *, #6895, .T. ) ;
#2056 = CARTESIAN_POINT ( 'NONE',  ( -0.8264295173163436203, 1.109330881601338303, -2.823202167513715111 ) ) ;
#2057 = DIRECTION ( 'NONE',  ( 1.000000000000000000, 0.000000000000000000, 0.000000000000000000 ) ) ;
#2058 = DIRECTION ( 'NONE',  ( -9.905724213776059915E-17, 9.905724213775956377E-17, -1.000000000000000000 ) ) ;
#2059 = CARTESIAN_POINT ( 'NONE',  ( 0.000000000000000000, 1.162740473580834877, 1.812500000000000666 ) ) ;
#2060 = CARTESIAN_POINT ( 'NONE',  ( -0.6970993649053917052, -1.300712788129359643, -4.000000000000000000 ) ) ;
#2061 = CARTESIAN_POINT ( 'NONE',  ( 1.311650288129353248, 0.7572816469341306922, -0.5364583333333332593 ) ) ;
#2062 = CARTESIAN_POINT ( 'NONE',  ( 0.6646448938880721302, 1.057897455016143740, -3.844787982686238337 ) ) ;
#2063 = CARTESIAN_POINT ( 'NONE',  ( 0.6713085254195678697, -1.162740473580835987, -1.958333333333333925 ) ) ;
#2064 = ORIENTED_EDGE ( 'NONE', *, *, #4647, .F. ) ;
#2065 = CARTESIAN_POINT ( 'NONE',  ( -0.7071831278286396794, 1.002625774251412416, 3.392521813806911979 ) ) ;
#2066 = CARTESIAN_POINT ( 'NONE',  ( -1.475000000000007860, 0.1692640949063706490, -1.817498008545215926 ) ) ;
#2067 = CARTESIAN_POINT ( 'NONE',  ( 1.311650288129353248, 0.7572816469341308032, -0.5677083333333345916 ) ) ;
#2068 = EDGE_CURVE ( 'NONE', #5548, #4645, #7148, .T. ) ;
#2069 = CARTESIAN_POINT ( 'NONE',  ( -0.8843080402126983763, 1.192627809046052922, 1.618280887729983908 ) ) ;
#2070 = CARTESIAN_POINT ( 'NONE',  ( 0.6713085254195678697, -1.162740473580835987, -1.958333333333333481 ) ) ;
#2071 = CARTESIAN_POINT ( 'NONE',  ( 1.342617050839136628, -5.001981623757149232E-16, -0.3750000000000003886 ) ) ;
#2072 = CARTESIAN_POINT ( 'NONE',  ( -1.006962788129352360, 0.5813702367904176604, -2.104166666666666075 ) ) ;
#2073 = FACE_OUTER_BOUND ( 'NONE', #5622, .T. ) ;
#2074 = CARTESIAN_POINT ( 'NONE',  ( 1.006962788129352138, -0.5813702367904185486, 0.1458333333333337589 ) ) ;
#2075 = CARTESIAN_POINT ( 'NONE',  ( -0.7557524410520753966, 1.215700355657176157, -2.360765130072885576 ) ) ;
#2076 = VERTEX_POINT ( 'NONE', #6604 ) ;
#2077 = CARTESIAN_POINT ( 'NONE',  ( 1.093868275935677259, 0.8985070647934706445, -2.615294147423865123 ) ) ;
#2078 = EDGE_CURVE ( 'NONE', #6228, #1209, #6571, .T. ) ;
#2079 = B_SPLINE_CURVE_WITH_KNOTS ( 'NONE', 3,
 ( #305, #5194, #6846, #4693, #6959, #1934, #6885, #2521, #4728, #4145 ),
 .UNSPECIFIED., .F., .F.,
 ( 4, 2, 2, 2, 4 ),
 ( 3.659182332138577465E-19, 0.0003086550409794884303, 0.0006173100819589764270, 0.0009259651229384645863, 0.001234620163917952420 ),
 .UNSPECIFIED. ) ;
#2080 = CARTESIAN_POINT ( 'NONE',  ( 0.4950310294447889947, 1.271425240631963494, -2.892045628357339027 ) ) ;
#2081 = ORIENTED_EDGE ( 'NONE', *, *, #3940, .F. ) ;
#2082 = DIRECTION ( 'NONE',  ( 1.000000000000000000, 0.000000000000000000, 0.000000000000000000 ) ) ;
#2083 = CARTESIAN_POINT ( 'NONE',  ( 1.396238660138794829, 0.5242369183443837954, -0.09618847621750771515 ) ) ;
#2084 = DIRECTION ( 'NONE',  ( 0.9188184237650821595, -0.3805870524817583367, -0.1045284632676538178 ) ) ;
#2085 = DIRECTION ( 'NONE',  ( -0.9188184237650794950, 0.3805870524817647205, -0.1045284632676537484 ) ) ;
#2086 = CARTESIAN_POINT ( 'NONE',  ( 0.7698768325944850277, -0.9593260415920246142, -3.981426043621761224 ) ) ;
#2087 = CARTESIAN_POINT ( 'NONE',  ( 0.6970993649053934815, -1.300712788129357644, 0.3583234152560813013 ) ) ;
#2088 = ORIENTED_EDGE ( 'NONE', *, *, #2219, .T. ) ;
#2089 = CARTESIAN_POINT ( 'NONE',  ( -0.1343981099702048210, 1.462571274368298369, -0.4164294251911334621 ) ) ;
#2090 = EDGE_CURVE ( 'NONE', #5690, #5181, #5688, .T. ) ;
#2091 = EDGE_CURVE ( 'NONE', #3021, #2013, #6314, .T. ) ;
#2092 = ORIENTED_EDGE ( 'NONE', *, *, #6982, .F. ) ;
#2093 = CARTESIAN_POINT ( 'NONE',  ( -1.462483010442500619, -0.1808080065985254170, 3.124691860254781517 ) ) ;
#2094 = LINE ( 'NONE', #7079, #5471 ) ;
#2095 = CARTESIAN_POINT ( 'NONE',  ( 0.08080127018922518556, 0.04665063509461363223, -4.000000000000000000 ) ) ;
#2096 = CARTESIAN_POINT ( 'NONE',  ( 1.006962788129352138, -0.5813702367904187707, 3.145833333333333925 ) ) ;
#2097 = FACE_OUTER_BOUND ( 'NONE', #5264, .T. ) ;
#2098 = CARTESIAN_POINT ( 'NONE',  ( -1.311650288129352582, 0.7572816469341316914, 2.630208333333333481 ) ) ;
#2099 = FACE_OUTER_BOUND ( 'NONE', #5707, .T. ) ;
#2100 = CARTESIAN_POINT ( 'NONE',  ( -0.6713085254195686469, -1.162740473580835765, -2.041666666666666963 ) ) ;
#2101 = CARTESIAN_POINT ( 'NONE',  ( -1.011949341165592431, 1.084317907452662766, 3.125446062060366348 ) ) ;
#2102 = DIRECTION ( 'NONE',  ( 0.000000000000000000, 0.000000000000000000, 1.000000000000000000 ) ) ;
#2103 = CARTESIAN_POINT ( 'NONE',  ( 0.8744335254195692020, 1.514563293868263161, 1.973958333333331927 ) ) ;
#2104 = CARTESIAN_POINT ( 'NONE',  ( 0.6970993649053918162, -1.300712788129359199, -0.7177587056770798890 ) ) ;
#2105 = CARTESIAN_POINT ( 'NONE',  ( 0.6713085254195689799, 1.162740473580835099, -1.291666666666667185 ) ) ;
#2106 = CARTESIAN_POINT ( 'NONE',  ( 0.6713085254195678697, -1.162740473580836209, 1.041666666666666519 ) ) ;
#2107 = EDGE_CURVE ( 'NONE', #4032, #5964, #3969, .T. ) ;
#2108 = CARTESIAN_POINT ( 'NONE',  ( -0.6713085254195685359, -1.162740473580835099, -2.979166666666666075 ) ) ;
#2109 = CARTESIAN_POINT ( 'NONE',  ( 1.048570909871042955, -0.7428098623459411520, -3.490761612385125279 ) ) ;
#2110 = CARTESIAN_POINT ( 'NONE',  ( -1.342617050839136406, -2.281850060139709713E-16, 0.4375000000000003886 ) ) ;
#2111 = DIRECTION ( 'NONE',  ( -9.905724213776059915E-17, 9.905724213775956377E-17, -1.000000000000000000 ) ) ;
#2112 = EDGE_LOOP ( 'NONE', ( #5729, #3190, #6987, #5187 ) ) ;
#2113 = CARTESIAN_POINT ( 'NONE',  ( 0.9327770690356325112, 1.061466421380926617, -2.603720771666568012 ) ) ;
#2114 = ADVANCED_FACE ( 'NONE', ( #1813 ), #2437, .T. ) ;
#2115 = CARTESIAN_POINT ( 'NONE',  ( -1.475000000000007638, 0.04665063509460931623, 2.191656748589413617 ) ) ;
#2116 = ORIENTED_EDGE ( 'NONE', *, *, #3536, .T. ) ;
#2117 = FACE_OUTER_BOUND ( 'NONE', #3218, .T. ) ;
#2118 = CARTESIAN_POINT ( 'NONE',  ( -0.4898686646832025593, 1.251621914983140238, -3.056952497215028153 ) ) ;
#2119 = CARTESIAN_POINT ( 'NONE',  ( -0.6271869184594938140, -1.179620878803625539, -3.138782366965229276 ) ) ;
#2120 = CARTESIAN_POINT ( 'NONE',  ( 0.008203040591588835195, -0.003397810665732670619, 0.3231150289283322152 ) ) ;
#2121 = LINE ( 'NONE', #3795, #4086 ) ;
#2122 = CARTESIAN_POINT ( 'NONE',  ( 0.000000000000000000, 0.1177436471014822877, 4.899999999999999467 ) ) ;
#2123 = ORIENTED_EDGE ( 'NONE', *, *, #7022, .T. ) ;
#2124 = CARTESIAN_POINT ( 'NONE',  ( -1.475000000000007860, 0.04665063509460934399, 1.691656748589413173 ) ) ;
#2125 = VECTOR ( 'NONE', #2901, 1000.000000000000000 ) ;
#2126 = APPROVAL_PERSON_ORGANIZATION ( #2920, #6030, #82 ) ;
#2127 = VERTEX_POINT ( 'NONE', #5220 ) ;
#2128 = DIRECTION ( 'NONE',  ( -0.1045058763748858838, 0.02078751127481406891, 0.9943069954385902465 ) ) ;
#2129 = EDGE_CURVE ( 'NONE', #5297, #6339, #6948, .T. ) ;
#2130 = CARTESIAN_POINT ( 'NONE',  ( -1.234536948394923561, -0.3665706728109306978, 3.334345002577649986 ) ) ;
#2131 = DIRECTION ( 'NONE',  ( 0.000000000000000000, 0.000000000000000000, 1.000000000000000000 ) ) ;
#2132 = ADVANCED_FACE ( 'NONE', ( #5724 ), #4137, .T. ) ;
#2133 = CONICAL_SURFACE ( 'NONE', #3301, 1.394198729810780968, 0.1221730476396033355 ) ;
#2134 = CARTESIAN_POINT ( 'NONE',  ( 0.6713085254195687579, 1.162740473580834433, 0.7708333333333334814 ) ) ;
#2135 = B_SPLINE_CURVE_WITH_KNOTS ( 'NONE', 3,
 ( #5440, #4361, #4944, #7139 ),
 .UNSPECIFIED., .F., .F.,
 ( 4, 4 ),
 ( 1.981189361376862725E-07, 4.650752054624808794E-05 ),
 .UNSPECIFIED. ) ;
#2136 = AXIS2_PLACEMENT_3D ( 'NONE', #241, #3123, #3085 ) ;
#2137 = CARTESIAN_POINT ( 'NONE',  ( 1.311650288129352582, -0.7572816469341330237, 1.880208333333333481 ) ) ;
#2138 = CARTESIAN_POINT ( 'NONE',  ( 0.2624068931273688676, 1.395026103428939956, -2.408700819733682330 ) ) ;
#2139 = CARTESIAN_POINT ( 'NONE',  ( -0.6713085254195682028, 1.162740473580835321, -2.208333333333333925 ) ) ;
#2140 = VECTOR ( 'NONE', #3924, 1000.000000000000000 ) ;
#2141 = LINE ( 'NONE', #1076, #1755 ) ;
#2142 = CARTESIAN_POINT ( 'NONE',  ( 1.456819914017537521, -0.2262501026587135089, 2.435876151700345105 ) ) ;
#2143 = CARTESIAN_POINT ( 'NONE',  ( 1.311650288129353248, 0.7572816469341305812, 2.932291666666665630 ) ) ;
#2144 = VECTOR ( 'NONE', #3520, 1000.000000000000000 ) ;
#2145 = DIRECTION ( 'NONE',  ( 0.000000000000000000, 0.000000000000000000, 1.000000000000000000 ) ) ;
#2146 = CARTESIAN_POINT ( 'NONE',  ( 1.006962788129353026, 0.5813702367904166612, -0.3333333333333339255 ) ) ;
#2147 = CARTESIAN_POINT ( 'NONE',  ( -1.006962788129352804, -0.5813702367904181045, 3.416666666666666075 ) ) ;
#2148 = CARTESIAN_POINT ( 'NONE',  ( 1.342617050839136406, -3.646728908150268689E-16, -2.312499999999999556 ) ) ;
#2149 = CARTESIAN_POINT ( 'NONE',  ( 0.1966448954457686027, -1.171976417603868281, -3.999999999999996447 ) ) ;
#2150 = CARTESIAN_POINT ( 'NONE',  ( -0.6713085254195680918, 1.162740473580835321, 0.3541666666666675178 ) ) ;
#2151 = CARTESIAN_POINT ( 'NONE',  ( -0.9807738445987269627, 1.118337879647052002, 1.555124508018495666 ) ) ;
#2152 = AXIS2_PLACEMENT_3D ( 'NONE', #2120, #2085, #4297 ) ;
#2153 = ORIENTED_EDGE ( 'NONE', *, *, #6713, .F. ) ;
#2154 = CARTESIAN_POINT ( 'NONE',  ( -1.152562564150567237, 0.9466126766718928609, -1.365821284096498944 ) ) ;
#2155 = CARTESIAN_POINT ( 'NONE',  ( 0.1246476649515195767, 1.356015035900885790, -2.868153022991259515 ) ) ;
#2156 = VERTEX_POINT ( 'NONE', #2323 ) ;
#2157 = CARTESIAN_POINT ( 'NONE',  ( -9.144455000759798487E-16, -0.09330127018922626525, -2.000000000000000000 ) ) ;
#2158 = CARTESIAN_POINT ( 'NONE',  ( -0.7779006350946131576, 1.254062153034748661, -1.886407960989587851 ) ) ;
#2159 = CARTESIAN_POINT ( 'NONE',  ( -0.9805201148984261650, 0.2732689804942657896, 6.379724703763425708 ) ) ;
#2160 = CARTESIAN_POINT ( 'NONE',  ( -0.2715616379965416494, 1.444556979311147460, -0.9097830902337564751 ) ) ;
#2161 = CARTESIAN_POINT ( 'NONE',  ( 0.6592475780754319947, 1.322566527444944295, -0.04586358490178915615 ) ) ;
#2162 = CARTESIAN_POINT ( 'NONE',  ( -1.544354521968175575, -0.2538572652780249350, 6.195034570514510008 ) ) ;
#2163 = VERTEX_POINT ( 'NONE', #3487 ) ;
#2164 = CARTESIAN_POINT ( 'NONE',  ( 0.9228137282244796014, -1.149940016531950437, -1.121933415356022756 ) ) ;
#2165 = ORIENTED_EDGE ( 'NONE', *, *, #1967, .F. ) ;
#2166 = CARTESIAN_POINT ( 'NONE',  ( -1.382294612430987168, 0.04665063509461363916, -2.755024792101749664 ) ) ;
#2167 = CARTESIAN_POINT ( 'NONE',  ( -1.302776871971637274, -0.1865857086345709404, 3.305837013872670482 ) ) ;
#2168 = CARTESIAN_POINT ( 'NONE',  ( -1.916669818922034220E-16, -1.565079678693067855, 6.195034570514509120 ) ) ;
#2169 = CARTESIAN_POINT ( 'NONE',  ( -1.006962788129352582, -0.5813702367904179935, 2.979166666666667407 ) ) ;
#2170 = CARTESIAN_POINT ( 'NONE',  ( -1.748867050839136850, -2.896520812393093601E-16, 1.671874999999999778 ) ) ;
#2171 = LOCAL_TIME ( 13, 46, 17.00000000000000000, #6848 ) ;
#2172 = ADVANCED_FACE ( 'NONE', ( #6803 ), #6227, .T. ) ;
#2173 = B_SPLINE_CURVE_WITH_KNOTS ( 'NONE', 3,
 ( #1168, #2887, #663, #1822, #3461, #3396 ),
 .UNSPECIFIED., .F., .F.,
 ( 4, 2, 4 ),
 ( 0.001137126656700596919, 0.001721343537047835635, 0.002305560417395074134 ),
 .UNSPECIFIED. ) ;
#2174 = CARTESIAN_POINT ( 'NONE',  ( -0.6713085254195682028, 1.162740473580835321, -1.708333333333333925 ) ) ;
#2175 = CARTESIAN_POINT ( 'NONE',  ( -1.386803860295837021, -0.4870992124572552373, -0.3610502430995772283 ) ) ;
#2176 = ORIENTED_EDGE ( 'NONE', *, *, #3898, .T. ) ;
#2177 = CARTESIAN_POINT ( 'NONE',  ( 1.475000000000008082, 0.04665063509460955909, 2.446925372343745408 ) ) ;
#2178 = CARTESIAN_POINT ( 'NONE',  ( -0.8744335254195688689, -1.514563293868264049, 2.223958333333332149 ) ) ;
#2179 = LINE ( 'NONE', #6586, #604 ) ;
#2180 = CARTESIAN_POINT ( 'NONE',  ( -1.006962788129352582, 0.5813702367904174384, 1.833333333333332593 ) ) ;
#2181 = CARTESIAN_POINT ( 'NONE',  ( 0.6713085254195678697, -1.162740473580836653, 3.541666666666666075 ) ) ;
#2182 = ADVANCED_FACE ( 'NONE', ( #3522 ), #4031, .T. ) ;
#2183 = B_SPLINE_CURVE_WITH_KNOTS ( 'NONE', 3,
 ( #336, #6343, #6808, #5730 ),
 .UNSPECIFIED., .F., .F.,
 ( 4, 4 ),
 ( 0.003633378778187809806, 0.004975574600634407631 ),
 .UNSPECIFIED. ) ;
#2184 = CARTESIAN_POINT ( 'NONE',  ( -1.423946399209847682E-16, -1.162740473580835765, 0.5625000000000004441 ) ) ;
#2185 = LINE ( 'NONE', #1150, #7088 ) ;
#2186 = CARTESIAN_POINT ( 'NONE',  ( -1.423946399209847682E-16, -1.162740473580835765, 3.062500000000000000 ) ) ;
#2187 = CARTESIAN_POINT ( 'NONE',  ( 0.7411579672837036448, -1.125449537890707008, -3.056754407176250687 ) ) ;
#2188 = ORIENTED_EDGE ( 'NONE', *, *, #75, .T. ) ;
#2189 = CARTESIAN_POINT ( 'NONE',  ( -1.458895936088131728, 0.2902061249663131504, -1.325957841351830480 ) ) ;
#2190 = FACE_OUTER_BOUND ( 'NONE', #5668, .T. ) ;
#2191 = ORIENTED_EDGE ( 'NONE', *, *, #5654, .T. ) ;
#2192 = CARTESIAN_POINT ( 'NONE',  ( -0.2435093434669657053, -1.471454798341267800, 1.300845382570167352 ) ) ;
#2193 = CARTESIAN_POINT ( 'NONE',  ( -0.6592475780754283310, 1.322566527444948070, 1.108363584901787213 ) ) ;
#2194 = CARTESIAN_POINT ( 'NONE',  ( 1.311650288129352582, -0.7572816469341326906, -2.651041666666667851 ) ) ;
#2195 = CARTESIAN_POINT ( 'NONE',  ( -9.144455000759798487E-16, -0.09330127018922626525, -4.000000000000000000 ) ) ;
#2196 = CARTESIAN_POINT ( 'NONE',  ( 0.6970993649053937036, -1.300712788129358088, 2.282241294322920222 ) ) ;
#2197 = ORIENTED_EDGE ( 'NONE', *, *, #4909, .T. ) ;
#2198 = DIRECTION ( 'NONE',  ( 0.3805870524817762668, -0.9188184237650749431, -0.1045284632676538455 ) ) ;
#2199 = EDGE_CURVE ( 'NONE', #7108, #902, #4684, .T. ) ;
#2200 = EDGE_LOOP ( 'NONE', ( #5823, #2153, #2064, #4912 ) ) ;
#2201 = DIRECTION ( 'NONE',  ( 1.000000000000000000, 0.000000000000000000, 0.000000000000000000 ) ) ;
#2202 = DIRECTION ( 'NONE',  ( -0.9238795325112822976, -0.3826834323651005509, 0.000000000000000000 ) ) ;
#2203 = CARTESIAN_POINT ( 'NONE',  ( 1.199424823463228096, -0.8476778146389551960, 2.812262758524466388 ) ) ;
#2204 = APPLICATION_CONTEXT ( 'configuration controlled 3d designs of mechanical parts and assemblies' ) ;
#2205 = CARTESIAN_POINT ( 'NONE',  ( -1.006962788129352360, 0.5813702367904173274, 2.395833333333333925 ) ) ;
#2206 = VERTEX_POINT ( 'NONE', #183 ) ;
#2207 = CARTESIAN_POINT ( 'NONE',  ( 0.8744335254195679807, -1.514563293868264937, 2.838541666666666963 ) ) ;
#2208 = CARTESIAN_POINT ( 'NONE',  ( -1.423946399209847929E-16, -1.162740473580835765, -0.5000000000000004441 ) ) ;
#2209 = CARTESIAN_POINT ( 'NONE',  ( 0.8285129855193171799, 0.9929003146317583184, 3.325766655155589113 ) ) ;
#2210 = VERTEX_POINT ( 'NONE', #1846 ) ;
#2211 = CARTESIAN_POINT ( 'NONE',  ( -1.311650288129352804, -0.7572816469341321355, 2.682291666666665186 ) ) ;
#2212 = CARTESIAN_POINT ( 'NONE',  ( -1.458895936088131728, 0.2902061249663195341, 1.674042158648169298 ) ) ;
#2213 = CARTESIAN_POINT ( 'NONE',  ( -1.006962788129352804, -0.5813702367904179935, 1.416666666666665853 ) ) ;
#2214 = CARTESIAN_POINT ( 'NONE',  ( -0.6713085254195682028, 1.162740473580835321, 2.291666666666665630 ) ) ;
#2215 = CARTESIAN_POINT ( 'NONE',  ( 1.342617050839136406, -3.996471544435915694E-16, -1.812499999999999334 ) ) ;
#2216 = EDGE_CURVE ( 'NONE', #4226, #4839, #1303, .T. ) ;
#2217 = CARTESIAN_POINT ( 'NONE',  ( -0.5772987346357926208, 1.145215536239162946, -3.584603830152842452 ) ) ;
#2218 = CARTESIAN_POINT ( 'NONE',  ( 1.342617050839136406, -5.745184725864148748E-16, 0.6875000000000005551 ) ) ;
#2219 = EDGE_CURVE ( 'NONE', #4680, #6841, #4644, .T. ) ;
#2220 = DIRECTION ( 'NONE',  ( 1.000000000000000000, 0.000000000000000000, 0.000000000000000000 ) ) ;
#2221 = VERTEX_POINT ( 'NONE', #219 ) ;
#2222 = DIRECTION ( 'NONE',  ( -3.374404404727125284E-15, 0.9945218953682735119, -0.1045284632676536235 ) ) ;
#2223 = ORIENTED_EDGE ( 'NONE', *, *, #2976, .F. ) ;
#2224 = CARTESIAN_POINT ( 'NONE',  ( -0.5906919597873052652, -1.362147132118056492, 1.284947554396651759 ) ) ;
#2225 = CARTESIAN_POINT ( 'NONE',  ( -0.2713331099618274678, 1.444700874165413707, -0.4998479905304505921 ) ) ;
#2226 = CARTESIAN_POINT ( 'NONE',  ( 0.8744335254195679807, -1.514563293868264715, -1.692708333333334147 ) ) ;
#2227 = LINE ( 'NONE', #3928, #499 ) ;
#2228 = CARTESIAN_POINT ( 'NONE',  ( 0.000000000000000000, 0.000000000000000000, 5.246254526119612294 ) ) ;
#2229 = ORIENTED_EDGE ( 'NONE', *, *, #5750, .F. ) ;
#2230 = CARTESIAN_POINT ( 'NONE',  ( 0.6970993649053937036, -1.300712788129357866, -1.641676584743918532 ) ) ;
#2231 = ORIENTED_EDGE ( 'NONE', *, *, #6101, .F. ) ;
#2232 = CARTESIAN_POINT ( 'NONE',  ( 1.334521665427736759, -0.6133972531589964028, 0.3256176042085734967 ) ) ;
#2233 = CARTESIAN_POINT ( 'NONE',  ( -0.5344704030327280808, 1.374150139869403375, -1.482233251310643762 ) ) ;
#2234 = CARTESIAN_POINT ( 'NONE',  ( 1.152562564150561686, 0.9466126766718990782, 0.4283212840964994439 ) ) ;
#2235 = CARTESIAN_POINT ( 'NONE',  ( -0.6713085254195685359, -1.162740473580835765, 3.520833333333333481 ) ) ;
#2236 = VERTEX_POINT ( 'NONE', #6836 ) ;
#2237 = CARTESIAN_POINT ( 'NONE',  ( 1.748867050839136850, -7.354881002424757193E-16, 1.921875000000000000 ) ) ;
#2238 = AXIS2_PLACEMENT_3D ( 'NONE', #6971, #3656, #3117 ) ;
#2239 = CONICAL_SURFACE ( 'NONE', #4791, 1.555801270189232977, 0.1221730476396033355 ) ;
#2240 = CARTESIAN_POINT ( 'NONE',  ( 0.000000000000000000, 1.162740473580835099, 2.249999999999999556 ) ) ;
#2241 = CARTESIAN_POINT ( 'NONE',  ( -0.2715616379965441474, 1.444556979311147238, -1.409783090233756697 ) ) ;
#2242 = ORIENTED_EDGE ( 'NONE', *, *, #4872, .T. ) ;
#2243 = VECTOR ( 'NONE', #4758, 1000.000000000000000 ) ;
#2244 = CARTESIAN_POINT ( 'NONE',  ( -1.311650288129352582, 0.7572816469341318024, 1.598958333333332371 ) ) ;
#2245 = CARTESIAN_POINT ( 'NONE',  ( 1.342617050839136628, -5.701466896328442256E-16, 0.6249999999999997780 ) ) ;
#2246 = CARTESIAN_POINT ( 'NONE',  ( 0.6713085254195689799, 1.162740473580834877, 3.208333333333333037 ) ) ;
#2247 = CONICAL_SURFACE ( 'NONE', #1888, 1.555801270189233199, 0.1221730476396033355 ) ;
#2248 = CARTESIAN_POINT ( 'NONE',  ( 0.000000000000000000, 1.162740473580835099, 0.3125000000000002776 ) ) ;
#2249 = CARTESIAN_POINT ( 'NONE',  ( 1.227676249187600543, 0.8486071336999762016, 2.422541098116229197 ) ) ;
#2250 = CARTESIAN_POINT ( 'NONE',  ( -0.6713085254195685359, -1.162740473580835765, 2.520833333333333925 ) ) ;
#2251 = CARTESIAN_POINT ( 'NONE',  ( -0.8840870061374976885, 1.192755423128871062, 1.546664675211881557 ) ) ;
#2252 = ORIENTED_EDGE ( 'NONE', *, *, #1122, .T. ) ;
#2253 = ADVANCED_FACE ( 'NONE', ( #4104 ), #1885, .T. ) ;
#2254 = CARTESIAN_POINT ( 'NONE',  ( 1.475000000000008082, 0.04665063509461175179, -0.6291567485894145051 ) ) ;
#2255 = VERTEX_POINT ( 'NONE', #5684 ) ;
#2256 = B_SPLINE_CURVE_WITH_KNOTS ( 'NONE', 3,
 ( #3716, #5914, #948, #992, #1604, #2743, #3179, #5378, #414, #2633 ),
 .UNSPECIFIED., .F., .F.,
 ( 4, 2, 2, 2, 4 ),
 ( 0.000000000000000000, 0.0003638230103348397441, 0.0007276460206696794882, 0.001091469031004519124, 0.001455292041339358976 ),
 .UNSPECIFIED. ) ;
#2257 = CARTESIAN_POINT ( 'NONE',  ( 1.115481102915923284, -0.9573318031974809017, 1.895681323863784185 ) ) ;
#2258 = CARTESIAN_POINT ( 'NONE',  ( 1.284304649345190619, 0.4844492994218341231, -2.964061875585947803 ) ) ;
#2259 = CARTESIAN_POINT ( 'NONE',  ( -1.396238660138791499, 0.5242369183443935654, 1.158688476217506924 ) ) ;
#2260 = CARTESIAN_POINT ( 'NONE',  ( 1.199424823463227874, -0.8476778146389543078, 1.312262758524466832 ) ) ;
#2261 = ORIENTED_EDGE ( 'NONE', *, *, #6549, .F. ) ;
#2262 = CARTESIAN_POINT ( 'NONE',  ( -0.2538572652780298200, 1.544354521968174687, 6.195034570514509120 ) ) ;
#2263 = AXIS2_PLACEMENT_3D ( 'NONE', #1167, #5498, #2754 ) ;
#2264 = EDGE_CURVE ( 'NONE', #4301, #2163, #655, .T. ) ;
#2265 = ORIENTED_EDGE ( 'NONE', *, *, #3713, .F. ) ;
#2266 = CARTESIAN_POINT ( 'NONE',  ( -1.199424823463228762, -0.8476778146389547519, 1.250237241475532946 ) ) ;
#2267 = B_SPLINE_CURVE_WITH_KNOTS ( 'NONE', 3,
 ( #3581, #4782, #4237, #4163, #4091, #5209, #2514, #6773, #5728, #5118 ),
 .UNSPECIFIED., .F., .F.,
 ( 4, 2, 2, 2, 4 ),
 ( 3.388131789017201356E-20, 0.0003638230103348399610, 0.0007276460206696798135, 0.001091469031004519558, 0.001455292041339359844 ),
 .UNSPECIFIED. ) ;
#2268 = CARTESIAN_POINT ( 'NONE',  ( 0.5324716204974869749, 1.374768105607605984, 2.459957181632987488 ) ) ;
#2269 = CARTESIAN_POINT ( 'NONE',  ( 0.1177436471014849523, -1.474043609095380391E-15, 4.899999999999999467 ) ) ;
#2270 = EDGE_LOOP ( 'NONE', ( #755, #4330, #550, #2828 ) ) ;
#2271 = CARTESIAN_POINT ( 'NONE',  ( -0.8097502612467658567, -1.016897988174660039, -3.415545257092939657 ) ) ;
#2272 = CARTESIAN_POINT ( 'NONE',  ( 1.342617050839136628, -5.701466896328442256E-16, 0.6249999999999996669 ) ) ;
#2273 = CARTESIAN_POINT ( 'NONE',  ( 0.1211321603579820771, -1.487497613189344481, 2.818377097450880608 ) ) ;
#2274 = ORIENTED_EDGE ( 'NONE', *, *, #5569, .F. ) ;
#2275 = CARTESIAN_POINT ( 'NONE',  ( -1.006962788129352582, -0.5813702367904175494, -2.020833333333333037 ) ) ;
#2276 = CARTESIAN_POINT ( 'NONE',  ( 1.006962788129352360, -0.5813702367904186596, 0.08333333333333282911 ) ) ;
#2277 = CARTESIAN_POINT ( 'NONE',  ( 0.6713085254195689799, 1.162740473580834877, 2.708333333333332149 ) ) ;
#2278 = B_SPLINE_CURVE_WITH_KNOTS ( 'NONE', 3,
 ( #1500, #879, #1576, #3224, #5452, #1466, #3106, #5919, #5995, #4729 ),
 .UNSPECIFIED., .F., .F.,
 ( 4, 2, 2, 2, 4 ),
 ( 1.084202172485504434E-19, 0.0003487866542111197027, 0.0006975733084222392969, 0.001046359962633359054, 0.001395146616844478160 ),
 .UNSPECIFIED. ) ;
#2279 = EDGE_CURVE ( 'NONE', #2703, #6339, #3556, .T. ) ;
#2280 = CARTESIAN_POINT ( 'NONE',  ( 0.6713085254195687579, 1.162740473580834877, -0.2291666666666666019 ) ) ;
#2281 = CARTESIAN_POINT ( 'NONE',  ( 1.348753460210674104, 0.6388952525692739304, -1.526707764782896382 ) ) ;
#2282 = CARTESIAN_POINT ( 'NONE',  ( -0.6713085254195680918, 1.162740473580835099, 1.854166666666666963 ) ) ;
#2283 = DIRECTION ( 'NONE',  ( 0.06093467170257391846, 0.1055419473313874701, -0.9925461516413219831 ) ) ;
#2284 = ORIENTED_EDGE ( 'NONE', *, *, #4695, .F. ) ;
#2285 = CARTESIAN_POINT ( 'NONE',  ( 1.475000000000007416, 0.1695193230720057620, -0.5483857789366822777 ) ) ;
#2286 = VERTEX_POINT ( 'NONE', #2473 ) ;
#2287 = CARTESIAN_POINT ( 'NONE',  ( -1.475000000000007416, -0.09007440577179480490, 0.2018651265707209763 ) ) ;
#2288 = CARTESIAN_POINT ( 'NONE',  ( 0.1211321603579907091, -1.487497613189344037, -1.181622902549120058 ) ) ;
#2289 = CARTESIAN_POINT ( 'NONE',  ( -0.2441168411815005379, -1.471296608598333666, 2.737144857115824781 ) ) ;
#2290 = CARTESIAN_POINT ( 'NONE',  ( 1.334521665427737425, -0.6133972531589969579, 1.325617604208573663 ) ) ;
#2291 = EDGE_CURVE ( 'NONE', #2221, #1826, #1769, .T. ) ;
#2292 = ORIENTED_EDGE ( 'NONE', *, *, #4389, .F. ) ;
#2293 = CARTESIAN_POINT ( 'NONE',  ( -0.08080127018922518556, 0.04665063509461363223, -2.000000000000000000 ) ) ;
#2294 = ORIENTED_EDGE ( 'NONE', *, *, #402, .F. ) ;
#2295 = DIRECTION ( 'NONE',  ( 0.1045284632676538039, 0.000000000000000000, 0.9945218953682734009 ) ) ;
#2296 = CARTESIAN_POINT ( 'NONE',  ( -0.9529664831930039215, 1.085137367159119348, -2.351668194102836118 ) ) ;
#2297 = CARTESIAN_POINT ( 'NONE',  ( 0.000000000000000000, -1.463672932855430986E-15, 4.899999999999999467 ) ) ;
#2298 = CARTESIAN_POINT ( 'NONE',  ( 1.198478436561153160, -0.8490310375816412236, 2.403549062458091967 ) ) ;
#2299 = CALENDAR_DATE ( 2026, 16, 6 ) ;
#2300 = EDGE_CURVE ( 'NONE', #5384, #109, #6163, .T. ) ;
#2301 = EDGE_CURVE ( 'NONE', #2438, #5996, #3173, .T. ) ;
#2302 = ORIENTED_EDGE ( 'NONE', *, *, #766, .F. ) ;
#2303 = DIRECTION ( 'NONE',  ( 1.000000000000000000, 0.000000000000000000, 0.000000000000000000 ) ) ;
#2304 = CARTESIAN_POINT ( 'NONE',  ( 0.000000000000000000, 1.162740473580835099, 1.749999999999999778 ) ) ;
#2305 = CARTESIAN_POINT ( 'NONE',  ( -1.078219256903446777, -0.5839126225640141055, -3.990946222682272282 ) ) ;
#2306 = VERTEX_POINT ( 'NONE', #1490 ) ;
#2307 = CC_DESIGN_PERSON_AND_ORGANIZATION_ASSIGNMENT ( #3397, #4513, ( #429 ) ) ;
#2308 = CARTESIAN_POINT ( 'NONE',  ( -0.8744335254195688689, -1.514563293868264271, 4.223958333333332149 ) ) ;
#2309 = CARTESIAN_POINT ( 'NONE',  ( -1.006962788129352804, -0.5813702367904178825, 0.9166666666666662966 ) ) ;
#2310 = CARTESIAN_POINT ( 'NONE',  ( 1.311650288129352582, -0.7572816469341328016, -2.119791666666666519 ) ) ;
#2311 = DIRECTION ( 'NONE',  ( 0.1218693434051477398, -1.480812554440049031E-17, -0.9925461516413219831 ) ) ;
#2312 = CARTESIAN_POINT ( 'NONE',  ( 0.000000000000000000, 1.162740473580834877, 0.8125000000000006661 ) ) ;
#2313 = CARTESIAN_POINT ( 'NONE',  ( 1.475000000000007860, 0.04665063509460954522, 1.870843251410585273 ) ) ;
#2314 = CARTESIAN_POINT ( 'NONE',  ( 0.6713085254195687579, 1.162740473580834433, 1.270833333333333703 ) ) ;
#2315 = CARTESIAN_POINT ( 'NONE',  ( 1.006962788129352360, -0.5813702367904183266, -3.916666666666667407 ) ) ;
#2316 = CARTESIAN_POINT ( 'NONE',  ( -1.423946399209847929E-16, -1.162740473580835543, -3.000000000000000000 ) ) ;
#2317 = ORIENTED_EDGE ( 'NONE', *, *, #901, .T. ) ;
#2318 = CARTESIAN_POINT ( 'NONE',  ( 0.000000000000000000, 4.336808689942017736E-16, 4.000000000000000000 ) ) ;
#2319 = ORIENTED_EDGE ( 'NONE', *, *, #1017, .F. ) ;
#2320 = CARTESIAN_POINT ( 'NONE',  ( -0.8157524219245791963, -1.232208413719158679, 0.2750302515684550086 ) ) ;
#2321 = CARTESIAN_POINT ( 'NONE',  ( 0.5909129938625056200, -1.362019518035237686, -1.150831341878548297 ) ) ;
#2322 = CARTESIAN_POINT ( 'NONE',  ( -9.144455000759798487E-16, -0.09330127018922626525, -4.000000000000000000 ) ) ;
#2323 = CARTESIAN_POINT ( 'NONE',  ( -0.6970993649053939256, -1.300712788129358755, 0.7041765847439187542 ) ) ;
#2324 = ORIENTED_EDGE ( 'NONE', *, *, #1667, .T. ) ;
#2325 = CARTESIAN_POINT ( 'NONE',  ( -1.334521665427734094, -0.6133972531590035082, -0.7631176042085738853 ) ) ;
#2326 = VERTEX_POINT ( 'NONE', #4324 ) ;
#2327 = DIRECTION ( 'NONE',  ( 1.000000000000000000, 0.000000000000000000, 0.000000000000000000 ) ) ;
#2328 = CARTESIAN_POINT ( 'NONE',  ( -0.7779006350946131576, 1.254062153034748661, -1.462490081922748431 ) ) ;
#2329 = CARTESIAN_POINT ( 'NONE',  ( 0.08080127018922669824, 0.04665063509461338936, -2.000000000000000000 ) ) ;
#2330 = CARTESIAN_POINT ( 'NONE',  ( 1.106331655800048663, -0.9493984336091253473, -2.097408643935374961 ) ) ;
#2331 = CARTESIAN_POINT ( 'NONE',  ( -1.181978292001568676, 0.8161672679268451303, -2.454738321222547093 ) ) ;
#2332 = EDGE_LOOP ( 'NONE', ( #1324, #3715, #1123, #2589, #7063 ) ) ;
#2333 = CARTESIAN_POINT ( 'NONE',  ( -1.475000000000007194, -0.09007440577179881558, 2.201865126570720310 ) ) ;
#2334 = B_SPLINE_CURVE_WITH_KNOTS ( 'NONE', 3,
 ( #3357, #1777, #3994, #1232, #5112, #5649, #140, #1094, #1845, #1411 ),
 .UNSPECIFIED., .F., .F.,
 ( 4, 2, 2, 2, 4 ),
 ( 1.084202172485504314E-19, 0.0003836689603802909045, 0.0007673379207605815922, 0.001151006881140872063, 0.001534675841521162534 ),
 .UNSPECIFIED. ) ;
#2335 = VECTOR ( 'NONE', #1550, 1000.000000000000000 ) ;
#2336 = EDGE_CURVE ( 'NONE', #811, #7004, #5408, .T. ) ;
#2337 = ADVANCED_FACE ( 'NONE', ( #1453 ), #4869, .T. ) ;
#2338 = ORIENTED_EDGE ( 'NONE', *, *, #5355, .T. ) ;
#2339 = CARTESIAN_POINT ( 'NONE',  ( 1.342617050839136628, -6.400952168899737252E-16, 1.624999999999999778 ) ) ;
#2340 = CARTESIAN_POINT ( 'NONE',  ( 0.5344704030327265265, 1.374150139869404708, -1.455266748689356460 ) ) ;
#2341 = ORIENTED_EDGE ( 'NONE', *, *, #1750, .T. ) ;
#2342 = CIRCLE ( 'NONE', #133, 6.077811624702201598 ) ;
#2343 = CARTESIAN_POINT ( 'NONE',  ( 1.006962788129352138, -0.5813702367904182156, -3.854166666666666075 ) ) ;
#2344 = CARTESIAN_POINT ( 'NONE',  ( 0.6713085254195689799, 1.162740473580834433, 3.708333333333332593 ) ) ;
#2345 = AXIS2_PLACEMENT_3D ( 'NONE', #2694, #6415, #3783 ) ;
#2346 = CARTESIAN_POINT ( 'NONE',  ( -0.8744335254195688689, -1.514563293868263383, -3.244791666666666519 ) ) ;
#2347 = CARTESIAN_POINT ( 'NONE',  ( -1.475000000000007638, 0.04665063509461365304, -2.000000000000000000 ) ) ;
#2348 = AXIS2_PLACEMENT_3D ( 'NONE', #4675, #360, #3089 ) ;
#2349 = EDGE_CURVE ( 'NONE', #2016, #1376, #4174, .T. ) ;
#2350 = CIRCLE ( 'NONE', #505, 6.077811624702200710 ) ;
#2351 = CARTESIAN_POINT ( 'NONE',  ( 1.006962788129352138, -0.5813702367904187707, 3.145833333333333925 ) ) ;
#2352 = B_SPLINE_CURVE_WITH_KNOTS ( 'NONE', 3,
 ( #4254, #990, #5445, #4801 ),
 .UNSPECIFIED., .F., .F.,
 ( 4, 4 ),
 ( 4.650752054624808794E-05, 0.0006811365010802238008 ),
 .UNSPECIFIED. ) ;
#2353 = CARTESIAN_POINT ( 'NONE',  ( 0.8744335254195692020, 1.514563293868263161, -1.526041666666667851 ) ) ;
#2354 = CARTESIAN_POINT ( 'NONE',  ( 1.457284131257207127, -0.2242101233374549640, -1.148899917977311391 ) ) ;
#2355 = CARTESIAN_POINT ( 'NONE',  ( 0.6713085254195689799, 1.162740473580835321, -2.791666666666666963 ) ) ;
#2356 = CIRCLE ( 'NONE', #5244, 1.310232148383423390 ) ;
#2357 = CARTESIAN_POINT ( 'NONE',  ( 1.006962788129353026, 0.5813702367904168833, -3.333333333333333481 ) ) ;
#2358 = CARTESIAN_POINT ( 'NONE',  ( -1.358095587167440721, 0.04665063509461363916, -2.952110037067381842 ) ) ;
#2359 = ORIENTED_EDGE ( 'NONE', *, *, #610, .F. ) ;
#2360 = CYLINDRICAL_SURFACE ( 'NONE', #2345, 1.555801270189232755 ) ;
#2361 = VECTOR ( 'NONE', #4134, 1000.000000000000000 ) ;
#2362 = CARTESIAN_POINT ( 'NONE',  ( 0.4781220914893969387, -1.408544004613357492, -1.159291174685163517 ) ) ;
#2363 = CARTESIAN_POINT ( 'NONE',  ( 0.000000000000000000, 4.336808689942017736E-16, 6.399999999999999467 ) ) ;
#2364 = DIRECTION ( 'NONE',  ( 0.000000000000000000, 0.000000000000000000, 1.000000000000000000 ) ) ;
#2365 = B_SPLINE_CURVE_WITH_KNOTS ( 'NONE', 3,
 ( #3950, #5177, #175, #209, #5641, #2835, #4636, #6218, #2391, #2313 ),
 .UNSPECIFIED., .F., .F.,
 ( 4, 2, 2, 2, 4 ),
 ( 3.066586833366748373E-19, 0.0003638230103348400694, 0.0007276460206696795966, 0.001091469031004519124, 0.001455292041339358543 ),
 .UNSPECIFIED. ) ;
#2366 = ORIENTED_EDGE ( 'NONE', *, *, #589, .F. ) ;
#2367 = DIRECTION ( 'NONE',  ( 1.000000000000000000, 0.000000000000000000, 0.000000000000000000 ) ) ;
#2368 = B_SPLINE_CURVE_WITH_KNOTS ( 'NONE', 3,
 ( #338, #4037, #3493, #5415, #2555, #6428, #5879, #7000, #4220, #4763 ),
 .UNSPECIFIED., .F., .F.,
 ( 4, 2, 2, 2, 4 ),
 ( 1.852685484479510593E-18, 0.0003585535812721514048, 0.0007171071625443007497, 0.001075660743816450257, 0.001434214325088599548 ),
 .UNSPECIFIED. ) ;
#2369 = DIRECTION ( 'NONE',  ( 0.9188184237650787178, 0.3805870524817666078, -0.1045284632676536929 ) ) ;
#2370 = ORIENTED_EDGE ( 'NONE', *, *, #215, .T. ) ;
#2371 = CARTESIAN_POINT ( 'NONE',  ( 0.2753999999999979242, 2.250695532470506941E-15, 6.399999999999999467 ) ) ;
#2372 = CARTESIAN_POINT ( 'NONE',  ( -0.7557524410520753966, 1.215700355657176157, -2.360765130072885576 ) ) ;
#2373 = CARTESIAN_POINT ( 'NONE',  ( -1.457284131257206017, -0.2242101233374606539, 1.711399917977311169 ) ) ;
#2374 = CARTESIAN_POINT ( 'NONE',  ( 0.9155619283506446493, -1.137611630237278071, -2.113724357417927635 ) ) ;
#2375 = DIRECTION ( 'NONE',  ( -0.3805870524817679401, -0.9188184237650781627, -0.1045284632676538733 ) ) ;
#2376 = DATE_AND_TIME ( #1787, #6159 ) ;
#2377 = AXIS2_PLACEMENT_3D ( 'NONE', #2297, #4511, #1204 ) ;
#2378 = ORIENTED_EDGE ( 'NONE', *, *, #5932, .T. ) ;
#2379 = DIRECTION ( 'NONE',  ( 0.000000000000000000, 0.000000000000000000, 1.000000000000000000 ) ) ;
#2380 = EDGE_LOOP ( 'NONE', ( #3604, #6039, #1651, #4430 ) ) ;
#2381 = CARTESIAN_POINT ( 'NONE',  ( 1.006962788129353026, 0.5813702367904166612, 0.6666666666666660745 ) ) ;
#2382 = CARTESIAN_POINT ( 'NONE',  ( 0.6496624212979271729, -1.218549591645447627, -2.772685804446990865 ) ) ;
#2383 = ORIENTED_EDGE ( 'NONE', *, *, #2926, .T. ) ;
#2384 = CARTESIAN_POINT ( 'NONE',  ( -1.006962788129352582, -0.5813702367904175494, -2.520833333333333037 ) ) ;
#2385 = CARTESIAN_POINT ( 'NONE',  ( 1.006962788129352360, -0.5813702367904188817, 3.083333333333333037 ) ) ;
#2386 = EDGE_CURVE ( 'NONE', #2593, #100, #6012, .T. ) ;
#2387 = CARTESIAN_POINT ( 'NONE',  ( 1.311650288129353248, 0.7572816469341309142, -2.536458333333333481 ) ) ;
#2388 = DIRECTION ( 'NONE',  ( -1.000000000000000000, 1.224646799147353207E-16, 0.000000000000000000 ) ) ;
#2389 = CARTESIAN_POINT ( 'NONE',  ( -1.006962788129352582, -0.5813702367904178825, 1.979166666666667185 ) ) ;
#2390 = CARTESIAN_POINT ( 'NONE',  ( 0.8744335254195679807, -1.514563293868264493, -2.692708333333333925 ) ) ;
#2391 = CARTESIAN_POINT ( 'NONE',  ( 1.475000000000008304, 0.1692640949063652922, 1.879998008545213928 ) ) ;
#2392 = CARTESIAN_POINT ( 'NONE',  ( -1.006962788129352582, -0.5813702367904179935, 3.979166666666666519 ) ) ;
#2393 = EDGE_CURVE ( 'NONE', #3830, #2771, #5373, .T. ) ;
#2394 = CARTESIAN_POINT ( 'NONE',  ( 0.6713085254195689799, 1.162740473580835099, -2.291666666666667407 ) ) ;
#2395 = CC_DESIGN_APPROVAL ( #1860, ( #3673 ) ) ;
#2396 = CARTESIAN_POINT ( 'NONE',  ( 1.342617050839136628, -3.603011078614562690E-16, -2.375000000000000444 ) ) ;
#2397 = ORIENTED_EDGE ( 'NONE', *, *, #3107, .F. ) ;
#2398 = CARTESIAN_POINT ( 'NONE',  ( 0.5906919597873088179, -1.362147132118053827, 0.7775524456033476861 ) ) ;
#2399 = CARTESIAN_POINT ( 'NONE',  ( 1.475000000000007638, 0.04665063509460954522, 2.870843251410584607 ) ) ;
#2400 = CARTESIAN_POINT ( 'NONE',  ( -1.006962788129352582, -0.5813702367904174384, -4.020833333333333037 ) ) ;
#2401 = CARTESIAN_POINT ( 'NONE',  ( -0.6970993649053939256, -1.300712788129358533, -1.219741294322920888 ) ) ;
#2402 = VERTEX_POINT ( 'NONE', #2075 ) ;
#2403 = CARTESIAN_POINT ( 'NONE',  ( -0.7779006350946131576, 1.254062153034748661, 1.037509918077252014 ) ) ;
#2404 = CARTESIAN_POINT ( 'NONE',  ( 1.458895936088129952, 0.2902061249663229758, 0.8884578413518302575 ) ) ;
#2405 = VERTEX_POINT ( 'NONE', #4289 ) ;
#2406 = CARTESIAN_POINT ( 'NONE',  ( -0.2445674179371576107, 1.284631601711428983, -3.316298395470933080 ) ) ;
#2407 = LINE ( 'NONE', #1969, #5588 ) ;
#2408 = DIRECTION ( 'NONE',  ( 0.000000000000000000, 0.000000000000000000, -1.000000000000000000 ) ) ;
#2409 = LINE ( 'NONE', #1971, #1414 ) ;
#2410 = CARTESIAN_POINT ( 'NONE',  ( -1.333822933433427949, -0.6148934597293371773, 0.1455960918577997587 ) ) ;
#2411 = APPROVAL_DATE_TIME ( #2376, #6030 ) ;
#2412 = ORIENTED_EDGE ( 'NONE', *, *, #5082, .T. ) ;
#2413 = DIRECTION ( 'NONE',  ( 0.000000000000000000, 0.000000000000000000, -1.000000000000000000 ) ) ;
#2414 = EDGE_CURVE ( 'NONE', #5949, #7043, #2356, .T. ) ;
#2415 = EDGE_LOOP ( 'NONE', ( #43, #3175, #2967, #3064 ) ) ;
#2416 = CARTESIAN_POINT ( 'NONE',  ( 1.006962788129352360, -0.5813702367904188817, 3.083333333333333037 ) ) ;
#2417 = CARTESIAN_POINT ( 'NONE',  ( -0.6970993649053921493, -1.300712788129359421, -2.000000000000000000 ) ) ;
#2418 = EDGE_LOOP ( 'NONE', ( #5345, #5453, #2773, #3963, #5275, #4079, #383, #6394, #2512, #2223, #2805, #327, #528, #3725, #772, #5333, #2544, #66, #4768, #3787, #4555, #2292, #2629, #6499, #4006, #3381, #5169, #1125, #3649, #4614, #4413, #4846, #6088, #5310, #4471, #2487, #2317, #1494, #3642, #5526, #6108, #5776, #5203, #2004, #4082, #4326, #3491, #6944, #1858, #277, #3797, #249, #869, #6508, #3307, #2807, #5484, #798, #3035, #6575, #5374, #4604, #1779, #6572, #5114, #1001, #4993, #2191, #1170, #991, #2045, #5920, #197, #314, #5300, #5656, #51, #6351, #1656, #5789, #3890, #2338, #3755, #4074, #122, #6199, #2913, #3977, #6854, #6322, #220, #5097, #4720 ) ) ;
#2419 = CARTESIAN_POINT ( 'NONE',  ( -1.423946399209847682E-16, -1.162740473580835321, -3.437499999999999556 ) ) ;
#2420 = CARTESIAN_POINT ( 'NONE',  ( 1.006962788129353026, 0.5813702367904164392, 3.166666666666665630 ) ) ;
#2421 = CARTESIAN_POINT ( 'NONE',  ( 1.748867050839136850, -4.207197275853938091E-16, -2.578125000000000000 ) ) ;
#2422 = ADVANCED_FACE ( 'NONE', ( #6992 ), #5836, .T. ) ;
#2423 = CARTESIAN_POINT ( 'NONE',  ( 0.2713331099618211950, 1.444700874165414373, 3.062347990530451369 ) ) ;
#2424 = B_SPLINE_CURVE_WITH_KNOTS ( 'NONE', 3,
 ( #6236, #5628, #81, #1043, #3270, #3431, #4935, #4039, #2959, #5466 ),
 .UNSPECIFIED., .F., .F.,
 ( 4, 2, 2, 2, 4 ),
 ( 3.909146525865938448E-19, 0.0003638230103348399067, 0.0007276460206696794882, 0.001091469031004519124, 0.001455292041339358543 ),
 .UNSPECIFIED. ) ;
#2425 = CARTESIAN_POINT ( 'NONE',  ( -0.6713085254195680918, 1.162740473580834877, 3.854166666666666519 ) ) ;
#2426 = CARTESIAN_POINT ( 'NONE',  ( 0.6713085254195677587, -1.162740473580835987, 1.604166666666666963 ) ) ;
#2427 = CARTESIAN_POINT ( 'NONE',  ( 0.000000000000000000, 1.514563293868263827, -1.984375000000000888 ) ) ;
#2428 = LINE ( 'NONE', #4493, #2125 ) ;
#2429 = CARTESIAN_POINT ( 'NONE',  ( 1.342617050839136406, -7.843640543578027820E-16, 3.687500000000000888 ) ) ;
#2430 = CARTESIAN_POINT ( 'NONE',  ( -0.6713085254195682028, 1.162740473580835765, -3.208333333333333481 ) ) ;
#2431 = EDGE_CURVE ( 'NONE', #2523, #84, #7027, .T. ) ;
#2432 = ADVANCED_FACE ( 'NONE', ( #5296 ), #2133, .T. ) ;
#2433 = EDGE_LOOP ( 'NONE', ( #3015, #116, #2816, #1620 ) ) ;
#2434 = CARTESIAN_POINT ( 'NONE',  ( 1.544354521968176241, 0.2538572652780239358, 6.195034570514510008 ) ) ;
#2435 = CARTESIAN_POINT ( 'NONE',  ( 0.6970993649053937036, -1.300712788129357866, -0.1416765847439188375 ) ) ;
#2436 = CARTESIAN_POINT ( 'NONE',  ( -1.342617050839136406, 1.663483938598160258E-17, -3.062499999999999112 ) ) ;
#2437 = CYLINDRICAL_SURFACE ( 'NONE', #1762, 1.555801270189233199 ) ;
#2438 = VERTEX_POINT ( 'NONE', #4755 ) ;
#2439 = CARTESIAN_POINT ( 'NONE',  ( -0.2441168411814964023, -1.471296608598333888, 2.237144857115825225 ) ) ;
#2440 = CARTESIAN_POINT ( 'NONE',  ( -0.08080127018922669824, 0.04665063509461348651, -2.000000000000000000 ) ) ;
#2441 = EDGE_LOOP ( 'NONE', ( #2841, #2284, #6562, #5743 ) ) ;
#2442 = CYLINDRICAL_SURFACE ( 'NONE', #4556, 1.394198729810780968 ) ;
#2443 = CARTESIAN_POINT ( 'NONE',  ( -0.7779006350946168213, 1.254062153034746663, 2.113592039010412371 ) ) ;
#2444 = DIRECTION ( 'NONE',  ( 1.000000000000000000, 0.000000000000000000, 0.000000000000000000 ) ) ;
#2445 = CARTESIAN_POINT ( 'NONE',  ( -0.5784764965184603369, -1.095251953143637547, -3.932211468846412039 ) ) ;
#2446 = CARTESIAN_POINT ( 'NONE',  ( -1.348753460210673660, 0.6388952525692747075, -0.9107922352171048397 ) ) ;
#2447 = APPLICATION_PROTOCOL_DEFINITION ( 'international standard', 'config_control_design', 1994, #2204 ) ;
#2448 = ORIENTED_EDGE ( 'NONE', *, *, #4159, .T. ) ;
#2449 = FACE_OUTER_BOUND ( 'NONE', #4266, .T. ) ;
#2450 = ORIENTED_EDGE ( 'NONE', *, *, #3906, .F. ) ;
#2451 = CARTESIAN_POINT ( 'NONE',  ( -1.306189341802936221, -0.6025319599144055571, -2.245599650780788714 ) ) ;
#2452 = CARTESIAN_POINT ( 'NONE',  ( -0.5070200627368435242, -1.183434171020788517, -3.601226663802434391 ) ) ;
#2453 = ORIENTED_EDGE ( 'NONE', *, *, #2794, .T. ) ;
#2454 = CARTESIAN_POINT ( 'NONE',  ( -1.342617050839136406, -1.582364787568416935E-16, -0.5624999999999996669 ) ) ;
#2455 = CARTESIAN_POINT ( 'NONE',  ( -0.4786287008715525704, -1.408412867817216307, 0.7899943332763449400 ) ) ;
#2456 = CARTESIAN_POINT ( 'NONE',  ( 1.748867050839136850, -3.857454639568291579E-16, -3.078124999999999556 ) ) ;
#2457 = CARTESIAN_POINT ( 'NONE',  ( 0.7779006350946136017, 1.254062153034748217, 3.024990081922747986 ) ) ;
#2458 = B_SPLINE_CURVE_WITH_KNOTS ( 'NONE', 3,
 ( #3216, #4398, #6597, #2042, #6460, #1492, #3712, #3176, #410, #445 ),
 .UNSPECIFIED., .F., .F.,
 ( 4, 2, 2, 2, 4 ),
 ( 3.066586833366748373E-19, 0.0003638230103348392020, 0.0007276460206696784040, 0.001091469031004517389, 0.001455292041339356591 ),
 .UNSPECIFIED. ) ;
#2459 = AXIS2_PLACEMENT_3D ( 'NONE', #5931, #5243, #7051 ) ;
#2460 = LINE ( 'NONE', #3160, #6853 ) ;
#2461 = CARTESIAN_POINT ( 'NONE',  ( 0.000000000000000000, 1.162740473580834877, 2.312500000000000444 ) ) ;
#2462 = CARTESIAN_POINT ( 'NONE',  ( -0.8744335254195683138, 1.514563293868263605, -0.9427083333333343695 ) ) ;
#2463 = FACE_OUTER_BOUND ( 'NONE', #5190, .T. ) ;
#2464 = CARTESIAN_POINT ( 'NONE',  ( 0.000000000000000000, 1.162740473580835543, -3.250000000000000444 ) ) ;
#2465 = CARTESIAN_POINT ( 'NONE',  ( -1.342617050839136628, -1.188904321747063192E-16, -1.125000000000000666 ) ) ;
#2466 = VECTOR ( 'NONE', #3829, 1000.000000000000000 ) ;
#2467 = VECTOR ( 'NONE', #3672, 1000.000000000000000 ) ;
#2468 = ORIENTED_EDGE ( 'NONE', *, *, #530, .T. ) ;
#2469 = CARTESIAN_POINT ( 'NONE',  ( -0.8146500082998369141, -0.8296449679712768477, -4.000000000000000888 ) ) ;
#2470 = CYLINDRICAL_SURFACE ( 'NONE', #852, 1.394198729810781412 ) ;
#2471 = CARTESIAN_POINT ( 'NONE',  ( 0.6713085254195687579, 1.162740473580835099, -3.229166666666666519 ) ) ;
#2472 = AXIS2_PLACEMENT_3D ( 'NONE', #4990, #627, #6645 ) ;
#2473 = CARTESIAN_POINT ( 'NONE',  ( -1.011949341165592431, 1.084317907452662766, 3.125446062060366348 ) ) ;
#2474 = B_SPLINE_CURVE_WITH_KNOTS ( 'NONE', 3,
 ( #6027, #3897, #6123, #1197, #1708, #487, #3424, #4405, #7114, #6093 ),
 .UNSPECIFIED., .F., .F.,
 ( 4, 2, 2, 2, 4 ),
 ( 1.084202172485504434E-19, 0.0003537590450010860677, 0.0007075180900021723522, 0.001061277135003258799, 0.001415036180004345355 ),
 .UNSPECIFIED. ) ;
#2475 = ORIENTED_EDGE ( 'NONE', *, *, #3940, .T. ) ;
#2476 = CARTESIAN_POINT ( 'NONE',  ( -1.358095587167440721, 0.04665063509461363916, -2.952110037067381842 ) ) ;
#2477 = EDGE_CURVE ( 'NONE', #2156, #3003, #6255, .T. ) ;
#2478 = AXIS2_PLACEMENT_3D ( 'NONE', #2553, #5301, #4760 ) ;
#2479 = CARTESIAN_POINT ( 'NONE',  ( -1.334521665427738313, -0.6133972531589968469, 2.736882395791426337 ) ) ;
#2480 = VERTEX_POINT ( 'NONE', #443 ) ;
#2481 = CARTESIAN_POINT ( 'NONE',  ( -0.5909129938625069522, -1.362019518035239019, -1.286668658121451703 ) ) ;
#2482 = DIRECTION ( 'NONE',  ( -0.1218693434051477398, -0.000000000000000000, -0.9925461516413219831 ) ) ;
#2483 = CARTESIAN_POINT ( 'NONE',  ( -0.7779006350946168213, 1.254062153034746663, 3.113592039010412371 ) ) ;
#2484 = CARTESIAN_POINT ( 'NONE',  ( 1.348753460210674993, 0.6388952525692741524, -1.026707764782896160 ) ) ;
#2485 = DIRECTION ( 'NONE',  ( 0.000000000000000000, 0.000000000000000000, 1.000000000000000000 ) ) ;
#2486 = EDGE_CURVE ( 'NONE', #3135, #4195, #5478, .T. ) ;
#2487 = ORIENTED_EDGE ( 'NONE', *, *, #2129, .T. ) ;
#2488 = CARTESIAN_POINT ( 'NONE',  ( 0.1177436471014850494, 1.212372092318231731, 4.899999999999999467 ) ) ;
#2489 = EDGE_CURVE ( 'NONE', #2480, #84, #2135, .T. ) ;
#2490 = ORIENTED_EDGE ( 'NONE', *, *, #2571, .F. ) ;
#2491 = CARTESIAN_POINT ( 'NONE',  ( -0.9396021067038029528, -1.104752401974811171, 3.166811709321077029 ) ) ;
#2492 = CARTESIAN_POINT ( 'NONE',  ( -0.2091734165940901669, -1.278931435553093632, -3.586543794198951751 ) ) ;
#2493 = ORIENTED_EDGE ( 'NONE', *, *, #6713, .T. ) ;
#2494 = CARTESIAN_POINT ( 'NONE',  ( 1.342617050839136406, -5.395442089578501743E-16, 0.1875000000000001943 ) ) ;
#2495 = CONICAL_SURFACE ( 'NONE', #2737, 1.620000000000001661, 0.2617993877991500740 ) ;
#2496 = CARTESIAN_POINT ( 'NONE',  ( 0.8208367221248075163, -1.026502476896141935, -3.299024423089364610 ) ) ;
#2497 = CARTESIAN_POINT ( 'NONE',  ( -0.8744335254195683138, 1.514563293868263605, -0.9114583333333331483 ) ) ;
#2498 = DIRECTION ( 'NONE',  ( 0.000000000000000000, 0.000000000000000000, -1.000000000000000000 ) ) ;
#2499 = ORIENTED_EDGE ( 'NONE', *, *, #3730, .F. ) ;
#2500 = CARTESIAN_POINT ( 'NONE',  ( 1.258416668304756625, -0.07070637983929091430, -3.763929683851053198 ) ) ;
#2501 = CARTESIAN_POINT ( 'NONE',  ( -1.342617050839136406, -4.030563241567942273E-16, 2.937500000000000000 ) ) ;
#2502 = CARTESIAN_POINT ( 'NONE',  ( 0.8744335254195692020, 1.514563293868263161, 0.9739583333333318160 ) ) ;
#2503 = CARTESIAN_POINT ( 'NONE',  ( 1.217696065152846341, 0.5781038540715369711, -3.172240982663471875 ) ) ;
#2504 = CARTESIAN_POINT ( 'NONE',  ( 0.6713085254195677587, -1.162740473580836209, 3.604166666666667407 ) ) ;
#2505 = CARTESIAN_POINT ( 'NONE',  ( 1.342617050839136628, -6.051209532614089261E-16, 1.124999999999999334 ) ) ;
#2506 = EDGE_CURVE ( 'NONE', #2163, #561, #5985, .T. ) ;
#2507 = ORIENTED_EDGE ( 'NONE', *, *, #6896, .T. ) ;
#2508 = CARTESIAN_POINT ( 'NONE',  ( 0.4786287008715396918, -1.408412867817219860, 0.7725056667236529506 ) ) ;
#2509 = LINE ( 'NONE', #4172, #4458 ) ;
#2510 = CARTESIAN_POINT ( 'NONE',  ( -0.6713085254195685359, -1.162740473580835543, -2.479166666666665630 ) ) ;
#2511 = CARTESIAN_POINT ( 'NONE',  ( 0.9754532317132563746, 1.112249647635210614, -2.065493324469317660 ) ) ;
#2512 = ORIENTED_EDGE ( 'NONE', *, *, #5839, .F. ) ;
#2513 = CARTESIAN_POINT ( 'NONE',  ( 1.334521665427737203, -0.6133972531589970689, 2.325617604208572775 ) ) ;
#2514 = CARTESIAN_POINT ( 'NONE',  ( -1.152121818957299482, 0.9470596902539537565, 2.570478190449157818 ) ) ;
#2515 = VERTEX_POINT ( 'NONE', #2802 ) ;
#2516 = CARTESIAN_POINT ( 'NONE',  ( 0.1196909712618524496, 1.298682228757541246, -3.335070612333579820 ) ) ;
#2517 = EDGE_CURVE ( 'NONE', #2210, #4032, #4910, .T. ) ;
#2518 = CARTESIAN_POINT ( 'NONE',  ( 0.7084330826941344084, 1.133740822799662595, -3.131535624505976667 ) ) ;
#2519 = FACE_OUTER_BOUND ( 'NONE', #4154, .T. ) ;
#2520 = CARTESIAN_POINT ( 'NONE',  ( 0.08080127018922518556, 0.04665063509461363223, -4.000000000000000000 ) ) ;
#2521 = CARTESIAN_POINT ( 'NONE',  ( -0.8420439808384155844, 0.9528906419488074597, -3.752162495786466767 ) ) ;
#2522 = SPHERICAL_SURFACE ( 'NONE', #6046, 6.077818181818190446 ) ;
#2523 = VERTEX_POINT ( 'NONE', #6115 ) ;
#2524 = CARTESIAN_POINT ( 'NONE',  ( 0.6970993649053937036, -1.300712788129357866, -1.641676584743918532 ) ) ;
#2525 = ORIENTED_EDGE ( 'NONE', *, *, #5092, .F. ) ;
#2526 = CARTESIAN_POINT ( 'NONE',  ( -0.3702906530498730753, -1.378260149317143135, 3.190110413493616903 ) ) ;
#2527 = EDGE_CURVE ( 'NONE', #5134, #4226, #1254, .T. ) ;
#2528 = CARTESIAN_POINT ( 'NONE',  ( -1.357481092786936738, 0.1588544622396082795, -2.957114692180246251 ) ) ;
#2529 = ORIENTED_EDGE ( 'NONE', *, *, #3134, .F. ) ;
#2530 = EDGE_CURVE ( 'NONE', #7043, #6206, #4627, .T. ) ;
#2531 = CARTESIAN_POINT ( 'NONE',  ( 1.006962788129352138, -0.5813702367904184376, -0.3541666666666662411 ) ) ;
#2532 = CARTESIAN_POINT ( 'NONE',  ( -0.9495842026457577134, -0.1177436471014832314, 4.899999999999999467 ) ) ;
#2533 = CARTESIAN_POINT ( 'NONE',  ( -1.748867050839136850, -7.980649946792136652E-17, -1.328124999999999778 ) ) ;
#2534 = CARTESIAN_POINT ( 'NONE',  ( -0.1322591254342539713, 1.414651489796474149, -2.388757788769066970 ) ) ;
#2535 = B_SPLINE_CURVE_WITH_KNOTS ( 'NONE', 3,
 ( #1433, #741, #198, #2491, #5853, #6855, #2526, #3001, #1904, #5311, #2968, #5167, #6817, #1862, #4118, #1355, #3572, #4080 ),
 .UNSPECIFIED., .F., .F.,
 ( 4, 2, 2, 2, 2, 2, 2, 2, 4 ),
 ( 0.0007857822255953675339, 0.001257455976476001391, 0.001729129727356635247, 0.002200803478237268671, 0.002672477229117902961, 0.003144150979998536384, 0.003615824730879169807, 0.004087498481759804098, 0.004559172232640438388 ),
 .UNSPECIFIED. ) ;
#2536 = CARTESIAN_POINT ( 'NONE',  ( -0.6713085254195682028, 1.162740473580835765, -3.708333333333333481 ) ) ;
#2537 = EDGE_LOOP ( 'NONE', ( #5651, #1336, #3201, #7016 ) ) ;
#2538 = CARTESIAN_POINT ( 'NONE',  ( 1.006962788129352804, 0.5813702367904163282, 4.229166666666666963 ) ) ;
#2539 = CARTESIAN_POINT ( 'NONE',  ( -1.080452340352044738, -0.7668269040989571517, -3.166899181469036595 ) ) ;
#2540 = CARTESIAN_POINT ( 'NONE',  ( -0.8744335254195688689, -1.514563293868263605, -0.7760416666666675178 ) ) ;
#2541 = CARTESIAN_POINT ( 'NONE',  ( 0.000000000000000000, 4.336808689942017736E-16, 3.499999999999999556 ) ) ;
#2542 = CARTESIAN_POINT ( 'NONE',  ( -1.006962788129352804, -0.5813702367904176604, -2.583333333333333925 ) ) ;
#2543 = CARTESIAN_POINT ( 'NONE',  ( -1.006962788129352582, 0.5813702367904175494, -0.1666666666666674068 ) ) ;
#2544 = ORIENTED_EDGE ( 'NONE', *, *, #6892, .F. ) ;
#2545 = CARTESIAN_POINT ( 'NONE',  ( 0.6713085254195677587, -1.162740473580835765, -2.395833333333332593 ) ) ;
#2546 = CARTESIAN_POINT ( 'NONE',  ( -1.475000000000006750, -0.09007440577179887109, -0.2981348734292786906 ) ) ;
#2547 = CARTESIAN_POINT ( 'NONE',  ( 0.000000000000000000, 1.162740473580835099, -2.187499999999999556 ) ) ;
#2548 = CARTESIAN_POINT ( 'NONE',  ( 0.08080127018922518556, 0.04665063509461363223, -4.000000000000000000 ) ) ;
#2549 = ORIENTED_EDGE ( 'NONE', *, *, #4479, .T. ) ;
#2550 = CARTESIAN_POINT ( 'NONE',  ( 1.475000000000007860, 0.04665063509460957297, 2.370843251410585051 ) ) ;
#2551 = CARTESIAN_POINT ( 'NONE',  ( -1.475000000000007638, 0.04665063509460937174, 1.115574627656253703 ) ) ;
#2552 = EDGE_LOOP ( 'NONE', ( #3863, #1957, #6950, #1064 ) ) ;
#2553 = CARTESIAN_POINT ( 'NONE',  ( 0.08080127018922669824, 0.04665063509461338936, -4.000000000000000000 ) ) ;
#2554 = DIRECTION ( 'NONE',  ( 0.000000000000000000, 0.000000000000000000, 1.000000000000000000 ) ) ;
#2555 = CARTESIAN_POINT ( 'NONE',  ( 0.1204250860692093472, -1.466589057010546648, -2.169546704344220256 ) ) ;
#2556 = CARTESIAN_POINT ( 'NONE',  ( 1.475000000000007638, 0.04665063509461363223, -2.000000000000000000 ) ) ;
#2557 = CARTESIAN_POINT ( 'NONE',  ( -1.094011186903653732, -0.4225511328190317273, 3.445873412263362745 ) ) ;
#2558 = CARTESIAN_POINT ( 'NONE',  ( 0.6594932763708385437, 1.322424673467951894, 0.5351984599040545687 ) ) ;
#2559 = VERTEX_POINT ( 'NONE', #3786 ) ;
#2560 = CARTESIAN_POINT ( 'NONE',  ( -0.8155067236291669852, -1.232350267696154855, -1.306031793237388161 ) ) ;
#2561 =( BOUNDED_CURVE ( )  B_SPLINE_CURVE ( 2, ( #1984, #6402, #319, #4236, #3660, #5320, #931, #2536, #1950, #6191, #2904, #6936, #6764, #3158, #2613, #135, #1226, #1806, #6222, #4603, #1397, #6443, #6976, #4194, #893, #355, #2025, #6729, #2572, #5645, #4780, #1478, #1772, #4024, #3482, #5678, #717, #2944, #5146, #2396, #6005, #1587, #1654, #2139, #3339, #2724, #4931, #2100, #3235, #2063, #1108, #3806, #6517, #4311, #5429, #2174, #6614, #5973, #7015, #1041, #1514, #6581, #4857, #432, #1618, #3839, #3877, #6075, #6037, #2652, #1553, #3774, #5535, #3199, #537, #3736, #7052, #7158, #1075, #7087, #1008, #501, #5934, #465, #2208, #4277, #4350, #3304, #971, #5395, #569, #6481, #2687, #4893, #4820, #7127, #5502, #2760, #4382, #6550, #3267, #5462, #4965, #4416, #2789, #6651, #6105, #54, #4453, #4996, #597, #2272, #2381, #1142, #1172, #4516, #119, #2892, #6681, #1692, #3504, #5598, #1247, #1827, #4486, #5095, #634, #3370, #1792, #6715, #1719, #18, #3910, #88, #1282, #2339, #2826, #3942, #2304, #4589, #1751, #4553, #6749, #3975, #162, #4010, #6209, #4044, #1212, #2857, #2240, #5564, #6176, #5029, #6784, #6242, #6136, #3404, #5062, #3434, #5632, #3469, #5704, #2925, #667, #5666, #702, #5132, #2017, #5774, #2416, #5235, #4700, #5810, #4624, #4735, #885, #1389, #6967, #6925, #6392 ),
 .UNSPECIFIED., .F., .T. ) 
 B_SPLINE_CURVE_WITH_KNOTS ( ( 3, 2, 2, 2, 2, 2, 2, 2, 2, 2, 2, 2, 2, 2, 2, 2, 2, 2, 2, 2, 2, 2, 2, 2, 2, 2, 2, 2, 2, 2, 2, 2, 2, 2, 2, 2, 2, 2, 2, 2, 2, 2, 2, 2, 2, 2, 2, 2, 2, 2, 2, 2, 2, 2, 2, 2, 2, 2, 2, 2, 2, 2, 2, 2, 2, 2, 2, 2, 2, 2, 2, 2, 2, 2, 2, 2, 2, 2, 2, 2, 2, 2, 2, 2, 2, 2, 2, 2, 2, 2, 3 ),
 ( 0.02941176470588239764, 0.03921568627450984501, 0.04901960784313730279, 0.05882352941176474670, 0.06862745098039220448, 0.07843137254901964839, 0.08823529411764710617, 0.09803921568627456395, 0.1078431372549020079, 0.1176470588235294518, 0.1274509803921568818, 0.1372549019607843535, 0.1470588235294117974, 0.1568627450980392413, 0.1666666666666666852, 0.1764705882352941568, 0.1862745098039216007, 0.1960784313725490446, 0.2058823529411764885, 0.2156862745098039602, 0.2254901960784314041, 0.2352941176470588480, 0.2450980392156863197, 0.2549019607843137636, 0.2647058823529412352, 0.2745098039215687069, 0.2843137254901961231, 0.2941176470588235947, 0.3039215686274510109, 0.3137254901960784825, 0.3235294117647059542, 0.3333333333333333703, 0.3431372549019608420, 0.3529411764705883137, 0.3627450980392157298, 0.3725490196078432015, 0.3823529411764706176, 0.3921568627450980893, 0.4019607843137255609, 0.4117647058823529771, 0.4215686274509804488, 0.4313725490196078649, 0.4411764705882353366, 0.4509803921568628082, 0.4607843137254902799, 0.4705882352941176960, 0.4803921568627451677, 0.4901960784313725283, 0.5000000000000000000, 0.5098039215686274161, 0.5196078431372549433, 0.5294117647058823595, 0.5392156862745097756, 0.5490196078431373028, 0.5588235294117647189, 0.5686274509803921351, 0.5784313725490196623, 0.5882352941176470784, 0.5980392156862744946, 0.6078431372549019107, 0.6176470588235294379, 0.6274509803921568540, 0.6372549019607842702, 0.6470588235294117974, 0.6568627450980392135, 0.6666666666666666297, 0.6764705882352941568, 0.6862745098039215730, 0.6960784313725489891, 0.7058823529411765163, 0.7156862745098039325, 0.7254901960784313486, 0.7352941176470588758, 0.7450980392156862919, 0.7549019607843137081, 0.7647058823529411242, 0.7745098039215686514, 0.7843137254901960675, 0.7941176470588234837, 0.8039215686274511219, 0.8137254901960784270, 0.8235294117647058432, 0.8333333333333332593, 0.8431372549019607865, 0.8529411764705882026, 0.8627450980392156188, 0.8725490196078431460, 0.8823529411764705621, 0.8921568627450980893, 0.9019607843137255054, 0.9054873363152160515 ),
 .UNSPECIFIED. ) 
 CURVE ( )  GEOMETRIC_REPRESENTATION_ITEM ( )  RATIONAL_B_SPLINE_CURVE ( ( 0.9999999999999994449, 0.8660254037844392627, 1.000000000000000000, 0.8660254037844387076, 1.000000000000000000, 0.8660254037844387076, 1.000000000000000000, 0.8660254037844387076, 1.000000000000000000, 0.8660254037844387076, 1.000000000000000000, 0.8660254037844387076, 1.000000000000000000, 0.8660254037844387076, 1.000000000000000000, 0.8660254037844387076, 1.000000000000000000, 0.8660254037844387076, 1.000000000000000000, 0.8660254037844387076, 1.000000000000000000, 0.8660254037844387076, 1.000000000000000000, 0.8660254037844387076, 1.000000000000000000, 0.8660254037844387076, 1.000000000000000000, 0.8660254037844387076, 1.000000000000000000, 0.8660254037844387076, 1.000000000000000000, 0.8660254037844387076, 1.000000000000000000, 0.8660254037844387076, 1.000000000000000000, 0.8660254037844387076, 1.000000000000000000, 0.8660254037844387076, 1.000000000000000000, 0.8660254037844387076, 1.000000000000000000, 0.8660254037844387076, 1.000000000000000000, 0.8660254037844387076, 1.000000000000000000, 0.8660254037844387076, 1.000000000000000000, 0.8660254037844387076, 1.000000000000000000, 0.8660254037844387076, 1.000000000000000000, 0.8660254037844387076, 1.000000000000000000, 0.8660254037844387076, 1.000000000000000000, 0.8660254037844387076, 1.000000000000000000, 0.8660254037844387076, 1.000000000000000000, 0.8660254037844387076, 1.000000000000000000, 0.8660254037844387076, 1.000000000000000000, 0.8660254037844387076, 1.000000000000000000, 0.8660254037844387076, 1.000000000000000000, 0.8660254037844387076, 1.000000000000000000, 0.8660254037844387076, 1.000000000000000000, 0.8660254037844387076, 1.000000000000000000, 0.8660254037844387076, 1.000000000000000000, 0.8660254037844387076, 1.000000000000000000, 0.8660254037844387076, 1.000000000000000000, 0.8660254037844387076, 1.000000000000000000, 0.8660254037844387076, 1.000000000000000000, 0.8660254037844387076, 1.000000000000000000, 0.8660254037844387076, 1.000000000000000000, 0.8660254037844387076, 1.000000000000000000, 0.8660254037844387076, 1.000000000000000000, 0.8660254037844387076, 1.000000000000000000, 0.8660254037844387076, 1.000000000000000000, 0.8660254037844387076, 1.000000000000000000, 0.8660254037844387076, 1.000000000000000000, 0.8660254037844387076, 1.000000000000000000, 0.8660254037844387076, 1.000000000000000000, 0.8660254037844387076, 1.000000000000000000, 0.8660254037844387076, 1.000000000000000000, 0.8660254037844387076, 1.000000000000000000, 0.8660254037844387076, 1.000000000000000000, 0.8660254037844387076, 1.000000000000000000, 0.8660254037844387076, 1.000000000000000000, 0.8660254037844387076, 1.000000000000000000, 0.8660254037844387076, 1.000000000000000000, 0.8660254037844387076, 1.000000000000000000, 0.8660254037844387076, 1.000000000000000000, 0.8660254037844387076, 1.000000000000000000, 0.8660254037844387076, 1.000000000000000000, 0.8660254037844387076, 1.000000000000000000, 0.8660254037844387076, 1.000000000000000000, 0.8660254037844387076, 1.000000000000000000, 0.8660254037844387076, 1.000000000000000000, 0.8660254037844387076, 1.000000000000000000, 0.8660254037844387076, 1.000000000000000000, 0.8660254037844387076, 1.000000000000000000, 0.8660254037844387076, 1.000000000000000000, 0.8660254037844387076, 1.000000000000000000, 0.8660254037844387076, 1.000000000000000000, 0.8660254037844387076, 1.000000000000000000, 0.8660254037844387076, 1.000000000000000000, 0.8660254037844387076, 1.000000000000000000, 0.8660254037844387076, 1.000000000000000000, 0.8660254037844387076, 1.000000000000000000, 0.8660254037844387076, 1.000000000000000000, 0.8660254037844387076, 1.000000000000000000, 0.8660254037844387076, 1.000000000000000000, 0.8660254037844387076, 1.000000000000000000, 0.8660254037844387076, 1.000000000000000000, 0.8660254037844387076, 1.000000000000000000, 0.8660254037844387076, 1.000000000000000000, 0.8660254037844387076, 1.000000000000000000, 0.8660254037844387076, 1.000000000000000000, 0.8660254037844387076, 1.000000000000000000, 0.8660254037844387076, 1.000000000000000000, 0.9518082251958464024, 0.9382864135694506391 ) ) 
 REPRESENTATION_ITEM ( '' )  );
#2562 = ORIENTED_EDGE ( 'NONE', *, *, #1832, .F. ) ;
#2563 = CARTESIAN_POINT ( 'NONE',  ( -0.9055740623685970547, -1.129722499961235194, -2.215386547488896074 ) ) ;
#2564 = CARTESIAN_POINT ( 'NONE',  ( -1.058299736777235101, 0.8671393448211875965, -3.000291872801196469 ) ) ;
#2565 = CARTESIAN_POINT ( 'NONE',  ( -1.348753460210678101, 0.6388952525692670470, 2.089207764782894827 ) ) ;
#2566 = CARTESIAN_POINT ( 'NONE',  ( 0.6713085254195687579, 1.162740473580834877, 0.2708333333333338699 ) ) ;
#2567 = CARTESIAN_POINT ( 'NONE',  ( 1.070812195696984936, -0.7566752146036865856, -3.278357173160702853 ) ) ;
#2568 = CARTESIAN_POINT ( 'NONE',  ( -1.748867050839136850, -1.147807630964860301E-16, -0.8281249999999998890 ) ) ;
#2569 = CARTESIAN_POINT ( 'NONE',  ( -1.475000000000007860, 0.1695193230720027644, -1.889114221063318499 ) ) ;
#2570 = ADVANCED_FACE ( 'NONE', ( #1121 ), #6051, .F. ) ;
#2571 = EDGE_CURVE ( 'NONE', #2910, #5181, #2935, .T. ) ;
#2572 = CARTESIAN_POINT ( 'NONE',  ( 1.006962788129353026, 0.5813702367904168833, -2.833333333333333481 ) ) ;
#2573 = VERTEX_POINT ( 'NONE', #6017 ) ;
#2574 = CARTESIAN_POINT ( 'NONE',  ( -1.152121818957304145, 0.9470596902539480944, 0.07047819044915874798 ) ) ;
#2575 = CARTESIAN_POINT ( 'NONE',  ( 0.6970993649053931485, -1.300712788129357866, -2.000000000000000000 ) ) ;
#2576 = CARTESIAN_POINT ( 'NONE',  ( 1.311650288129352582, -0.7572816469341329126, 0.3489583333333322046 ) ) ;
#2577 = CARTESIAN_POINT ( 'NONE',  ( 0.2328913682091611204, -1.493633801772229264, 5.995557384691477587 ) ) ;
#2578 = CARTESIAN_POINT ( 'NONE',  ( -1.006962788129352582, 0.5813702367904177715, -2.666666666666666963 ) ) ;
#2579 = CARTESIAN_POINT ( 'NONE',  ( -1.006962788129352582, 0.5813702367904175494, 0.3333333333333330373 ) ) ;
#2580 = EDGE_CURVE ( 'NONE', #1342, #4702, #3688, .T. ) ;
#2581 = AXIS2_PLACEMENT_3D ( 'NONE', #89, #121, #3405 ) ;
#2582 = ORIENTED_EDGE ( 'NONE', *, *, #4349, .F. ) ;
#2583 = CARTESIAN_POINT ( 'NONE',  ( -1.423946399209847682E-16, -1.162740473580835321, -3.937499999999999112 ) ) ;
#2584 = CARTESIAN_POINT ( 'NONE',  ( 1.334521665427737425, -0.6133972531589960697, -0.1743823957914263922 ) ) ;
#2585 = CARTESIAN_POINT ( 'NONE',  ( -1.423946399209847682E-16, -1.162740473580835543, -0.4374999999999995004 ) ) ;
#2586 = VECTOR ( 'NONE', #6486, 1000.000000000000000 ) ;
#2587 = CARTESIAN_POINT ( 'NONE',  ( 0.6970993649053929264, -1.300712788129358088, -4.000000000000000000 ) ) ;
#2588 = VECTOR ( 'NONE', #1438, 1000.000000000000000 ) ;
#2589 = ORIENTED_EDGE ( 'NONE', *, *, #17, .F. ) ;
#2590 = CARTESIAN_POINT ( 'NONE',  ( 0.4786287008715559566, -1.408412867817214753, 2.272505666723653395 ) ) ;
#2591 = AXIS2_PLACEMENT_3D ( 'NONE', #6851, #6064, #526 ) ;
#2592 = CARTESIAN_POINT ( 'NONE',  ( 0.7779006350946172654, 1.254062153034746219, 1.948907960989586519 ) ) ;
#2593 = VERTEX_POINT ( 'NONE', #2697 ) ;
#2594 = CARTESIAN_POINT ( 'NONE',  ( -0.2435093434669608481, -1.471454798341268688, -0.6991546174298325367 ) ) ;
#2595 = AXIS2_PLACEMENT_3D ( 'NONE', #3526, #4578, #3560 ) ;
#2596 = CYLINDRICAL_SURFACE ( 'NONE', #6757, 1.394198729810780968 ) ;
#2597 = CARTESIAN_POINT ( 'NONE',  ( -0.8155067236291669852, -1.232350267696154189, -1.806031793237388383 ) ) ;
#2598 = CARTESIAN_POINT ( 'NONE',  ( 1.326542653293407703, -1.045839947578415002E-15, 3.282071232550900497 ) ) ;
#2599 = CARTESIAN_POINT ( 'NONE',  ( 0.5324716204974846434, 1.374768105607606206, -0.04004281836701214375 ) ) ;
#2600 = CARTESIAN_POINT ( 'NONE',  ( -1.475000000000007194, -0.09007440577179683106, -1.798134873429278802 ) ) ;
#2601 = ORIENTED_EDGE ( 'NONE', *, *, #1870, .T. ) ;
#2602 = CARTESIAN_POINT ( 'NONE',  ( -1.386803860295836577, -0.4870992124572554038, -1.361050243099577672 ) ) ;
#2603 = AXIS2_PLACEMENT_3D ( 'NONE', #6500, #5413, #5990 ) ;
#2604 = ADVANCED_FACE ( 'NONE', ( #5574 ), #4428, .T. ) ;
#2605 = EDGE_LOOP ( 'NONE', ( #4731, #1057, #3418, #614 ) ) ;
#2606 = CARTESIAN_POINT ( 'NONE',  ( -0.9159916064651366652, 1.041054774414426287, -2.818505430126347022 ) ) ;
#2607 = FACE_OUTER_BOUND ( 'NONE', #5358, .T. ) ;
#2608 = CARTESIAN_POINT ( 'NONE',  ( 0.000000000000000000, -0.1177436471014832314, 4.899999999999999467 ) ) ;
#2609 = CARTESIAN_POINT ( 'NONE',  ( -0.6713085254195680918, 1.162740473580835321, -1.145833333333332815 ) ) ;
#2610 = CARTESIAN_POINT ( 'NONE',  ( 0.7779006350946172654, 1.254062153034746219, 1.948907960989586519 ) ) ;
#2611 = CARTESIAN_POINT ( 'NONE',  ( -0.8744335254195683138, 1.514563293868263383, 0.5885416666666668517 ) ) ;
#2612 = CARTESIAN_POINT ( 'NONE',  ( -1.459035672982378351, 0.2897018199735056365, -1.894160999943013124 ) ) ;
#2613 = CARTESIAN_POINT ( 'NONE',  ( 1.006962788129352360, -0.5813702367904184376, -3.416666666666666963 ) ) ;
#2614 = ORIENTED_EDGE ( 'NONE', *, *, #3060, .T. ) ;
#2615 = CARTESIAN_POINT ( 'NONE',  ( 1.282854002008545935, 0.3255886210739808440, 3.295138607224649352 ) ) ;
#2616 = CARTESIAN_POINT ( 'NONE',  ( 0.2715616379965445359, 1.444556979311147238, 0.4722830902337559755 ) ) ;
#2617 = CARTESIAN_POINT ( 'NONE',  ( 0.8744335254195692020, 1.514563293868263161, -1.026041666666667629 ) ) ;
#2618 = ADVANCED_FACE ( 'NONE', ( #1630 ), #5017, .T. ) ;
#2619 = CARTESIAN_POINT ( 'NONE',  ( -0.7779006350946131576, 1.254062153034748661, 1.613592039010411927 ) ) ;
#2620 = CARTESIAN_POINT ( 'NONE',  ( -0.6713085254195686469, -1.162740473580835765, -1.041666666666666741 ) ) ;
#2621 = CARTESIAN_POINT ( 'NONE',  ( 0.6713085254195689799, 1.162740473580834877, 0.7083333333333324822 ) ) ;
#2622 = AXIS2_PLACEMENT_3D ( 'NONE', #2329, #226, #2444 ) ;
#2623 = CARTESIAN_POINT ( 'NONE',  ( 0.6713085254195687579, 1.162740473580834877, -3.729166666666666075 ) ) ;
#2624 = B_SPLINE_CURVE_WITH_KNOTS ( 'NONE', 3,
 ( #1063, #1679, #6639, #5523, #2845, #4919, #3358, #5490, #6701, #1160 ),
 .UNSPECIFIED., .F., .F.,
 ( 4, 2, 2, 2, 4 ),
 ( 0.000000000000000000, 0.0004068535042414631346, 0.0008137070084829262692, 0.001220560512724389295, 0.001627414016965852538 ),
 .UNSPECIFIED. ) ;
#2625 = EDGE_CURVE ( 'NONE', #6703, #3689, #4288, .T. ) ;
#2626 = CARTESIAN_POINT ( 'NONE',  ( 0.6827077486082646640, -1.275785777499695017, -2.234420617564598643 ) ) ;
#2627 = CARTESIAN_POINT ( 'NONE',  ( 1.342617050839136406, -3.996471544435915201E-16, -1.812499999999999334 ) ) ;
#2628 = CARTESIAN_POINT ( 'NONE',  ( -1.333822933433425062, -0.6148934597293447268, 0.6455960918577995367 ) ) ;
#2629 = ORIENTED_EDGE ( 'NONE', *, *, #5367, .F. ) ;
#2630 = CARTESIAN_POINT ( 'NONE',  ( 1.475000000000008749, 0.1695193230720018207, 2.451614221063317167 ) ) ;
#2631 = CARTESIAN_POINT ( 'NONE',  ( 1.391720760096109677, 0.1909720603112287085, 5.596721811681933723 ) ) ;
#2632 = ORIENTED_EDGE ( 'NONE', *, *, #4733, .T. ) ;
#2633 = CARTESIAN_POINT ( 'NONE',  ( 0.7779006350946136017, 1.254062153034748217, 0.5249900819227473203 ) ) ;
#2634 = CARTESIAN_POINT ( 'NONE',  ( 0.000000000000000000, 1.565079678693068299, 6.195034570514509120 ) ) ;
#2635 = DIRECTION ( 'NONE',  ( 1.000000000000000000, 0.000000000000000000, 0.000000000000000000 ) ) ;
#2636 = CARTESIAN_POINT ( 'NONE',  ( -1.475000000000007638, 0.04665063509460931623, 2.191656748589413617 ) ) ;
#2637 = CARTESIAN_POINT ( 'NONE',  ( 0.1343981099702047377, 1.462571274368298369, -0.02107057480886657952 ) ) ;
#2638 = CARTESIAN_POINT ( 'NONE',  ( -1.115242222299294594, -0.9574577668538915010, -1.743116423567089956 ) ) ;
#2639 = COORDINATED_UNIVERSAL_TIME_OFFSET ( 6, 0, .BEHIND. ) ;
#2640 = B_SPLINE_CURVE_WITH_KNOTS ( 'NONE', 3,
 ( #847, #3653, #5854, #234, #5168, #6437, #2492, #887, #2452, #3113 ),
 .UNSPECIFIED., .F., .F.,
 ( 4, 2, 2, 2, 4 ),
 ( 2.168404344971008868E-19, 0.0003136305187452155291, 0.0006272610374904308414, 0.0009408915562356462078, 0.001254522074980861466 ),
 .UNSPECIFIED. ) ;
#2641 = ORIENTED_EDGE ( 'NONE', *, *, #3359, .T. ) ;
#2642 = CARTESIAN_POINT ( 'NONE',  ( -0.1210772110230697862, -1.487502386269245580, -1.693374431449562678 ) ) ;
#2643 = VERTEX_POINT ( 'NONE', #5094 ) ;
#2644 = CARTESIAN_POINT ( 'NONE',  ( -0.7270937342388452684, 1.166062019377440695, -2.827578003002292117 ) ) ;
#2645 = CARTESIAN_POINT ( 'NONE',  ( -0.9807738445987296272, 1.118337879647048450, 3.055124508018495444 ) ) ;
#2646 = DIRECTION ( 'NONE',  ( 0.000000000000000000, 0.000000000000000000, 1.000000000000000000 ) ) ;
#2647 = CARTESIAN_POINT ( 'NONE',  ( -0.6713085254195685359, -1.162740473580835765, 2.020833333333333481 ) ) ;
#2648 = CARTESIAN_POINT ( 'NONE',  ( 3.000000000000000000, 0.000000000000000000, -19.05000000000000071 ) ) ;
#2649 = EDGE_CURVE ( 'NONE', #6155, #5064, #4622, .T. ) ;
#2650 = CARTESIAN_POINT ( 'NONE',  ( -0.8744335254195683138, 1.514563293868263383, 1.588541666666667185 ) ) ;
#2651 = DIRECTION ( 'NONE',  ( 0.000000000000000000, 0.000000000000000000, -1.000000000000000000 ) ) ;
#2652 = CARTESIAN_POINT ( 'NONE',  ( -1.342617050839136628, -1.188904321747063192E-16, -1.125000000000000666 ) ) ;
#2653 = B_SPLINE_CURVE_WITH_KNOTS ( 'NONE', 3,
 ( #4327, #2630, #3281, #3788, #5410, #4836, #5911, #5481, #3411, #7029 ),
 .UNSPECIFIED., .F., .F.,
 ( 4, 2, 2, 2, 4 ),
 ( 0.000000000000000000, 0.0003638230103348406115, 0.0007276460206696812229, 0.001091469031004521726, 0.001455292041339362663 ),
 .UNSPECIFIED. ) ;
#2654 = EDGE_LOOP ( 'NONE', ( #6993, #77, #6674, #6857 ) ) ;
#2655 = CARTESIAN_POINT ( 'NONE',  ( -1.424881628713474679, -0.08639069865224056899, -2.408181378163382735 ) ) ;
#2656 = CARTESIAN_POINT ( 'NONE',  ( 0.7779006350946136017, 1.254062153034748217, 0.4489079609895874068 ) ) ;
#2657 = CARTESIAN_POINT ( 'NONE',  ( -1.311650288129352582, 0.7572816469341316914, 3.098958333333332149 ) ) ;
#2658 = CARTESIAN_POINT ( 'NONE',  ( -1.345846844533294506, 0.5056098613570532141, -2.435897260536363351 ) ) ;
#2659 = CARTESIAN_POINT ( 'NONE',  ( 1.006962788129353026, 0.5813702367904168833, -2.333333333333333925 ) ) ;
#2660 = EDGE_CURVE ( 'NONE', #481, #6643, #6452, .T. ) ;
#2661 = CARTESIAN_POINT ( 'NONE',  ( 1.006962788129353026, 0.5813702367904166612, 0.1666666666666665186 ) ) ;
#2662 = CARTESIAN_POINT ( 'NONE',  ( -1.423946399209847682E-16, -1.162740473580835543, -2.437499999999999556 ) ) ;
#2663 = DIRECTION ( 'NONE',  ( 0.000000000000000000, 0.000000000000000000, 1.000000000000000000 ) ) ;
#2664 = CARTESIAN_POINT ( 'NONE',  ( -1.342617050839136406, -5.331368787114769060E-17, -2.062499999999999556 ) ) ;
#2665 = DIRECTION ( 'NONE',  ( 1.000000000000000000, 0.000000000000000000, 0.000000000000000000 ) ) ;
#2666 = VERTEX_POINT ( 'NONE', #4549 ) ;
#2667 = CARTESIAN_POINT ( 'NONE',  ( -1.475000000000008304, 0.1692640949063707045, -1.317498008545215704 ) ) ;
#2668 = ADVANCED_FACE ( 'NONE', ( #633 ), #5663, .T. ) ;
#2669 = EDGE_CURVE ( 'NONE', #4979, #6208, #3347, .T. ) ;
#2670 = CARTESIAN_POINT ( 'NONE',  ( 0.6121982891428644491, 1.221975130800182052, -2.901085189776393403 ) ) ;
#2671 = EDGE_LOOP ( 'NONE', ( #7076, #4151, #6819, #2252 ) ) ;
#2672 = CARTESIAN_POINT ( 'NONE',  ( 0.3594338027113262446, 3.945381299940480829E-16, 0.3599598331444172072 ) ) ;
#2673 = CARTESIAN_POINT ( 'NONE',  ( 1.348776801269683023, 0.6388452785093685637, -0.08921043078421406203 ) ) ;
#2674 = CARTESIAN_POINT ( 'NONE',  ( -0.7779006350946131576, 1.254062153034748661, 1.537509918077251569 ) ) ;
#2675 = CARTESIAN_POINT ( 'NONE',  ( -0.08080127018922669824, 0.04665063509461348651, -4.000000000000000000 ) ) ;
#2676 = FACE_OUTER_BOUND ( 'NONE', #1299, .T. ) ;
#2677 = CARTESIAN_POINT ( 'NONE',  ( -1.423946399209847929E-16, -1.162740473580835543, -4.000000000000000000 ) ) ;
#2678 = ORIENTED_EDGE ( 'NONE', *, *, #4169, .T. ) ;
#2679 = CARTESIAN_POINT ( 'NONE',  ( -1.032348899681589716, 0.8453155521535740125, -3.275303605868378209 ) ) ;
#2680 = ORIENTED_EDGE ( 'NONE', *, *, #5693, .F. ) ;
#2681 = FACE_OUTER_BOUND ( 'NONE', #6151, .T. ) ;
#2682 = CARTESIAN_POINT ( 'NONE',  ( 0.6970993649053918162, -1.300712788129359199, -0.7177587056770798890 ) ) ;
#2683 = CARTESIAN_POINT ( 'NONE',  ( -1.475000000000007638, 0.1695193230720056232, 0.6108857789366816116 ) ) ;
#2684 = CARTESIAN_POINT ( 'NONE',  ( 1.342617050839136406, -5.745184725864148748E-16, 0.6875000000000005551 ) ) ;
#2685 = CARTESIAN_POINT ( 'NONE',  ( 0.000000000000000000, 1.514563293868263383, 3.546875000000000444 ) ) ;
#2686 = CARTESIAN_POINT ( 'NONE',  ( -1.198478436561158267, -0.8490310375816334520, -0.3410490624580934660 ) ) ;
#2687 = CARTESIAN_POINT ( 'NONE',  ( -1.006962788129352582, 0.5813702367904175494, -0.1666666666666674068 ) ) ;
#2688 = CARTESIAN_POINT ( 'NONE',  ( -1.147838275498268557, 0.3282809436072719467, 3.425864298782408834 ) ) ;
#2689 = DIRECTION ( 'NONE',  ( 1.000000000000000000, 0.000000000000000000, 0.000000000000000000 ) ) ;
#2690 = CARTESIAN_POINT ( 'NONE',  ( -1.311650288129352582, 0.7572816469341318024, 2.598958333333332593 ) ) ;
#2691 = CARTESIAN_POINT ( 'NONE',  ( -1.475000000000008304, 0.2433066384185004483, 3.126659708666432280 ) ) ;
#2692 = CARTESIAN_POINT ( 'NONE',  ( -1.423946399209847929E-16, -1.162740473580835765, -0.5000000000000004441 ) ) ;
#2693 = CARTESIAN_POINT ( 'NONE',  ( -0.8744335254195688689, -1.514563293868263383, -4.244791666666666963 ) ) ;
#2694 = CARTESIAN_POINT ( 'NONE',  ( 0.08080127018922518556, 0.04665063509461363223, -4.000000000000000000 ) ) ;
#2695 = DIRECTION ( 'NONE',  ( 1.000000000000000000, 0.000000000000000000, 0.000000000000000000 ) ) ;
#2696 = CARTESIAN_POINT ( 'NONE',  ( 1.006962788129352138, -0.5813702367904184376, -0.3541666666666662411 ) ) ;
#2697 = CARTESIAN_POINT ( 'NONE',  ( 1.457936298106122575, 0.04665063509461339630, -2.138972699567486035 ) ) ;
#2698 = B_SPLINE_CURVE_WITH_KNOTS ( 'NONE', 3,
 ( #2010, #3683, #5228, #916, #1535, #2637, #4918, #2599, #2161, #2747 ),
 .UNSPECIFIED., .F., .F.,
 ( 4, 2, 2, 2, 4 ),
 ( 2.172635381862485677E-19, 0.0004068535042414635140, 0.0008137070084829268113, 0.001220560512724390163, 0.001627414016965853839 ),
 .UNSPECIFIED. ) ;
#2699 = ORIENTED_EDGE ( 'NONE', *, *, #4885, .F. ) ;
#2700 = CYLINDRICAL_SURFACE ( 'NONE', #6055, 1.394198729810781412 ) ;
#2701 = CARTESIAN_POINT ( 'NONE',  ( -0.6970993649053917052, -1.300712788129359643, -4.000000000000000000 ) ) ;
#2702 = VECTOR ( 'NONE', #6750, 999.9999999999998863 ) ;
#2703 = VERTEX_POINT ( 'NONE', #1171 ) ;
#2704 = CARTESIAN_POINT ( 'NONE',  ( 0.6970993649053918162, -1.300712788129358977, -0.6416765847439189763 ) ) ;
#2705 = DIRECTION ( 'NONE',  ( 1.000000000000000000, 0.000000000000000000, 0.000000000000000000 ) ) ;
#2706 = CARTESIAN_POINT ( 'NONE',  ( 0.6594932763708384327, 1.322424673467952116, -0.9648015400959456533 ) ) ;
#2707 = CARTESIAN_POINT ( 'NONE',  ( -0.08080127018922518556, 0.04665063509461363223, -4.000000000000000000 ) ) ;
#2708 = CC_DESIGN_APPROVAL ( #6030, ( #5712 ) ) ;
#2709 = DIRECTION ( 'NONE',  ( 1.000000000000000000, 0.000000000000000000, 0.000000000000000000 ) ) ;
#2710 = ADVANCED_FACE ( 'NONE', ( #3501 ), #5701, .T. ) ;
#2711 = EDGE_LOOP ( 'NONE', ( #2849, #1541, #477, #6057 ) ) ;
#2712 = CARTESIAN_POINT ( 'NONE',  ( -0.9243482935200552086, -1.148518002948890393, 0.7692094850336780310 ) ) ;
#2713 = AXIS2_PLACEMENT_3D ( 'NONE', #106, #2909, #6770 ) ;
#2714 = ORIENTED_EDGE ( 'NONE', *, *, #3061, .F. ) ;
#2715 = CARTESIAN_POINT ( 'NONE',  ( -0.08080127018922669824, 0.04665063509461348651, -2.000000000000000000 ) ) ;
#2716 = B_SPLINE_CURVE_WITH_KNOTS ( 'NONE', 3,
 ( #3954, #5577, #3891, #5517, #34, #5044, #4498, #6056, #6087, #2254 ),
 .UNSPECIFIED., .F., .F.,
 ( 4, 2, 2, 2, 4 ),
 ( 3.066586833366748373E-19, 0.0003638230103348405573, 0.0007276460206696807893, 0.001091469031004521075, 0.001455292041339360928 ),
 .UNSPECIFIED. ) ;
#2717 = CARTESIAN_POINT ( 'NONE',  ( 0.000000000000000000, 4.336808689942017736E-16, 3.499999999999999556 ) ) ;
#2718 = CARTESIAN_POINT ( 'NONE',  ( 0.7779006350946136017, 1.254062153034748217, -0.9750099180772524576 ) ) ;
#2719 = VECTOR ( 'NONE', #1132, 1000.000000000000000 ) ;
#2720 = CARTESIAN_POINT ( 'NONE',  ( -0.6713085254195680918, 1.162740473580835099, 0.8541666666666671848 ) ) ;
#2721 = EDGE_CURVE ( 'NONE', #2221, #5887, #510, .T. ) ;
#2722 = VECTOR ( 'NONE', #767, 1000.000000000000000 ) ;
#2723 = CARTESIAN_POINT ( 'NONE',  ( -0.8744335254195688689, -1.514563293868264049, 3.255208333333333037 ) ) ;
#2724 = CARTESIAN_POINT ( 'NONE',  ( -1.342617050839136628, -4.894190491757701675E-17, -2.125000000000000444 ) ) ;
#2725 = FACE_OUTER_BOUND ( 'NONE', #2200, .T. ) ;
#2726 = ORIENTED_EDGE ( 'NONE', *, *, #5069, .T. ) ;
#2727 = CARTESIAN_POINT ( 'NONE',  ( -1.475000000000007638, 0.04665063509461159219, -0.8844253723437459636 ) ) ;
#2728 = CARTESIAN_POINT ( 'NONE',  ( 1.748867050839136850, -7.333022087656902468E-16, 1.890624999999999112 ) ) ;
#2729 = CARTESIAN_POINT ( 'NONE',  ( -1.433747252753834633, 0.4361856499016489863, 3.122854665093858895 ) ) ;
#2730 = CARTESIAN_POINT ( 'NONE',  ( -1.006962788129352582, 0.5813702367904174384, 1.333333333333333037 ) ) ;
#2731 = CARTESIAN_POINT ( 'NONE',  ( -1.006962788129352582, 0.5813702367904173274, 3.333333333333333037 ) ) ;
#2732 = CONICAL_SURFACE ( 'NONE', #2031, 1.394198729810780968, 0.1221730476396033355 ) ;
#2733 = CARTESIAN_POINT ( 'NONE',  ( 1.006962788129352804, 0.5813702367904166612, -0.7708333333333330373 ) ) ;
#2734 = CARTESIAN_POINT ( 'NONE',  ( 1.216636780266771023, -0.4243719084520911067, -3.471940239086413360 ) ) ;
#2735 = CARTESIAN_POINT ( 'NONE',  ( -1.006962788129352582, -0.5813702367904177715, 0.4791666666666667962 ) ) ;
#2736 = CARTESIAN_POINT ( 'NONE',  ( -1.132343879886907434, -0.4483111083807782005, -4.000000000000000000 ) ) ;
#2737 = AXIS2_PLACEMENT_3D ( 'NONE', #2886, #2785, #4991 ) ;
#2738 = EDGE_CURVE ( 'NONE', #6298, #5690, #4669, .T. ) ;
#2739 = ORIENTED_EDGE ( 'NONE', *, *, #611, .F. ) ;
#2740 = FACE_OUTER_BOUND ( 'NONE', #625, .T. ) ;
#2741 = CARTESIAN_POINT ( 'NONE',  ( 1.475000000000007638, 0.04665063509461411795, -0.5530746276562539254 ) ) ;
#2742 = ORIENTED_EDGE ( 'NONE', *, *, #404, .F. ) ;
#2743 = CARTESIAN_POINT ( 'NONE',  ( 1.227644640911690788, 0.8486523346799879075, 0.4850437641175469605 ) ) ;
#2744 = CARTESIAN_POINT ( 'NONE',  ( 0.6594932763708404311, 1.322424673467951228, -1.964801540095945764 ) ) ;
#2745 = CARTESIAN_POINT ( 'NONE',  ( 1.311650288129352582, -0.7572816469341328016, -1.651041666666667851 ) ) ;
#2746 = B_SPLINE_CURVE_WITH_KNOTS ( 'NONE', 3,
 ( #378, #2600, #4808, #7003, #3186, #419, #2638, #4845, #7040, #4337 ),
 .UNSPECIFIED., .F., .F.,
 ( 4, 2, 2, 2, 4 ),
 ( 0.000000000000000000, 0.0004068535042414632972, 0.0008137070084829263776, 0.001220560512724389512, 0.001627414016965852755 ),
 .UNSPECIFIED. ) ;
#2747 = CARTESIAN_POINT ( 'NONE',  ( 0.7779006350946156001, 1.254062153034747107, -0.05109203901041300261 ) ) ;
#2748 = CARTESIAN_POINT ( 'NONE',  ( -1.332238849326563335, -0.1665545566243646636, 5.364404782542775862 ) ) ;
#2749 = VERTEX_POINT ( 'NONE', #4515 ) ;
#2750 = CARTESIAN_POINT ( 'NONE',  ( -0.6592475780754317727, 1.322566527444945850, -0.3916364150982121761 ) ) ;
#2751 = VERTEX_POINT ( 'NONE', #3971 ) ;
#2752 = DIRECTION ( 'NONE',  ( 0.000000000000000000, 0.000000000000000000, 1.000000000000000000 ) ) ;
#2753 = CARTESIAN_POINT ( 'NONE',  ( -0.8837363539480717067, -0.8070927937268355112, 3.415404637980979263 ) ) ;
#2754 = DIRECTION ( 'NONE',  ( 0.9238795325112857393, -0.3826834323650921688, 0.000000000000000000 ) ) ;
#2755 = CARTESIAN_POINT ( 'NONE',  ( -1.342617050839136406, -3.680820605282295761E-16, 2.437500000000000444 ) ) ;
#2756 = CARTESIAN_POINT ( 'NONE',  ( -1.311650288129352582, 0.7572816469341318024, 2.130208333333333925 ) ) ;
#2757 = EDGE_CURVE ( 'NONE', #4702, #637, #1210, .T. ) ;
#2758 = ADVANCED_FACE ( 'NONE', ( #2891 ), #1186, .T. ) ;
#2759 = EDGE_CURVE ( 'NONE', #4278, #2749, #1521, .T. ) ;
#2760 = CARTESIAN_POINT ( 'NONE',  ( 0.6713085254195678697, -1.162740473580835987, 0.04166666666666641455 ) ) ;
#2761 = CARTESIAN_POINT ( 'NONE',  ( -1.408305187568841932, -0.2168450459822331144, -2.401961864399865032 ) ) ;
#2762 = ORIENTED_EDGE ( 'NONE', *, *, #3017, .F. ) ;
#2763 = CARTESIAN_POINT ( 'NONE',  ( -0.8744335254195688689, -1.514563293868264049, 1.723958333333332593 ) ) ;
#2764 = CARTESIAN_POINT ( 'NONE',  ( -1.396238660138791277, 0.5242369183443932323, 1.658688476217506258 ) ) ;
#2765 = CARTESIAN_POINT ( 'NONE',  ( 1.006962788129353026, 0.5813702367904166612, 0.1666666666666665186 ) ) ;
#2766 = CARTESIAN_POINT ( 'NONE',  ( -1.423946399209847929E-16, -1.162740473580835987, 1.999999999999999112 ) ) ;
#2767 = CARTESIAN_POINT ( 'NONE',  ( -0.6713085254195685359, -1.162740473580835321, -0.9791666666666659635 ) ) ;
#2768 = CARTESIAN_POINT ( 'NONE',  ( 0.08080127018922669824, 0.04665063509461338936, -2.000000000000000000 ) ) ;
#2769 = CARTESIAN_POINT ( 'NONE',  ( -0.6713085254195680918, 1.162740473580835099, 2.354166666666666519 ) ) ;
#2770 = CARTESIAN_POINT ( 'NONE',  ( -0.6713085254195686469, -1.162740473580835543, -4.041666666666666963 ) ) ;
#2771 = VERTEX_POINT ( 'NONE', #2524 ) ;
#2772 = CARTESIAN_POINT ( 'NONE',  ( 0.08080127018922669824, 0.04665063509461338936, -4.000000000000000000 ) ) ;
#2773 = ORIENTED_EDGE ( 'NONE', *, *, #1870, .F. ) ;
#2774 = DIRECTION ( 'NONE',  ( 1.000000000000000000, 0.000000000000000000, 0.000000000000000000 ) ) ;
#2775 = CARTESIAN_POINT ( 'NONE',  ( 0.1360432288665756606, 1.462428290740636738, -1.929784270875240404 ) ) ;
#2776 = CARTESIAN_POINT ( 'NONE',  ( 1.311650288129352582, -0.7572816469341325796, -3.651041666666667407 ) ) ;
#2777 = CARTESIAN_POINT ( 'NONE',  ( 0.5324716204974868639, 1.374768105607605984, 2.959957181632989265 ) ) ;
#2778 = CARTESIAN_POINT ( 'NONE',  ( 1.115242222299292596, -0.9574577668538949426, 1.305616423567088846 ) ) ;
#2779 = EDGE_LOOP ( 'NONE', ( #5662, #6880, #4488, #4923 ) ) ;
#2780 = CARTESIAN_POINT ( 'NONE',  ( 0.8155067236291669852, -1.232350267696154855, -1.131468206762611617 ) ) ;
#2781 = B_SPLINE_CURVE_WITH_KNOTS ( 'NONE', 3,
 ( #3700, #3776, #3161, #398, #6484, #1516, #2616, #6519, #975, #2656 ),
 .UNSPECIFIED., .F., .F.,
 ( 4, 2, 2, 2, 4 ),
 ( 3.909146525865938448E-19, 0.0004068535042414624841, 0.0008137070084829246428, 0.001220560512724386693, 0.001627414016965848852 ),
 .UNSPECIFIED. ) ;
#2782 = ORIENTED_EDGE ( 'NONE', *, *, #5091, .F. ) ;
#2783 = FACE_OUTER_BOUND ( 'NONE', #6068, .T. ) ;
#2784 = CARTESIAN_POINT ( 'NONE',  ( -0.6970993649053902619, -1.300712788129360753, 1.704176584743918976 ) ) ;
#2785 = DIRECTION ( 'NONE',  ( 0.000000000000000000, 0.000000000000000000, 1.000000000000000000 ) ) ;
#2786 = CARTESIAN_POINT ( 'NONE',  ( -1.423946399209847682E-16, -1.162740473580835765, 3.562500000000000444 ) ) ;
#2787 = ORIENTED_EDGE ( 'NONE', *, *, #1122, .F. ) ;
#2788 = CARTESIAN_POINT ( 'NONE',  ( 1.311650288129353248, 0.7572816469341304702, 2.963541666666666519 ) ) ;
#2789 = CARTESIAN_POINT ( 'NONE',  ( -1.006962788129352582, 0.5813702367904175494, 0.3333333333333330373 ) ) ;
#2790 = CARTESIAN_POINT ( 'NONE',  ( -0.5784764965184603369, -1.095251953143637547, -3.932211468846412039 ) ) ;
#2791 = ORIENTED_EDGE ( 'NONE', *, *, #6065, .T. ) ;
#2792 = CARTESIAN_POINT ( 'NONE',  ( 0.8744335254195679807, -1.514563293868264937, 1.807291666666665408 ) ) ;
#2793 = CARTESIAN_POINT ( 'NONE',  ( -1.423946399209847929E-16, -1.162740473580835987, 0.4999999999999995559 ) ) ;
#2794 = EDGE_CURVE ( 'NONE', #6425, #3901, #5506, .T. ) ;
#2795 = CARTESIAN_POINT ( 'NONE',  ( 0.6713085254195678697, -1.162740473580836209, 3.041666666666666519 ) ) ;
#2796 = EDGE_CURVE ( 'NONE', #701, #3129, #7097, .T. ) ;
#2797 = B_SPLINE_CURVE_WITH_KNOTS ( 'NONE', 3,
 ( #2166, #1613, #5388, #1002, #6543, #1580, #5888, #2606, #2056, #2644 ),
 .UNSPECIFIED., .F., .F.,
 ( 4, 2, 2, 2, 4 ),
 ( 5.149960319306146062E-19, 0.0003385107797976445168, 0.0006770215595952884914, 0.001015532339392932141, 0.001354043119190576332 ),
 .UNSPECIFIED. ) ;
#2798 = CARTESIAN_POINT ( 'NONE',  ( 1.006962788129352138, -0.5813702367904185486, 0.1458333333333337589 ) ) ;
#2799 = B_SPLINE_CURVE_WITH_KNOTS ( 'NONE', 3,
 ( #636, #3911, #1213, #1793, #4012, #2273, #6653, #5565, #6210, #1248 ),
 .UNSPECIFIED., .F., .F.,
 ( 4, 2, 2, 2, 4 ),
 ( 0.000000000000000000, 0.0003638230103348395273, 0.0007276460206696790545, 0.001091469031004518690, 0.001455292041339358109 ),
 .UNSPECIFIED. ) ;
#2800 = CARTESIAN_POINT ( 'NONE',  ( 0.3911184039100704668, -1.146021554657184360, -3.999999999999995559 ) ) ;
#2801 = CARTESIAN_POINT ( 'NONE',  ( -1.342617050839136406, -3.680820605282295761E-16, 2.437500000000000444 ) ) ;
#2802 = CARTESIAN_POINT ( 'NONE',  ( 0.6970993649053937036, -1.300712788129357866, 1.358323415256081024 ) ) ;
#2803 = ADVANCED_FACE ( 'NONE', ( #5886 ), #2239, .T. ) ;
#2804 = MANIFOLD_SOLID_BREP ( 'Cut-Thicken1', #3312 ) ;
#2805 = ORIENTED_EDGE ( 'NONE', *, *, #6276, .F. ) ;
#2806 = LINE ( 'NONE', #518, #2140 ) ;
#2807 = ORIENTED_EDGE ( 'NONE', *, *, #1804, .T. ) ;
#2808 = CARTESIAN_POINT ( 'NONE',  ( -0.2664333618311805485, 0.9791604258076451739, 6.314688136532695673 ) ) ;
#2809 = CARTESIAN_POINT ( 'NONE',  ( 0.2713331099618277453, 1.444700874165413262, -1.937652009469550629 ) ) ;
#2810 = CARTESIAN_POINT ( 'NONE',  ( 0.9243482935200507677, -1.148518002948893946, 0.7932905149663207478 ) ) ;
#2811 = CARTESIAN_POINT ( 'NONE',  ( 0.9243482935200509898, -1.148518002948893058, 1.293290514966320526 ) ) ;
#2812 = VERTEX_POINT ( 'NONE', #1974 ) ;
#2813 = DIRECTION ( 'NONE',  ( 0.000000000000000000, 0.000000000000000000, 1.000000000000000000 ) ) ;
#2814 = B_SPLINE_CURVE_WITH_KNOTS ( 'NONE', 3,
 ( #2550, #4106, #4139, #5260, #2513, #6805, #832, #1377, #298, #333 ),
 .UNSPECIFIED., .F., .F.,
 ( 4, 2, 2, 2, 4 ),
 ( 7.958288127817353627E-19, 0.0004068535042414628635, 0.0008137070084829248597, 0.001220560512724387127, 0.001627414016965849069 ),
 .UNSPECIFIED. ) ;
#2815 = AXIS2_PLACEMENT_3D ( 'NONE', #974, #6551, #4383 ) ;
#2816 = ORIENTED_EDGE ( 'NONE', *, *, #1268, .T. ) ;
#2817 = CARTESIAN_POINT ( 'NONE',  ( 0.6970993649053937036, -1.300712788129357866, 0.2822412943229200000 ) ) ;
#2818 = CARTESIAN_POINT ( 'NONE',  ( 0.7779006350946143789, 1.254062153034747995, -2.000000000000000000 ) ) ;
#2819 = CARTESIAN_POINT ( 'NONE',  ( 1.227676249187600988, 0.8486071336999763126, 0.4225410981162292523 ) ) ;
#2820 = CIRCLE ( 'NONE', #5012, 1.565079678693066301 ) ;
#2821 = ORIENTED_EDGE ( 'NONE', *, *, #3884, .F. ) ;
#2822 = CARTESIAN_POINT ( 'NONE',  ( 0.000000000000000000, 1.514563293868263383, 4.046874999999999112 ) ) ;
#2823 = AXIS2_PLACEMENT_3D ( 'NONE', #4546, #5629, #5163 ) ;
#2824 = EDGE_CURVE ( 'NONE', #2703, #4962, #38, .T. ) ;
#2825 = VECTOR ( 'NONE', #1021, 999.9999999999998863 ) ;
#2826 = CARTESIAN_POINT ( 'NONE',  ( 1.006962788129353026, 0.5813702367904165502, 1.666666666666666075 ) ) ;
#2827 = CARTESIAN_POINT ( 'NONE',  ( 1.304519413319583876, -0.4547115387305599721, -2.717115419262281950 ) ) ;
#2828 = ORIENTED_EDGE ( 'NONE', *, *, #3359, .F. ) ;
#2829 = AXIS2_PLACEMENT_3D ( 'NONE', #1443, #894, #3699 ) ;
#2830 = CARTESIAN_POINT ( 'NONE',  ( -0.6713085254195680918, 1.162740473580835543, -2.645833333333332593 ) ) ;
#2831 = CARTESIAN_POINT ( 'NONE',  ( 0.6713085254195689799, 1.162740473580834877, 0.7083333333333324822 ) ) ;
#2832 = CARTESIAN_POINT ( 'NONE',  ( 1.342617050839136628, -7.450180077756674323E-16, 3.124999999999999112 ) ) ;
#2833 = EDGE_CURVE ( 'NONE', #309, #3129, #218, .T. ) ;
#2834 = CARTESIAN_POINT ( 'NONE',  ( 0.6713085254195687579, 1.162740473580834877, -1.229166666666666075 ) ) ;
#2835 = CARTESIAN_POINT ( 'NONE',  ( 1.348776801269682579, 0.6388452785093683417, 1.910789569215785910 ) ) ;
#2836 = CARTESIAN_POINT ( 'NONE',  ( 0.6713085254195687579, 1.162740473580834433, 0.7708333333333334814 ) ) ;
#2837 = CARTESIAN_POINT ( 'NONE',  ( 1.353680218226607002, -0.07940632941526409860, -2.988070331328850138 ) ) ;
#2838 = EDGE_LOOP ( 'NONE', ( #1900, #5441, #648, #3832 ) ) ;
#2839 = CARTESIAN_POINT ( 'NONE',  ( 0.7779006350946156001, 1.254062153034747107, -0.4750099180772531793 ) ) ;
#2840 = EDGE_CURVE ( 'NONE', #2206, #5019, #4204, .T. ) ;
#2841 = ORIENTED_EDGE ( 'NONE', *, *, #568, .F. ) ;
#2842 = CARTESIAN_POINT ( 'NONE',  ( 1.333822933433425284, -0.6148934597293460591, 1.916903908142199686 ) ) ;
#2843 = CARTESIAN_POINT ( 'NONE',  ( -0.7779006350946149340, 1.254062153034747551, -0.4624900819227476534 ) ) ;
#2844 = CARTESIAN_POINT ( 'NONE',  ( -0.6594932763708419854, 1.322424673467951894, 3.027301540095945320 ) ) ;
#2845 = CARTESIAN_POINT ( 'NONE',  ( 0.1360432288665841538, 1.462428290740636738, 2.070215729124758930 ) ) ;
#2846 = EDGE_LOOP ( 'NONE', ( #805, #2055, #3284, #5738 ) ) ;
#2847 = LINE ( 'NONE', #1780, #5366 ) ;
#2848 = AXIS2_PLACEMENT_3D ( 'NONE', #5955, #2554, #2047 ) ;
#2849 = ORIENTED_EDGE ( 'NONE', *, *, #4598, .T. ) ;
#2850 = CARTESIAN_POINT ( 'NONE',  ( 1.198478436561154048, -0.8490310375816410016, 1.403549062458091967 ) ) ;
#2851 = DIRECTION ( 'NONE',  ( -0.000000000000000000, -0.000000000000000000, 1.000000000000000000 ) ) ;
#2852 = CARTESIAN_POINT ( 'NONE',  ( 1.115242222299295705, -0.9574577668538910569, 2.805616423567089068 ) ) ;
#2853 = CARTESIAN_POINT ( 'NONE',  ( 1.115481102915914624, -0.9573318031974902276, 2.395681323863781298 ) ) ;
#2854 = CARTESIAN_POINT ( 'NONE',  ( 2.662878385554965810, 3.467512944415309290E-16, 5.785601311043761186 ) ) ;
#2855 = EDGE_LOOP ( 'NONE', ( #3879, #4998, #552, #4626 ) ) ;
#2856 = CARTESIAN_POINT ( 'NONE',  ( 1.311650288129352582, -0.7572816469341331347, 3.880208333333333481 ) ) ;
#2857 = CARTESIAN_POINT ( 'NONE',  ( 0.6713085254195689799, 1.162740473580834877, 2.208333333333333037 ) ) ;
#2858 = CARTESIAN_POINT ( 'NONE',  ( -0.5324716204974864198, 1.374768105607605984, -1.397457181632988821 ) ) ;
#2859 = ORIENTED_EDGE ( 'NONE', *, *, #6762, .F. ) ;
#2860 = CARTESIAN_POINT ( 'NONE',  ( 1.311650288129352582, -0.7572816469341331347, 4.348958333333332149 ) ) ;
#2861 = CARTESIAN_POINT ( 'NONE',  ( 0.6713085254195678697, -1.162740473580836209, 2.541666666666666075 ) ) ;
#2862 = CARTESIAN_POINT ( 'NONE',  ( 0.000000000000000000, 1.514563293868264049, -2.953124999999999556 ) ) ;
#2863 = CARTESIAN_POINT ( 'NONE',  ( -1.227676249187600099, 0.8486071336999776449, 0.6399589018837701371 ) ) ;
#2864 = B_SPLINE_CURVE_WITH_KNOTS ( 'NONE', 3,
 ( #6552, #6203, #6778, #153, #1205, #6743, #2330, #2374, #1275, #5123 ),
 .UNSPECIFIED., .F., .F.,
 ( 4, 2, 2, 2, 4 ),
 ( 8.743480930197068256E-19, 0.0004039352830288433236, 0.0008078705660576857798, 0.001211805849086528344, 0.001615741132115370259 ),
 .UNSPECIFIED. ) ;
#2865 = CARTESIAN_POINT ( 'NONE',  ( 0.6713085254195677587, -1.162740473580835987, 0.6041666666666669627 ) ) ;
#2866 = EDGE_CURVE ( 'NONE', #4649, #6208, #310, .T. ) ;
#2867 = CARTESIAN_POINT ( 'NONE',  ( 1.475000000000007638, 0.04665063509461176566, -1.129156748589414505 ) ) ;
#2868 = CARTESIAN_POINT ( 'NONE',  ( 1.342617050839136406, -7.144155271006735782E-16, 2.687500000000000444 ) ) ;
#2869 = CARTESIAN_POINT ( 'NONE',  ( 0.000000000000000000, 1.162740473580835543, -3.750000000000000444 ) ) ;
#2870 = CARTESIAN_POINT ( 'NONE',  ( 0.6713085254195689799, 1.162740473580835099, -1.291666666666667185 ) ) ;
#2871 = VERTEX_POINT ( 'NONE', #2054 ) ;
#2872 = B_SPLINE_CURVE_WITH_KNOTS ( 'NONE', 3,
 ( #3754, #370, #334, #6564, #5376, #5912, #5842, #4216, #6498, #2115 ),
 .UNSPECIFIED., .F., .F.,
 ( 4, 2, 2, 2, 4 ),
 ( 0.000000000000000000, 0.0003638230103348398525, 0.0007276460206696797051, 0.001091469031004519558, 0.001455292041339359410 ),
 .UNSPECIFIED. ) ;
#2873 = DIRECTION ( 'NONE',  ( -0.7071067811865489050, 0.000000000000000000, -0.7071067811865462405 ) ) ;
#2874 = ORIENTED_EDGE ( 'NONE', *, *, #1949, .T. ) ;
#2875 = CARTESIAN_POINT ( 'NONE',  ( 0.1211321603579821882, -1.487497613189344481, -0.1816229025491200577 ) ) ;
#2876 = CARTESIAN_POINT ( 'NONE',  ( 0.1106030367013426663, -1.351916640454240870, -3.103368513031539155 ) ) ;
#2877 = CARTESIAN_POINT ( 'NONE',  ( -1.458895936088131728, 0.2902061249663195897, 1.174042158648169298 ) ) ;
#2878 = CARTESIAN_POINT ( 'NONE',  ( 1.127992871413863174, 0.9706618614817369428, -2.005467600297640374 ) ) ;
#2879 = VERTEX_POINT ( 'NONE', #2999 ) ;
#2880 = CARTESIAN_POINT ( 'NONE',  ( -1.475000000000007638, 0.04665063509461157831, -0.8083432514105863831 ) ) ;
#2881 = ADVANCED_FACE ( 'NONE', ( #2449 ), #4657, .T. ) ;
#2882 = EDGE_CURVE ( 'NONE', #3661, #3955, #912, .T. ) ;
#2883 = VERTEX_POINT ( 'NONE', #2124 ) ;
#2884 = CARTESIAN_POINT ( 'NONE',  ( 1.544354521968177796, -0.2538572652780112238, 6.195034570514510008 ) ) ;
#2885 = CARTESIAN_POINT ( 'NONE',  ( 0.6592475780754323278, 1.322566527444944739, -1.545863584901789434 ) ) ;
#2886 = CARTESIAN_POINT ( 'NONE',  ( 0.000000000000000000, -1.463672932855430986E-15, 6.399999999999999467 ) ) ;
#2887 = CARTESIAN_POINT ( 'NONE',  ( -1.358841968417236812, 0.1917227425345106040, 3.249771917427070722 ) ) ;
#2888 = B_SPLINE_CURVE_WITH_KNOTS ( 'NONE', 3,
 ( #2382, #4590, #4455, #1143, #3371, #6682, #2827, #55, #4487, #3034 ),
 .UNSPECIFIED., .F., .F.,
 ( 4, 2, 2, 2, 4 ),
 ( 3.909146525865938448E-19, 0.0003831952882136390099, 0.0007663905764272776946, 0.001149585864640916433, 0.001532781152854554955 ),
 .UNSPECIFIED. ) ;
#2889 = CARTESIAN_POINT ( 'NONE',  ( 0.08080127018922518556, 0.04665063509461363223, -2.000000000000000000 ) ) ;
#2890 = EDGE_LOOP ( 'NONE', ( #1864, #5505, #2319, #1919 ) ) ;
#2891 = FACE_OUTER_BOUND ( 'NONE', #864, .T. ) ;
#2892 = CARTESIAN_POINT ( 'NONE',  ( -1.342617050839136628, -2.587874866889650226E-16, 0.8749999999999998890 ) ) ;
#2893 = CARTESIAN_POINT ( 'NONE',  ( 0.6594932763708404311, 1.322424673467951450, -1.464801540095944876 ) ) ;
#2894 = EDGE_LOOP ( 'NONE', ( #6127, #4934, #1680, #311 ) ) ;
#2895 = CARTESIAN_POINT ( 'NONE',  ( 1.311650288129353248, 0.7572816469341304702, 4.432291666666665186 ) ) ;
#2896 = CARTESIAN_POINT ( 'NONE',  ( -1.006962788129352582, 0.5813702367904173274, 3.833333333333332593 ) ) ;
#2897 = CARTESIAN_POINT ( 'NONE',  ( -0.8744335254195688689, -1.514563293868263605, -2.744791666666666075 ) ) ;
#2898 = DIRECTION ( 'NONE',  ( 1.000000000000000000, 0.000000000000000000, 0.000000000000000000 ) ) ;
#2899 = CARTESIAN_POINT ( 'NONE',  ( -0.6713085254195680918, 1.162740473580834877, 3.354166666666666963 ) ) ;
#2900 = CARTESIAN_POINT ( 'NONE',  ( -0.8744335254195688689, -1.514563293868263605, -1.276041666666667629 ) ) ;
#2901 = DIRECTION ( 'NONE',  ( 0.000000000000000000, 0.000000000000000000, 1.000000000000000000 ) ) ;
#2902 = CARTESIAN_POINT ( 'NONE',  ( -1.423946399209847682E-16, -1.162740473580835765, 2.562500000000000444 ) ) ;
#2903 = CARTESIAN_POINT ( 'NONE',  ( -1.423946399209847929E-16, -1.162740473580835765, -2.500000000000000444 ) ) ;
#2904 = CARTESIAN_POINT ( 'NONE',  ( -1.006962788129352804, -0.5813702367904175494, -3.583333333333333925 ) ) ;
#2905 = EDGE_LOOP ( 'NONE', ( #4874, #3471, #4949, #6736 ) ) ;
#2906 = CARTESIAN_POINT ( 'NONE',  ( -0.4781220914894036556, -1.408544004613355938, 1.221791174685162185 ) ) ;
#2907 = DIRECTION ( 'NONE',  ( 1.000000000000000000, 0.000000000000000000, 0.000000000000000000 ) ) ;
#2908 = CARTESIAN_POINT ( 'NONE',  ( -0.5909129938625102829, -1.362019518035236132, 2.713331341878547409 ) ) ;
#2909 = DIRECTION ( 'NONE',  ( 0.000000000000000000, 0.000000000000000000, 1.000000000000000000 ) ) ;
#2910 = VERTEX_POINT ( 'NONE', #421 ) ;
#2911 = CYLINDRICAL_SURFACE ( 'NONE', #726, 1.555801270189232755 ) ;
#2912 = CARTESIAN_POINT ( 'NONE',  ( -1.292002978248236733, 0.04665063509461363223, -3.490391140434019768 ) ) ;
#2913 = ORIENTED_EDGE ( 'NONE', *, *, #2625, .T. ) ;
#2914 = DIRECTION ( 'NONE',  ( -0.06093467170257416826, 0.1055419473313873313, -0.9925461516413219831 ) ) ;
#2915 = EDGE_CURVE ( 'NONE', #6666, #2771, #7049, .T. ) ;
#2916 = DIRECTION ( 'NONE',  ( 0.000000000000000000, 0.000000000000000000, 1.000000000000000000 ) ) ;
#2917 = LINE ( 'NONE', #5768, #50 ) ;
#2918 = CARTESIAN_POINT ( 'NONE',  ( -0.4786287008715361946, -1.408412867817221859, 1.789994333276346383 ) ) ;
#2919 = DIRECTION ( 'NONE',  ( 0.000000000000000000, 0.000000000000000000, 1.000000000000000000 ) ) ;
#2920 = PERSON_AND_ORGANIZATION ( #4244, #1182 ) ;
#2921 = ORIENTED_EDGE ( 'NONE', *, *, #610, .T. ) ;
#2922 = CARTESIAN_POINT ( 'NONE',  ( -0.9243482935200512118, -1.148518002948892391, 2.269209485033678142 ) ) ;
#2923 = VECTOR ( 'NONE', #4417, 1000.000000000000000 ) ;
#2924 = ORIENTED_EDGE ( 'NONE', *, *, #211, .F. ) ;
#2925 = CARTESIAN_POINT ( 'NONE',  ( -0.6713085254195682028, 1.162740473580835099, 2.791666666666666075 ) ) ;
#2926 = EDGE_CURVE ( 'NONE', #2076, #4384, #1767, .T. ) ;
#2927 = DIRECTION ( 'NONE',  ( 0.000000000000000000, 0.000000000000000000, 1.000000000000000000 ) ) ;
#2928 = VERTEX_POINT ( 'NONE', #4441 ) ;
#2929 = VECTOR ( 'NONE', #997, 1000.000000000000000 ) ;
#2930 = CARTESIAN_POINT ( 'NONE',  ( -1.342617050839136406, 1.663483938598160258E-17, -3.062499999999999112 ) ) ;
#2931 = CARTESIAN_POINT ( 'NONE',  ( -1.342617050839136628, -3.986845412032234795E-16, 2.874999999999999112 ) ) ;
#2932 = AXIS2_PLACEMENT_3D ( 'NONE', #3237, #5431, #2689 ) ;
#2933 = CARTESIAN_POINT ( 'NONE',  ( 0.8744335254195692020, 1.514563293868263161, -1.994791666666666519 ) ) ;
#2934 = CARTESIAN_POINT ( 'NONE',  ( 1.227644640911690788, 0.8486523346799879075, -0.01495623588245262488 ) ) ;
#2935 = CIRCLE ( 'NONE', #1428, 3.000000000000000000 ) ;
#2936 = CONICAL_SURFACE ( 'NONE', #1548, 1.555801270189233199, 0.1221730476396033355 ) ;
#2937 = CARTESIAN_POINT ( 'NONE',  ( 1.006962788129352804, 0.5813702367904164392, 2.729166666666666963 ) ) ;
#2938 = CARTESIAN_POINT ( 'NONE',  ( -1.311650288129352804, -0.7572816469341316914, -3.817708333333334370 ) ) ;
#2939 = CARTESIAN_POINT ( 'NONE',  ( -1.475000000000007638, 0.04665063509460931623, 1.615574627656253259 ) ) ;
#2940 = CARTESIAN_POINT ( 'NONE',  ( -1.423946399209847682E-16, -1.162740473580835765, 3.562500000000000444 ) ) ;
#2941 = AXIS2_PLACEMENT_3D ( 'NONE', #5874, #5188, #908 ) ;
#2942 = CARTESIAN_POINT ( 'NONE',  ( 1.006962788129353026, 0.5813702367904168833, -2.333333333333333925 ) ) ;
#2943 = AXIS2_PLACEMENT_3D ( 'NONE', #5924, #2752, #2201 ) ;
#2944 = CARTESIAN_POINT ( 'NONE',  ( 0.6713085254195678697, -1.162740473580835987, -2.458333333333333481 ) ) ;
#2945 = EDGE_LOOP ( 'NONE', ( #6780, #2165, #1995, #651 ) ) ;
#2946 = CARTESIAN_POINT ( 'NONE',  ( 0.6970993649053934815, -1.300712788129357644, 0.7822412943229196669 ) ) ;
#2947 = VECTOR ( 'NONE', #1157, 1000.000000000000000 ) ;
#2948 = CARTESIAN_POINT ( 'NONE',  ( 0.6316319212228705959, -1.187319849429575358, -3.066379082208753992 ) ) ;
#2949 = FACE_OUTER_BOUND ( 'NONE', #5284, .T. ) ;
#2950 = CARTESIAN_POINT ( 'NONE',  ( -0.8157524219245791963, -1.232208413719159124, -1.224969748431544936 ) ) ;
#2951 = EDGE_CURVE ( 'NONE', #3297, #2928, #718, .T. ) ;
#2952 = ORIENTED_EDGE ( 'NONE', *, *, #980, .F. ) ;
#2953 = FACE_OUTER_BOUND ( 'NONE', #6459, .T. ) ;
#2954 = CARTESIAN_POINT ( 'NONE',  ( 0.4622853925831846289, 1.430600442635062919, -2.040078147325694591 ) ) ;
#2955 = ORIENTED_EDGE ( 'NONE', *, *, #1713, .T. ) ;
#2956 = CARTESIAN_POINT ( 'NONE',  ( -0.6970993649053902619, -1.300712788129360753, 2.204176584743918532 ) ) ;
#2957 = CARTESIAN_POINT ( 'NONE',  ( 0.7779006350946136017, 1.254062153034748217, 2.448907960989587629 ) ) ;
#2958 = CARTESIAN_POINT ( 'NONE',  ( -0.6558453166559594649, -1.229258680543444227, -2.671974520999514713 ) ) ;
#2959 = CARTESIAN_POINT ( 'NONE',  ( 1.475000000000008749, 0.1692640949063698441, -1.120001991454784962 ) ) ;
#2960 = EDGE_CURVE ( 'NONE', #20, #1641, #1163, .T. ) ;
#2961 = DIRECTION ( 'NONE',  ( 1.000000000000000000, 0.000000000000000000, 0.000000000000000000 ) ) ;
#2962 = CARTESIAN_POINT ( 'NONE',  ( -0.6970993649053917052, -1.300712788129359643, -4.000000000000000000 ) ) ;
#2963 = AXIS2_PLACEMENT_3D ( 'NONE', #3644, #4804, #6999 ) ;
#2964 = ORIENTED_EDGE ( 'NONE', *, *, #6658, .T. ) ;
#2965 = DIRECTION ( 'NONE',  ( 0.000000000000000000, 0.000000000000000000, 1.000000000000000000 ) ) ;
#2966 = B_SPLINE_CURVE_WITH_KNOTS ( 'NONE', 3,
 ( #4329, #3714, #1569, #3789, #945, #4911, #7107, #3639, #581, #6118 ),
 .UNSPECIFIED., .F., .F.,
 ( 4, 2, 2, 2, 4 ),
 ( 3.066586833366748373E-19, 0.0003150163014624030489, 0.0006300326029248060978, 0.0009450489043872089840, 0.001260065205849611979 ),
 .UNSPECIFIED. ) ;
#2967 = ORIENTED_EDGE ( 'NONE', *, *, #1363, .F. ) ;
#2968 = CARTESIAN_POINT ( 'NONE',  ( 0.5572622208808742927, -1.277983406507780639, 3.223250104257645354 ) ) ;
#2969 = CARTESIAN_POINT ( 'NONE',  ( -0.2753999999999999226, -1.243675898195792353E-15, 6.399999999999999467 ) ) ;
#2970 = ORIENTED_EDGE ( 'NONE', *, *, #1659, .F. ) ;
#2971 = CARTESIAN_POINT ( 'NONE',  ( 1.006962788129352804, 0.5813702367904167723, -2.770833333333332593 ) ) ;
#2972 = CARTESIAN_POINT ( 'NONE',  ( -1.152562564150568569, 0.9466126766718911956, -0.8658212840964992774 ) ) ;
#2973 = CARTESIAN_POINT ( 'NONE',  ( -1.748867050839136850, 6.009055504633722600E-17, -3.328124999999999556 ) ) ;
#2974 = CARTESIAN_POINT ( 'NONE',  ( -0.7779006350946133796, 1.254062153034748661, 0.6135920390104117050 ) ) ;
#2975 = EDGE_CURVE ( 'NONE', #3024, #2127, #6693, .T. ) ;
#2976 = EDGE_CURVE ( 'NONE', #4066, #6155, #5737, .T. ) ;
#2977 = CARTESIAN_POINT ( 'NONE',  ( -1.006962788129352360, 0.5813702367904173274, 1.395833333333333925 ) ) ;
#2978 = CARTESIAN_POINT ( 'NONE',  ( -1.748867050839136850, -7.672080734006699440E-18, -2.359375000000000888 ) ) ;
#2979 = DIRECTION ( 'NONE',  ( -0.000000000000000000, -0.9945218953682732899, -0.1045284632676538872 ) ) ;
#2980 = CARTESIAN_POINT ( 'NONE',  ( 1.006962788129352360, -0.5813702367904183266, -3.916666666666667407 ) ) ;
#2981 = CARTESIAN_POINT ( 'NONE',  ( -1.006962788129352804, -0.5813702367904176604, -2.583333333333333925 ) ) ;
#2982 = B_SPLINE_CURVE_WITH_KNOTS ( 'NONE', 3,
 ( #154, #4147, #6349, #1385, #3072, #5270, #3462, #5418, #6960, #2051 ),
 .UNSPECIFIED., .F., .F.,
 ( 4, 2, 2, 2, 4 ),
 ( 0.000000000000000000, 0.0003638230103348406115, 0.0007276460206696810061, 0.001091469031004521509, 0.001455292041339361795 ),
 .UNSPECIFIED. ) ;
#2983 = EDGE_LOOP ( 'NONE', ( #4406, #2924, #4043, #2821 ) ) ;
#2984 = CARTESIAN_POINT ( 'NONE',  ( 0.1210772110230781962, -1.487502386269245136, 0.7558744314495615679 ) ) ;
#2985 = CARTESIAN_POINT ( 'NONE',  ( 0.000000000000000000, 4.336808689942017736E-16, 5.785601311043761186 ) ) ;
#2986 = CARTESIAN_POINT ( 'NONE',  ( -0.6713085254195680918, 1.162740473580835543, -3.645833333333332593 ) ) ;
#2987 = CARTESIAN_POINT ( 'NONE',  ( -1.457284131257207349, -0.2242101233374542146, -1.288600082022689719 ) ) ;
#2988 = ORIENTED_EDGE ( 'NONE', *, *, #3335, .F. ) ;
#2989 = CARTESIAN_POINT ( 'NONE',  ( 1.115242222299293706, -0.9574577668538922781, -1.694383576432911154 ) ) ;
#2990 = CARTESIAN_POINT ( 'NONE',  ( -0.2753999999999979242, -1.595520310399059571E-15, 6.399999999999999467 ) ) ;
#2991 = VERTEX_POINT ( 'NONE', #3292 ) ;
#2992 = DIRECTION ( 'NONE',  ( 0.1045284632676537068, 0.000000000000000000, 0.9945218953682734009 ) ) ;
#2993 = DIRECTION ( 'NONE',  ( -0.06093467170257362703, -0.1055419473313876366, -0.9925461516413219831 ) ) ;
#2994 = CARTESIAN_POINT ( 'NONE',  ( 0.1155578571717010145, -1.409248892419834531, -2.636454867700299243 ) ) ;
#2995 = CARTESIAN_POINT ( 'NONE',  ( 0.5909129938625093947, -1.362019518035236354, 1.849168658121451925 ) ) ;
#2996 = CARTESIAN_POINT ( 'NONE',  ( 1.475000000000007416, -0.09035811372578028688, 0.4416969182351218604 ) ) ;
#2997 = CALENDAR_DATE ( 2026, 16, 6 ) ;
#2998 = ORIENTED_EDGE ( 'NONE', *, *, #1000, .F. ) ;
#2999 = CARTESIAN_POINT ( 'NONE',  ( -0.2538572652780269889, -1.544354521968175575, 6.195034570514510008 ) ) ;
#3000 = ORIENTED_EDGE ( 'NONE', *, *, #3391, .F. ) ;
#3001 = CARTESIAN_POINT ( 'NONE',  ( -0.05880785092664656682, -1.415059180118707127, 3.201032008755808178 ) ) ;
#3002 = CARTESIAN_POINT ( 'NONE',  ( 0.7779006350946172654, 1.254062153034745997, 1.448907960989586741 ) ) ;
#3003 = VERTEX_POINT ( 'NONE', #5525 ) ;
#3004 = CARTESIAN_POINT ( 'NONE',  ( 1.006962788129352804, 0.5813702367904166612, -1.270833333333333037 ) ) ;
#3005 = CARTESIAN_POINT ( 'NONE',  ( -1.423946399209847929E-16, -1.162740473580836209, 4.000000000000000000 ) ) ;
#3006 = CARTESIAN_POINT ( 'NONE',  ( -1.311650288129352582, 0.7572816469341321355, -3.869791666666666519 ) ) ;
#3007 = CARTESIAN_POINT ( 'NONE',  ( -1.458895936088132395, 0.2902061249663198117, 0.6740421586481690763 ) ) ;
#3008 = CARTESIAN_POINT ( 'NONE',  ( -1.227644640911695229, 0.8486523346799829115, 0.07745623588245235946 ) ) ;
#3009 = CARTESIAN_POINT ( 'NONE',  ( -1.423946399209847682E-16, -1.162740473580835765, 2.062500000000000000 ) ) ;
#3010 = CARTESIAN_POINT ( 'NONE',  ( 1.748867050839136850, -5.934051542514318392E-16, -0.1093750000000009576 ) ) ;
#3011 = EDGE_CURVE ( 'NONE', #2402, #2749, #4986, .T. ) ;
#3012 = CARTESIAN_POINT ( 'NONE',  ( -1.227676249187600099, 0.8486071336999776449, 1.639958901883770581 ) ) ;
#3013 = CARTESIAN_POINT ( 'NONE',  ( 0.6713085254195687579, 1.162740473580834211, 3.770833333333333481 ) ) ;
#3014 = CARTESIAN_POINT ( 'NONE',  ( -1.342617050839136628, -4.894190491757701675E-17, -2.125000000000000444 ) ) ;
#3015 = ORIENTED_EDGE ( 'NONE', *, *, #5839, .T. ) ;
#3016 = CARTESIAN_POINT ( 'NONE',  ( 0.8692775171194786488, 0.9876381628822223924, -3.393955260145959496 ) ) ;
#3017 = EDGE_CURVE ( 'NONE', #947, #2480, #4577, .T. ) ;
#3018 = CARTESIAN_POINT ( 'NONE',  ( -1.475000000000007638, 0.04665063509461100932, -4.000000000000000000 ) ) ;
#3019 = LINE ( 'NONE', #722, #134 ) ;
#3020 = DIRECTION ( 'NONE',  ( 0.000000000000000000, 0.000000000000000000, 1.000000000000000000 ) ) ;
#3021 = VERTEX_POINT ( 'NONE', #624 ) ;
#3022 = CARTESIAN_POINT ( 'NONE',  ( 0.7779006350946172654, 1.254062153034745997, 1.524990081922746654 ) ) ;
#3023 = CARTESIAN_POINT ( 'NONE',  ( -0.2542117797924858258, 1.341374351869453641, -2.849453690496680291 ) ) ;
#3024 = VERTEX_POINT ( 'NONE', #185 ) ;
#3025 = CARTESIAN_POINT ( 'NONE',  ( -9.144455000759798487E-16, -0.09330127018922626525, -4.000000000000000000 ) ) ;
#3026 = DIRECTION ( 'NONE',  ( 0.000000000000000000, 0.000000000000000000, 1.000000000000000000 ) ) ;
#3027 = DIRECTION ( 'NONE',  ( 1.000000000000000000, 0.000000000000000000, 0.000000000000000000 ) ) ;
#3028 = CARTESIAN_POINT ( 'NONE',  ( 1.459035672982379017, 0.2897018199735059696, -1.043339000056988208 ) ) ;
#3029 = CARTESIAN_POINT ( 'NONE',  ( -0.8155067236291670962, -1.232350267696155077, 0.1939682067626112838 ) ) ;
#3030 = VERTEX_POINT ( 'NONE', #4506 ) ;
#3031 = CARTESIAN_POINT ( 'NONE',  ( -0.9228137282244808226, -1.149940016531949993, -1.315566584643978132 ) ) ;
#3032 = ORIENTED_EDGE ( 'NONE', *, *, #4432, .F. ) ;
#3033 = CARTESIAN_POINT ( 'NONE',  ( 0.5344704030327203093, 1.374150139869405818, 2.544733251310643762 ) ) ;
#3034 = CARTESIAN_POINT ( 'NONE',  ( 1.391879277465226883, 0.04665063509461363223, -2.676963959666806669 ) ) ;
#3035 = ORIENTED_EDGE ( 'NONE', *, *, #3376, .T. ) ;
#3036 = CARTESIAN_POINT ( 'NONE',  ( -1.006962788129352582, -0.5813702367904177715, -0.02083333333333277360 ) ) ;
#3037 = CARTESIAN_POINT ( 'NONE',  ( 0.6713085254195678697, -1.162740473580836209, 3.041666666666666519 ) ) ;
#3038 = ADVANCED_FACE ( 'NONE', ( #2953 ), #4442, .T. ) ;
#3039 = CARTESIAN_POINT ( 'NONE',  ( -1.311650288129352804, -0.7572816469341319134, -0.7864583333333330373 ) ) ;
#3040 = DIRECTION ( 'NONE',  ( 1.000000000000000000, 0.000000000000000000, 0.000000000000000000 ) ) ;
#3041 = VERTEX_POINT ( 'NONE', #5687 ) ;
#3042 = CARTESIAN_POINT ( 'NONE',  ( 0.7783762210105602541, -0.9755347011747199648, -3.837261235270688076 ) ) ;
#3043 = CARTESIAN_POINT ( 'NONE',  ( -1.423946399209847682E-16, -1.162740473580835765, 1.562500000000000444 ) ) ;
#3044 = CARTESIAN_POINT ( 'NONE',  ( -0.8744335254195683138, 1.514563293868263605, -0.4427083333333344806 ) ) ;
#3045 = FACE_OUTER_BOUND ( 'NONE', #4041, .T. ) ;
#3046 = CARTESIAN_POINT ( 'NONE',  ( -1.006962788129352582, -0.5813702367904179935, 3.479166666666666963 ) ) ;
#3047 = CARTESIAN_POINT ( 'NONE',  ( -1.342617050839136628, -1.888389594318356709E-16, -0.1250000000000001110 ) ) ;
#3048 = AXIS2_PLACEMENT_3D ( 'NONE', #1129, #1738, #2709 ) ;
#3049 = VECTOR ( 'NONE', #504, 1000.000000000000227 ) ;
#3050 = EDGE_CURVE ( 'NONE', #56, #873, #7128, .T. ) ;
#3051 = AXIS2_PLACEMENT_3D ( 'NONE', #737, #2965, #5165 ) ;
#3052 = VERTEX_POINT ( 'NONE', #6673 ) ;
#3053 = CARTESIAN_POINT ( 'NONE',  ( 0.4786287008715559566, -1.408412867817214753, 1.272505666723653839 ) ) ;
#3054 = CARTESIAN_POINT ( 'NONE',  ( 0.08080127018922669824, 0.04665063509461338936, -2.000000000000000000 ) ) ;
#3055 = CARTESIAN_POINT ( 'NONE',  ( 1.006962788129352804, 0.5813702367904167723, -2.770833333333332593 ) ) ;
#3056 = CIRCLE ( 'NONE', #844, 0.3600000000000000977 ) ;
#3057 = CARTESIAN_POINT ( 'NONE',  ( 0.7779006350946148229, 1.254062153034747551, -4.000000000000000000 ) ) ;
#3058 = ORIENTED_EDGE ( 'NONE', *, *, #2489, .F. ) ;
#3059 = CARTESIAN_POINT ( 'NONE',  ( 0.9243482935200518780, -1.148518002948891725, -1.706709485033679030 ) ) ;
#3060 = EDGE_CURVE ( 'NONE', #5019, #6018, #1152, .T. ) ;
#3061 = EDGE_CURVE ( 'NONE', #2812, #6021, #804, .T. ) ;
#3062 = VECTOR ( 'NONE', #922, 1000.000000000000000 ) ;
#3063 = FACE_OUTER_BOUND ( 'NONE', #6697, .T. ) ;
#3064 = ORIENTED_EDGE ( 'NONE', *, *, #5750, .T. ) ;
#3065 = CARTESIAN_POINT ( 'NONE',  ( -0.2441168411814894079, -1.471296608598335443, -1.262855142884174775 ) ) ;
#3066 = AXIS2_PLACEMENT_3D ( 'NONE', #2985, #6833, #3554 ) ;
#3067 = B_SPLINE_CURVE_WITH_KNOTS ( 'NONE', 3,
 ( #4166, #4825, #5827, #324, #5865, #5212, #4748, #1402, #3621, #5900 ),
 .UNSPECIFIED., .F., .F.,
 ( 4, 2, 2, 2, 4 ),
 ( 0.000000000000000000, 0.0003638230103348409909, 0.0007276460206696819819, 0.001091469031004523027, 0.001455292041339363747 ),
 .UNSPECIFIED. ) ;
#3068 = CARTESIAN_POINT ( 'NONE',  ( 0.7779006350946172654, 1.254062153034745997, 1.524990081922746654 ) ) ;
#3069 = CARTESIAN_POINT ( 'NONE',  ( 0.7779006350946143789, 1.254062153034747995, -2.000000000000000000 ) ) ;
#3070 = CARTESIAN_POINT ( 'NONE',  ( -1.334521665427738979, -0.6133972531589961807, 1.736882395791426337 ) ) ;
#3071 = CARTESIAN_POINT ( 'NONE',  ( 1.333822933433427727, -0.6148934597293375104, -1.583096091857800314 ) ) ;
#3072 = CARTESIAN_POINT ( 'NONE',  ( -1.227676249187604540, 0.8486071336999706505, -0.3600410981162294743 ) ) ;
#3073 = B_SPLINE_CURVE_WITH_KNOTS ( 'NONE', 3,
 ( #3234, #5972, #5428, #464, #2686, #7085, #2175, #7017, #6582, #7159 ),
 .UNSPECIFIED., .F., .F.,
 ( 4, 2, 2, 2, 4 ),
 ( 1.084202172485504434E-19, 0.0004068535042414624841, 0.0008137070084829248597, 0.001220560512724387127, 0.001627414016965849503 ),
 .UNSPECIFIED. ) ;
#3074 = VERTEX_POINT ( 'NONE', #3961 ) ;
#3075 = CARTESIAN_POINT ( 'NONE',  ( -1.115481102915915512, -0.9573318031974902276, 1.166818676136215593 ) ) ;
#3076 = VERTEX_POINT ( 'NONE', #5586 ) ;
#3077 = LINE ( 'NONE', #312, #3062 ) ;
#3078 = CARTESIAN_POINT ( 'NONE',  ( 0.000000000000000000, 4.336808689942017736E-16, 5.785601311043761186 ) ) ;
#3079 = ORIENTED_EDGE ( 'NONE', *, *, #858, .T. ) ;
#3080 = CARTESIAN_POINT ( 'NONE',  ( 0.6713085254195687579, 1.162740473580834877, -1.229166666666666075 ) ) ;
#3081 = LINE ( 'NONE', #4817, #605 ) ;
#3082 = CARTESIAN_POINT ( 'NONE',  ( 0.8744335254195679807, -1.514563293868264937, 0.8385416666666670737 ) ) ;
#3083 = DIRECTION ( 'NONE',  ( 1.000000000000000000, 0.000000000000000000, 0.000000000000000000 ) ) ;
#3084 = CARTESIAN_POINT ( 'NONE',  ( -0.6970993649053939256, -1.300712788129358533, 2.780258705677078446 ) ) ;
#3085 = DIRECTION ( 'NONE',  ( 1.000000000000000000, 0.000000000000000000, 0.000000000000000000 ) ) ;
#3086 = B_SPLINE_CURVE_WITH_KNOTS ( 'NONE', 3,
 ( #341, #2558, #5342, #4766, #2011, #4223, #5383, #6431, #3684, #7072 ),
 .UNSPECIFIED., .F., .F.,
 ( 4, 2, 2, 2, 4 ),
 ( 0.000000000000000000, 0.0004068535042414621046, 0.0008137070084829242092, 0.001220560512724386260, 0.001627414016965848418 ),
 .UNSPECIFIED. ) ;
#3087 = CARTESIAN_POINT ( 'NONE',  ( -0.9804069721108304991, 1.118711047843713224, -1.876672333390321246 ) ) ;
#3088 = CARTESIAN_POINT ( 'NONE',  ( -1.854805089941841679E-16, -1.514563293868264271, 0.2656249999999985012 ) ) ;
#3089 = DIRECTION ( 'NONE',  ( 0.000000000000000000, -0.1045284632676536096, -0.9945218953682734009 ) ) ;
#3090 = CARTESIAN_POINT ( 'NONE',  ( 1.006962788129353026, 0.5813702367904168833, -2.833333333333333481 ) ) ;
#3091 = CARTESIAN_POINT ( 'NONE',  ( -1.006962788129352804, -0.5813702367904179935, 1.416666666666665853 ) ) ;
#3092 = ORIENTED_EDGE ( 'NONE', *, *, #2301, .T. ) ;
#3093 = CARTESIAN_POINT ( 'NONE',  ( -0.6713085254195680918, 1.162740473580835321, -3.645833333333333037 ) ) ;
#3094 = CARTESIAN_POINT ( 'NONE',  ( 0.1806920524772136494, -0.4362292037035072623, 4.899999999999999467 ) ) ;
#3095 = CARTESIAN_POINT ( 'NONE',  ( 1.342617050839136406, -3.646728908150268689E-16, -2.312499999999999556 ) ) ;
#3096 = CARTESIAN_POINT ( 'NONE',  ( 1.457936298106122575, 0.04665063509461339630, -2.138972699567486035 ) ) ;
#3097 = ORIENTED_EDGE ( 'NONE', *, *, #4639, .F. ) ;
#3098 = CARTESIAN_POINT ( 'NONE',  ( -1.475000000000008082, 0.1695193230720038191, -1.389114221063317833 ) ) ;
#3099 = CARTESIAN_POINT ( 'NONE',  ( -0.7779006350946131576, 1.254062153034748661, 2.037509918077252014 ) ) ;
#3100 = ORIENTED_EDGE ( 'NONE', *, *, #4733, .F. ) ;
#3101 = CYLINDRICAL_SURFACE ( 'NONE', #2478, 1.394198729810780968 ) ;
#3102 = CARTESIAN_POINT ( 'NONE',  ( 0.1218246128950442458, 1.327712802554104066, -3.098968471944903325 ) ) ;
#3103 = FACE_OUTER_BOUND ( 'NONE', #6119, .T. ) ;
#3104 = LINE ( 'NONE', #2556, #3992 ) ;
#3105 = CARTESIAN_POINT ( 'NONE',  ( 1.227644640911695895, 0.8486523346799813572, -1.014956235882453095 ) ) ;
#3106 = CARTESIAN_POINT ( 'NONE',  ( 0.2335515501219515844, 1.224804097713605433, -3.809601098813362619 ) ) ;
#3107 = EDGE_CURVE ( 'NONE', #2206, #2255, #3998, .T. ) ;
#3108 = ADVANCED_FACE ( 'NONE', ( #6095 ), #6737, .T. ) ;
#3109 = EDGE_LOOP ( 'NONE', ( #6495, #681, #4117, #2412 ) ) ;
#3110 = DIRECTION ( 'NONE',  ( -1.000000000000000000, 0.000000000000000000, 0.000000000000000000 ) ) ;
#3111 = EDGE_LOOP ( 'NONE', ( #4576, #1319, #6094, #4770 ) ) ;
#3112 = CARTESIAN_POINT ( 'NONE',  ( 0.2713331099618212505, 1.444700874165414373, 2.562347990530450037 ) ) ;
#3113 = CARTESIAN_POINT ( 'NONE',  ( -0.5985290348138668781, -1.129983968292002317, -3.605581831570376927 ) ) ;
#3114 = FACE_OUTER_BOUND ( 'NONE', #2890, .T. ) ;
#3115 = CARTESIAN_POINT ( 'NONE',  ( 1.006962788129352804, 0.5813702367904165502, -0.2708333333333329818 ) ) ;
#3116 = EDGE_CURVE ( 'NONE', #4178, #5031, #2847, .T. ) ;
#3117 = DIRECTION ( 'NONE',  ( 1.000000000000000000, 0.000000000000000000, 0.000000000000000000 ) ) ;
#3118 = ADVANCED_FACE ( 'NONE', ( #5020 ), #2911, .T. ) ;
#3119 = CARTESIAN_POINT ( 'NONE',  ( -1.311650288129352582, 0.7572816469341319134, -0.3697916666666666852 ) ) ;
#3120 = CARTESIAN_POINT ( 'NONE',  ( -1.115481102915923728, -0.9573318031974809017, 2.666818676136215149 ) ) ;
#3121 = CARTESIAN_POINT ( 'NONE',  ( 0.5906919597873071526, -1.362147132118055159, -0.2224475543966519808 ) ) ;
#3122 = VERTEX_POINT ( 'NONE', #6772 ) ;
#3123 = DIRECTION ( 'NONE',  ( 0.000000000000000000, 0.000000000000000000, 1.000000000000000000 ) ) ;
#3124 = CARTESIAN_POINT ( 'NONE',  ( -1.475000000000008971, 0.1692640949063658196, 2.682501991454784296 ) ) ;
#3125 = CARTESIAN_POINT ( 'NONE',  ( 0.000000000000000000, 1.514563293868263827, 0.5156249999999986677 ) ) ;
#3126 = CARTESIAN_POINT ( 'NONE',  ( 0.1177436471014954716, -1.212372092318231731, 4.899999999999999467 ) ) ;
#3127 = CARTESIAN_POINT ( 'NONE',  ( -0.6713085254195686469, -1.162740473580835765, -2.041666666666666963 ) ) ;
#3128 = CARTESIAN_POINT ( 'NONE',  ( -1.006962788129352804, -0.5813702367904177715, -0.5833333333333337034 ) ) ;
#3129 = VERTEX_POINT ( 'NONE', #1815 ) ;
#3130 = CARTESIAN_POINT ( 'NONE',  ( 0.6713085254195677587, -1.162740473580835765, -2.895833333333332593 ) ) ;
#3131 = CARTESIAN_POINT ( 'NONE',  ( 0.6970993649053918162, -1.300712788129358755, -0.2177587056770803331 ) ) ;
#3132 = CARTESIAN_POINT ( 'NONE',  ( 1.342617050839136406, -4.346214180721562206E-16, -1.312499999999999334 ) ) ;
#3133 = CARTESIAN_POINT ( 'NONE',  ( 0.7745239857051169352, 1.248213624732792182, -2.055001204787751501 ) ) ;
#3134 = EDGE_CURVE ( 'NONE', #15, #3830, #1843, .T. ) ;
#3135 = VERTEX_POINT ( 'NONE', #3559 ) ;
#3136 = CARTESIAN_POINT ( 'NONE',  ( -0.1343981099701962723, 1.462571274368298813, 0.08357057480886546930 ) ) ;
#3137 = CARTESIAN_POINT ( 'NONE',  ( -0.5344704030327201982, 1.374150139869406706, 2.017766748689354905 ) ) ;
#3138 = ORIENTED_EDGE ( 'NONE', *, *, #3369, .F. ) ;
#3139 = CARTESIAN_POINT ( 'NONE',  ( 1.199424823463227430, -0.8476778146389541968, 1.812262758524466388 ) ) ;
#3140 = DIRECTION ( 'NONE',  ( 1.000000000000000000, 0.000000000000000000, 0.000000000000000000 ) ) ;
#3141 = CARTESIAN_POINT ( 'NONE',  ( -0.7779006350946131576, 1.254062153034748661, 0.1135920390104120936 ) ) ;
#3142 = CYLINDRICAL_SURFACE ( 'NONE', #1329, 1.394198729810780968 ) ;
#3143 = CARTESIAN_POINT ( 'NONE',  ( 1.457284131257207349, -0.2242101233374484970, 0.8511000820226898300 ) ) ;
#3144 = FACE_OUTER_BOUND ( 'NONE', #3580, .T. ) ;
#3145 = VERTEX_POINT ( 'NONE', #3675 ) ;
#3146 = CARTESIAN_POINT ( 'NONE',  ( -1.456819914017537965, -0.2262501026587130371, 1.126623848299654451 ) ) ;
#3147 = EDGE_CURVE ( 'NONE', #2666, #2016, #2814, .T. ) ;
#3148 = ORIENTED_EDGE ( 'NONE', *, *, #738, .F. ) ;
#3149 = DIRECTION ( 'NONE',  ( 0.000000000000000000, 0.000000000000000000, 1.000000000000000000 ) ) ;
#3150 = B_SPLINE_CURVE_WITH_KNOTS ( 'NONE', 3,
 ( #6270, #6844, #6883, #4143, #4581, #1273, #4616, #3529, #6234, #6776 ),
 .UNSPECIFIED., .F., .F.,
 ( 4, 2, 2, 2, 4 ),
 ( 0.000000000000000000, 0.0003036797735981190531, 0.0006073595471962381061, 0.0009110393207943572134, 0.001214719094392476212 ),
 .UNSPECIFIED. ) ;
#3151 = CARTESIAN_POINT ( 'NONE',  ( 0.6970993649053934815, -1.300712788129357644, 0.3583234152560813013 ) ) ;
#3152 = CARTESIAN_POINT ( 'NONE',  ( 0.4362292037035093717, -0.1806920524772066550, 4.899999999999999467 ) ) ;
#3153 = CARTESIAN_POINT ( 'NONE',  ( -1.423946399209847682E-16, -1.162740473580835543, 0.06250000000000005551 ) ) ;
#3154 = DIRECTION ( 'NONE',  ( 1.000000000000000000, 0.000000000000000000, 0.000000000000000000 ) ) ;
#3155 = CARTESIAN_POINT ( 'NONE',  ( 0.8744335254195692020, 1.514563293868263161, -1.494791666666666297 ) ) ;
#3156 = DIRECTION ( 'NONE',  ( 0.000000000000000000, 0.000000000000000000, 1.000000000000000000 ) ) ;
#3157 = ADVANCED_FACE ( 'NONE', ( #4686 ), #6878, .T. ) ;
#3158 = CARTESIAN_POINT ( 'NONE',  ( 0.6713085254195678697, -1.162740473580835765, -3.458333333333333925 ) ) ;
#3159 = ORIENTED_EDGE ( 'NONE', *, *, #2336, .T. ) ;
#3160 = CARTESIAN_POINT ( 'NONE',  ( -0.4811470761692772102, -0.4811470761692765996, 6.388787415248819102 ) ) ;
#3161 = CARTESIAN_POINT ( 'NONE',  ( -0.5344704030327197541, 1.374150139869407372, 0.5177667486893557935 ) ) ;
#3162 = CARTESIAN_POINT ( 'NONE',  ( -1.311650288129352804, -0.7572816469341320245, 0.1822916666666656860 ) ) ;
#3163 = DIRECTION ( 'NONE',  ( 1.000000000000000000, 0.000000000000000000, 0.000000000000000000 ) ) ;
#3164 = CARTESIAN_POINT ( 'NONE',  ( -1.006962788129352582, 0.5813702367904176604, -1.666666666666666963 ) ) ;
#3165 = CARTESIAN_POINT ( 'NONE',  ( -1.006962788129352582, 0.5813702367904175494, 0.8333333333333325932 ) ) ;
#3166 = B_SPLINE_CURVE_WITH_KNOTS ( 'NONE', 3,
 ( #2974, #126, #6326, #1798, #2863, #5068, #708, #3007, #1834, #205 ),
 .UNSPECIFIED., .F., .F.,
 ( 4, 2, 2, 2, 4 ),
 ( 0.000000000000000000, 0.0003638230103348409367, 0.0007276460206696818735, 0.001091469031004523027, 0.001455292041339363530 ),
 .UNSPECIFIED. ) ;
#3167 = CC_DESIGN_PERSON_AND_ORGANIZATION_ASSIGNMENT ( #6710, #6170, ( #429 ) ) ;
#3168 = AXIS2_PLACEMENT_3D ( 'NONE', #4554, #5133, #5667 ) ;
#3169 = CARTESIAN_POINT ( 'NONE',  ( -0.6713085254195680918, 1.162740473580835099, -2.145833333333333037 ) ) ;
#3170 = CARTESIAN_POINT ( 'NONE',  ( 0.2389088871518560697, -1.440113710298796645, -2.256500799607020102 ) ) ;
#3171 = CARTESIAN_POINT ( 'NONE',  ( 1.342617050839136406, -4.695956817007209704E-16, -0.8124999999999994449 ) ) ;
#3172 = AXIS2_PLACEMENT_3D ( 'NONE', #4545, #2919, #2961 ) ;
#3173 = LINE ( 'NONE', #3057, #1545 ) ;
#3174 = AXIS2_PLACEMENT_3D ( 'NONE', #390, #5280, #890 ) ;
#3175 = ORIENTED_EDGE ( 'NONE', *, *, #1552, .F. ) ;
#3176 = CARTESIAN_POINT ( 'NONE',  ( 1.458895936088133283, 0.2902061249663107079, -1.611542158648169742 ) ) ;
#3177 = CARTESIAN_POINT ( 'NONE',  ( 0.2524363860222293421, 1.338355357680879099, -2.875640045303774706 ) ) ;
#3178 = VERTEX_POINT ( 'NONE', #4721 ) ;
#3179 = CARTESIAN_POINT ( 'NONE',  ( 1.152121818957297705, 0.9470596902539564210, 0.4920218095508404610 ) ) ;
#3180 = CIRCLE ( 'NONE', #1770, 2.662878385554965810 ) ;
#3181 = EDGE_CURVE ( 'NONE', #5964, #4032, #1083, .T. ) ;
#3182 = CARTESIAN_POINT ( 'NONE',  ( 0.9807738445987308484, 1.118337879647048227, 1.507375491981503446 ) ) ;
#3183 = DIRECTION ( 'NONE',  ( -0.3826834323650890046, -0.9238795325112871826, 0.000000000000000000 ) ) ;
#3184 = CARTESIAN_POINT ( 'NONE',  ( -0.5344704030327198652, 1.374150139869407150, 1.017766748689356016 ) ) ;
#3185 = DIRECTION ( 'NONE',  ( 1.000000000000000000, 0.000000000000000000, 0.000000000000000000 ) ) ;
#3186 = CARTESIAN_POINT ( 'NONE',  ( -1.334521665427734760, -0.6133972531590033972, -1.763117604208574329 ) ) ;
#3187 = ORIENTED_EDGE ( 'NONE', *, *, #2757, .T. ) ;
#3188 = CARTESIAN_POINT ( 'NONE',  ( 0.5909129938625096168, -1.362019518035235688, -1.650831341878548297 ) ) ;
#3189 = CIRCLE ( 'NONE', #4563, 6.067063046836890905 ) ;
#3190 = ORIENTED_EDGE ( 'NONE', *, *, #871, .T. ) ;
#3191 = PLANE ( 'NONE',  #4449 ) ;
#3192 = EDGE_CURVE ( 'NONE', #4821, #1419, #2012, .T. ) ;
#3193 = CARTESIAN_POINT ( 'NONE',  ( -1.459035672982377463, 0.2897018199735131305, 3.105839000056987320 ) ) ;
#3194 = CARTESIAN_POINT ( 'NONE',  ( -1.475000000000007860, 0.04665063509460934399, 1.691656748589413173 ) ) ;
#3195 = CARTESIAN_POINT ( 'NONE',  ( 1.342617050839136406, -6.794412634721087791E-16, 2.187500000000000000 ) ) ;
#3196 = DIRECTION ( 'NONE',  ( -0.000000000000000000, -0.000000000000000000, 1.000000000000000000 ) ) ;
#3197 = CARTESIAN_POINT ( 'NONE',  ( 0.8744335254195692020, 1.514563293868263161, -0.9947916666666662966 ) ) ;
#3198 = FACE_OUTER_BOUND ( 'NONE', #7172, .T. ) ;
#3199 = CARTESIAN_POINT ( 'NONE',  ( 0.6713085254195678697, -1.162740473580835987, -0.9583333333333337034 ) ) ;
#3200 = CONICAL_SURFACE ( 'NONE', #631, 1.394198729810780968, 0.1221730476396033355 ) ;
#3201 = ORIENTED_EDGE ( 'NONE', *, *, #4325, .F. ) ;
#3202 = CARTESIAN_POINT ( 'NONE',  ( -0.8623696229401451863, 1.205293960163955624, 3.117314170050667688 ) ) ;
#3203 = LINE ( 'NONE', #2575, #5472 ) ;
#3204 = CARTESIAN_POINT ( 'NONE',  ( -0.8744335254195688689, -1.514563293868264049, 3.223958333333332149 ) ) ;
#3205 = DIRECTION ( 'NONE',  ( -0.000000000000000000, 1.981144842755211983E-16, -1.000000000000000000 ) ) ;
#3206 = CARTESIAN_POINT ( 'NONE',  ( 0.000000000000000000, 1.162740473580835543, -2.750000000000000444 ) ) ;
#3207 = EDGE_CURVE ( 'NONE', #4962, #6077, #6934, .T. ) ;
#3208 = CARTESIAN_POINT ( 'NONE',  ( -1.423946399209847929E-16, -1.162740473580835987, 1.499999999999999556 ) ) ;
#3209 = EDGE_CURVE ( 'NONE', #2016, #2326, #900, .T. ) ;
#3210 = CONICAL_SURFACE ( 'NONE', #5149, 1.555801270189232977, 0.1221730476396033355 ) ;
#3211 = CARTESIAN_POINT ( 'NONE',  ( -0.6713085254195685359, -1.162740473580835099, -3.479166666666666075 ) ) ;
#3212 = CARTESIAN_POINT ( 'NONE',  ( 1.212372092318233507, 0.1177436471014822877, 4.899999999999999467 ) ) ;
#3213 = CARTESIAN_POINT ( 'NONE',  ( -1.006962788129352582, -0.5813702367904176604, -1.520833333333332815 ) ) ;
#3214 = CARTESIAN_POINT ( 'NONE',  ( -1.475000000000007638, 0.04665063509461363916, 0.6155746276562531483 ) ) ;
#3215 = ORIENTED_EDGE ( 'NONE', *, *, #4424, .F. ) ;
#3216 = CARTESIAN_POINT ( 'NONE',  ( 0.7779006350946156001, 1.254062153034747107, -1.551092039010412149 ) ) ;
#3217 = CARTESIAN_POINT ( 'NONE',  ( 0.5324716204974826450, 1.374768105607607760, 1.959957181632988155 ) ) ;
#3218 = EDGE_LOOP ( 'NONE', ( #1261, #6599, #5234, #1635 ) ) ;
#3219 = CARTESIAN_POINT ( 'NONE',  ( 0.7779006350946143789, 1.254062153034747995, -2.000000000000000000 ) ) ;
#3220 = DIRECTION ( 'NONE',  ( 0.000000000000000000, 0.000000000000000000, 1.000000000000000000 ) ) ;
#3221 = CARTESIAN_POINT ( 'NONE',  ( 0.7779006350946136017, 1.254062153034748217, 0.9489079609895869627 ) ) ;
#3222 = CARTESIAN_POINT ( 'NONE',  ( -1.168049004239479105, -8.226693232090431865E-13, 3.440564881604828429 ) ) ;
#3223 = LINE ( 'NONE', #1575, #382 ) ;
#3224 = CARTESIAN_POINT ( 'NONE',  ( -0.2341326087609533757, 1.228047485594049526, -3.783179307424072046 ) ) ;
#3225 = ORIENTED_EDGE ( 'NONE', *, *, #4561, .T. ) ;
#3226 = CARTESIAN_POINT ( 'NONE',  ( -0.5906919597873069305, -1.362147132118056048, -1.715052445603348685 ) ) ;
#3227 = B_SPLINE_CURVE_WITH_KNOTS ( 'NONE', 3,
 ( #6800, #180, #3016, #1842, #6766, #3631, #4641, #5182, #138, #1262 ),
 .UNSPECIFIED., .F., .F.,
 ( 4, 2, 2, 2, 4 ),
 ( 3.066586833366748373E-19, 0.0003186061983599814133, 0.0006372123967199625014, 0.0009558185950799435353, 0.001274424793439924569 ),
 .UNSPECIFIED. ) ;
#3228 = VERTEX_POINT ( 'NONE', #3022 ) ;
#3229 = CARTESIAN_POINT ( 'NONE',  ( 0.6970993649053937036, -1.300712788129357866, 0.2822412943229200000 ) ) ;
#3230 = PLANE ( 'NONE',  #391 ) ;
#3231 = DIRECTION ( 'NONE',  ( 0.000000000000000000, 0.000000000000000000, 1.000000000000000000 ) ) ;
#3232 = CARTESIAN_POINT ( 'NONE',  ( 0.6713085254195687579, 1.162740473580834433, 3.270833333333333925 ) ) ;
#3233 = CARTESIAN_POINT ( 'NONE',  ( 1.311650288129352582, -0.7572816469341331347, 2.880208333333333481 ) ) ;
#3234 = CARTESIAN_POINT ( 'NONE',  ( -0.6970993649053939256, -1.300712788129358533, -0.2958234152560814123 ) ) ;
#3235 = CARTESIAN_POINT ( 'NONE',  ( -1.423946399209847929E-16, -1.162740473580835765, -2.000000000000000444 ) ) ;
#3236 = CYLINDRICAL_SURFACE ( 'NONE', #3502, 1.555801270189233199 ) ;
#3237 = CARTESIAN_POINT ( 'NONE',  ( -9.144455000759798487E-16, -0.09330127018922626525, -2.000000000000000000 ) ) ;
#3238 = CARTESIAN_POINT ( 'NONE',  ( 1.311650288129353248, 0.7572816469341306922, 1.432291666666665853 ) ) ;
#3239 = CARTESIAN_POINT ( 'NONE',  ( 0.1210772110230696891, -1.487502386269244248, -0.7441255685504390982 ) ) ;
#3240 = CARTESIAN_POINT ( 'NONE',  ( 0.000000000000000000, 1.162740473580835321, -0.7500000000000002220 ) ) ;
#3241 = CARTESIAN_POINT ( 'NONE',  ( -1.311650288129352804, -0.7572816469341316914, -4.286458333333333037 ) ) ;
#3242 = B_SPLINE_CURVE_WITH_KNOTS ( 'NONE', 3,
 ( #1954, #4200, #6408, #935, #2503, #3584, #6904, #6866, #1916, #7020 ),
 .UNSPECIFIED., .F., .F.,
 ( 4, 2, 2, 2, 4 ),
 ( 1.151964808265848461E-19, 0.0003264682916114043003, 0.0006529365832228084922, 0.0009794048748342127925, 0.001305873166445616984 ),
 .UNSPECIFIED. ) ;
#3243 = EDGE_CURVE ( 'NONE', #2306, #4645, #1243, .T. ) ;
#3244 = CARTESIAN_POINT ( 'NONE',  ( 1.006962788129352804, 0.5813702367904167723, -2.270833333333333037 ) ) ;
#3245 = CARTESIAN_POINT ( 'NONE',  ( 0.7779006350946136017, 1.254062153034748217, 2.448907960989587629 ) ) ;
#3246 = CARTESIAN_POINT ( 'NONE',  ( -0.6713085254195680918, 1.162740473580835321, -1.645833333333332815 ) ) ;
#3247 = CARTESIAN_POINT ( 'NONE',  ( 1.221701500415776298, -0.5603918095259513565, -3.011271569338608067 ) ) ;
#3248 = VERTEX_POINT ( 'NONE', #761 ) ;
#3249 = CARTESIAN_POINT ( 'NONE',  ( 1.321666612154618559, 0.4980553872665124393, -2.641558691386731272 ) ) ;
#3250 = CARTESIAN_POINT ( 'NONE',  ( -0.2713331099618209730, 1.444700874165415039, 2.000152009469549519 ) ) ;
#3251 = EDGE_CURVE ( 'NONE', #5336, #4195, #5139, .T. ) ;
#3252 = ORIENTED_EDGE ( 'NONE', *, *, #4349, .T. ) ;
#3253 = DIRECTION ( 'NONE',  ( 0.000000000000000000, 0.000000000000000000, 1.000000000000000000 ) ) ;
#3254 = CARTESIAN_POINT ( 'NONE',  ( 0.7779006350946156001, 1.254062153034747329, -1.975009918077252902 ) ) ;
#3255 = DIRECTION ( 'NONE',  ( 0.9238795325112857393, -0.3826834323650922243, -0.000000000000000000 ) ) ;
#3256 = CARTESIAN_POINT ( 'NONE',  ( 0.000000000000000000, 4.336808689942017736E-16, 6.399999999999999467 ) ) ;
#3257 = DIRECTION ( 'NONE',  ( 1.000000000000000000, 0.000000000000000000, 0.000000000000000000 ) ) ;
#3258 = CARTESIAN_POINT ( 'NONE',  ( 0.5224951721263846327, -1.214945156595883757, -3.315955710813588642 ) ) ;
#3259 = ORIENTED_EDGE ( 'NONE', *, *, #2530, .F. ) ;
#3260 = CARTESIAN_POINT ( 'NONE',  ( -0.2715616379965416494, 1.444556979311148348, -0.4097830902337568082 ) ) ;
#3261 = ORIENTED_EDGE ( 'NONE', *, *, #238, .F. ) ;
#3262 = CARTESIAN_POINT ( 'NONE',  ( 1.386803860295837465, -0.4870992124572541271, 2.923550243099577894 ) ) ;
#3263 = CARTESIAN_POINT ( 'NONE',  ( 0.9805201148984279413, -0.2732689804942602940, 6.379724703763425708 ) ) ;
#3264 = CARTESIAN_POINT ( 'NONE',  ( -1.459035672982376131, 0.2897018199735174049, 0.6058390000569869871 ) ) ;
#3265 = CARTESIAN_POINT ( 'NONE',  ( -1.423946399209847682E-16, -1.162740473580835765, 2.562500000000000444 ) ) ;
#3266 = CARTESIAN_POINT ( 'NONE',  ( 1.311650288129353248, 0.7572816469341305812, 1.963541666666667185 ) ) ;
#3267 = CARTESIAN_POINT ( 'NONE',  ( 1.006962788129353026, 0.5813702367904166612, 0.1666666666666665186 ) ) ;
#3268 = DIRECTION ( 'NONE',  ( 1.000000000000000000, 0.000000000000000000, 0.000000000000000000 ) ) ;
#3269 = ORIENTED_EDGE ( 'NONE', *, *, #3209, .F. ) ;
#3270 = CARTESIAN_POINT ( 'NONE',  ( 1.227676249187605428, 0.8486071336999694292, -1.077458901883771913 ) ) ;
#3271 = CARTESIAN_POINT ( 'NONE',  ( -1.748867050839136850, -3.923889806482178412E-16, 3.140624999999998224 ) ) ;
#3272 = EDGE_CURVE ( 'NONE', #4185, #4278, #4011, .T. ) ;
#3273 = FACE_OUTER_BOUND ( 'NONE', #1246, .T. ) ;
#3274 = CARTESIAN_POINT ( 'NONE',  ( -0.6713085254195682028, 1.162740473580835321, 2.291666666666665630 ) ) ;
#3275 = CARTESIAN_POINT ( 'NONE',  ( -0.6713085254195686469, -1.162740473580835765, 2.958333333333333037 ) ) ;
#3276 = CARTESIAN_POINT ( 'NONE',  ( 0.6713085254195687579, 1.162740473580834433, 0.7708333333333334814 ) ) ;
#3277 = FACE_OUTER_BOUND ( 'NONE', #90, .T. ) ;
#3278 = CARTESIAN_POINT ( 'NONE',  ( -1.423946399209847682E-16, -1.162740473580835543, -0.9374999999999995559 ) ) ;
#3279 = CARTESIAN_POINT ( 'NONE',  ( -1.348753460210678545, 0.6388952525692670470, 1.589207764782895937 ) ) ;
#3280 = VERTEX_POINT ( 'NONE', #6994 ) ;
#3281 = CARTESIAN_POINT ( 'NONE',  ( 1.459035672982378795, 0.2897018199735125199, 2.456660999943011792 ) ) ;
#3282 = FACE_OUTER_BOUND ( 'NONE', #4870, .T. ) ;
#3283 = AXIS2_PLACEMENT_3D ( 'NONE', #7094, #2145, #6554 ) ;
#3284 = ORIENTED_EDGE ( 'NONE', *, *, #5207, .T. ) ;
#3285 = DIRECTION ( 'NONE',  ( 0.000000000000000000, 0.000000000000000000, 1.000000000000000000 ) ) ;
#3286 = CARTESIAN_POINT ( 'NONE',  ( -0.1360432288665757994, 1.462428290740636738, -0.5077157291247599291 ) ) ;
#3287 = CARTESIAN_POINT ( 'NONE',  ( -0.008203040591588561109, 0.003397810665733357570, 0.3231150289283321597 ) ) ;
#3288 = CARTESIAN_POINT ( 'NONE',  ( -9.144455000759798487E-16, -0.09330127018922626525, -4.000000000000000000 ) ) ;
#3289 = CYLINDRICAL_SURFACE ( 'NONE', #716, 1.555801270189232755 ) ;
#3290 = CARTESIAN_POINT ( 'NONE',  ( 0.7779006350946148229, 1.254062153034747551, -4.000000000000000000 ) ) ;
#3291 = VERTEX_POINT ( 'NONE', #944 ) ;
#3292 = CARTESIAN_POINT ( 'NONE',  ( -1.475000000000007638, 0.04665063509461365304, 0.1916567485894135614 ) ) ;
#3293 = ADVANCED_FACE ( 'NONE', ( #3821 ), #5702, .T. ) ;
#3294 = EDGE_CURVE ( 'NONE', #36, #1201, #2653, .T. ) ;
#3295 = AXIS2_PLACEMENT_3D ( 'NONE', #1749, #196, #6680 ) ;
#3296 = AXIS2_PLACEMENT_3D ( 'NONE', #4613, #4177, #6806 ) ;
#3297 = VERTEX_POINT ( 'NONE', #4291 ) ;
#3298 = CARTESIAN_POINT ( 'NONE',  ( 0.000000000000000000, -1.463672932855430986E-15, 6.399999999999999467 ) ) ;
#3299 = DIRECTION ( 'NONE',  ( -0.1218693434051477398, -0.000000000000000000, -0.9925461516413219831 ) ) ;
#3300 = CARTESIAN_POINT ( 'NONE',  ( 0.08080127018922669824, 0.04665063509461338936, -2.000000000000000000 ) ) ;
#3301 = AXIS2_PLACEMENT_3D ( 'NONE', #3748, #942, #2665 ) ;
#3302 = CARTESIAN_POINT ( 'NONE',  ( -1.342617050839136406, -2.981335332711003230E-16, 1.437500000000000222 ) ) ;
#3303 = CARTESIAN_POINT ( 'NONE',  ( 0.8744335254195692020, 1.514563293868263161, 1.505208333333333259 ) ) ;
#3304 = CARTESIAN_POINT ( 'NONE',  ( 1.342617050839136628, -5.001981623757149232E-16, -0.3750000000000002776 ) ) ;
#3305 = AXIS2_PLACEMENT_3D ( 'NONE', #2157, #3253, #2082 ) ;
#3306 = FACE_OUTER_BOUND ( 'NONE', #5051, .T. ) ;
#3307 = ORIENTED_EDGE ( 'NONE', *, *, #4209, .T. ) ;
#3308 = CARTESIAN_POINT ( 'NONE',  ( 1.311650288129353248, 0.7572816469341304702, 3.432291666666665186 ) ) ;
#3309 = DIRECTION ( 'NONE',  ( 0.1045284632676537900, 0.000000000000000000, -0.9945218953682732899 ) ) ;
#3310 = CARTESIAN_POINT ( 'NONE',  ( 1.006962788129353026, 0.5813702367904166612, 1.166666666666666519 ) ) ;
#3311 = CARTESIAN_POINT ( 'NONE',  ( -1.006962788129352804, -0.5813702367904181045, 3.916666666666665630 ) ) ;
#3312 = CLOSED_SHELL ( 'NONE', ( #558, #3414, #3981, #5534, #674, #4478, #62, #1897, #4972, #7126, #344, #379, #3293, #291, #5785, #258, #2182, #4233, #2570, #247, #4308, #1456, #3401, #5444, #5003, #1130, #4110, #7031, #4348, #2604, #5386, #4119, #4252, #5653, #373, #2710, #2253, #649, #2172, #6714, #4535, #1141, #447, #1551, #479, #3476, #2668, #2422, #5840, #3108, #3854, #6249, #1760, #5215, #3588, #5791, #640, #6124, #1721, #5315, #607, #2881, #1502, #3332, #1020, #5979, #5749, #3613, #2337, #7073, #3799, #739, #5405, #3118, #4026, #5734, #6642, #3810, #4601, #2114, #6882, #1810, #6671, #658, #3157, #5909, #4459, #5515, #3727, #6230, #87, #4995, #815, #491, #5199, #5614, #780, #1993, #2132, #2758, #6797, #2618, #6933, #4742, #2803, #697, #1409, #53, #5575, #4928, #7118, #3586, #4300, #1626, #6175, #6371, #6013, #4562, #3038, #4829, #5274, #143, #1178, #307, #2432, #5664, #5892, #5443, #5954, #3773, #1096 ) ) ;
#3313 = CARTESIAN_POINT ( 'NONE',  ( -1.423946399209847682E-16, -1.162740473580835543, -0.9374999999999995559 ) ) ;
#3314 = CARTESIAN_POINT ( 'NONE',  ( -0.4682146089385929577, 1.188950129944552181, -3.594885230537144150 ) ) ;
#3315 = CARTESIAN_POINT ( 'NONE',  ( 1.006962788129352138, -0.5813702367904185486, 0.6458333333333341475 ) ) ;
#3316 = CARTESIAN_POINT ( 'NONE',  ( -0.7779006350946131576, 1.254062153034748661, 1.537509918077251569 ) ) ;
#3317 = VECTOR ( 'NONE', #5880, 1000.000000000000000 ) ;
#3318 = VERTEX_POINT ( 'NONE', #6563 ) ;
#3319 = B_SPLINE_CURVE_WITH_KNOTS ( 'NONE', 3,
 ( #6306, #1344, #797, #3023, #5223, #2155, #3177, #2080, #2670, #4365 ),
 .UNSPECIFIED., .F., .F.,
 ( 4, 2, 2, 2, 4 ),
 ( 9.697399036122160616E-19, 0.0003786015500060347511, 0.0007572031000120685263, 0.001135804650018101868, 0.001514406200024135535 ),
 .UNSPECIFIED. ) ;
#3320 = CARTESIAN_POINT ( 'NONE',  ( -1.324106266535445720, 0.1630858473686248589, 5.331402218497964363 ) ) ;
#3321 = ORIENTED_EDGE ( 'NONE', *, *, #1066, .T. ) ;
#3322 = CARTESIAN_POINT ( 'NONE',  ( 0.5909129938625093947, -1.362019518035235688, 1.349168658121451703 ) ) ;
#3323 = CARTESIAN_POINT ( 'NONE',  ( -0.08080127018922518556, 0.04665063509461363223, -4.000000000000000000 ) ) ;
#3324 = CARTESIAN_POINT ( 'NONE',  ( 1.311650288129353248, 0.7572816469341309142, -2.067708333333334814 ) ) ;
#3325 = CARTESIAN_POINT ( 'NONE',  ( 0.6970993649053899288, -1.300712788129360087, 2.782241294322919778 ) ) ;
#3326 = CARTESIAN_POINT ( 'NONE',  ( 1.475000000000007638, 0.04665063509460961461, 1.370843251410585051 ) ) ;
#3327 = ORIENTED_EDGE ( 'NONE', *, *, #3676, .T. ) ;
#3328 = CARTESIAN_POINT ( 'NONE',  ( 0.1360432288665760769, 1.462428290740636960, -0.4297842708752406815 ) ) ;
#3329 = B_SPLINE_CURVE_WITH_KNOTS ( 'NONE', 3,
 ( #4369, #1605, #3825, #5487, #521, #4951, #2258, #6668, #1706, #3927 ),
 .UNSPECIFIED., .F., .F.,
 ( 4, 2, 2, 2, 4 ),
 ( 9.995850129923639119E-19, 0.0003335343695401938235, 0.0006670687390803863460, 0.001000603108620579194, 0.001334137478160771825 ),
 .UNSPECIFIED. ) ;
#3330 = ORIENTED_EDGE ( 'NONE', *, *, #6557, .T. ) ;
#3331 = PLANE ( 'NONE',  #1665 ) ;
#3332 = ADVANCED_FACE ( 'NONE', ( #2740 ), #2700, .T. ) ;
#3333 = CARTESIAN_POINT ( 'NONE',  ( -0.6594932763708382106, 1.322424673467953671, -1.472698459904055346 ) ) ;
#3334 = CARTESIAN_POINT ( 'NONE',  ( 0.5818846813168228049, 0.2410245267385751622, 6.399999999999999467 ) ) ;
#3335 = EDGE_CURVE ( 'NONE', #1985, #5297, #7032, .T. ) ;
#3336 = CARTESIAN_POINT ( 'NONE',  ( -0.6713085254195680918, 1.162740473580835099, 1.354166666666666741 ) ) ;
#3337 = ORIENTED_EDGE ( 'NONE', *, *, #5158, .F. ) ;
#3338 = CARTESIAN_POINT ( 'NONE',  ( -0.8744335254195683138, 1.514563293868263383, 2.088541666666666519 ) ) ;
#3339 = CARTESIAN_POINT ( 'NONE',  ( -1.006962788129352582, 0.5813702367904177715, -2.166666666666666963 ) ) ;
#3340 = EDGE_CURVE ( 'NONE', #2438, #15, #2458, .T. ) ;
#3341 = CARTESIAN_POINT ( 'NONE',  ( -0.7779006350946168213, 1.254062153034746663, 3.113592039010412371 ) ) ;
#3342 = ORIENTED_EDGE ( 'NONE', *, *, #1227, .F. ) ;
#3343 = CARTESIAN_POINT ( 'NONE',  ( 1.748867050839136850, -8.731992632799489503E-16, 3.890624999999998668 ) ) ;
#3344 = LINE ( 'NONE', #6521, #2586 ) ;
#3345 = CARTESIAN_POINT ( 'NONE',  ( -1.423946399209847929E-16, -1.162740473580835987, 0.9999999999999991118 ) ) ;
#3346 = CARTESIAN_POINT ( 'NONE',  ( -1.006962788129352804, -0.5813702367904181045, 2.916666666666666519 ) ) ;
#3347 = B_SPLINE_CURVE_WITH_KNOTS ( 'NONE', 3,
 ( #3535, #5127, #52, #159, #6240, #5061, #6173, #2271, #4485, #1279 ),
 .UNSPECIFIED., .F., .F.,
 ( 4, 2, 2, 2, 4 ),
 ( 2.710505431213761085E-19, 0.0003602293305227294621, 0.0007204586610454585989, 0.001080687991568187682, 0.001440917322090917198 ),
 .UNSPECIFIED. ) ;
#3348 = CARTESIAN_POINT ( 'NONE',  ( 1.006962788129352138, -0.5813702367904184376, -0.3541666666666662411 ) ) ;
#3349 = DIRECTION ( 'NONE',  ( 1.000000000000000000, 0.000000000000000000, 0.000000000000000000 ) ) ;
#3350 = CARTESIAN_POINT ( 'NONE',  ( 0.000000000000000000, 1.162740473580834877, 1.812500000000000666 ) ) ;
#3351 = CARTESIAN_POINT ( 'NONE',  ( 1.018139383663450692, -0.8754647550311391857, -3.031286652635414747 ) ) ;
#3352 = ORIENTED_EDGE ( 'NONE', *, *, #6497, .F. ) ;
#3353 = CARTESIAN_POINT ( 'NONE',  ( 0.6970993649053899288, -1.300712788129360087, 2.358323415256081024 ) ) ;
#3354 = ORIENTED_EDGE ( 'NONE', *, *, #1593, .F. ) ;
#3355 = CARTESIAN_POINT ( 'NONE',  ( 1.475000000000007860, -0.09035811372578864131, 1.941696918235121583 ) ) ;
#3356 = CARTESIAN_POINT ( 'NONE',  ( 0.2713331099618338516, 1.444700874165412152, 1.062347990530449593 ) ) ;
#3357 = CARTESIAN_POINT ( 'NONE',  ( -0.6558453166559594649, -1.229258680543444227, -2.671974520999514713 ) ) ;
#3358 = CARTESIAN_POINT ( 'NONE',  ( -0.2715616379965394289, 1.444556979311149014, 2.090216909766242637 ) ) ;
#3359 = EDGE_CURVE ( 'NONE', #4056, #5949, #4871, .T. ) ;
#3360 = ORIENTED_EDGE ( 'NONE', *, *, #7082, .T. ) ;
#3361 = CARTESIAN_POINT ( 'NONE',  ( -0.6970993649053939256, -1.300712788129358755, -0.7197412943229213322 ) ) ;
#3362 = ORIENTED_EDGE ( 'NONE', *, *, #6344, .F. ) ;
#3363 = CARTESIAN_POINT ( 'NONE',  ( 0.8157524219245781971, -1.232208413719159346, 0.2874697484315441032 ) ) ;
#3364 = CARTESIAN_POINT ( 'NONE',  ( 0.2715616379965420935, 1.444556979311147682, -1.527716909766243525 ) ) ;
#3365 = CARTESIAN_POINT ( 'NONE',  ( 1.334521665427734316, -0.6133972531590041743, -0.6743823957914270029 ) ) ;
#3366 = CARTESIAN_POINT ( 'NONE',  ( 0.000000000000000000, 1.162740473580834655, 3.812500000000000888 ) ) ;
#3367 = ORIENTED_EDGE ( 'NONE', *, *, #3207, .T. ) ;
#3368 = CARTESIAN_POINT ( 'NONE',  ( -0.8744335254195688689, -1.514563293868264049, 2.255208333333333925 ) ) ;
#3369 = EDGE_CURVE ( 'NONE', #1388, #109, #1664, .T. ) ;
#3370 = CARTESIAN_POINT ( 'NONE',  ( -0.6713085254195682028, 1.162740473580835099, 1.291666666666665853 ) ) ;
#3371 = CARTESIAN_POINT ( 'NONE',  ( 1.125129766980218715, -0.7947412798170201409, -2.740192445469143312 ) ) ;
#3372 = ORIENTED_EDGE ( 'NONE', *, *, #5981, .F. ) ;
#3373 = CARTESIAN_POINT ( 'NONE',  ( 0.6713085254195677587, -1.162740473580835765, -3.395833333333332593 ) ) ;
#3374 = CARTESIAN_POINT ( 'NONE',  ( -0.6713085254195686469, -1.162740473580835765, -0.04166666666666728885 ) ) ;
#3375 = CARTESIAN_POINT ( 'NONE',  ( 1.006962788129353026, 0.5813702367904164392, 3.166666666666665630 ) ) ;
#3376 = EDGE_CURVE ( 'NONE', #4697, #20, #3166, .T. ) ;
#3377 = CARTESIAN_POINT ( 'NONE',  ( -0.6713085254195680918, 1.162740473580835099, -0.1458333333333328707 ) ) ;
#3378 = CARTESIAN_POINT ( 'NONE',  ( 1.313886099985246858, -0.6029222378907518332, -2.187629429590900898 ) ) ;
#3379 = CARTESIAN_POINT ( 'NONE',  ( 1.006962788129352138, -0.5813702367904186596, 2.145833333333333925 ) ) ;
#3380 = B_SPLINE_CURVE_WITH_KNOTS ( 'NONE', 3,
 ( #6920, #1384, #2557, #4182, #3647, #4222 ),
 .UNSPECIFIED., .F., .F.,
 ( 4, 2, 4 ),
 ( 7.330416009357833729E-15, 0.0004648400797846314312, 0.0009296801595619322463 ),
 .UNSPECIFIED. ) ;
#3381 = ORIENTED_EDGE ( 'NONE', *, *, #2291, .F. ) ;
#3382 = CARTESIAN_POINT ( 'NONE',  ( 1.227644640911695895, 0.8486523346799809131, -0.5149562358824536501 ) ) ;
#3383 = ORIENTED_EDGE ( 'NONE', *, *, #2926, .F. ) ;
#3384 = CARTESIAN_POINT ( 'NONE',  ( -1.348753460210673882, 0.6388952525692753737, -0.4107922352171049507 ) ) ;
#3385 = CARTESIAN_POINT ( 'NONE',  ( 0.5324716204974866418, 1.374768105607605762, -0.5400428183670121784 ) ) ;
#3386 = CARTESIAN_POINT ( 'NONE',  ( -1.227676249187600099, 0.8486071336999776449, 1.139958901883771247 ) ) ;
#3387 = LINE ( 'NONE', #524, #5813 ) ;
#3388 = EDGE_LOOP ( 'NONE', ( #3609, #332, #1814, #1979 ) ) ;
#3389 = CARTESIAN_POINT ( 'NONE',  ( -0.1909720603112342319, 1.391720760096108345, 5.596721811681933723 ) ) ;
#3390 = AXIS2_PLACEMENT_3D ( 'NONE', #1253, #673, #2898 ) ;
#3391 = EDGE_CURVE ( 'NONE', #6353, #2306, #3499, .T. ) ;
#3392 = VERTEX_POINT ( 'NONE', #1759 ) ;
#3393 = CARTESIAN_POINT ( 'NONE',  ( 0.6970993649053931485, -1.300712788129357866, -2.000000000000000000 ) ) ;
#3394 = CARTESIAN_POINT ( 'NONE',  ( -0.9228137282244756046, -1.149940016531953768, 1.684433415356022312 ) ) ;
#3395 = CARTESIAN_POINT ( 'NONE',  ( 0.9804069721108250590, 1.118711047843717887, 0.4391723333903215787 ) ) ;
#3396 = CARTESIAN_POINT ( 'NONE',  ( -1.011949341165592431, 1.084317907452662766, 3.125446062060366348 ) ) ;
#3397 = PERSON_AND_ORGANIZATION ( #4244, #1182 ) ;
#3398 = VERTEX_POINT ( 'NONE', #4050 ) ;
#3399 = CARTESIAN_POINT ( 'NONE',  ( 0.000000000000000000, 0.000000000000000000, 4.000000000000000000 ) ) ;
#3400 = VECTOR ( 'NONE', #6260, 1000.000000000000000 ) ;
#3401 = ADVANCED_FACE ( 'NONE', ( #4560 ), #3983, .T. ) ;
#3402 = B_SPLINE_CURVE_WITH_KNOTS ( 'NONE', 3,
 ( #2027, #3662, #5322, #5897, #4745, #4709, #1871, #3546, #6937, #1913 ),
 .UNSPECIFIED., .F., .F.,
 ( 4, 2, 2, 2, 4 ),
 ( 6.133173666733496745E-19, 0.0003484640902588248177, 0.0006969281805176494185, 0.001045392270776473965, 0.001393856361035298837 ),
 .UNSPECIFIED. ) ;
#3403 = AXIS2_PLACEMENT_3D ( 'NONE', #882, #5772, #3110 ) ;
#3404 = CARTESIAN_POINT ( 'NONE',  ( 0.6713085254195678697, -1.162740473580836209, 2.541666666666666075 ) ) ;
#3405 = DIRECTION ( 'NONE',  ( -1.000000000000000000, 0.000000000000000000, 0.000000000000000000 ) ) ;
#3406 = VERTEX_POINT ( 'NONE', #4595 ) ;
#3407 = AXIS2_PLACEMENT_3D ( 'NONE', #5226, #5802, #1311 ) ;
#3408 = CARTESIAN_POINT ( 'NONE',  ( -1.748867050839136850, -4.623375079053473901E-16, 4.140624999999999112 ) ) ;
#3409 = CARTESIAN_POINT ( 'NONE',  ( -1.423946399209847929E-16, -1.162740473580835987, 2.499999999999999556 ) ) ;
#3410 = CARTESIAN_POINT ( 'NONE',  ( 0.8744335254195692020, 1.514563293868263383, -3.494791666666666519 ) ) ;
#3411 = CARTESIAN_POINT ( 'NONE',  ( 0.8840870061374976885, 1.192755423128869507, 2.515835324788116889 ) ) ;
#3412 = AXIS2_PLACEMENT_3D ( 'NONE', #2318, #1733, #5011 ) ;
#3413 = CARTESIAN_POINT ( 'NONE',  ( -1.342617050839136406, -2.281850060139709713E-16, 0.4375000000000003886 ) ) ;
#3414 = ADVANCED_FACE ( 'NONE', ( #6289 ), #5465, .T. ) ;
#3415 = CARTESIAN_POINT ( 'NONE',  ( 1.227644640911695229, 0.8486523346799811351, -1.514956235882452873 ) ) ;
#3416 = CARTESIAN_POINT ( 'NONE',  ( -1.423946399209847682E-16, -1.162740473580835765, 0.5625000000000004441 ) ) ;
#3417 = CARTESIAN_POINT ( 'NONE',  ( 0.6713085254195678697, -1.162740473580835765, -3.458333333333333925 ) ) ;
#3418 = ORIENTED_EDGE ( 'NONE', *, *, #6448, .F. ) ;
#3419 = DIRECTION ( 'NONE',  ( 0.000000000000000000, 0.000000000000000000, 1.000000000000000000 ) ) ;
#3420 = ORIENTED_EDGE ( 'NONE', *, *, #1322, .F. ) ;
#3421 = CARTESIAN_POINT ( 'NONE',  ( -1.334521665427737425, -0.6133972531589955146, 0.2368823957914255873 ) ) ;
#3422 = CARTESIAN_POINT ( 'NONE',  ( 1.348776801269683023, 0.6388452785093678976, 2.910789569215786354 ) ) ;
#3423 = CARTESIAN_POINT ( 'NONE',  ( 0.1210772110230779186, -1.487502386269244470, 2.755874431449562234 ) ) ;
#3424 = CARTESIAN_POINT ( 'NONE',  ( -1.195520135402501349, -0.4166839227512049715, -3.653952291801138230 ) ) ;
#3425 = VERTEX_POINT ( 'NONE', #4018 ) ;
#3426 = CARTESIAN_POINT ( 'NONE',  ( -1.475000000000007638, 0.04665063509460937174, 1.115574627656253703 ) ) ;
#3427 = ORIENTED_EDGE ( 'NONE', *, *, #6221, .F. ) ;
#3428 = CARTESIAN_POINT ( 'NONE',  ( -0.8157524219245715358, -1.232208413719163120, 1.275030251568455952 ) ) ;
#3429 = CARTESIAN_POINT ( 'NONE',  ( -0.1360432288665757439, 1.462428290740637182, -1.507715729124760262 ) ) ;
#3430 = PLANE ( 'NONE',  #4932 ) ;
#3431 = CARTESIAN_POINT ( 'NONE',  ( 1.348776801269687020, 0.6388452785093609032, -1.089210430784214312 ) ) ;
#3432 = ORIENTED_EDGE ( 'NONE', *, *, #2078, .T. ) ;
#3433 = CARTESIAN_POINT ( 'NONE',  ( -0.7779006350946143789, 1.254062153034747995, -4.000000000000000000 ) ) ;
#3434 = CARTESIAN_POINT ( 'NONE',  ( 1.342617050839136628, -7.100437441471028304E-16, 2.624999999999999556 ) ) ;
#3435 = CARTESIAN_POINT ( 'NONE',  ( 0.6970993649053919272, -1.300712788129358977, -1.717758705677080444 ) ) ;
#3436 = ORIENTED_EDGE ( 'NONE', *, *, #1350, .T. ) ;
#3437 = CARTESIAN_POINT ( 'NONE',  ( 1.342617050839136406, -3.296986271864621684E-16, -2.812499999999999556 ) ) ;
#3438 = CARTESIAN_POINT ( 'NONE',  ( 1.342617050839136628, -7.450180077756674323E-16, 3.124999999999999112 ) ) ;
#3439 = CARTESIAN_POINT ( 'NONE',  ( -1.311650288129352804, -0.7572816469341318024, -2.786458333333333037 ) ) ;
#3440 = CARTESIAN_POINT ( 'NONE',  ( -0.7779006350946168213, 1.254062153034746663, 3.113592039010412371 ) ) ;
#3441 = CARTESIAN_POINT ( 'NONE',  ( -1.006962788129352360, 0.5813702367904174384, 0.8958333333333335924 ) ) ;
#3442 = CARTESIAN_POINT ( 'NONE',  ( -1.311650288129352804, -0.7572816469341319134, -1.317708333333334370 ) ) ;
#3443 = CARTESIAN_POINT ( 'NONE',  ( 1.456592903586512167, -0.08796623980001437582, -2.149913769924634455 ) ) ;
#3444 = CARTESIAN_POINT ( 'NONE',  ( -1.006962788129352582, -0.5813702367904178825, 1.479166666666666741 ) ) ;
#3445 = CARTESIAN_POINT ( 'NONE',  ( -1.342617050839136628, 2.100662233955227642E-17, -3.125000000000000000 ) ) ;
#3446 = EDGE_CURVE ( 'NONE', #3689, #368, #4454, .T. ) ;
#3447 = DIRECTION ( 'NONE',  ( 1.000000000000000000, 0.000000000000000000, 0.000000000000000000 ) ) ;
#3448 = ORIENTED_EDGE ( 'NONE', *, *, #5179, .F. ) ;
#3449 = CARTESIAN_POINT ( 'NONE',  ( 1.198478436561154048, -0.8490310375816410016, 1.903549062458092633 ) ) ;
#3450 = CARTESIAN_POINT ( 'NONE',  ( -0.1210772110230698279, -1.487502386269245580, -1.193374431449562456 ) ) ;
#3451 = CYLINDRICAL_SURFACE ( 'NONE', #3749, 1.108613885844307756 ) ;
#3452 = DIRECTION ( 'NONE',  ( -0.9238795325112857393, 0.3826834323650922243, -0.000000000000000000 ) ) ;
#3453 = ORIENTED_EDGE ( 'NONE', *, *, #5705, .T. ) ;
#3454 = CARTESIAN_POINT ( 'NONE',  ( -1.475000000000008749, 0.1695193230720017374, 1.110885778936681945 ) ) ;
#3455 = EDGE_CURVE ( 'NONE', #309, #2812, #497, .T. ) ;
#3456 = EDGE_CURVE ( 'NONE', #4835, #5013, #4101, .T. ) ;
#3457 = ORIENTED_EDGE ( 'NONE', *, *, #1220, .F. ) ;
#3458 = CARTESIAN_POINT ( 'NONE',  ( -1.439637804271858945, 0.04665063509461364610, -2.288001972463885370 ) ) ;
#3459 = CARTESIAN_POINT ( 'NONE',  ( 0.08080127018922518556, 0.04665063509461363223, -2.000000000000000000 ) ) ;
#3460 = CARTESIAN_POINT ( 'NONE',  ( -0.5324716204974866418, 1.374768105607605539, 1.602542818367011401 ) ) ;
#3461 = CARTESIAN_POINT ( 'NONE',  ( -1.136209752600084499, 0.9340991589211556922, 3.150486814015857728 ) ) ;
#3462 = CARTESIAN_POINT ( 'NONE',  ( -1.396238660138794163, 0.5242369183443845726, -0.3413115237824930759 ) ) ;
#3463 = DIRECTION ( 'NONE',  ( 1.000000000000000000, 0.000000000000000000, 0.000000000000000000 ) ) ;
#3464 = B_SPLINE_CURVE_WITH_KNOTS ( 'NONE', 3,
 ( #3858, #1636, #1774, #2257, #3449, #2842, #5046, #6634, #3355, #4401 ),
 .UNSPECIFIED., .F., .F.,
 ( 4, 2, 2, 2, 4 ),
 ( 0.000000000000000000, 0.0004068535042414617793, 0.0008137070084829238839, 0.001220560512724386043, 0.001627414016965848201 ),
 .UNSPECIFIED. ) ;
#3465 = ORIENTED_EDGE ( 'NONE', *, *, #5043, .F. ) ;
#3466 = CARTESIAN_POINT ( 'NONE',  ( -0.7779006350946147119, 1.254062153034748439, -2.000000000000000000 ) ) ;
#3467 = CC_DESIGN_PERSON_AND_ORGANIZATION_ASSIGNMENT ( #4073, #4585, ( #5712 ) ) ;
#3468 = VERTEX_POINT ( 'NONE', #6861 ) ;
#3469 = CARTESIAN_POINT ( 'NONE',  ( 0.6713085254195689799, 1.162740473580834877, 2.708333333333332149 ) ) ;
#3470 = CARTESIAN_POINT ( 'NONE',  ( 0.6970993649053929264, -1.300712788129358088, -4.000000000000000000 ) ) ;
#3471 = ORIENTED_EDGE ( 'NONE', *, *, #6145, .T. ) ;
#3472 = CARTESIAN_POINT ( 'NONE',  ( 0.6713085254195687579, 1.162740473580835099, -3.229166666666666519 ) ) ;
#3473 = CARTESIAN_POINT ( 'NONE',  ( -1.342617050839136628, -4.686330684603529792E-16, 3.874999999999999556 ) ) ;
#3474 = CARTESIAN_POINT ( 'NONE',  ( -1.311650288129352804, -0.7572816469341318024, -3.286458333333333037 ) ) ;
#3475 = CARTESIAN_POINT ( 'NONE',  ( 0.8155067236291689836, -1.232350267696154189, 0.8685317932373882721 ) ) ;
#3476 = ADVANCED_FACE ( 'NONE', ( #1911 ), #5780, .T. ) ;
#3477 = CARTESIAN_POINT ( 'NONE',  ( -0.6713085254195685359, -1.162740473580835765, 2.020833333333333481 ) ) ;
#3478 = CARTESIAN_POINT ( 'NONE',  ( -0.8744335254195688689, -1.514563293868263383, -3.276041666666667407 ) ) ;
#3479 = CARTESIAN_POINT ( 'NONE',  ( 1.386814212877746977, -0.4873690709679284749, -1.166514657197117666 ) ) ;
#3480 = CARTESIAN_POINT ( 'NONE',  ( -0.6713085254195686469, -1.162740473580835543, -4.041666666666666963 ) ) ;
#3481 = CARTESIAN_POINT ( 'NONE',  ( -0.6713085254195682028, 1.162740473580835765, -2.708333333333333481 ) ) ;
#3482 = CARTESIAN_POINT ( 'NONE',  ( -1.006962788129352804, -0.5813702367904176604, -2.583333333333333925 ) ) ;
#3483 = ORIENTED_EDGE ( 'NONE', *, *, #2489, .T. ) ;
#3484 = CARTESIAN_POINT ( 'NONE',  ( 1.157611600243369177, 0.5500245263051735112, -3.710365478326755451 ) ) ;
#3485 = DIRECTION ( 'NONE',  ( -0.1218693434051477398, -0.000000000000000000, -0.9925461516413219831 ) ) ;
#3486 = CARTESIAN_POINT ( 'NONE',  ( 1.342617050839136406, -2.947243635578975665E-16, -3.312499999999999556 ) ) ;
#3487 = CARTESIAN_POINT ( 'NONE',  ( 0.3613841049544181394, 0.3613841049544160855, 4.899999999999999467 ) ) ;
#3488 = ORIENTED_EDGE ( 'NONE', *, *, #6892, .T. ) ;
#3489 = DIRECTION ( 'NONE',  ( 1.000000000000000000, 0.000000000000000000, 0.000000000000000000 ) ) ;
#3490 = CARTESIAN_POINT ( 'NONE',  ( -0.6970993649053939256, -1.300712788129358533, 2.780258705677078446 ) ) ;
#3491 = ORIENTED_EDGE ( 'NONE', *, *, #1832, .T. ) ;
#3492 = CARTESIAN_POINT ( 'NONE',  ( -0.6984355002851040384, 1.116424502114365058, -3.294383173668718801 ) ) ;
#3493 = CARTESIAN_POINT ( 'NONE',  ( 0.4731098738486713140, -1.390891777959559761, -2.148681605933753680 ) ) ;
#3494 = FACE_OUTER_BOUND ( 'NONE', #5876, .T. ) ;
#3495 = CARTESIAN_POINT ( 'NONE',  ( -0.1360432288665757161, 1.462428290740636960, -1.007715729124759818 ) ) ;
#3496 = CARTESIAN_POINT ( 'NONE',  ( 1.198478436561162708, -0.8490310375816276789, 0.4035490624580936325 ) ) ;
#3497 = EDGE_CURVE ( 'NONE', #5690, #6298, #1994, .T. ) ;
#3498 = EDGE_CURVE ( 'NONE', #3406, #6353, #4741, .T. ) ;
#3499 = B_SPLINE_CURVE_WITH_KNOTS ( 'NONE', 3,
 ( #6756, #4523, #5174, #5208, #4125, #2934, #6721, #168, #6790, #747 ),
 .UNSPECIFIED., .F., .F.,
 ( 4, 2, 2, 2, 4 ),
 ( 0.000000000000000000, 0.0003638230103348397441, 0.0007276460206696794882, 0.001091469031004519124, 0.001455292041339358976 ),
 .UNSPECIFIED. ) ;
#3500 = VERTEX_POINT ( 'NONE', #4235 ) ;
#3501 = FACE_OUTER_BOUND ( 'NONE', #3997, .T. ) ;
#3502 = AXIS2_PLACEMENT_3D ( 'NONE', #7129, #5504, #6076 ) ;
#3503 = ORIENTED_EDGE ( 'NONE', *, *, #3930, .F. ) ;
#3504 = CARTESIAN_POINT ( 'NONE',  ( -1.423946399209847929E-16, -1.162740473580835987, 0.9999999999999991118 ) ) ;
#3505 = DIRECTION ( 'NONE',  ( 0.000000000000000000, 0.000000000000000000, 1.000000000000000000 ) ) ;
#3506 = ORIENTED_EDGE ( 'NONE', *, *, #1363, .T. ) ;
#3507 = AXIS2_PLACEMENT_3D ( 'NONE', #2228, #42, #6670 ) ;
#3508 = CARTESIAN_POINT ( 'NONE',  ( 0.8744335254195679807, -1.514563293868264937, 4.307291666666664298 ) ) ;
#3509 = CARTESIAN_POINT ( 'NONE',  ( 0.1211321603579820078, -1.487497613189344703, 0.8183770974508801643 ) ) ;
#3510 = VECTOR ( 'NONE', #6468, 1000.000000000000000 ) ;
#3511 = CARTESIAN_POINT ( 'NONE',  ( -0.8744335254195688689, -1.514563293868263605, -2.244791666666666075 ) ) ;
#3512 = CARTESIAN_POINT ( 'NONE',  ( 0.6594932763708382106, 1.322424673467952116, 3.035198459904055568 ) ) ;
#3513 = CARTESIAN_POINT ( 'NONE',  ( 1.006962788129352138, -0.5813702367904185486, 1.145833333333333703 ) ) ;
#3514 = CARTESIAN_POINT ( 'NONE',  ( 1.748867050839136850, -4.535080997371730371E-16, -2.109375000000000888 ) ) ;
#3515 = FACE_OUTER_BOUND ( 'NONE', #6765, .T. ) ;
#3516 = CARTESIAN_POINT ( 'NONE',  ( 0.000000000000000000, 1.162740473580834655, 4.312499999999999112 ) ) ;
#3517 = CARTESIAN_POINT ( 'NONE',  ( 0.000000000000000000, 1.162740473580835321, -2.250000000000000444 ) ) ;
#3518 = EDGE_LOOP ( 'NONE', ( #2699, #4689, #6356, #6197 ) ) ;
#3519 = DIRECTION ( 'NONE',  ( 1.000000000000000000, 0.000000000000000000, 0.000000000000000000 ) ) ;
#3520 = DIRECTION ( 'NONE',  ( -0.06093467170257362703, -0.1055419473313876366, -0.9925461516413219831 ) ) ;
#3521 = CARTESIAN_POINT ( 'NONE',  ( -0.6713085254195685359, -1.162740473580835321, -3.979166666666666075 ) ) ;
#3522 = FACE_OUTER_BOUND ( 'NONE', #3388, .T. ) ;
#3523 = VECTOR ( 'NONE', #3485, 1000.000000000000000 ) ;
#3524 = ORIENTED_EDGE ( 'NONE', *, *, #3687, .T. ) ;
#3525 = CARTESIAN_POINT ( 'NONE',  ( -1.459035672982378129, 0.2897018199735066912, -1.394160999943012680 ) ) ;
#3526 = CARTESIAN_POINT ( 'NONE',  ( 0.08080127018922518556, 0.04665063509461363223, -4.000000000000000000 ) ) ;
#3527 = ORIENTED_EDGE ( 'NONE', *, *, #2300, .T. ) ;
#3528 = CARTESIAN_POINT ( 'NONE',  ( -0.6970993649053902619, -1.300712788129360753, 1.280258705677079556 ) ) ;
#3529 = CARTESIAN_POINT ( 'NONE',  ( 1.227362090477102985, 0.2494599410477162660, -3.907769405941316165 ) ) ;
#3530 = CARTESIAN_POINT ( 'NONE',  ( 0.5505050527625241497, -1.275087786916295096, -2.777695969198156423 ) ) ;
#3531 = CARTESIAN_POINT ( 'NONE',  ( 0.9228137282244780470, -1.149940016531952214, -1.621933415356022978 ) ) ;
#3532 = CARTESIAN_POINT ( 'NONE',  ( -1.475000000000006972, -0.09035811372578776701, 0.1208030817648783201 ) ) ;
#3533 = PERSON_AND_ORGANIZATION ( #4244, #1182 ) ;
#3534 = ORIENTED_EDGE ( 'NONE', *, *, #3251, .F. ) ;
#3535 = CARTESIAN_POINT ( 'NONE',  ( -1.292002978248236733, 0.04665063509461363223, -3.490391140434019768 ) ) ;
#3536 = EDGE_CURVE ( 'NONE', #1671, #3291, #5830, .T. ) ;
#3537 = ORIENTED_EDGE ( 'NONE', *, *, #6256, .T. ) ;
#3538 = FACE_OUTER_BOUND ( 'NONE', #6512, .T. ) ;
#3539 = CARTESIAN_POINT ( 'NONE',  ( 0.6592475780754362136, 1.322566527444943185, 1.454136415098210788 ) ) ;
#3540 = ORIENTED_EDGE ( 'NONE', *, *, #6186, .F. ) ;
#3541 = CARTESIAN_POINT ( 'NONE',  ( -0.6713085254195685359, -1.162740473580835543, -1.479166666666665853 ) ) ;
#3542 = CARTESIAN_POINT ( 'NONE',  ( -0.6713085254195686469, -1.162740473580835765, 3.458333333333332149 ) ) ;
#3543 = CARTESIAN_POINT ( 'NONE',  ( 0.8744335254195679807, -1.514563293868264715, -1.661458333333332815 ) ) ;
#3544 = CARTESIAN_POINT ( 'NONE',  ( 1.386803860295837687, -0.4870992124572536830, 0.9235502430995766732 ) ) ;
#3545 = EDGE_CURVE ( 'NONE', #2666, #36, #3772, .T. ) ;
#3546 = CARTESIAN_POINT ( 'NONE',  ( 1.397351675054784970, 0.2793978269059293473, -2.507281181571095363 ) ) ;
#3547 = CARTESIAN_POINT ( 'NONE',  ( 0.000000000000000000, 1.162740473580834877, 1.312500000000000222 ) ) ;
#3548 = CARTESIAN_POINT ( 'NONE',  ( -1.311650288129352804, -0.7572816469341318024, -1.817708333333334370 ) ) ;
#3549 = CYLINDRICAL_SURFACE ( 'NONE', #500, 1.394198729810780968 ) ;
#3550 = CARTESIAN_POINT ( 'NONE',  ( 0.000000000000000000, 1.162740473580834655, 3.812500000000000888 ) ) ;
#3551 = CARTESIAN_POINT ( 'NONE',  ( 1.006962788129353026, 0.5813702367904167723, -1.333333333333333925 ) ) ;
#3552 = VERTEX_POINT ( 'NONE', #2062 ) ;
#3553 = CARTESIAN_POINT ( 'NONE',  ( 0.9923132916675235782, 0.8131497315356249755, -3.691685669961418004 ) ) ;
#3554 = DIRECTION ( 'NONE',  ( -1.000000000000000000, 0.000000000000000000, 0.000000000000000000 ) ) ;
#3555 = CARTESIAN_POINT ( 'NONE',  ( 0.000000000000000000, 1.162740473580835321, -2.687499999999999556 ) ) ;
#3556 = LINE ( 'NONE', #1265, #4203 ) ;
#3557 = B_SPLINE_CURVE_WITH_KNOTS ( 'NONE', 3,
 ( #3099, #1459, #3137, #3250, #6423, #2043, #412, #3217, #5951, #2592 ),
 .UNSPECIFIED., .F., .F.,
 ( 4, 2, 2, 2, 4 ),
 ( 2.168404344971008868E-19, 0.0004068535042414633514, 0.0008137070084829264860, 0.001220560512724389512, 0.001627414016965853189 ),
 .UNSPECIFIED. ) ;
#3558 = ORIENTED_EDGE ( 'NONE', *, *, #2530, .T. ) ;
#3559 = CARTESIAN_POINT ( 'NONE',  ( -0.6558453166559594649, -1.229258680543444227, -2.671974520999514713 ) ) ;
#3560 = DIRECTION ( 'NONE',  ( 1.000000000000000000, 0.000000000000000000, 0.000000000000000000 ) ) ;
#3561 = EDGE_LOOP ( 'NONE', ( #907, #4141, #3630, #6086 ) ) ;
#3562 = DIRECTION ( 'NONE',  ( 0.000000000000000000, 0.000000000000000000, 1.000000000000000000 ) ) ;
#3563 = EDGE_CURVE ( 'NONE', #4715, #396, #1944, .T. ) ;
#3564 = DIRECTION ( 'NONE',  ( 0.000000000000000000, 0.000000000000000000, 1.000000000000000000 ) ) ;
#3565 = FACE_BOUND ( 'NONE', #6161, .T. ) ;
#3566 = CARTESIAN_POINT ( 'NONE',  ( 0.7219906035974783531, 1.157223137828931936, -2.910701330623294503 ) ) ;
#3567 = CARTESIAN_POINT ( 'NONE',  ( -1.456819914017538187, -0.2262501026587132591, 0.1266238482996548675 ) ) ;
#3568 = PERSON_AND_ORGANIZATION ( #4244, #1182 ) ;
#3569 = ORIENTED_EDGE ( 'NONE', *, *, #6318, .F. ) ;
#3570 = CARTESIAN_POINT ( 'NONE',  ( 0.6282747406767085208, 1.257139470188830765, -2.587597592461707396 ) ) ;
#3571 = ORIENTED_EDGE ( 'NONE', *, *, #3853, .F. ) ;
#3572 = CARTESIAN_POINT ( 'NONE',  ( 1.332784450235997120, -0.1567257097107890851, 3.275829435608311524 ) ) ;
#3573 = LINE ( 'NONE', #2417, #1869 ) ;
#3574 = ORIENTED_EDGE ( 'NONE', *, *, #1362, .T. ) ;
#3575 = CARTESIAN_POINT ( 'NONE',  ( -1.006962788129352582, -0.5813702367904176604, -1.520833333333332815 ) ) ;
#3576 = CARTESIAN_POINT ( 'NONE',  ( -1.227676249187604318, 0.8486071336999704284, -0.8600410981162288637 ) ) ;
#3577 = EDGE_CURVE ( 'NONE', #7151, #5964, #1067, .T. ) ;
#3578 = CARTESIAN_POINT ( 'NONE',  ( 1.748867050839136850, -6.655395729853463183E-16, 0.9218750000000000000 ) ) ;
#3579 = CARTESIAN_POINT ( 'NONE',  ( -0.2715616379965395955, 1.444556979311149014, 3.090216909766242637 ) ) ;
#3580 = EDGE_LOOP ( 'NONE', ( #3252, #1847, #4723, #4623, #2378, #599, #1307, #5343, #6695, #200, #2370, #1976, #2041, #2176, #6748 ) ) ;
#3581 = CARTESIAN_POINT ( 'NONE',  ( -1.475000000000007638, 0.04665063509460933011, 2.615574627656254147 ) ) ;
#3582 = CARTESIAN_POINT ( 'NONE',  ( -1.342617050839136406, -3.331077968996649249E-16, 1.937500000000000000 ) ) ;
#3583 = CARTESIAN_POINT ( 'NONE',  ( -1.748867050839136850, -1.125948716197006315E-16, -0.8593750000000011102 ) ) ;
#3584 = CARTESIAN_POINT ( 'NONE',  ( 1.110294953617280367, 0.7670481214157215399, -3.159684720679337033 ) ) ;
#3585 = CARTESIAN_POINT ( 'NONE',  ( -1.006962788129352360, 0.5813702367904172164, 3.895833333333333481 ) ) ;
#3586 = ADVANCED_FACE ( 'NONE', ( #892 ), #4776, .T. ) ;
#3587 = CARTESIAN_POINT ( 'NONE',  ( 0.000000000000000000, 1.162740473580835321, -0.2500000000000002220 ) ) ;
#3588 = ADVANCED_FACE ( 'NONE', ( #2099 ), #3696, .T. ) ;
#3589 = VERTEX_POINT ( 'NONE', #969 ) ;
#3590 = CARTESIAN_POINT ( 'NONE',  ( 1.475000000000007638, 0.04665063509461170321, -4.000000000000000000 ) ) ;
#3591 = CARTESIAN_POINT ( 'NONE',  ( -1.475000000000007638, 0.04665063509461159219, -0.8844253723437459636 ) ) ;
#3592 = CARTESIAN_POINT ( 'NONE',  ( -1.108613885844307756, 5.694469136731557550E-16, 6.399999999999999467 ) ) ;
#3593 = DIRECTION ( 'NONE',  ( -0.000000000000000000, -0.000000000000000000, 1.000000000000000000 ) ) ;
#3594 = VERTEX_POINT ( 'NONE', #5282 ) ;
#3595 = CARTESIAN_POINT ( 'NONE',  ( 5.971959647848235526E-16, -6.947754667219228714E-16, 4.899999999999999467 ) ) ;
#3596 = CARTESIAN_POINT ( 'NONE',  ( 0.09398349249686729912, 1.498307912795380004, -2.023243106664453173 ) ) ;
#3597 = ORIENTED_EDGE ( 'NONE', *, *, #6101, .T. ) ;
#3598 = CARTESIAN_POINT ( 'NONE',  ( 0.2435093434669600987, -1.471454798341268688, -1.238345382570168685 ) ) ;
#3599 = CARTESIAN_POINT ( 'NONE',  ( 1.152562564150568569, 0.9466126766718903074, -0.07167871590350156918 ) ) ;
#3600 = CARTESIAN_POINT ( 'NONE',  ( -0.9791604258076471723, -0.2664333618311777174, 6.314688136532695673 ) ) ;
#3601 = CARTESIAN_POINT ( 'NONE',  ( 0.2713331099618337405, 1.444700874165411486, 1.562347990530449593 ) ) ;
#3602 = CARTESIAN_POINT ( 'NONE',  ( 0.1014726365785630358, -1.256963250497872275, -3.877248646520662589 ) ) ;
#3603 = CARTESIAN_POINT ( 'NONE',  ( -0.9228137282244809336, -1.149940016531950437, 0.1844334153560219791 ) ) ;
#3604 = ORIENTED_EDGE ( 'NONE', *, *, #2975, .F. ) ;
#3605 = CARTESIAN_POINT ( 'NONE',  ( 1.324742717098565281, -0.4638879414910646592, -2.538221701441023992 ) ) ;
#3606 = ORIENTED_EDGE ( 'NONE', *, *, #1457, .T. ) ;
#3607 = CARTESIAN_POINT ( 'NONE',  ( -0.5324716204974825340, 1.374768105607607982, 2.602542818367011179 ) ) ;
#3608 = CARTESIAN_POINT ( 'NONE',  ( -1.239463347660707981, 0.5873740788995786000, -2.980294412048255737 ) ) ;
#3609 = ORIENTED_EDGE ( 'NONE', *, *, #2506, .F. ) ;
#3610 = CARTESIAN_POINT ( 'NONE',  ( -0.6713085254195680918, 1.162740473580835321, -0.6458333333333329263 ) ) ;
#3611 = SPHERICAL_SURFACE ( 'NONE', #4541, 6.077818181818190446 ) ;
#3612 = CARTESIAN_POINT ( 'NONE',  ( 0.8744335254195692020, 1.514563293868263161, 0.005208333333333627080 ) ) ;
#3613 = ADVANCED_FACE ( 'NONE', ( #3198 ), #6974, .T. ) ;
#3614 = CARTESIAN_POINT ( 'NONE',  ( -1.198478436561153826, -0.8490310375816402244, 2.658950937541906256 ) ) ;
#3615 = AXIS2_PLACEMENT_3D ( 'NONE', #1863, #1905, #4153 ) ;
#3616 = CARTESIAN_POINT ( 'NONE',  ( -0.4781220914893996587, -1.408544004613358380, -0.2782088253148372048 ) ) ;
#3617 = CARTESIAN_POINT ( 'NONE',  ( -1.006962788129352582, -0.5813702367904179935, 3.979166666666666519 ) ) ;
#3618 = CARTESIAN_POINT ( 'NONE',  ( -0.7346114643871334282, -1.116905458551671337, -3.143676094474381344 ) ) ;
#3619 = AXIS2_PLACEMENT_3D ( 'NONE', #4844, #3257, #7039 ) ;
#3620 = CARTESIAN_POINT ( 'NONE',  ( -0.8744335254195683138, 1.514563293868263605, 0.5572916666666660745 ) ) ;
#3621 = CARTESIAN_POINT ( 'NONE',  ( 0.8840870061374983546, 1.192755423128870174, 2.015835324788117777 ) ) ;
#3622 = CARTESIAN_POINT ( 'NONE',  ( -1.006962788129352804, -0.5813702367904175494, -4.083333333333333925 ) ) ;
#3623 = CARTESIAN_POINT ( 'NONE',  ( 1.006962788129353026, 0.5813702367904166612, 0.6666666666666660745 ) ) ;
#3624 = AXIS2_PLACEMENT_3D ( 'NONE', #4534, #6338, #5152 ) ;
#3625 = VECTOR ( 'NONE', #6559, 1000.000000000000000 ) ;
#3626 = AXIS2_PLACEMENT_3D ( 'NONE', #5380, #1463, #2635 ) ;
#3627 = EDGE_CURVE ( 'NONE', #1486, #4175, #4318, .T. ) ;
#3628 = EDGE_CURVE ( 'NONE', #1352, #4697, #4158, .T. ) ;
#3629 = VECTOR ( 'NONE', #2813, 1000.000000000000000 ) ;
#3630 = ORIENTED_EDGE ( 'NONE', *, *, #3676, .F. ) ;
#3631 = CARTESIAN_POINT ( 'NONE',  ( 1.189131259235536531, 0.5655086746240172157, -3.425545243064676004 ) ) ;
#3632 = CARTESIAN_POINT ( 'NONE',  ( -0.9243482935200530992, -1.148518002948891281, -0.2307905149663217192 ) ) ;
#3633 = CARTESIAN_POINT ( 'NONE',  ( 1.006962788129352138, -0.5813702367904183266, -2.354166666666666075 ) ) ;
#3634 = VECTOR ( 'NONE', #4069, 1000.000000000000000 ) ;
#3635 = CARTESIAN_POINT ( 'NONE',  ( 1.468915691876008234, 0.04665063509461363223, -2.049552713136391535 ) ) ;
#3636 = EDGE_LOOP ( 'NONE', ( #795, #6831, #1781, #1685 ) ) ;
#3637 = CARTESIAN_POINT ( 'NONE',  ( -0.4781220914894037666, -1.408544004613355938, 2.221791174685162851 ) ) ;
#3638 = AXIS2_PLACEMENT_3D ( 'NONE', #3025, #4067, #1308 ) ;
#3639 = CARTESIAN_POINT ( 'NONE',  ( -1.276771218187282342, 0.2578373366697323532, -3.500786393929432805 ) ) ;
#3640 = EDGE_CURVE ( 'NONE', #2402, #3145, #1752, .T. ) ;
#3641 = B_SPLINE_CURVE_WITH_KNOTS ( 'NONE', 3,
 ( #237, #4016, #2455, #6859, #1286, #3509, #5709, #124, #4558, #1909 ),
 .UNSPECIFIED., .F., .F.,
 ( 4, 2, 2, 2, 4 ),
 ( 0.000000000000000000, 0.0003638230103348395273, 0.0007276460206696790545, 0.001091469031004518690, 0.001455292041339358109 ),
 .UNSPECIFIED. ) ;
#3642 = ORIENTED_EDGE ( 'NONE', *, *, #6594, .T. ) ;
#3643 = DIRECTION ( 'NONE',  ( 1.000000000000000000, 0.000000000000000000, 0.000000000000000000 ) ) ;
#3644 = CARTESIAN_POINT ( 'NONE',  ( 0.000000000000000000, 0.000000000000000000, 5.246254526119613182 ) ) ;
#3645 = CARTESIAN_POINT ( 'NONE',  ( 0.6592475780754286641, 1.322566527444946294, 2.454136415098211899 ) ) ;
#3646 = CARTESIAN_POINT ( 'NONE',  ( -0.2713331099618213060, 1.444700874165414817, 1.000152009469548853 ) ) ;
#3647 = CARTESIAN_POINT ( 'NONE',  ( -0.8466665236697202834, -0.8119109902615972985, 3.445873412263474656 ) ) ;
#3648 = DIRECTION ( 'NONE',  ( -1.000000000000000000, 0.000000000000000000, 0.000000000000000000 ) ) ;
#3649 = ORIENTED_EDGE ( 'NONE', *, *, #6318, .T. ) ;
#3650 = CARTESIAN_POINT ( 'NONE',  ( 0.2575567304297163851, 1.376062358677047071, -2.567923092789083483 ) ) ;
#3651 = ORIENTED_EDGE ( 'NONE', *, *, #2414, .F. ) ;
#3652 = CARTESIAN_POINT ( 'NONE',  ( -1.439637804271858945, 0.04665063509461364610, -2.288001972463885370 ) ) ;
#3653 = CARTESIAN_POINT ( 'NONE',  ( 0.5108953388670200990, -1.189612626830711006, -3.541867916260836413 ) ) ;
#3654 = CARTESIAN_POINT ( 'NONE',  ( -1.396071907617524754, 0.5248421216693845981, 2.094987950763164353 ) ) ;
#3655 = CARTESIAN_POINT ( 'NONE',  ( 1.006962788129352804, 0.5813702367904166612, -0.7708333333333330373 ) ) ;
#3656 = DIRECTION ( 'NONE',  ( 0.000000000000000000, 0.000000000000000000, 1.000000000000000000 ) ) ;
#3657 = CARTESIAN_POINT ( 'NONE',  ( -1.854805089941841679E-16, -1.514563293868264271, -0.7031249999999997780 ) ) ;
#3658 = B_SPLINE_CURVE_WITH_KNOTS ( 'NONE', 3,
 ( #3677, #5335, #909, #480, #5875, #6532, #6996, #6462, #1024, #7065 ),
 .UNSPECIFIED., .F., .F.,
 ( 4, 2, 2, 2, 4 ),
 ( 0.000000000000000000, 0.0003638230103348395815, 0.0007276460206696789461, 0.001091469031004518473, 0.001455292041339357675 ),
 .UNSPECIFIED. ) ;
#3659 = CARTESIAN_POINT ( 'NONE',  ( -1.396071907617526753, 0.5248421216693776037, -1.905012049236836091 ) ) ;
#3660 = CARTESIAN_POINT ( 'NONE',  ( 1.006962788129353026, 0.5813702367904169943, -3.833333333333333481 ) ) ;
#3661 = VERTEX_POINT ( 'NONE', #1586 ) ;
#3662 = CARTESIAN_POINT ( 'NONE',  ( 0.8519116621937257161, 1.147221485733131319, -2.452184037493370550 ) ) ;
#3663 = CARTESIAN_POINT ( 'NONE',  ( -1.152562564150563906, 0.9466126766718960805, 2.634178715903499501 ) ) ;
#3664 = CARTESIAN_POINT ( 'NONE',  ( 1.311650288129353248, 0.7572816469341306922, -0.06770833333333454995 ) ) ;
#3665 = CARTESIAN_POINT ( 'NONE',  ( 0.2538572652780414773, -1.544354521968173577, 6.195034570514510008 ) ) ;
#3666 = CARTESIAN_POINT ( 'NONE',  ( 0.000000000000000000, 1.162740473580835321, -1.750000000000000222 ) ) ;
#3667 = CARTESIAN_POINT ( 'NONE',  ( -1.342617050839136628, -2.238132230604002728E-16, 0.3749999999999994449 ) ) ;
#3668 = ORIENTED_EDGE ( 'NONE', *, *, #1269, .F. ) ;
#3669 = CARTESIAN_POINT ( 'NONE',  ( 1.342617050839136406, -2.597500999293329153E-16, -3.812499999999999556 ) ) ;
#3670 = FACE_OUTER_BOUND ( 'NONE', #1106, .T. ) ;
#3671 = CARTESIAN_POINT ( 'NONE',  ( 0.000000000000000000, 1.162740473580835099, -1.687499999999999334 ) ) ;
#3672 = DIRECTION ( 'NONE',  ( -0.7071067811865489050, 0.000000000000000000, -0.7071067811865462405 ) ) ;
#3673 = SECURITY_CLASSIFICATION ( '', '', #1206 ) ;
#3674 = EDGE_LOOP ( 'NONE', ( #4338, #4848, #5595, #1603 ) ) ;
#3675 = CARTESIAN_POINT ( 'NONE',  ( 0.7506624053238617478, 1.206884155163569172, -2.443675158675561399 ) ) ;
#3676 = EDGE_CURVE ( 'NONE', #335, #5885, #3073, .T. ) ;
#3677 = CARTESIAN_POINT ( 'NONE',  ( 1.475000000000007638, 0.04665063509460961461, 0.9469253723437456305 ) ) ;
#3678 = ORIENTED_EDGE ( 'NONE', *, *, #7125, .T. ) ;
#3679 = CARTESIAN_POINT ( 'NONE',  ( -1.386803860295837243, -0.4870992124572534054, 2.138949756900422106 ) ) ;
#3680 = CYLINDRICAL_SURFACE ( 'NONE', #5503, 1.394198729810780968 ) ;
#3681 = CYLINDRICAL_SURFACE ( 'NONE', #5943, 1.555801270189233199 ) ;
#3682 = DIRECTION ( 'NONE',  ( 1.000000000000000000, 0.000000000000000000, 0.000000000000000000 ) ) ;
#3683 = CARTESIAN_POINT ( 'NONE',  ( -0.6594932763708399870, 1.322424673467952561, 0.02730154009594542089 ) ) ;
#3684 = CARTESIAN_POINT ( 'NONE',  ( -0.6592475780754286641, 1.322566527444947848, 0.6083635849017874353 ) ) ;
#3685 = ORIENTED_EDGE ( 'NONE', *, *, #5355, .F. ) ;
#3686 = CARTESIAN_POINT ( 'NONE',  ( -0.6970993649053902619, -1.300712788129360753, 1.204176584743918532 ) ) ;
#3687 = EDGE_CURVE ( 'NONE', #455, #6654, #4364, .T. ) ;
#3688 = B_SPLINE_CURVE_WITH_KNOTS ( 'NONE', 3,
 ( #1564, #4395, #31, #612, #3279, #3888, #6595, #2151, #2251, #3316 ),
 .UNSPECIFIED., .F., .F.,
 ( 4, 2, 2, 2, 4 ),
 ( 6.098637220230962441E-20, 0.0003638230103348410994, 0.0007276460206696821987, 0.001091469031004523027, 0.001455292041339364397 ),
 .UNSPECIFIED. ) ;
#3689 = VERTEX_POINT ( 'NONE', #5430 ) ;
#3690 = DIRECTION ( 'NONE',  ( 0.000000000000000000, -0.1045284632676538039, 0.9945218953682734009 ) ) ;
#3691 = CARTESIAN_POINT ( 'NONE',  ( -0.1210772110230783349, -1.487502386269244470, 0.3066255685504376549 ) ) ;
#3692 = CARTESIAN_POINT ( 'NONE',  ( 1.457284131257206683, -0.2242101233374547142, -0.6488999179773111692 ) ) ;
#3693 = CARTESIAN_POINT ( 'NONE',  ( -0.6713085254195685359, -1.162740473580835765, 0.5208333333333341475 ) ) ;
#3694 = FACE_OUTER_BOUND ( 'NONE', #6837, .T. ) ;
#3695 = CARTESIAN_POINT ( 'NONE',  ( -0.8744335254195688689, -1.514563293868263605, -1.244791666666666297 ) ) ;
#3696 = CYLINDRICAL_SURFACE ( 'NONE', #2459, 1.394198729810780968 ) ;
#3697 = CARTESIAN_POINT ( 'NONE',  ( -0.6970993649053939256, -1.300712788129358533, -0.2958234152560814123 ) ) ;
#3698 = ORIENTED_EDGE ( 'NONE', *, *, #5179, .T. ) ;
#3699 = DIRECTION ( 'NONE',  ( 1.000000000000000000, 0.000000000000000000, 0.000000000000000000 ) ) ;
#3700 = CARTESIAN_POINT ( 'NONE',  ( -0.7779006350946131576, 1.254062153034748661, 0.5375099180772522356 ) ) ;
#3701 = CARTESIAN_POINT ( 'NONE',  ( 1.311650288129352582, -0.7572816469341329126, 0.8489583333333325932 ) ) ;
#3702 = DIRECTION ( 'NONE',  ( 0.000000000000000000, 0.000000000000000000, 1.000000000000000000 ) ) ;
#3703 = CARTESIAN_POINT ( 'NONE',  ( -1.342617050839136628, -1.396764128901239020E-17, -2.625000000000000444 ) ) ;
#3704 = CARTESIAN_POINT ( 'NONE',  ( 0.000000000000000000, 1.162740473580835321, -0.7500000000000002220 ) ) ;
#3705 = EDGE_CURVE ( 'NONE', #5850, #4591, #5643, .T. ) ;
#3706 = VERTEX_POINT ( 'NONE', #3775 ) ;
#3707 = CARTESIAN_POINT ( 'NONE',  ( -0.6713085254195685359, -1.162740473580835321, -2.479166666666665630 ) ) ;
#3708 = CARTESIAN_POINT ( 'NONE',  ( -0.1177423246886857983, -1.453731678029463570, -2.275362128375359561 ) ) ;
#3709 = CARTESIAN_POINT ( 'NONE',  ( 1.006962788129352804, 0.5813702367904166612, -1.770833333333332593 ) ) ;
#3710 = CARTESIAN_POINT ( 'NONE',  ( -0.08080127018922518556, 0.04665063509461363223, -4.000000000000000000 ) ) ;
#3711 = ORIENTED_EDGE ( 'NONE', *, *, #6135, .T. ) ;
#3712 = CARTESIAN_POINT ( 'NONE',  ( 1.396238660138794829, 0.5242369183443839065, -1.596188476217507812 ) ) ;
#3713 = EDGE_CURVE ( 'NONE', #5328, #481, #1619, .T. ) ;
#3714 = CARTESIAN_POINT ( 'NONE',  ( -0.7737466817024688526, 1.034748676271705525, -3.563779823401341584 ) ) ;
#3715 = ORIENTED_EDGE ( 'NONE', *, *, #7082, .F. ) ;
#3716 = CARTESIAN_POINT ( 'NONE',  ( 1.475000000000007638, 0.04665063509461379876, 0.4469253723437460191 ) ) ;
#3717 = FACE_OUTER_BOUND ( 'NONE', #1460, .T. ) ;
#3718 = CARTESIAN_POINT ( 'NONE',  ( 1.152562564150563906, 0.9466126766718955254, 1.428321284096498944 ) ) ;
#3719 = FACE_OUTER_BOUND ( 'NONE', #164, .T. ) ;
#3720 = DIRECTION ( 'NONE',  ( 0.000000000000000000, 0.000000000000000000, 1.000000000000000000 ) ) ;
#3721 = CARTESIAN_POINT ( 'NONE',  ( -0.6115025155010485047, -1.152454695993214706, -3.394260789384285992 ) ) ;
#3722 = B_SPLINE_CURVE_WITH_KNOTS ( 'NONE', 3,
 ( #5338, #949, #6917, #6956, #6501, #1462, #374, #3182, #2007, #3068 ),
 .UNSPECIFIED., .F., .F.,
 ( 4, 2, 2, 2, 4 ),
 ( 0.000000000000000000, 0.0003638230103348397441, 0.0007276460206696793798, 0.001091469031004518907, 0.001455292041339358760 ),
 .UNSPECIFIED. ) ;
#3723 = ORIENTED_EDGE ( 'NONE', *, *, #3272, .T. ) ;
#3724 = CARTESIAN_POINT ( 'NONE',  ( -1.115242222299296593, -0.9574577668538908348, 0.7568835764329100435 ) ) ;
#3725 = ORIENTED_EDGE ( 'NONE', *, *, #825, .F. ) ;
#3726 = DIRECTION ( 'NONE',  ( 0.3826834323650890046, 0.9238795325112871826, 0.000000000000000000 ) ) ;
#3727 = ADVANCED_FACE ( 'NONE', ( #2725 ), #5936, .T. ) ;
#3728 = PLANE ( 'NONE',  #3757 ) ;
#3729 = CARTESIAN_POINT ( 'NONE',  ( 0.7745239857051169352, 1.248213624732792182, -2.055001204787751501 ) ) ;
#3730 = EDGE_CURVE ( 'NONE', #1229, #4821, #2141, .T. ) ;
#3731 = B_SPLINE_CURVE_WITH_KNOTS ( 'NONE', 3,
 ( #1785, #4583, #5696, #5058, #1589, #4512, #3967, #5089, #6007, #733 ),
 .UNSPECIFIED., .F., .F.,
 ( 4, 2, 2, 2, 4 ),
 ( 3.909146525865938448E-19, 0.0003638230103348399610, 0.0007276460206696795966, 0.001091469031004519124, 0.001455292041339358760 ),
 .UNSPECIFIED. ) ;
#3732 = CARTESIAN_POINT ( 'NONE',  ( 1.006962788129352138, -0.5813702367904185486, 1.145833333333333703 ) ) ;
#3733 = PLANE ( 'NONE',  #6623 ) ;
#3734 = CARTESIAN_POINT ( 'NONE',  ( 0.000000000000000000, 1.514563293868263827, -1.453124999999999556 ) ) ;
#3735 = CARTESIAN_POINT ( 'NONE',  ( -0.9228137282244854855, -1.149940016531945775, 2.684433415356021424 ) ) ;
#3736 = CARTESIAN_POINT ( 'NONE',  ( 1.342617050839136628, -4.652238987471502226E-16, -0.8750000000000003331 ) ) ;
#3737 = CARTESIAN_POINT ( 'NONE',  ( -1.168049004239479105, -8.226693232090431865E-13, 3.440564881604828429 ) ) ;
#3738 = CARTESIAN_POINT ( 'NONE',  ( -1.227676249187600543, 0.8486071336999772008, 2.639958901883770803 ) ) ;
#3739 = CARTESIAN_POINT ( 'NONE',  ( 1.748867050839136850, -8.382249996513843483E-16, 3.390624999999998668 ) ) ;
#3740 = CARTESIAN_POINT ( 'NONE',  ( -1.327717508445854344, -0.6141007875721647968, 3.145755875123370959 ) ) ;
#3741 = CARTESIAN_POINT ( 'NONE',  ( 1.342617050839136628, -5.001981623757149232E-16, -0.3750000000000003886 ) ) ;
#3742 = CARTESIAN_POINT ( 'NONE',  ( 1.006962788129352360, -0.5813702367904186596, 0.08333333333333282911 ) ) ;
#3743 = VECTOR ( 'NONE', #3505, 1000.000000000000000 ) ;
#3744 = CARTESIAN_POINT ( 'NONE',  ( -1.342617050839136406, -5.331368787114768444E-17, -2.062499999999999556 ) ) ;
#3745 = CARTESIAN_POINT ( 'NONE',  ( -1.198478436561158489, -0.8490310375816334520, -0.8410490624580935215 ) ) ;
#3746 = CARTESIAN_POINT ( 'NONE',  ( -1.342617050839136406, -1.582364787568416935E-16, -0.5624999999999996669 ) ) ;
#3747 = CIRCLE ( 'NONE', #956, 6.067063046836890905 ) ;
#3748 = CARTESIAN_POINT ( 'NONE',  ( 0.08080127018922669824, 0.04665063509461338936, -2.000000000000000000 ) ) ;
#3749 = AXIS2_PLACEMENT_3D ( 'NONE', #2363, #6122, #6 ) ;
#3750 = ORIENTED_EDGE ( 'NONE', *, *, #3536, .F. ) ;
#3751 = DIRECTION ( 'NONE',  ( 1.000000000000000000, 0.000000000000000000, 0.000000000000000000 ) ) ;
#3752 = B_SPLINE_CURVE_WITH_KNOTS ( 'NONE', 3,
 ( #1816, #1889, #4140, #6379, #6879, #5655, #1418, #2404, #148, #4107 ),
 .UNSPECIFIED., .F., .F.,
 ( 4, 2, 2, 2, 4 ),
 ( 1.084202172485504434E-19, 0.0003638230103348399610, 0.0007276460206696794882, 0.001091469031004519124, 0.001455292041339358543 ),
 .UNSPECIFIED. ) ;
#3753 = AXIS2_PLACEMENT_3D ( 'NONE', #5040, #4467, #6662 ) ;
#3754 = CARTESIAN_POINT ( 'NONE',  ( -0.7779006350946168213, 1.254062153034746663, 2.113592039010412371 ) ) ;
#3755 = ORIENTED_EDGE ( 'NONE', *, *, #6275, .T. ) ;
#3756 = CARTESIAN_POINT ( 'NONE',  ( -1.198478436561153382, -0.8490310375816402244, 2.158950937541906256 ) ) ;
#3757 = AXIS2_PLACEMENT_3D ( 'NONE', #5925, #1166, #1203 ) ;
#3758 = FACE_OUTER_BOUND ( 'NONE', #1723, .T. ) ;
#3759 = CARTESIAN_POINT ( 'NONE',  ( 0.9804069721108278346, 1.118711047843714557, 1.439172333390320357 ) ) ;
#3760 = FACE_OUTER_BOUND ( 'NONE', #2846, .T. ) ;
#3761 = DIRECTION ( 'NONE',  ( 1.000000000000000000, 0.000000000000000000, 0.000000000000000000 ) ) ;
#3762 = CARTESIAN_POINT ( 'NONE',  ( 0.7779006350946148229, 1.254062153034747551, -4.000000000000000000 ) ) ;
#3763 = VERTEX_POINT ( 'NONE', #397 ) ;
#3764 = CARTESIAN_POINT ( 'NONE',  ( -0.6970993649053921493, -1.300712788129359643, -1.719741294322920444 ) ) ;
#3765 = ORIENTED_EDGE ( 'NONE', *, *, #970, .F. ) ;
#3766 = CARTESIAN_POINT ( 'NONE',  ( 1.108613885844307756, 5.919731077697398099E-16, 3.499999999999999556 ) ) ;
#3767 = CARTESIAN_POINT ( 'NONE',  ( -0.4786287008715402469, -1.408412867817220526, 0.2899943332763457171 ) ) ;
#3768 = CARTESIAN_POINT ( 'NONE',  ( -9.144455000759798487E-16, -0.09330127018922626525, -2.000000000000000000 ) ) ;
#3769 = CARTESIAN_POINT ( 'NONE',  ( -1.342617050839136406, -4.030563241567941780E-16, 2.937499999999999556 ) ) ;
#3770 = AXIS2_PLACEMENT_3D ( 'NONE', #6969, #2058, #1583 ) ;
#3771 = CARTESIAN_POINT ( 'NONE',  ( 0.8744335254195692020, 1.514563293868262939, 3.505208333333333037 ) ) ;
#3772 = LINE ( 'NONE', #1983, #1175 ) ;
#3773 = ADVANCED_FACE ( 'NONE', ( #3306 ), #6150, .T. ) ;
#3774 = CARTESIAN_POINT ( 'NONE',  ( -0.6713085254195686469, -1.162740473580835765, -1.041666666666666963 ) ) ;
#3775 = CARTESIAN_POINT ( 'NONE',  ( -1.544354521968176464, 0.2538572652780203831, 6.195034570514511785 ) ) ;
#3776 = CARTESIAN_POINT ( 'NONE',  ( -0.6594932763708385437, 1.322424673467953449, 0.5273015400959454313 ) ) ;
#3777 = CARTESIAN_POINT ( 'NONE',  ( 1.311650288129353248, 0.7572816469341305812, 2.432291666666666075 ) ) ;
#3778 = CARTESIAN_POINT ( 'NONE',  ( -1.475000000000008082, 0.1692640949063661804, 1.682501991454784074 ) ) ;
#3779 = CARTESIAN_POINT ( 'NONE',  ( 1.342617050839136628, -4.652238987471502226E-16, -0.8750000000000004441 ) ) ;
#3780 = CARTESIAN_POINT ( 'NONE',  ( -0.8744335254195683138, 1.514563293868264049, -4.411458333333333037 ) ) ;
#3781 = VECTOR ( 'NONE', #1637, 1000.000000000000000 ) ;
#3782 = EDGE_CURVE ( 'NONE', #368, #2286, #1321, .T. ) ;
#3783 = DIRECTION ( 'NONE',  ( 1.000000000000000000, 0.000000000000000000, 0.000000000000000000 ) ) ;
#3784 = CARTESIAN_POINT ( 'NONE',  ( 0.4811470761692809295, -0.4811470761692726583, 6.388787415248819102 ) ) ;
#3785 = CARTESIAN_POINT ( 'NONE',  ( -0.6713085254195685359, -1.162740473580835543, -1.979166666666665853 ) ) ;
#3786 = CARTESIAN_POINT ( 'NONE',  ( -0.7253950859569506804, -0.9087174358250725836, 3.445873412263473767 ) ) ;
#3787 = ORIENTED_EDGE ( 'NONE', *, *, #4838, .F. ) ;
#3788 = CARTESIAN_POINT ( 'NONE',  ( 1.396071907617525421, 0.5248421216693839320, 2.467512049236833871 ) ) ;
#3789 = CARTESIAN_POINT ( 'NONE',  ( -1.007505508993363330, 0.8244964713814244561, -3.538387614740363674 ) ) ;
#3790 = EDGE_LOOP ( 'NONE', ( #5634, #6540, #1674, #519 ) ) ;
#3791 = CARTESIAN_POINT ( 'NONE',  ( -1.456819914017537743, -0.2262501026587129538, 2.126623848299654007 ) ) ;
#3792 = CARTESIAN_POINT ( 'NONE',  ( 0.6594932763708422074, 1.322424673467950562, 1.035198459904054680 ) ) ;
#3793 = CARTESIAN_POINT ( 'NONE',  ( 1.396238660138791055, 0.5242369183443916780, 1.403811523782492632 ) ) ;
#3794 = CARTESIAN_POINT ( 'NONE',  ( 0.4790027492810139953, 0.4790027492810118304, 6.362131038465223654 ) ) ;
#3795 = CARTESIAN_POINT ( 'NONE',  ( -0.7779006350946147119, 1.254062153034748439, -2.000000000000000000 ) ) ;
#3796 = DIRECTION ( 'NONE',  ( -1.000000000000000000, -0.000000000000000000, 0.000000000000000000 ) ) ;
#3797 = ORIENTED_EDGE ( 'NONE', *, *, #3391, .T. ) ;
#3798 = CARTESIAN_POINT ( 'NONE',  ( 1.115481102915919287, -0.9573318031974855646, -1.104318676136216038 ) ) ;
#3799 = ADVANCED_FACE ( 'NONE', ( #6006 ), #6518, .T. ) ;
#3800 = ORIENTED_EDGE ( 'NONE', *, *, #6549, .T. ) ;
#3801 = CARTESIAN_POINT ( 'NONE',  ( -0.7779006350946150450, 1.254062153034747551, 0.03750991807725207600 ) ) ;
#3802 = CARTESIAN_POINT ( 'NONE',  ( -1.330428767449099769, -3.776644255144276342E-16, 3.278185118395208875 ) ) ;
#3803 = DIRECTION ( 'NONE',  ( 1.000000000000000000, 0.000000000000000000, 0.000000000000000000 ) ) ;
#3804 = CARTESIAN_POINT ( 'NONE',  ( 1.006962788129352804, 0.5813702367904164392, 2.229166666666667407 ) ) ;
#3805 = CARTESIAN_POINT ( 'NONE',  ( -1.311650288129352804, -0.7572816469341321355, 2.713541666666666963 ) ) ;
#3806 = CARTESIAN_POINT ( 'NONE',  ( 1.342617050839136628, -3.952753714900209695E-16, -1.875000000000000444 ) ) ;
#3807 = DIRECTION ( 'NONE',  ( 0.000000000000000000, 0.000000000000000000, 1.000000000000000000 ) ) ;
#3808 = CARTESIAN_POINT ( 'NONE',  ( 1.411597709383962007, 0.04665063509461363223, -2.516370219104196337 ) ) ;
#3809 = CARTESIAN_POINT ( 'NONE',  ( -1.854805089941841679E-16, -1.514563293868264271, 2.265624999999998668 ) ) ;
#3810 = ADVANCED_FACE ( 'NONE', ( #4933 ), #3236, .T. ) ;
#3811 = DIRECTION ( 'NONE',  ( 0.000000000000000000, 1.000000000000000000, 0.000000000000000000 ) ) ;
#3812 = CARTESIAN_POINT ( 'NONE',  ( -0.6713085254195686469, -1.162740473580835765, -1.541666666666666963 ) ) ;
#3813 = CARTESIAN_POINT ( 'NONE',  ( 0.6713085254195678697, -1.162740473580836209, 2.041666666666666519 ) ) ;
#3814 = CARTESIAN_POINT ( 'NONE',  ( -1.423946399209847682E-16, -1.162740473580835543, -1.937499999999999556 ) ) ;
#3815 = EDGE_CURVE ( 'NONE', #5019, #842, #1722, .T. ) ;
#3816 = CARTESIAN_POINT ( 'NONE',  ( 0.6970993649053931485, -1.300712788129357866, -2.000000000000000000 ) ) ;
#3817 = CARTESIAN_POINT ( 'NONE',  ( 1.006962788129352138, -0.5813702367904184376, -1.854166666666666297 ) ) ;
#3818 = EDGE_CURVE ( 'NONE', #5887, #100, #6716, .T. ) ;
#3819 = DIRECTION ( 'NONE',  ( 1.000000000000000000, 0.000000000000000000, 0.000000000000000000 ) ) ;
#3820 = ORIENTED_EDGE ( 'NONE', *, *, #6145, .F. ) ;
#3821 = FACE_OUTER_BOUND ( 'NONE', #5762, .T. ) ;
#3822 = DIRECTION ( 'NONE',  ( 0.000000000000000000, 0.000000000000000000, 1.000000000000000000 ) ) ;
#3823 = ORIENTED_EDGE ( 'NONE', *, *, #6461, .F. ) ;
#3824 = CARTESIAN_POINT ( 'NONE',  ( 0.1211321603579906536, -1.487497613189344481, -0.6816229025491195026 ) ) ;
#3825 = CARTESIAN_POINT ( 'NONE',  ( 0.9062840112803155490, 1.031720892901480058, -2.926971278806944188 ) ) ;
#3826 = CARTESIAN_POINT ( 'NONE',  ( 1.227676249187599877, 0.8486071336999760906, 1.422541098116229419 ) ) ;
#3827 = CARTESIAN_POINT ( 'NONE',  ( 0.5344704030327280808, 1.374150139869402709, -0.9552667486893562376 ) ) ;
#3828 = CARTESIAN_POINT ( 'NONE',  ( 0.6794740496478803848, -1.028104555908676554, -3.990367159913132955 ) ) ;
#3829 = DIRECTION ( 'NONE',  ( 0.000000000000000000, 0.000000000000000000, 1.000000000000000000 ) ) ;
#3830 = VERTEX_POINT ( 'NONE', #3435 ) ;
#3831 = CARTESIAN_POINT ( 'NONE',  ( -1.457284131257206461, -0.2242101233374606262, 0.7113999179773108361 ) ) ;
#3832 = ORIENTED_EDGE ( 'NONE', *, *, #1939, .T. ) ;
#3833 = CARTESIAN_POINT ( 'NONE',  ( 0.08080127018922518556, 0.04665063509461363223, -2.000000000000000000 ) ) ;
#3834 = CARTESIAN_POINT ( 'NONE',  ( -1.108613885844307756, 5.694469136731557550E-16, 4.000000000000000000 ) ) ;
#3835 = CARTESIAN_POINT ( 'NONE',  ( 1.475000000000007638, 0.04665063509461381958, 0.3708432514105858835 ) ) ;
#3836 = B_SPLINE_CURVE_WITH_KNOTS ( 'NONE', 3,
 ( #482, #6022, #1495, #7067, #7035, #3139, #1026, #1531, #6464, #2005 ),
 .UNSPECIFIED., .F., .F.,
 ( 4, 2, 2, 2, 4 ),
 ( 7.632852596679017644E-19, 0.0004068535042414626467, 0.0008137070084829245344, 0.001220560512724386476, 0.001627414016965848418 ),
 .UNSPECIFIED. ) ;
#3837 = CARTESIAN_POINT ( 'NONE',  ( 0.6713085254195677587, -1.162740473580835987, 1.104166666666667407 ) ) ;
#3838 = CARTESIAN_POINT ( 'NONE',  ( -1.311650288129352582, 0.7572816469341318024, 1.630208333333333259 ) ) ;
#3839 = CARTESIAN_POINT ( 'NONE',  ( 0.6713085254195689799, 1.162740473580834877, -1.291666666666667185 ) ) ;
#3840 = CARTESIAN_POINT ( 'NONE',  ( -0.1029728003212534576, 1.250011346500196963, 3.365216825546090806 ) ) ;
#3841 = EDGE_LOOP ( 'NONE', ( #345, #7130, #3678, #1454 ) ) ;
#3842 = CARTESIAN_POINT ( 'NONE',  ( 0.5324716204974845324, 1.374768105607606872, -1.040042818367011845 ) ) ;
#3843 = CARTESIAN_POINT ( 'NONE',  ( -0.8744335254195683138, 1.514563293868263383, 3.557291666666665186 ) ) ;
#3844 = LINE ( 'NONE', #6043, #1649 ) ;
#3845 = CARTESIAN_POINT ( 'NONE',  ( -0.6713085254195682028, 1.162740473580835321, 1.291666666666665853 ) ) ;
#3846 = CARTESIAN_POINT ( 'NONE',  ( 1.006962788129353026, 0.5813702367904164392, 3.666666666666665186 ) ) ;
#3847 = CARTESIAN_POINT ( 'NONE',  ( -1.006962788129352582, -0.5813702367904176604, -1.020833333333332815 ) ) ;
#3848 = CARTESIAN_POINT ( 'NONE',  ( -0.7779006350946143789, 1.254062153034747995, -4.000000000000000000 ) ) ;
#3849 = CARTESIAN_POINT ( 'NONE',  ( -1.423946399209847682E-16, -1.162740473580835765, 1.562500000000000444 ) ) ;
#3850 = CARTESIAN_POINT ( 'NONE',  ( 0.000000000000000000, 1.162740473580835543, -4.250000000000000000 ) ) ;
#3851 = AXIS2_PLACEMENT_3D ( 'NONE', #4707, #2651, #5394 ) ;
#3852 = ORIENTED_EDGE ( 'NONE', *, *, #5140, .F. ) ;
#3853 = EDGE_CURVE ( 'NONE', #6244, #1748, #6107, .T. ) ;
#3854 = ADVANCED_FACE ( 'NONE', ( #668 ), #19, .T. ) ;
#3855 = CARTESIAN_POINT ( 'NONE',  ( 1.152121818957304145, 0.9470596902539476503, -0.5079781904491599276 ) ) ;
#3856 = CONICAL_SURFACE ( 'NONE', #4323, 1.555801270189232977, 0.1221730476396033355 ) ;
#3857 = ORIENTED_EDGE ( 'NONE', *, *, #2738, .T. ) ;
#3858 = CARTESIAN_POINT ( 'NONE',  ( 0.6970993649053937036, -1.300712788129357866, 1.858323415256081468 ) ) ;
#3859 = CARTESIAN_POINT ( 'NONE',  ( 0.7779006350946156001, 1.254062153034747329, -1.975009918077252902 ) ) ;
#3860 = CARTESIAN_POINT ( 'NONE',  ( 0.8744335254195692020, 1.514563293868263383, -3.526041666666667407 ) ) ;
#3861 = CARTESIAN_POINT ( 'NONE',  ( 1.475000000000007416, -0.09007440577179393060, 0.8606348734292782465 ) ) ;
#3862 = CARTESIAN_POINT ( 'NONE',  ( 2.640000000000000124, 0.000000000000000000, 4.359999999999999432 ) ) ;
#3863 = ORIENTED_EDGE ( 'NONE', *, *, #439, .F. ) ;
#3864 = CARTESIAN_POINT ( 'NONE',  ( -0.6984355002851040384, 1.116424502114365058, -3.294383173668718801 ) ) ;
#3865 = VECTOR ( 'NONE', #666, 1000.000000000000000 ) ;
#3866 = EDGE_CURVE ( 'NONE', #4301, #8, #163, .T. ) ;
#3867 = AXIS2_PLACEMENT_3D ( 'NONE', #2990, #5189, #6840 ) ;
#3868 = ORIENTED_EDGE ( 'NONE', *, *, #257, .T. ) ;
#3869 = CARTESIAN_POINT ( 'NONE',  ( 0.7779006350946136017, 1.254062153034748217, 0.4489079609895874068 ) ) ;
#3870 = PLANE ( 'NONE',  #2472 ) ;
#3871 = FACE_OUTER_BOUND ( 'NONE', #5272, .T. ) ;
#3872 = VECTOR ( 'NONE', #2311, 1000.000000000000000 ) ;
#3873 = CARTESIAN_POINT ( 'NONE',  ( -1.423946399209847682E-16, -1.162740473580835765, 1.062500000000000000 ) ) ;
#3874 = CONICAL_SURFACE ( 'NONE', #4797, 1.394198729810780968, 0.1221730476396033355 ) ;
#3875 = ORIENTED_EDGE ( 'NONE', *, *, #1055, .T. ) ;
#3876 = CARTESIAN_POINT ( 'NONE',  ( -0.8744335254195683138, 1.514563293868263383, 2.588541666666666963 ) ) ;
#3877 = CARTESIAN_POINT ( 'NONE',  ( 0.000000000000000000, 1.162740473580835321, -1.250000000000000222 ) ) ;
#3878 = DIRECTION ( 'NONE',  ( 1.000000000000000000, 0.000000000000000000, 0.000000000000000000 ) ) ;
#3879 = ORIENTED_EDGE ( 'NONE', *, *, #3640, .T. ) ;
#3880 = CARTESIAN_POINT ( 'NONE',  ( 1.311650288129352582, -0.7572816469341331347, 3.848958333333331705 ) ) ;
#3881 = CARTESIAN_POINT ( 'NONE',  ( -1.084337976758423139, 1.019360150579686763, 3.123545553536976715 ) ) ;
#3882 = CARTESIAN_POINT ( 'NONE',  ( -1.006962788129352582, 0.5813702367904174384, 2.333333333333333037 ) ) ;
#3883 = CARTESIAN_POINT ( 'NONE',  ( 1.006962788129352360, -0.5813702367904188817, 4.083333333333333037 ) ) ;
#3884 = EDGE_CURVE ( 'NONE', #3129, #2751, #7083, .T. ) ;
#3885 = CARTESIAN_POINT ( 'NONE',  ( -1.006962788129352582, -0.5813702367904177715, -0.02083333333333277360 ) ) ;
#3886 = CARTESIAN_POINT ( 'NONE',  ( 1.218076211353316562, -1.463672932855430986E-15, 4.899999999999999467 ) ) ;
#3887 = CARTESIAN_POINT ( 'NONE',  ( 1.342617050839136406, -6.794412634721087791E-16, 2.187500000000000000 ) ) ;
#3888 = CARTESIAN_POINT ( 'NONE',  ( -1.227644640911700336, 0.8486523346799754730, 1.577456235882453539 ) ) ;
#3889 = AXIS2_PLACEMENT_3D ( 'NONE', #2520, #6467, #1498 ) ;
#3890 = ORIENTED_EDGE ( 'NONE', *, *, #3294, .T. ) ;
#3891 = CARTESIAN_POINT ( 'NONE',  ( 0.9804069721108322755, 1.118711047843712558, -0.5608276666096790875 ) ) ;
#3892 = ORIENTED_EDGE ( 'NONE', *, *, #5597, .T. ) ;
#3893 = CARTESIAN_POINT ( 'NONE',  ( -1.227644640911694562, 0.8486523346799822454, -0.4225437641175475156 ) ) ;
#3894 = CARTESIAN_POINT ( 'NONE',  ( 0.7779006350946136017, 1.254062153034748217, -0.5510920390104129263 ) ) ;
#3895 = CARTESIAN_POINT ( 'NONE',  ( -0.8744335254195683138, 1.514563293868263605, -1.442708333333334592 ) ) ;
#3896 = CARTESIAN_POINT ( 'NONE',  ( -1.475000000000007638, 0.04665063509460933011, 1.191656748589413617 ) ) ;
#3897 = CARTESIAN_POINT ( 'NONE',  ( -0.7017300865673276045, -1.069704445827216244, -3.610493458091940333 ) ) ;
#3898 = EDGE_CURVE ( 'NONE', #6021, #701, #6617, .T. ) ;
#3899 = EDGE_LOOP ( 'NONE', ( #881, #6506, #5518, #6542 ) ) ;
#3900 = CARTESIAN_POINT ( 'NONE',  ( -0.6970993649053917052, -1.300712788129359643, -4.000000000000000000 ) ) ;
#3901 = VERTEX_POINT ( 'NONE', #1828 ) ;
#3902 = CARTESIAN_POINT ( 'NONE',  ( 1.115242222299292818, -0.9574577668538951647, 0.3056164235670891793 ) ) ;
#3903 = CARTESIAN_POINT ( 'NONE',  ( -0.1360432288665841261, 1.462428290740636960, 2.492284270875241514 ) ) ;
#3904 = CARTESIAN_POINT ( 'NONE',  ( 0.6970993649053918162, -1.300712788129359199, -0.7177587056770798890 ) ) ;
#3905 = CARTESIAN_POINT ( 'NONE',  ( -1.006962788129352360, 0.5813702367904172164, 3.395833333333333925 ) ) ;
#3906 = EDGE_CURVE ( 'NONE', #7043, #5031, #6516, .T. ) ;
#3907 = B_SPLINE_CURVE_WITH_KNOTS ( 'NONE', 3,
 ( #5898, #895, #933, #1481, #5397, #4164, #4746, #5286, #6938, #1010 ),
 .UNSPECIFIED., .F., .F.,
 ( 4, 2, 2, 2, 4 ),
 ( 0.000000000000000000, 0.0003638230103348395273, 0.0007276460206696793798, 0.001091469031004519124, 0.001455292041339358976 ),
 .UNSPECIFIED. ) ;
#3908 = EDGE_LOOP ( 'NONE', ( #669, #4802, #1174, #6342 ) ) ;
#3909 = CARTESIAN_POINT ( 'NONE',  ( 1.748867050839136850, -8.404108911281697222E-16, 3.421875000000000444 ) ) ;
#3910 = CARTESIAN_POINT ( 'NONE',  ( -1.423946399209847929E-16, -1.162740473580835987, 1.499999999999999556 ) ) ;
#3911 = CARTESIAN_POINT ( 'NONE',  ( -0.5906919597873088179, -1.362147132118054493, 2.784947554396650204 ) ) ;
#3912 = ORIENTED_EDGE ( 'NONE', *, *, #5172, .T. ) ;
#3913 = CARTESIAN_POINT ( 'NONE',  ( 1.748867050839136850, -9.081735269085135522E-16, 4.390625000000000000 ) ) ;
#3914 = CARTESIAN_POINT ( 'NONE',  ( -1.423946399209847929E-16, -1.162740473580835987, 1.499999999999999556 ) ) ;
#3915 = B_SPLINE_CURVE_WITH_KNOTS ( 'NONE', 3,
 ( #7033, #6952, #4837, #2631, #1493, #2003, #4292 ),
 .UNSPECIFIED., .F., .F.,
 ( 4, 3, 4 ),
 ( 0.001508768717772394430, 0.002231914141078930863, 0.002852577093040792756 ),
 .UNSPECIFIED. ) ;
#3916 = CARTESIAN_POINT ( 'NONE',  ( 1.006962788129352360, -0.5813702367904188817, 3.583333333333332593 ) ) ;
#3917 = CARTESIAN_POINT ( 'NONE',  ( -0.6713085254195680918, 1.162740473580835099, -0.6458333333333329263 ) ) ;
#3918 = LINE ( 'NONE', #3784, #1309 ) ;
#3919 = CARTESIAN_POINT ( 'NONE',  ( 0.6713085254195677587, -1.162740473580835987, 2.604166666666666519 ) ) ;
#3920 = DIRECTION ( 'NONE',  ( 0.000000000000000000, 0.000000000000000000, -1.000000000000000000 ) ) ;
#3921 = EDGE_CURVE ( 'NONE', #5996, #1985, #886, .T. ) ;
#3922 = B_SPLINE_CURVE_WITH_KNOTS ( 'NONE', 3,
 ( #1195, #4607, #4532, #5759, #3450, #2288, #4502, #2362, #2321, #6194 ),
 .UNSPECIFIED., .F., .F.,
 ( 4, 2, 2, 2, 4 ),
 ( 0.000000000000000000, 0.0003638230103348401236, 0.0007276460206696802472, 0.001091469031004520425, 0.001455292041339360494 ),
 .UNSPECIFIED. ) ;
#3923 = VERTEX_POINT ( 'NONE', #3943 ) ;
#3924 = DIRECTION ( 'NONE',  ( -0.1218693434051477398, -0.000000000000000000, -0.9925461516413219831 ) ) ;
#3925 = ORIENTED_EDGE ( 'NONE', *, *, #3815, .F. ) ;
#3926 = CARTESIAN_POINT ( 'NONE',  ( -1.475000000000007638, 0.04665063509461100932, -4.000000000000000000 ) ) ;
#3927 = CARTESIAN_POINT ( 'NONE',  ( 1.354280597994049984, 0.04665063509461363223, -2.983180630514448151 ) ) ;
#3928 = CARTESIAN_POINT ( 'NONE',  ( 0.2771398520583702174, -0.9812900791250601662, 6.416553586579684776 ) ) ;
#3929 = CARTESIAN_POINT ( 'NONE',  ( 1.457284131257205795, -0.2242101233374615143, 1.351100082022688165 ) ) ;
#3930 = EDGE_CURVE ( 'NONE', #5278, #6877, #2799, .T. ) ;
#3931 = ORIENTED_EDGE ( 'NONE', *, *, #2414, .T. ) ;
#3932 = CARTESIAN_POINT ( 'NONE',  ( -0.1665545566243682718, 1.332238849326561558, 5.364404782542770533 ) ) ;
#3933 = ORIENTED_EDGE ( 'NONE', *, *, #6839, .F. ) ;
#3934 = CARTESIAN_POINT ( 'NONE',  ( 1.475000000000007638, 0.04665063509460958685, 1.446925372343745853 ) ) ;
#3935 = CARTESIAN_POINT ( 'NONE',  ( -1.386803860295836355, -0.4870992124572531279, 1.638949756900422106 ) ) ;
#3936 = DIRECTION ( 'NONE',  ( 0.9238795325112836299, 0.3826834323650973313, 3.356350136355909915E-14 ) ) ;
#3937 = ORIENTED_EDGE ( 'NONE', *, *, #354, .T. ) ;
#3938 = CARTESIAN_POINT ( 'NONE',  ( 1.459035672982378129, 0.2897018199735121313, 2.956660999943011792 ) ) ;
#3939 = EDGE_CURVE ( 'NONE', #4138, #826, #5063, .T. ) ;
#3940 = EDGE_CURVE ( 'NONE', #1052, #4185, #2888, .T. ) ;
#3941 = EDGE_CURVE ( 'NONE', #3500, #161, #6355, .T. ) ;
#3942 = CARTESIAN_POINT ( 'NONE',  ( 0.6713085254195689799, 1.162740473580834877, 1.708333333333332593 ) ) ;
#3943 = CARTESIAN_POINT ( 'NONE',  ( 0.3613841049544204709, -0.3613841049544145867, 4.899999999999999467 ) ) ;
#3944 = VERTEX_POINT ( 'NONE', #6893 ) ;
#3945 = CARTESIAN_POINT ( 'NONE',  ( -1.006962788129352360, 0.5813702367904177715, -4.104166666666666075 ) ) ;
#3946 = CARTESIAN_POINT ( 'NONE',  ( 1.006962788129353026, 0.5813702367904165502, 2.166666666666666519 ) ) ;
#3947 = CARTESIAN_POINT ( 'NONE',  ( -0.8744335254195683138, 1.514563293868264049, -3.911458333333332593 ) ) ;
#3948 = CARTESIAN_POINT ( 'NONE',  ( 0.000000000000000000, 0.000000000000000000, 5.246254526119613182 ) ) ;
#3949 = CARTESIAN_POINT ( 'NONE',  ( -1.423946399209847682E-16, -1.162740473580835543, -1.437499999999999556 ) ) ;
#3950 = CARTESIAN_POINT ( 'NONE',  ( 0.7779006350946172654, 1.254062153034746219, 1.948907960989586519 ) ) ;
#3951 = CARTESIAN_POINT ( 'NONE',  ( 0.6713085254195677587, -1.162740473580835987, 1.104166666666667407 ) ) ;
#3952 = CARTESIAN_POINT ( 'NONE',  ( 1.006962788129353026, 0.5813702367904169943, -3.833333333333333481 ) ) ;
#3953 = ORIENTED_EDGE ( 'NONE', *, *, #4987, .T. ) ;
#3954 = CARTESIAN_POINT ( 'NONE',  ( 0.7779006350946136017, 1.254062153034748217, -0.5510920390104129263 ) ) ;
#3955 = VERTEX_POINT ( 'NONE', #5236 ) ;
#3956 = CARTESIAN_POINT ( 'NONE',  ( -0.7779006350946131576, 1.254062153034748661, 1.037509918077252014 ) ) ;
#3957 = CARTESIAN_POINT ( 'NONE',  ( 1.475000000000007638, 0.04665063509461170321, -4.000000000000000000 ) ) ;
#3958 = LINE ( 'NONE', #6638, #5361 ) ;
#3959 = CARTESIAN_POINT ( 'NONE',  ( -0.7779006350946130466, 1.254062153034748661, -1.386407960989587851 ) ) ;
#3960 = EDGE_LOOP ( 'NONE', ( #3503, #4162, #632, #2791 ) ) ;
#3961 = CARTESIAN_POINT ( 'NONE',  ( 0.7779006350946154891, 1.254062153034747107, -1.051092039010413037 ) ) ;
#3962 = VECTOR ( 'NONE', #4701, 999.9999999999998863 ) ;
#3963 = ORIENTED_EDGE ( 'NONE', *, *, #6510, .F. ) ;
#3964 = DIRECTION ( 'NONE',  ( 0.000000000000000000, 0.000000000000000000, 1.000000000000000000 ) ) ;
#3965 = CARTESIAN_POINT ( 'NONE',  ( 1.475000000000007638, 0.04665063509461176566, -1.129156748589414505 ) ) ;
#3966 = DIRECTION ( 'NONE',  ( 1.000000000000000000, 0.000000000000000000, 0.000000000000000000 ) ) ;
#3967 = CARTESIAN_POINT ( 'NONE',  ( -0.2441168411814895189, -1.471296608598334554, -1.762855142884174553 ) ) ;
#3968 = MECHANICAL_CONTEXT ( 'NONE', #2204, 'mechanical' ) ;
#3969 = CIRCLE ( 'NONE', #3507, 3.000000000000000000 ) ;
#3970 = EDGE_LOOP ( 'NONE', ( #6241, #1704, #3990, #3159 ) ) ;
#3971 = CARTESIAN_POINT ( 'NONE',  ( 0.2664333618311792162, 0.9791604258076449518, 6.314688136532695673 ) ) ;
#3972 = VECTOR ( 'NONE', #4754, 1000.000000000000000 ) ;
#3973 = AXIS2_PLACEMENT_3D ( 'NONE', #2014, #4810, #4184 ) ;
#3974 = B_SPLINE_CURVE_WITH_KNOTS ( 'NONE', 3,
 ( #6603, #3861, #3143, #6669, #5522, #4574, #71, #2810, #585, #1707 ),
 .UNSPECIFIED., .F., .F.,
 ( 4, 2, 2, 2, 4 ),
 ( 7.893110957891142823E-19, 0.0004068535042414640019, 0.0008137070084829271365, 0.001220560512724390380, 0.001627414016965853623 ),
 .UNSPECIFIED. ) ;
#3975 = CARTESIAN_POINT ( 'NONE',  ( -0.6713085254195686469, -1.162740473580835765, 1.958333333333332815 ) ) ;
#3976 = CARTESIAN_POINT ( 'NONE',  ( 0.7779006350946156001, 1.254062153034747329, -1.475009918077252458 ) ) ;
#3977 = ORIENTED_EDGE ( 'NONE', *, *, #3446, .T. ) ;
#3978 = CIRCLE ( 'NONE', #2829, 1.218076211353316562 ) ;
#3979 = CARTESIAN_POINT ( 'NONE',  ( 1.006962788129352138, -0.5813702367904183266, -2.854166666666666519 ) ) ;
#3980 = CARTESIAN_POINT ( 'NONE',  ( 0.000000000000000000, 1.162740473580835099, 1.749999999999999778 ) ) ;
#3981 = ADVANCED_FACE ( 'NONE', ( #1323 ), #6727, .T. ) ;
#3982 = CARTESIAN_POINT ( 'NONE',  ( 0.8744335254195692020, 1.514563293868263383, -3.994791666666666519 ) ) ;
#3983 = PLANE ( 'NONE',  #709 ) ;
#3984 = CARTESIAN_POINT ( 'NONE',  ( -1.006962788129352360, 0.5813702367904172164, 2.895833333333333481 ) ) ;
#3985 = CARTESIAN_POINT ( 'NONE',  ( 0.7779006350946148229, 1.254062153034747551, -4.000000000000000000 ) ) ;
#3986 = CARTESIAN_POINT ( 'NONE',  ( 1.006962788129352804, 0.5813702367904165502, 1.229166666666667407 ) ) ;
#3987 = EDGE_CURVE ( 'NONE', #831, #2871, #1289, .T. ) ;
#3988 = CARTESIAN_POINT ( 'NONE',  ( 1.006962788129353026, 0.5813702367904167723, -0.8333333333333339255 ) ) ;
#3989 = CARTESIAN_POINT ( 'NONE',  ( -0.1211321603579909034, -1.487497613189342704, -0.2558770974508814411 ) ) ;
#3990 = ORIENTED_EDGE ( 'NONE', *, *, #5291, .F. ) ;
#3991 = FACE_OUTER_BOUND ( 'NONE', #774, .T. ) ;
#3992 = VECTOR ( 'NONE', #1464, 1000.000000000000000 ) ;
#3993 = DIRECTION ( 'NONE',  ( 0.000000000000000000, 0.000000000000000000, 1.000000000000000000 ) ) ;
#3994 = CARTESIAN_POINT ( 'NONE',  ( -0.8685577646611690739, -1.085650778396078930, -2.682222925963557270 ) ) ;
#3995 = CARTESIAN_POINT ( 'NONE',  ( 1.329733006531037987, 0.6665727636436672432, -2.023429376985260930 ) ) ;
#3996 = B_SPLINE_CURVE_WITH_KNOTS ( 'NONE', 3,
 ( #2741, #2285, #5076, #1632, #4431, #3382, #3855, #6598, #616, #2839 ),
 .UNSPECIFIED., .F., .F.,
 ( 4, 2, 2, 2, 4 ),
 ( 0.000000000000000000, 0.0003638230103348390394, 0.0007276460206696780788, 0.001091469031004517172, 0.001455292041339356158 ),
 .UNSPECIFIED. ) ;
#3997 = EDGE_LOOP ( 'NONE', ( #3569, #6739, #3750, #2493 ) ) ;
#3998 = LINE ( 'NONE', #3900, #388 ) ;
#3999 = ORIENTED_EDGE ( 'NONE', *, *, #2833, .T. ) ;
#4000 = CARTESIAN_POINT ( 'NONE',  ( 1.115481102915923284, -0.9573318031974809017, 1.395681323863783518 ) ) ;
#4001 = CARTESIAN_POINT ( 'NONE',  ( -1.439637804271858945, 0.04665063509461364610, -2.288001972463885370 ) ) ;
#4002 = CARTESIAN_POINT ( 'NONE',  ( -0.2715616379965439808, 1.444556979311147682, 1.590216909766243525 ) ) ;
#4003 = CARTESIAN_POINT ( 'NONE',  ( 0.9228137282244742723, -1.149940016531953990, 2.378066584643975911 ) ) ;
#4004 = FACE_OUTER_BOUND ( 'NONE', #1577, .T. ) ;
#4005 = CARTESIAN_POINT ( 'NONE',  ( 0.000000000000000000, 4.336808689942017736E-16, 0.3221818181818091320 ) ) ;
#4006 = ORIENTED_EDGE ( 'NONE', *, *, #6424, .F. ) ;
#4007 = CARTESIAN_POINT ( 'NONE',  ( 1.396071907617524532, 0.5248421216693837099, 2.967512049236834315 ) ) ;
#4008 = EDGE_CURVE ( 'NONE', #4170, #5336, #6421, .T. ) ;
#4009 = EDGE_LOOP ( 'NONE', ( #6978, #1131, #5903, #422 ) ) ;
#4010 = CARTESIAN_POINT ( 'NONE',  ( 0.6713085254195678697, -1.162740473580836209, 2.041666666666666519 ) ) ;
#4011 = B_SPLINE_CURVE_WITH_KNOTS ( 'NONE', 3,
 ( #1601, #7064, #1528, #3249, #1053, #517, #2077, #2113, #5442, #478 ),
 .UNSPECIFIED., .F., .F.,
 ( 4, 2, 2, 2, 4 ),
 ( 2.642742795433417058E-19, 0.0003436486979898767261, 0.0006872973959797530185, 0.001030946093969629202, 0.001374594791959506037 ),
 .UNSPECIFIED. ) ;
#4012 = CARTESIAN_POINT ( 'NONE',  ( -0.1210772110230781268, -1.487502386269244692, 2.806625568550437322 ) ) ;
#4013 = B_SPLINE_CURVE_WITH_KNOTS ( 'NONE', 3,
 ( #2104, #1660, #4969, #1591, #3239, #4937, #7162, #4420, #5977, #1045 ),
 .UNSPECIFIED., .F., .F.,
 ( 4, 2, 2, 2, 4 ),
 ( 4.848699518061080308E-19, 0.0003638230103348406115, 0.0007276460206696806808, 0.001091469031004520859, 0.001455292041339360928 ),
 .UNSPECIFIED. ) ;
#4014 = ORIENTED_EDGE ( 'NONE', *, *, #5128, .F. ) ;
#4015 = CARTESIAN_POINT ( 'NONE',  ( 0.6713085254195677587, -1.162740473580835765, -2.395833333333333037 ) ) ;
#4016 = CARTESIAN_POINT ( 'NONE',  ( -0.5906919597873052652, -1.362147132118056492, 0.7849475543966507596 ) ) ;
#4017 = CARTESIAN_POINT ( 'NONE',  ( 0.8744335254195679807, -1.514563293868264493, -4.161458333333333037 ) ) ;
#4018 = CARTESIAN_POINT ( 'NONE',  ( 0.7779006350946156001, 1.254062153034747107, -0.05109203901041300261 ) ) ;
#4019 = CARTESIAN_POINT ( 'NONE',  ( 0.000000000000000000, 1.162740473580834877, 1.812500000000000666 ) ) ;
#4020 = CARTESIAN_POINT ( 'NONE',  ( -1.748867050839136850, 9.725071015168727576E-17, -3.859375000000000888 ) ) ;
#4021 = CARTESIAN_POINT ( 'NONE',  ( 1.437599160908312079, -0.2212905393728389070, -2.160257952414309734 ) ) ;
#4022 = CARTESIAN_POINT ( 'NONE',  ( -0.6713085254195685359, -1.162740473580835765, 3.520833333333333481 ) ) ;
#4023 = CARTESIAN_POINT ( 'NONE',  ( -1.423946399209847929E-16, -1.162740473580835765, -1.500000000000000444 ) ) ;
#4024 = CARTESIAN_POINT ( 'NONE',  ( -1.342617050839136628, -1.396764128901238711E-17, -2.625000000000000444 ) ) ;
#4025 = EDGE_CURVE ( 'NONE', #4702, #3178, #1928, .T. ) ;
#4026 = ADVANCED_FACE ( 'NONE', ( #4228 ), #6393, .T. ) ;
#4027 = ORIENTED_EDGE ( 'NONE', *, *, #5354, .T. ) ;
#4028 = CARTESIAN_POINT ( 'NONE',  ( -0.6984355002851040384, 1.116424502114365058, -3.294383173668718801 ) ) ;
#4029 = CARTESIAN_POINT ( 'NONE',  ( -1.475000000000007638, 0.04665063509460930236, 3.115574627656252815 ) ) ;
#4030 = CARTESIAN_POINT ( 'NONE',  ( 0.2435093434669649004, -1.471454798341268244, 2.761654617429831315 ) ) ;
#4031 = PLANE ( 'NONE',  #3624 ) ;
#4032 = VERTEX_POINT ( 'NONE', #1434 ) ;
#4033 = CARTESIAN_POINT ( 'NONE',  ( 1.475000000000007638, 0.04665063509461413876, -1.629156748589414061 ) ) ;
#4034 = CARTESIAN_POINT ( 'NONE',  ( -1.475000000000007638, 0.04665063509461100932, -4.000000000000000000 ) ) ;
#4035 = EDGE_LOOP ( 'NONE', ( #4977, #2, #5986, #6435 ) ) ;
#4036 = LINE ( 'NONE', #6233, #619 ) ;
#4037 = CARTESIAN_POINT ( 'NONE',  ( 0.5837564581323895219, -1.346181115379720739, -2.140854247414539113 ) ) ;
#4038 = CARTESIAN_POINT ( 'NONE',  ( -0.1120134037168207392, -1.387657245429164909, -2.813490092769786344 ) ) ;
#4039 = CARTESIAN_POINT ( 'NONE',  ( 1.458895936088133061, 0.2902061249663127063, -1.111542158648170853 ) ) ;
#4040 = CARTESIAN_POINT ( 'NONE',  ( -1.475000000000007638, 0.04665063509460938562, 0.1155746276562537866 ) ) ;
#4041 = EDGE_LOOP ( 'NONE', ( #1824, #943, #6871, #5843 ) ) ;
#4042 = CARTESIAN_POINT ( 'NONE',  ( 0.08080127018922669824, 0.04665063509461338936, -4.000000000000000000 ) ) ;
#4043 = ORIENTED_EDGE ( 'NONE', *, *, #6932, .T. ) ;
#4044 = CARTESIAN_POINT ( 'NONE',  ( 1.342617050839136628, -6.750694805185382285E-16, 2.124999999999999112 ) ) ;
#4045 = DIRECTION ( 'NONE',  ( 0.000000000000000000, 0.000000000000000000, 1.000000000000000000 ) ) ;
#4046 = ORIENTED_EDGE ( 'NONE', *, *, #5616, .T. ) ;
#4047 = CARTESIAN_POINT ( 'NONE',  ( -1.342617050839136406, -1.833942424258306712E-17, -2.562499999999999556 ) ) ;
#4048 = CARTESIAN_POINT ( 'NONE',  ( -1.006962788129352804, -0.5813702367904181045, 3.416666666666666075 ) ) ;
#4049 = CARTESIAN_POINT ( 'NONE',  ( 0.8744335254195679807, -1.514563293868264493, -3.661458333333333037 ) ) ;
#4050 = CARTESIAN_POINT ( 'NONE',  ( 0.6970993649053934815, -1.300712788129357644, 0.7822412943229196669 ) ) ;
#4051 = CARTESIAN_POINT ( 'NONE',  ( 1.006962788129352138, -0.5813702367904186596, 1.645833333333333259 ) ) ;
#4052 = CARTESIAN_POINT ( 'NONE',  ( 1.748867050839136850, -4.185338361086084352E-16, -2.609375000000000888 ) ) ;
#4053 = CARTESIAN_POINT ( 'NONE',  ( 0.9807738445987358444, 1.118337879647043787, -1.492624508018496998 ) ) ;
#4054 = CARTESIAN_POINT ( 'NONE',  ( 1.006962788129352804, 0.5813702367904163282, 3.729166666666666075 ) ) ;
#4055 = CARTESIAN_POINT ( 'NONE',  ( 1.006962788129352360, -0.5813702367904184376, -3.416666666666666963 ) ) ;
#4056 = VERTEX_POINT ( 'NONE', #810 ) ;
#4057 = CARTESIAN_POINT ( 'NONE',  ( -0.1211321603579826045, -1.487497613189344925, 0.7441229025491195026 ) ) ;
#4058 = CARTESIAN_POINT ( 'NONE',  ( 0.5351833368983212047, -1.241802816488646988, -3.074854566487198237 ) ) ;
#4059 = CARTESIAN_POINT ( 'NONE',  ( 0.000000000000000000, 1.162740473580835321, -4.187499999999999112 ) ) ;
#4060 = DIRECTION ( 'NONE',  ( 1.000000000000000000, 0.000000000000000000, 0.000000000000000000 ) ) ;
#4061 = ORIENTED_EDGE ( 'NONE', *, *, #1211, .T. ) ;
#4062 = CARTESIAN_POINT ( 'NONE',  ( -0.1211321603579824935, -1.487497613189344037, 2.244122902549118947 ) ) ;
#4063 = EDGE_CURVE ( 'NONE', #2210, #1388, #4077, .T. ) ;
#4064 = EDGE_CURVE ( 'NONE', #4579, #4178, #2640, .T. ) ;
#4065 = DIRECTION ( 'NONE',  ( 0.3826834323650908920, -0.9238795325112862944, 0.000000000000000000 ) ) ;
#4066 = VERTEX_POINT ( 'NONE', #4662 ) ;
#4067 = DIRECTION ( 'NONE',  ( 0.000000000000000000, 0.000000000000000000, 1.000000000000000000 ) ) ;
#4068 = B_SPLINE_CURVE_WITH_KNOTS ( 'NONE', 3,
 ( #6309, #6916, #799, #3598, #263, #4615, #3065, #1272, #2481, #4690 ),
 .UNSPECIFIED., .F., .F.,
 ( 4, 2, 2, 2, 4 ),
 ( 3.909146525865938448E-19, 0.0003638230103348404488, 0.0007276460206696805724, 0.001091469031004520642, 0.001455292041339360711 ),
 .UNSPECIFIED. ) ;
#4069 = DIRECTION ( 'NONE',  ( 0.000000000000000000, 0.000000000000000000, 1.000000000000000000 ) ) ;
#4070 = CARTESIAN_POINT ( 'NONE',  ( -0.5555888195009049957, -1.287762735965298333, -2.667594901621830328 ) ) ;
#4071 = DIRECTION ( 'NONE',  ( 0.000000000000000000, 0.000000000000000000, 1.000000000000000000 ) ) ;
#4072 = CARTESIAN_POINT ( 'NONE',  ( 0.003397810665732885725, 0.008203040591588659988, 0.3231150289283321042 ) ) ;
#4073 = PERSON_AND_ORGANIZATION ( #4244, #1182 ) ;
#4074 = ORIENTED_EDGE ( 'NONE', *, *, #4925, .T. ) ;
#4075 = CARTESIAN_POINT ( 'NONE',  ( 1.748867050839136850, -8.753851547567344228E-16, 3.921875000000001332 ) ) ;
#4076 = EDGE_CURVE ( 'NONE', #6530, #4591, #3573, .T. ) ;
#4077 = CIRCLE ( 'NONE', #5009, 2.662878385554965810 ) ;
#4078 =( BOUNDED_CURVE ( )  B_SPLINE_CURVE ( 2, ( #1561, #7100, #2583, #982, #939, #3669, #7059, #2623, #364, #3093, #1996, #5369, #1596, #3211, #5869, #4794, #405, #4901, #4831, #7024, #5404, #5982, #903, #4285, #6490, #2108, #6988, #3130, #2037, #4320, #1522, #4246, #440, #4358, #6455, #473, #1487, #3707, #2662, #2545, #1016, #2148, #3244, #4752, #6945, #3169, #2072, #3744, #5944, #5437, #3814, #865, #5293, #2215, #4425, #5473, #4524, #5542, #4463, #5036, #6722, #6082, #3949, #545, #606, #6048, #1627, #2834, #511, #6659, #1084, #6590, #3847, #2767, #3313, #643, #4392, #1728, #2733, #5511, #1183, #3917, #61, #6146, #1698, #4940, #4973, #7167, #3348, #576, #6112, #2280, #1149, #3377, #6624, #5571, #3885, #1666, #4492, #1117, #2798, #5002, #28, #6688, #2248, #7136, #1764, #3413, #5607, #1048, #2184, #2865, #5070, #6014, #95, #3276, #2312, #710, #3441, #206, #6291, #1331, #1799, #5673, #3513, #5782, #750, #5713, #3547, #5752, #2977, #1365, #784, #242, #3043, #2426, #4051, #1221, #5102, #5175, #4019, #285, #6216, #3582, #2389, #3477, #3009, #5639, #5210, #819, #4128, #4634, #2461, #4673, #6329, #5247, #1835, #675, #1290, #6825, #1872, #4092, #2937, #6864, #6250, #1914, #3984, #2501, #4596, #4710, #6902, #6185, #2351, #1255, #6791, #128, #4564, #2899, #6758, #5141, #173 ),
 .UNSPECIFIED., .F., .F. ) 
 B_SPLINE_CURVE_WITH_KNOTS ( ( 3, 2, 2, 2, 2, 2, 2, 2, 2, 2, 2, 2, 2, 2, 2, 2, 2, 2, 2, 2, 2, 2, 2, 2, 2, 2, 2, 2, 2, 2, 2, 2, 2, 2, 2, 2, 2, 2, 2, 2, 2, 2, 2, 2, 2, 2, 2, 2, 2, 2, 2, 2, 2, 2, 2, 2, 2, 2, 2, 2, 2, 2, 2, 2, 2, 2, 2, 2, 2, 2, 2, 2, 2, 2, 2, 2, 2, 2, 2, 2, 2, 2, 2, 2, 2, 2, 2, 2, 2, 2, 3 ),
 ( 0.02218611467960131603, 0.02941176470588235253, 0.03921568627450980338, 0.04901960784313725422, 0.05882352941176470507, 0.06862745098039216285, 0.07843137254901960675, 0.08823529411764706454, 0.09803921568627450844, 0.1078431372549019662, 0.1176470588235294101, 0.1274509803921568540, 0.1372549019607843257, 0.1470588235294117696, 0.1568627450980392135, 0.1666666666666666852, 0.1764705882352941291, 0.1862745098039215730, 0.1960784313725490169, 0.2058823529411764608, 0.2156862745098039325, 0.2254901960784313764, 0.2352941176470588203, 0.2450980392156862642, 0.2549019607843137081, 0.2647058823529411797, 0.2745098039215686514, 0.2843137254901960675, 0.2941176470588235392, 0.3039215686274509554, 0.3137254901960784270, 0.3235294117647058987, 0.3333333333333333148, 0.3431372549019607865, 0.3529411764705882582, 0.3627450980392156743, 0.3725490196078431460, 0.3823529411764705621, 0.3921568627450980338, 0.4019607843137255054, 0.4117647058823529216, 0.4215686274509803932, 0.4313725490196078094, 0.4411764705882352811, 0.4509803921568627527, 0.4607843137254901689, 0.4705882352941175850, 0.4803921568627451122, 0.4901960784313725283, 0.5000000000000000000, 0.5098039215686274161, 0.5196078431372550543, 0.5294117647058823595, 0.5392156862745097756, 0.5490196078431373028, 0.5588235294117647189, 0.5686274509803921351, 0.5784313725490196623, 0.5882352941176470784, 0.5980392156862744946, 0.6078431372549017997, 0.6176470588235293269, 0.6274509803921568540, 0.6372549019607842702, 0.6470588235294117974, 0.6568627450980392135, 0.6666666666666666297, 0.6764705882352941568, 0.6862745098039215730, 0.6960784313725488781, 0.7058823529411766273, 0.7156862745098039325, 0.7254901960784313486, 0.7352941176470588758, 0.7450980392156862919, 0.7549019607843137081, 0.7647058823529411242, 0.7745098039215686514, 0.7843137254901961786, 0.7941176470588234837, 0.8039215686274510109, 0.8137254901960784270, 0.8235294117647058432, 0.8333333333333333703, 0.8431372549019607865, 0.8529411764705882026, 0.8627450980392157298, 0.8725490196078432570, 0.8823529411764705621, 0.8921568627450980893, 0.8979802729121678651 ),
 .UNSPECIFIED. ) 
 CURVE ( )  GEOMETRIC_REPRESENTATION_ITEM ( )  RATIONAL_B_SPLINE_CURVE ( ( 0.9480652107226141823, 0.9012585384440718883, 1.000000000000000000, 0.8660254037844387076, 1.000000000000000000, 0.8660254037844387076, 1.000000000000000000, 0.8660254037844387076, 1.000000000000000000, 0.8660254037844387076, 1.000000000000000000, 0.8660254037844387076, 1.000000000000000000, 0.8660254037844387076, 1.000000000000000000, 0.8660254037844387076, 1.000000000000000000, 0.8660254037844387076, 1.000000000000000000, 0.8660254037844387076, 1.000000000000000000, 0.8660254037844387076, 1.000000000000000000, 0.8660254037844387076, 1.000000000000000000, 0.8660254037844387076, 1.000000000000000000, 0.8660254037844387076, 1.000000000000000000, 0.8660254037844387076, 1.000000000000000000, 0.8660254037844387076, 1.000000000000000000, 0.8660254037844387076, 1.000000000000000000, 0.8660254037844387076, 1.000000000000000000, 0.8660254037844387076, 1.000000000000000000, 0.8660254037844387076, 1.000000000000000000, 0.8660254037844387076, 1.000000000000000000, 0.8660254037844387076, 1.000000000000000000, 0.8660254037844387076, 1.000000000000000000, 0.8660254037844387076, 1.000000000000000000, 0.8660254037844387076, 1.000000000000000000, 0.8660254037844387076, 1.000000000000000000, 0.8660254037844387076, 1.000000000000000000, 0.8660254037844387076, 1.000000000000000000, 0.8660254037844387076, 1.000000000000000000, 0.8660254037844387076, 1.000000000000000000, 0.8660254037844387076, 1.000000000000000000, 0.8660254037844387076, 1.000000000000000000, 0.8660254037844387076, 1.000000000000000000, 0.8660254037844387076, 1.000000000000000000, 0.8660254037844387076, 1.000000000000000000, 0.8660254037844387076, 1.000000000000000000, 0.8660254037844387076, 1.000000000000000000, 0.8660254037844387076, 1.000000000000000000, 0.8660254037844387076, 1.000000000000000000, 0.8660254037844387076, 1.000000000000000000, 0.8660254037844387076, 1.000000000000000000, 0.8660254037844387076, 1.000000000000000000, 0.8660254037844387076, 1.000000000000000000, 0.8660254037844387076, 1.000000000000000000, 0.8660254037844387076, 1.000000000000000000, 0.8660254037844387076, 1.000000000000000000, 0.8660254037844387076, 1.000000000000000000, 0.8660254037844387076, 1.000000000000000000, 0.8660254037844387076, 1.000000000000000000, 0.8660254037844387076, 1.000000000000000000, 0.8660254037844387076, 1.000000000000000000, 0.8660254037844387076, 1.000000000000000000, 0.8660254037844387076, 1.000000000000000000, 0.8660254037844387076, 1.000000000000000000, 0.8660254037844387076, 1.000000000000000000, 0.8660254037844387076, 1.000000000000000000, 0.8660254037844387076, 1.000000000000000000, 0.8660254037844387076, 1.000000000000000000, 0.8660254037844387076, 1.000000000000000000, 0.8660254037844387076, 1.000000000000000000, 0.8660254037844387076, 1.000000000000000000, 0.8660254037844387076, 1.000000000000000000, 0.8660254037844387076, 1.000000000000000000, 0.8660254037844387076, 1.000000000000000000, 0.8660254037844387076, 1.000000000000000000, 0.8660254037844387076, 1.000000000000000000, 0.8660254037844387076, 1.000000000000000000, 0.8660254037844387076, 1.000000000000000000, 0.8660254037844387076, 1.000000000000000000, 0.8660254037844387076, 1.000000000000000000, 0.8660254037844387076, 1.000000000000000000, 0.8660254037844387076, 1.000000000000000000, 0.8660254037844387076, 1.000000000000000000, 0.8660254037844387076, 1.000000000000000000, 0.8660254037844387076, 1.000000000000000000, 0.8660254037844387076, 1.000000000000000000, 0.8660254037844387076, 1.000000000000000000, 0.8660254037844387076, 1.000000000000000000, 0.8660254037844387076, 1.000000000000000000, 0.8660254037844387076, 1.000000000000000000, 0.8660254037844387076, 1.000000000000000000, 0.8660254037844387076, 1.000000000000000000, 0.8660254037844387076, 1.000000000000000000, 0.8660254037844387076, 1.000000000000000000, 0.8660254037844387076, 1.000000000000000000, 0.8660254037844387076, 1.000000000000000000, 0.8660254037844387076, 1.000000000000000000, 0.8660254037844387076, 1.000000000000000000, 0.8660254037844387076, 1.000000000000000000, 0.9204207193754614380, 0.9353796882938387736 ) ) 
 REPRESENTATION_ITEM ( '' )  );
#4079 = ORIENTED_EDGE ( 'NONE', *, *, #4064, .F. ) ;
#4080 = CARTESIAN_POINT ( 'NONE',  ( 1.326542653293407703, -1.045839947578415002E-15, 3.282071232550900497 ) ) ;
#4081 = FACE_OUTER_BOUND ( 'NONE', #2894, .T. ) ;
#4082 = ORIENTED_EDGE ( 'NONE', *, *, #5158, .T. ) ;
#4083 = AXIS2_PLACEMENT_3D ( 'NONE', #1729, #2979, #712 ) ;
#4084 = CARTESIAN_POINT ( 'NONE',  ( 1.342617050839136406, -4.346214180721562206E-16, -1.312499999999999334 ) ) ;
#4085 = CARTESIAN_POINT ( 'NONE',  ( 1.342617050839136628, -8.149665350327969320E-16, 4.125000000000000000 ) ) ;
#4086 = VECTOR ( 'NONE', #5994, 1000.000000000000000 ) ;
#4087 = CARTESIAN_POINT ( 'NONE',  ( -0.8744335254195683138, 1.514563293868263605, -2.411458333333333037 ) ) ;
#4088 = B_SPLINE_CURVE_WITH_KNOTS ( 'NONE', 3,
 ( #4001, #6676, #79, #6201, #5658, #12, #48, #2296, #692, #2372 ),
 .UNSPECIFIED., .F., .F.,
 ( 4, 2, 2, 2, 4 ),
 ( 4.404571325722361763E-19, 0.0003534409783217458303, 0.0007068819566434914438, 0.001060322934965237003, 0.001413763913286982671 ),
 .UNSPECIFIED. ) ;
#4089 = CARTESIAN_POINT ( 'NONE',  ( 1.333822933433425284, -0.6148934597293460591, 0.9169039081421993531 ) ) ;
#4090 = AXIS2_PLACEMENT_3D ( 'NONE', #3710, #6911, #5257 ) ;
#4091 = CARTESIAN_POINT ( 'NONE',  ( -1.348753460210677657, 0.6388952525692670470, 2.589207764782896160 ) ) ;
#4092 = CARTESIAN_POINT ( 'NONE',  ( 1.342617050839136406, -7.144155271006733810E-16, 2.687500000000000444 ) ) ;
#4093 = CARTESIAN_POINT ( 'NONE',  ( -1.311650288129352582, 0.7572816469341321355, -2.901041666666667851 ) ) ;
#4094 = CARTESIAN_POINT ( 'NONE',  ( 1.475000000000008082, 0.1695193230720035693, -1.548385778936683055 ) ) ;
#4095 = CARTESIAN_POINT ( 'NONE',  ( -0.6713085254195682028, 1.162740473580835765, -4.208333333333333925 ) ) ;
#4096 = CARTESIAN_POINT ( 'NONE',  ( -1.423946399209847929E-16, -1.162740473580835765, -2.000000000000000444 ) ) ;
#4097 = AXIS2_PLACEMENT_3D ( 'NONE', #6881, #5691, #5800 ) ;
#4098 = EDGE_CURVE ( 'NONE', #3392, #4484, #5313, .T. ) ;
#4099 = ORIENTED_EDGE ( 'NONE', *, *, #6369, .F. ) ;
#4100 = CARTESIAN_POINT ( 'NONE',  ( 0.7655389083755762547, 1.023746792534215189, -3.674801904429715993 ) ) ;
#4101 = B_SPLINE_CURVE_WITH_KNOTS ( 'NONE', 3,
 ( #4632, #3475, #5672, #5711, #1868, #4089, #3544, #4668, #5747, #782 ),
 .UNSPECIFIED., .F., .F.,
 ( 4, 2, 2, 2, 4 ),
 ( 0.000000000000000000, 0.0004068535042414621588, 0.0008137070084829239923, 0.001220560512724386043, 0.001627414016965847985 ),
 .UNSPECIFIED. ) ;
#4102 = CARTESIAN_POINT ( 'NONE',  ( 0.9228137282244848194, -1.149940016531946885, -0.1219334153560221040 ) ) ;
#4103 = CARTESIAN_POINT ( 'NONE',  ( 1.342617050839136406, -3.296986271864621684E-16, -2.812499999999999556 ) ) ;
#4104 = FACE_OUTER_BOUND ( 'NONE', #973, .T. ) ;
#4105 = ORIENTED_EDGE ( 'NONE', *, *, #4098, .F. ) ;
#4106 = CARTESIAN_POINT ( 'NONE',  ( 1.475000000000007860, -0.09007440577179781638, 2.360634873429279246 ) ) ;
#4107 = CARTESIAN_POINT ( 'NONE',  ( 1.475000000000007416, 0.04665063509461379876, 0.8708432514105854949 ) ) ;
#4108 = ORIENTED_EDGE ( 'NONE', *, *, #883, .F. ) ;
#4109 = DIRECTION ( 'NONE',  ( -0.9945218953682734009, 8.759593272591265602E-17, 0.1045284632676537068 ) ) ;
#4110 = ADVANCED_FACE ( 'NONE', ( #4081 ), #5706, .T. ) ;
#4111 = FACE_OUTER_BOUND ( 'NONE', #2654, .T. ) ;
#4112 = CARTESIAN_POINT ( 'NONE',  ( 0.7779006350946172654, 1.254062153034745997, 1.524990081922746654 ) ) ;
#4113 = CARTESIAN_POINT ( 'NONE',  ( 0.5835695089206988095, -1.104073309387890944, -3.849252954114818603 ) ) ;
#4114 = CARTESIAN_POINT ( 'NONE',  ( -0.1211321603579824935, -1.487497613189344703, 1.744122902549119392 ) ) ;
#4115 = ORIENTED_EDGE ( 'NONE', *, *, #6870, .F. ) ;
#4116 = CARTESIAN_POINT ( 'NONE',  ( -0.6334359703176325462, 1.265360904546577459, -2.508592660909382932 ) ) ;
#4117 = ORIENTED_EDGE ( 'NONE', *, *, #3563, .F. ) ;
#4118 = CARTESIAN_POINT ( 'NONE',  ( 1.212947953137904600, -0.6143096064705467763, 3.258016678373815811 ) ) ;
#4119 = ADVANCED_FACE ( 'NONE', ( #6033 ), #4813, .T. ) ;
#4120 = DIRECTION ( 'NONE',  ( -1.000000000000000000, 0.000000000000000000, 0.000000000000000000 ) ) ;
#4121 = VERTEX_POINT ( 'NONE', #494 ) ;
#4122 = CARTESIAN_POINT ( 'NONE',  ( -0.6713085254195685359, -1.162740473580835543, -1.979166666666665853 ) ) ;
#4123 = CARTESIAN_POINT ( 'NONE',  ( 1.006962788129352360, -0.5813702367904188817, 4.083333333333333037 ) ) ;
#4124 = CARTESIAN_POINT ( 'NONE',  ( -0.8744335254195688689, -1.514563293868263605, -0.7447916666666666297 ) ) ;
#4125 = CARTESIAN_POINT ( 'NONE',  ( 1.348753460210670996, 0.6388952525692818130, -0.02670776478289515685 ) ) ;
#4126 = CARTESIAN_POINT ( 'NONE',  ( -1.475000000000007638, 0.04665063509460938562, 0.1155746276562537866 ) ) ;
#4127 = CC_DESIGN_SECURITY_CLASSIFICATION ( #3673, ( #429 ) ) ;
#4128 = CARTESIAN_POINT ( 'NONE',  ( 1.006962788129352804, 0.5813702367904164392, 2.229166666666667407 ) ) ;
#4129 = CARTESIAN_POINT ( 'NONE',  ( -1.311650288129352804, -0.7572816469341319134, -0.3177083333333343140 ) ) ;
#4130 = CARTESIAN_POINT ( 'NONE',  ( 0.1665545566243781250, -1.332238849326562224, 5.364404782542775862 ) ) ;
#4131 = CARTESIAN_POINT ( 'NONE',  ( 1.006962788129352138, -0.5813702367904187707, 3.645833333333333481 ) ) ;
#4132 = CARTESIAN_POINT ( 'NONE',  ( 1.342617050839136628, -3.253268442328916671E-16, -2.875000000000000444 ) ) ;
#4133 = ORIENTED_EDGE ( 'NONE', *, *, #469, .T. ) ;
#4134 = DIRECTION ( 'NONE',  ( 0.1218693434051477398, -1.480812554440049031E-17, -0.9925461516413219831 ) ) ;
#4135 = CARTESIAN_POINT ( 'NONE',  ( 1.386814212877748087, -0.4873690709679267541, -0.1665146571971175826 ) ) ;
#4136 = CARTESIAN_POINT ( 'NONE',  ( -1.342617050839136406, -1.833942424258306712E-17, -2.562499999999999556 ) ) ;
#4137 = CYLINDRICAL_SURFACE ( 'NONE', #2713, 1.555801270189232755 ) ;
#4138 = VERTEX_POINT ( 'NONE', #2682 ) ;
#4139 = CARTESIAN_POINT ( 'NONE',  ( 1.457284131257205795, -0.2242101233374615421, 2.351100082022688831 ) ) ;
#4140 = CARTESIAN_POINT ( 'NONE',  ( 0.9804069721108250590, 1.118711047843718331, 0.9391723333903213566 ) ) ;
#4141 = ORIENTED_EDGE ( 'NONE', *, *, #1012, .F. ) ;
#4142 = CARTESIAN_POINT ( 'NONE',  ( -0.5918528867241903413, 1.177265583236984492, -3.299281060912326868 ) ) ;
#4143 = CARTESIAN_POINT ( 'NONE',  ( 0.9745974347759419620, 0.7991204417993739151, -3.875141710681963669 ) ) ;
#4144 = CARTESIAN_POINT ( 'NONE',  ( -1.475000000000007638, 0.04665063509460933011, 2.615574627656254147 ) ) ;
#4145 = CARTESIAN_POINT ( 'NONE',  ( -0.6697778035739814229, 1.066787915382801044, -3.761179593355139517 ) ) ;
#4146 = EDGE_CURVE ( 'NONE', #4121, #5579, #5808, .T. ) ;
#4147 = CARTESIAN_POINT ( 'NONE',  ( -0.8843080402127004858, 1.192627809046052034, -0.3817191122700162587 ) ) ;
#4148 = PERSON_AND_ORGANIZATION_ROLE ( 'classification_officer' ) ;
#4149 = ORIENTED_EDGE ( 'NONE', *, *, #749, .F. ) ;
#4150 = DIRECTION ( 'NONE',  ( 0.06093467170257391846, 0.1055419473313874701, -0.9925461516413219831 ) ) ;
#4151 = ORIENTED_EDGE ( 'NONE', *, *, #4464, .F. ) ;
#4152 = CARTESIAN_POINT ( 'NONE',  ( -0.08080127018922518556, 0.04665063509461363223, -4.000000000000000000 ) ) ;
#4153 = DIRECTION ( 'NONE',  ( -1.000000000000000000, 0.000000000000000000, 0.000000000000000000 ) ) ;
#4154 = EDGE_LOOP ( 'NONE', ( #4374, #4046, #3032 ) ) ;
#4155 = CARTESIAN_POINT ( 'NONE',  ( 1.006962788129352138, -0.5813702367904185486, 0.6458333333333341475 ) ) ;
#4156 = CARTESIAN_POINT ( 'NONE',  ( -0.6713085254195686469, -1.162740473580835987, 3.958333333333332593 ) ) ;
#4157 = CARTESIAN_POINT ( 'NONE',  ( 0.8744335254195679807, -1.514563293868264715, -1.161458333333333037 ) ) ;
#4158 = LINE ( 'NONE', #5353, #5233 ) ;
#4159 = EDGE_CURVE ( 'NONE', #6425, #4185, #2094, .T. ) ;
#4160 = EDGE_CURVE ( 'NONE', #947, #5757, #6152, .T. ) ;
#4161 = CYLINDRICAL_SURFACE ( 'NONE', #5486, 1.394198729810781412 ) ;
#4162 = ORIENTED_EDGE ( 'NONE', *, *, #5082, .F. ) ;
#4163 = CARTESIAN_POINT ( 'NONE',  ( -1.396071907617524754, 0.5248421216693847091, 2.594987950763165241 ) ) ;
#4164 = CARTESIAN_POINT ( 'NONE',  ( -1.348776801269681913, 0.6388452785093692299, 0.1517104307842132016 ) ) ;
#4165 = CARTESIAN_POINT ( 'NONE',  ( -1.311650288129352582, 0.7572816469341320245, -0.4010416666666676289 ) ) ;
#4166 = CARTESIAN_POINT ( 'NONE',  ( 1.475000000000007860, 0.04665063509460957297, 1.946925372343744964 ) ) ;
#4167 = CARTESIAN_POINT ( 'NONE',  ( -1.342617050839136628, 9.095514959668157576E-17, -4.125000000000000000 ) ) ;
#4168 = CARTESIAN_POINT ( 'NONE',  ( -1.423946399209847929E-16, -1.162740473580835765, -8.673617379884035472E-16 ) ) ;
#4169 = EDGE_CURVE ( 'NONE', #580, #2076, #1472, .T. ) ;
#4170 = VERTEX_POINT ( 'NONE', #7153 ) ;
#4171 = CARTESIAN_POINT ( 'NONE',  ( 0.8474597588108359059, 0.9598633843955579614, -3.680202637446193581 ) ) ;
#4172 = CARTESIAN_POINT ( 'NONE',  ( -0.4362292037035082060, -0.1806920524772107628, 4.899999999999999467 ) ) ;
#4173 = CARTESIAN_POINT ( 'NONE',  ( -1.423946399209847682E-16, -1.162740473580835543, -2.437499999999999556 ) ) ;
#4174 = LINE ( 'NONE', #2587, #4328 ) ;
#4175 = VERTEX_POINT ( 'NONE', #3834 ) ;
#4176 = DIRECTION ( 'NONE',  ( 1.000000000000000000, 0.000000000000000000, 0.000000000000000000 ) ) ;
#4177 = DIRECTION ( 'NONE',  ( 0.000000000000000000, -0.000000000000000000, 1.000000000000000000 ) ) ;
#4178 = VERTEX_POINT ( 'NONE', #531 ) ;
#4179 = PLANE ( 'NONE',  #1436 ) ;
#4180 = CYLINDRICAL_SURFACE ( 'NONE', #5822, 1.555801270189233199 ) ;
#4181 = CYLINDRICAL_SURFACE ( 'NONE', #7117, 1.108613885844307756 ) ;
#4182 = CARTESIAN_POINT ( 'NONE',  ( -0.9473245252052606702, -0.6913654466789732611, 3.445873412263362745 ) ) ;
#4183 = ORIENTED_EDGE ( 'NONE', *, *, #4340, .F. ) ;
#4184 = DIRECTION ( 'NONE',  ( -1.000000000000000000, 0.000000000000000000, 0.000000000000000000 ) ) ;
#4185 = VERTEX_POINT ( 'NONE', #1037 ) ;
#4186 = CARTESIAN_POINT ( 'NONE',  ( -1.093666233207692962, -0.9397879368704056269, -2.226988097564870817 ) ) ;
#4187 = CARTESIAN_POINT ( 'NONE',  ( -0.2713331099618208619, 1.444700874165414373, 1.500152009469548631 ) ) ;
#4188 = VERTEX_POINT ( 'NONE', #6511 ) ;
#4189 = CARTESIAN_POINT ( 'NONE',  ( -1.006962788129352360, 0.5813702367904175494, -1.604166666666666075 ) ) ;
#4190 = CARTESIAN_POINT ( 'NONE',  ( 1.242215086963985637, -0.4320219085624721900, -3.255202008208321285 ) ) ;
#4191 = AXIS2_PLACEMENT_3D ( 'NONE', #570, #1283, #1173 ) ;
#4192 = CARTESIAN_POINT ( 'NONE',  ( -1.311650288129352804, -0.7572816469341320245, 0.2135416666666665741 ) ) ;
#4193 = CARTESIAN_POINT ( 'NONE',  ( -1.456819914017537076, -0.2262501026587134811, 2.626623848299655339 ) ) ;
#4194 = CARTESIAN_POINT ( 'NONE',  ( -0.6713085254195686469, -1.162740473580835321, -3.041666666666666963 ) ) ;
#4195 = VERTEX_POINT ( 'NONE', #4850 ) ;
#4196 = CARTESIAN_POINT ( 'NONE',  ( 0.5835695089206988095, -1.104073309387890944, -3.849252954114818603 ) ) ;
#4197 = CARTESIAN_POINT ( 'NONE',  ( -1.326132975653862678, -0.07746581161869878218, -3.212424617976739061 ) ) ;
#4198 = CARTESIAN_POINT ( 'NONE',  ( 1.311650288129352582, -0.7572816469341328016, -1.151041666666667851 ) ) ;
#4199 = EDGE_CURVE ( 'NONE', #2559, #2523, #5474, .T. ) ;
#4200 = CARTESIAN_POINT ( 'NONE',  ( 1.327030312971437365, 0.1565963971198712779, -3.205116391999649927 ) ) ;
#4201 = CARTESIAN_POINT ( 'NONE',  ( 0.6713085254195678697, -1.162740473580835987, -0.4583333333333336479 ) ) ;
#4202 = CARTESIAN_POINT ( 'NONE',  ( -1.006962788129352582, 0.5813702367904174384, 1.833333333333332593 ) ) ;
#4203 = VECTOR ( 'NONE', #3020, 1000.000000000000000 ) ;
#4204 = B_SPLINE_CURVE_WITH_KNOTS ( 'NONE', 3,
 ( #3686, #6471, #5273, #3075, #773, #6888, #920, #3146, #1504, #5344 ),
 .UNSPECIFIED., .F., .F.,
 ( 4, 2, 2, 2, 4 ),
 ( 2.424349759030540154E-19, 0.0004068535042414636767, 0.0008137070084829268113, 0.001220560512724390163, 0.001627414016965853406 ),
 .UNSPECIFIED. ) ;
#4205 = CONICAL_SURFACE ( 'NONE', #1078, 1.394198729810780968, 0.1221730476396033355 ) ;
#4206 = AXIS2_PLACEMENT_3D ( 'NONE', #6951, #5796, #4176 ) ;
#4207 = ORIENTED_EDGE ( 'NONE', *, *, #2796, .F. ) ;
#4208 = CARTESIAN_POINT ( 'NONE',  ( -0.7779006350946168213, 1.254062153034746663, 2.537509918077252458 ) ) ;
#4209 = EDGE_CURVE ( 'NONE', #1209, #1906, #5905, .T. ) ;
#4210 = CARTESIAN_POINT ( 'NONE',  ( -9.144455000759798487E-16, -0.09330127018922626525, -4.000000000000000000 ) ) ;
#4211 = CARTESIAN_POINT ( 'NONE',  ( 0.6713085254195687579, 1.162740473580834877, -0.2291666666666666019 ) ) ;
#4212 = CARTESIAN_POINT ( 'NONE',  ( 1.469726096744625954, 0.2311373441535189421, -2.042952495139454872 ) ) ;
#4213 = ORIENTED_EDGE ( 'NONE', *, *, #980, .T. ) ;
#4214 = CARTESIAN_POINT ( 'NONE',  ( 0.2713331099618215281, 1.444700874165413929, 0.06234799053045040479 ) ) ;
#4215 = VECTOR ( 'NONE', #5647, 1000.000000000000000 ) ;
#4216 = CARTESIAN_POINT ( 'NONE',  ( -1.458895936088134171, 0.2902061249663024367, 2.174042158648169742 ) ) ;
#4217 = ORIENTED_EDGE ( 'NONE', *, *, #6754, .F. ) ;
#4218 = CARTESIAN_POINT ( 'NONE',  ( 3.000000000000000000, 0.000000000000000000, 5.246254526119612294 ) ) ;
#4219 = CARTESIAN_POINT ( 'NONE',  ( 0.08080127018922669824, 0.04665063509461338936, -4.000000000000000000 ) ) ;
#4220 = CARTESIAN_POINT ( 'NONE',  ( -0.5798711507644914720, -1.339929645235357736, -2.200768829393501491 ) ) ;
#4221 = CARTESIAN_POINT ( 'NONE',  ( -0.4811470761692776543, 0.4811470761692746012, 6.388787415248819102 ) ) ;
#4222 = CARTESIAN_POINT ( 'NONE',  ( -0.7253950859569506804, -0.9087174358250725836, 3.445873412263473767 ) ) ;
#4223 = CARTESIAN_POINT ( 'NONE',  ( -0.1343981099701961890, 1.462571274368298813, 0.5835705748088659828 ) ) ;
#4224 = VERTEX_POINT ( 'NONE', #5967 ) ;
#4225 = CARTESIAN_POINT ( 'NONE',  ( -1.333822933433428615, -0.6148934597293370663, -1.354403908142200130 ) ) ;
#4226 = VERTEX_POINT ( 'NONE', #6577 ) ;
#4227 = CARTESIAN_POINT ( 'NONE',  ( 0.1360432288665840983, 1.462428290740636516, 2.570215729124758486 ) ) ;
#4228 = FACE_OUTER_BOUND ( 'NONE', #5119, .T. ) ;
#4229 = CARTESIAN_POINT ( 'NONE',  ( 1.475000000000007860, -0.09007440577179601227, -0.6393651265707215314 ) ) ;
#4230 = CARTESIAN_POINT ( 'NONE',  ( 0.6713085254195687579, 1.162740473580834877, -0.7291666666666661856 ) ) ;
#4231 = AXIS2_PLACEMENT_3D ( 'NONE', #6427, #6345, #3140 ) ;
#4232 = CARTESIAN_POINT ( 'NONE',  ( -1.132343879886907434, -0.4483111083807782005, -4.000000000000000000 ) ) ;
#4233 = ADVANCED_FACE ( 'NONE', ( #6544 ), #3230, .T. ) ;
#4234 = CARTESIAN_POINT ( 'NONE',  ( -1.311650288129352582, 0.7572816469341318024, 1.130208333333333703 ) ) ;
#4235 = CARTESIAN_POINT ( 'NONE',  ( -0.1177436471014850355, -0.9495842026457564922, 4.899999999999999467 ) ) ;
#4236 = CARTESIAN_POINT ( 'NONE',  ( 1.342617050839136628, -2.553783169757622661E-16, -3.875000000000000888 ) ) ;
#4237 = CARTESIAN_POINT ( 'NONE',  ( -1.459035672982377907, 0.2897018199735132415, 2.605839000056987764 ) ) ;
#4238 = CARTESIAN_POINT ( 'NONE',  ( -1.310852782635025360, -0.2001571879964531286, -3.203380948043003773 ) ) ;
#4239 = CARTESIAN_POINT ( 'NONE',  ( 0.8744335254195679807, -1.514563293868264715, 0.3072916666666657415 ) ) ;
#4240 = CARTESIAN_POINT ( 'NONE',  ( -0.2624422910076907312, 1.440205050701909073, -2.000000000000000000 ) ) ;
#4241 = CARTESIAN_POINT ( 'NONE',  ( -1.006962788129352804, -0.5813702367904177715, -1.083333333333333703 ) ) ;
#4242 = EDGE_CURVE ( 'NONE', #2928, #5949, #4443, .T. ) ;
#4243 = CARTESIAN_POINT ( 'NONE',  ( -0.6713085254195682028, 1.162740473580835543, 0.2916666666666666852 ) ) ;
#4244 = PERSON ( 'UNSPECIFIED', 'UNSPECIFIED', 'UNSPECIFIED', ('UNSPECIFIED'), ('UNSPECIFIED'), ('UNSPECIFIED') ) ;
#4245 = ORIENTED_EDGE ( 'NONE', *, *, #3545, .T. ) ;
#4246 = CARTESIAN_POINT ( 'NONE',  ( 0.6713085254195687579, 1.162740473580834877, -2.729166666666666519 ) ) ;
#4247 = CARTESIAN_POINT ( 'NONE',  ( -0.6775579115451096923, -1.266865998055612508, -2.318304731744496916 ) ) ;
#4248 = CARTESIAN_POINT ( 'NONE',  ( -0.6713085254195680918, 1.162740473580835321, -2.145833333333332593 ) ) ;
#4249 = DIRECTION ( 'NONE',  ( 0.000000000000000000, 0.000000000000000000, 1.000000000000000000 ) ) ;
#4250 = ORIENTED_EDGE ( 'NONE', *, *, #883, .T. ) ;
#4251 = CARTESIAN_POINT ( 'NONE',  ( -0.9804069721108313873, 1.118711047843713446, -1.376672333390321690 ) ) ;
#4252 = ADVANCED_FACE ( 'NONE', ( #2607 ), #3728, .T. ) ;
#4253 = EDGE_CURVE ( 'NONE', #6077, #2438, #4275, .T. ) ;
#4254 = CARTESIAN_POINT ( 'NONE',  ( -1.474300434062846943, 4.439603604042590227E-16, 3.134313451781461701 ) ) ;
#4255 = ORIENTED_EDGE ( 'NONE', *, *, #2721, .T. ) ;
#4256 = DIRECTION ( 'NONE',  ( 0.000000000000000000, 0.000000000000000000, 1.000000000000000000 ) ) ;
#4257 = CARTESIAN_POINT ( 'NONE',  ( 0.4861212786975216971, 1.244902747193511683, -3.119610081091342302 ) ) ;
#4258 = FACE_OUTER_BOUND ( 'NONE', #2779, .T. ) ;
#4259 = CYLINDRICAL_SURFACE ( 'NONE', #3889, 1.555801270189232755 ) ;
#4260 = CARTESIAN_POINT ( 'NONE',  ( -1.475000000000007638, 0.04665063509461100932, -4.000000000000000000 ) ) ;
#4261 = B_SPLINE_CURVE_WITH_KNOTS ( 'NONE', 3,
 ( #6957, #6466, #3759, #3718, #3826, #5488, #3793, #5916, #5956, #5992 ),
 .UNSPECIFIED., .F., .F.,
 ( 4, 2, 2, 2, 4 ),
 ( 6.133173666733496745E-19, 0.0003638230103348401778, 0.0007276460206696798135, 0.001091469031004519341, 0.001455292041339359193 ),
 .UNSPECIFIED. ) ;
#4262 = DIRECTION ( 'NONE',  ( 0.000000000000000000, 0.000000000000000000, 1.000000000000000000 ) ) ;
#4263 = DATE_TIME_ROLE ( 'classification_date' ) ;
#4264 = ORIENTED_EDGE ( 'NONE', *, *, #2486, .F. ) ;
#4265 = DIRECTION ( 'NONE',  ( 1.000000000000000000, 0.000000000000000000, 0.000000000000000000 ) ) ;
#4266 = EDGE_LOOP ( 'NONE', ( #4341, #4530, #4621, #5935 ) ) ;
#4267 = CARTESIAN_POINT ( 'NONE',  ( 1.115481102915914624, -0.9573318031974900055, 2.895681323863782186 ) ) ;
#4268 = CARTESIAN_POINT ( 'NONE',  ( -0.6970993649053939256, -1.300712788129358755, 0.2802587056770787788 ) ) ;
#4269 = CARTESIAN_POINT ( 'NONE',  ( 0.9791604258076467282, 0.2664333618311764962, 6.314688136532695673 ) ) ;
#4270 = CARTESIAN_POINT ( 'NONE',  ( 1.006962788129352138, -0.5813702367904186596, 2.645833333333333481 ) ) ;
#4271 = FACE_OUTER_BOUND ( 'NONE', #4955, .T. ) ;
#4272 = B_SPLINE_CURVE_WITH_KNOTS ( 'NONE', 3,
 ( #2867, #5038, #2354, #3479, #5715, #6689, #63, #4566, #6828, #1874 ),
 .UNSPECIFIED., .F., .F.,
 ( 4, 2, 2, 2, 4 ),
 ( 7.827977696149857973E-19, 0.0004068535042414632972, 0.0008137070084829258355, 0.001220560512724388428, 0.001627414016965851020 ),
 .UNSPECIFIED. ) ;
#4273 = CARTESIAN_POINT ( 'NONE',  ( 0.8744335254195692020, 1.514563293868263161, 1.005208333333333703 ) ) ;
#4274 = CARTESIAN_POINT ( 'NONE',  ( -0.6970993649053939256, -1.300712788129358755, 2.704176584743918976 ) ) ;
#4275 = B_SPLINE_CURVE_WITH_KNOTS ( 'NONE', 3,
 ( #2328, #3333, #2233, #1783, #3429, #1714, #3364, #5056, #2885, #4542 ),
 .UNSPECIFIED., .F., .F.,
 ( 4, 2, 2, 2, 4 ),
 ( 2.168404344971008868E-19, 0.0004068535042414627551, 0.0008137070084829252934, 0.001220560512724387994, 0.001627414016965850804 ),
 .UNSPECIFIED. ) ;
#4276 = B_SPLINE_CURVE_WITH_KNOTS ( 'NONE', 3,
 ( #3721, #5882, #917, #1972, #1031, #6469, #953, #1536, #3258, #6539 ),
 .UNSPECIFIED., .F., .F.,
 ( 4, 2, 2, 2, 4 ),
 ( 2.168404344971008868E-19, 0.0003207421252981649097, 0.0006414842505963294942, 0.0009622263758944942956, 0.001282968501192658988 ),
 .UNSPECIFIED. ) ;
#4277 = CARTESIAN_POINT ( 'NONE',  ( 0.6713085254195678697, -1.162740473580835987, -0.4583333333333335369 ) ) ;
#4278 = VERTEX_POINT ( 'NONE', #6129 ) ;
#4279 = CARTESIAN_POINT ( 'NONE',  ( -1.424186695785348400, 0.04665063509461364610, -2.413841152674244928 ) ) ;
#4280 = CARTESIAN_POINT ( 'NONE',  ( -1.005011435783927487, -0.8663600032515145211, -3.160683951311463957 ) ) ;
#4281 = CARTESIAN_POINT ( 'NONE',  ( -1.854805089941841679E-16, -1.514563293868264271, -1.234375000000001110 ) ) ;
#4282 = DIRECTION ( 'NONE',  ( -0.000000000000000000, -0.000000000000000000, 1.000000000000000000 ) ) ;
#4283 = CARTESIAN_POINT ( 'NONE',  ( -1.423946399209847929E-16, -1.162740473580835765, -2.500000000000000444 ) ) ;
#4284 = CARTESIAN_POINT ( 'NONE',  ( -0.6713085254195682028, 1.162740473580835321, 1.291666666666665853 ) ) ;
#4285 = CARTESIAN_POINT ( 'NONE',  ( -1.342617050839136406, 1.663483938598159949E-17, -3.062499999999998668 ) ) ;
#4286 = DIRECTION ( 'NONE',  ( 9.905724213776059915E-17, -9.905724213775956377E-17, 1.000000000000000000 ) ) ;
#4287 = CARTESIAN_POINT ( 'NONE',  ( 1.006962788129352138, -0.5813702367904184376, -0.8541666666666662966 ) ) ;
#4288 = B_SPLINE_CURVE_WITH_KNOTS ( 'NONE', 3,
 ( #6815, #1790, #3938, #4007, #6746, #5631, #6134, #6207, #1245, #1825 ),
 .UNSPECIFIED., .F., .F.,
 ( 4, 2, 2, 2, 4 ),
 ( 0.000000000000000000, 0.0003638230103348407741, 0.0007276460206696814398, 0.001091469031004521943, 0.001455292041339362880 ),
 .UNSPECIFIED. ) ;
#4289 = CARTESIAN_POINT ( 'NONE',  ( 1.475000000000007638, 0.04665063509461411795, -0.5530746276562539254 ) ) ;
#4290 = VERTEX_POINT ( 'NONE', #5087 ) ;
#4291 = CARTESIAN_POINT ( 'NONE',  ( 0.6551160741917100294, 1.041393055165881432, -4.000000000000000000 ) ) ;
#4292 = CARTESIAN_POINT ( 'NONE',  ( 1.544354521968176241, 0.2538572652780239358, 6.195034570514510008 ) ) ;
#4293 = ORIENTED_EDGE ( 'NONE', *, *, #2090, .T. ) ;
#4294 = CARTESIAN_POINT ( 'NONE',  ( -1.115481102915915734, -0.9573318031974902276, 2.166818676136214705 ) ) ;
#4295 = CARTESIAN_POINT ( 'NONE',  ( -0.7143217940608879157, 1.143940370077988211, -3.035616213735596425 ) ) ;
#4296 = CARTESIAN_POINT ( 'NONE',  ( -1.386803860295837465, -0.4870992124572541271, -1.861050243099577228 ) ) ;
#4297 = DIRECTION ( 'NONE',  ( 0.3826834323650888936, 0.9238795325112870716, 0.000000000000000000 ) ) ;
#4298 = CARTESIAN_POINT ( 'NONE',  ( 0.6970993649053918162, -1.300712788129358977, -0.6416765847439189763 ) ) ;
#4299 = LINE ( 'NONE', #6505, #2929 ) ;
#4300 = ADVANCED_FACE ( 'NONE', ( #4482 ), #2936, .T. ) ;
#4301 = VERTEX_POINT ( 'NONE', #1744 ) ;
#4302 = CARTESIAN_POINT ( 'NONE',  ( -1.308851918913473522, 0.2623331477527130473, -3.238293149745243404 ) ) ;
#4303 = VERTEX_POINT ( 'NONE', #3965 ) ;
#4304 = CARTESIAN_POINT ( 'NONE',  ( 1.198478436561153160, -0.8490310375816415567, 2.903549062458092411 ) ) ;
#4305 = CARTESIAN_POINT ( 'NONE',  ( -1.348753460210677435, 0.6388952525692669360, 3.089207764782895715 ) ) ;
#4306 = CARTESIAN_POINT ( 'NONE',  ( -1.396071907617522534, 0.5248421216693881508, 0.5949879507631646858 ) ) ;
#4307 = CARTESIAN_POINT ( 'NONE',  ( 0.6713085254195687579, 1.162740473580834433, 1.770833333333333259 ) ) ;
#4308 = ADVANCED_FACE ( 'NONE', ( #5528 ), #4670, .F. ) ;
#4309 = CARTESIAN_POINT ( 'NONE',  ( -1.311650288129352804, -0.7572816469341321355, 2.213541666666666519 ) ) ;
#4310 = CARTESIAN_POINT ( 'NONE',  ( 0.08080127018922518556, 0.04665063509461363223, -2.000000000000000000 ) ) ;
#4311 = CARTESIAN_POINT ( 'NONE',  ( 0.6713085254195689799, 1.162740473580834877, -1.791666666666666963 ) ) ;
#4312 = CARTESIAN_POINT ( 'NONE',  ( -0.5683906746722029446, 1.095524400348319771, 3.385296823659071475 ) ) ;
#4313 = FACE_OUTER_BOUND ( 'NONE', #4809, .T. ) ;
#4314 = CARTESIAN_POINT ( 'NONE',  ( 1.748867050839136850, -8.032507360228196478E-16, 2.890624999999999112 ) ) ;
#4315 = CARTESIAN_POINT ( 'NONE',  ( -0.8499016441123787846, 1.143336530081793256, -2.487770590844841756 ) ) ;
#4316 = CARTESIAN_POINT ( 'NONE',  ( 0.6713085254195678697, -1.162740473580835987, -0.9583333333333337034 ) ) ;
#4317 = CARTESIAN_POINT ( 'NONE',  ( -1.342617050839136628, -1.538646958032709950E-16, -0.6250000000000005551 ) ) ;
#4318 = CIRCLE ( 'NONE', #3851, 1.108613885844307756 ) ;
#4319 = B_SPLINE_CURVE_WITH_KNOTS ( 'NONE', 3,
 ( #5732, #5227, #4582, #1893, #4038, #191, #4692, #1933, #3530, #5160 ),
 .UNSPECIFIED., .F., .F.,
 ( 4, 2, 2, 2, 4 ),
 ( 3.909146525865938448E-19, 0.0003379215918509596048, 0.0006758431837019188843, 0.001013764775552878110, 0.001351686367403837335 ),
 .UNSPECIFIED. ) ;
#4320 = CARTESIAN_POINT ( 'NONE',  ( 1.342617050839136406, -3.296986271864622177E-16, -2.812499999999999556 ) ) ;
#4321 = CARTESIAN_POINT ( 'NONE',  ( 0.9732945459738793215, -0.8393622984825969136, -3.498304677415684072 ) ) ;
#4322 = CARTESIAN_POINT ( 'NONE',  ( 0.6713085254195687579, 1.162740473580834877, -0.7291666666666661856 ) ) ;
#4323 = AXIS2_PLACEMENT_3D ( 'NONE', #6294, #5572, #5608 ) ;
#4324 = CARTESIAN_POINT ( 'NONE',  ( -0.6970993649053902619, -1.300712788129360753, 2.204176584743918532 ) ) ;
#4325 = EDGE_CURVE ( 'NONE', #5164, #1342, #5307, .T. ) ;
#4326 = ORIENTED_EDGE ( 'NONE', *, *, #2975, .T. ) ;
#4327 = CARTESIAN_POINT ( 'NONE',  ( 1.475000000000008082, 0.04665063509460955909, 2.446925372343745408 ) ) ;
#4328 = VECTOR ( 'NONE', #4249, 1000.000000000000000 ) ;
#4329 = CARTESIAN_POINT ( 'NONE',  ( -0.6812949734144680969, 1.086736238705924062, -3.573579951253651021 ) ) ;
#4330 = ORIENTED_EDGE ( 'NONE', *, *, #1659, .T. ) ;
#4331 = DIRECTION ( 'NONE',  ( 0.1045284632676536929, 0.000000000000000000, -0.9945218953682732899 ) ) ;
#4332 = VECTOR ( 'NONE', #6310, 1000.000000000000000 ) ;
#4333 = DIRECTION ( 'NONE',  ( 0.000000000000000000, 0.000000000000000000, 1.000000000000000000 ) ) ;
#4334 = CARTESIAN_POINT ( 'NONE',  ( -1.198478436561158489, -0.8490310375816334520, -1.841049062458092855 ) ) ;
#4335 = FACE_OUTER_BOUND ( 'NONE', #4418, .T. ) ;
#4336 = CARTESIAN_POINT ( 'NONE',  ( 1.456819914017537965, -0.2262501026587133146, -0.5641238482996550063 ) ) ;
#4337 = CARTESIAN_POINT ( 'NONE',  ( -0.6970993649053921493, -1.300712788129359643, -1.719741294322920444 ) ) ;
#4338 = ORIENTED_EDGE ( 'NONE', *, *, #4064, .T. ) ;
#4339 = CARTESIAN_POINT ( 'NONE',  ( 0.4781220914893988816, -1.408544004613357048, -1.659291174685163073 ) ) ;
#4340 = EDGE_CURVE ( 'NONE', #3145, #4278, #1102, .T. ) ;
#4341 = ORIENTED_EDGE ( 'NONE', *, *, #4209, .F. ) ;
#4342 = LINE ( 'NONE', #7007, #6977 ) ;
#4343 = CARTESIAN_POINT ( 'NONE',  ( 0.2441168411814994832, -1.471296608598333444, 0.3253551428841748860 ) ) ;
#4344 = DIRECTION ( 'NONE',  ( 1.000000000000000000, 0.000000000000000000, 0.000000000000000000 ) ) ;
#4345 = CARTESIAN_POINT ( 'NONE',  ( -1.006962788129352360, 0.5813702367904173274, 1.895833333333333481 ) ) ;
#4346 = CARTESIAN_POINT ( 'NONE',  ( -1.311650288129352804, -0.7572816469341321355, 3.713541666666666075 ) ) ;
#4347 = CARTESIAN_POINT ( 'NONE',  ( 0.5144596489397600392, 1.325594838089919181, -2.425050111591084967 ) ) ;
#4348 = ADVANCED_FACE ( 'NONE', ( #6741 ), #3870, .T. ) ;
#4349 = EDGE_CURVE ( 'NONE', #5812, #2210, #3180, .T. ) ;
#4350 = CARTESIAN_POINT ( 'NONE',  ( 1.006962788129352360, -0.5813702367904185486, -0.4166666666666671848 ) ) ;
#4351 = VECTOR ( 'NONE', #6476, 1000.000000000000000 ) ;
#4352 = CARTESIAN_POINT ( 'NONE',  ( -0.8961571847682353598, -1.117488298750320075, -2.339599880176075342 ) ) ;
#4353 = CARTESIAN_POINT ( 'NONE',  ( -0.2713331099618299103, 1.444700874165413262, -0.9998479905304502591 ) ) ;
#4354 = CARTESIAN_POINT ( 'NONE',  ( 0.000000000000000000, 1.514563293868263605, 2.015624999999999112 ) ) ;
#4355 = DIRECTION ( 'NONE',  ( 0.000000000000000000, 0.000000000000000000, 1.000000000000000000 ) ) ;
#4356 = CARTESIAN_POINT ( 'NONE',  ( -1.006962788129352582, 0.5813702367904175494, -0.1666666666666674068 ) ) ;
#4357 = CARTESIAN_POINT ( 'NONE',  ( -1.342617050839136628, -3.637102775746588776E-16, 2.374999999999999556 ) ) ;
#4358 = CARTESIAN_POINT ( 'NONE',  ( -0.6713085254195680918, 1.162740473580835321, -2.645833333333332593 ) ) ;
#4359 = CARTESIAN_POINT ( 'NONE',  ( 0.9804069721108243929, 1.118711047843717887, 2.439172333390321690 ) ) ;
#4360 = CARTESIAN_POINT ( 'NONE',  ( -1.342617050839136406, -8.828795149971236646E-17, -1.562499999999999556 ) ) ;
#4361 = CARTESIAN_POINT ( 'NONE',  ( -1.475000000000007860, 0.03106774487710237467, 3.133368949923063251 ) ) ;
#4362 = ORIENTED_EDGE ( 'NONE', *, *, #5491, .F. ) ;
#4363 = CARTESIAN_POINT ( 'NONE',  ( -1.342960220982876374, -0.2053030298933358755, -2.940196696005447308 ) ) ;
#4364 = B_SPLINE_CURVE_WITH_KNOTS ( 'NONE', 3,
 ( #1588, #6038, #2615, #5396, #7053, #2209, #1009, #4966, #1042, #3840, #502, #4312, #2065, #1109, #7089, #2688, #4822, #3737 ),
 .UNSPECIFIED., .F., .F.,
 ( 4, 2, 2, 2, 2, 2, 2, 2, 4 ),
 ( 0.004559172232640438388, 0.005048377805883894932, 0.005537583379127350609, 0.006026788952370807154, 0.006515994525614264565, 0.007005200098857720242, 0.007494405672101177654, 0.007983611245344635066, 0.008472816818588090743 ),
 .UNSPECIFIED. ) ;
#4365 = CARTESIAN_POINT ( 'NONE',  ( 0.7219906035974783531, 1.157223137828931936, -2.910701330623294503 ) ) ;
#4366 = B_SPLINE_CURVE_WITH_KNOTS ( 'NONE', 3,
 ( #5195, #5805, #306, #228, #695, #4114, #1786, #6273, #6779, #1314 ),
 .UNSPECIFIED., .F., .F.,
 ( 4, 2, 2, 2, 4 ),
 ( 2.168404344971008627E-19, 0.0003638230103348400152, 0.0007276460206696795966, 0.001091469031004519341, 0.001455292041339358760 ),
 .UNSPECIFIED. ) ;
#4367 = ORIENTED_EDGE ( 'NONE', *, *, #208, .T. ) ;
#4368 = CYLINDRICAL_SURFACE ( 'NONE', #157, 1.394198729810781412 ) ;
#4369 = CARTESIAN_POINT ( 'NONE',  ( 0.7219906035974783531, 1.157223137828931936, -2.910701330623294503 ) ) ;
#4370 = CARTESIAN_POINT ( 'NONE',  ( -0.8744335254195683138, 1.514563293868264049, -3.942708333333334370 ) ) ;
#4371 = CARTESIAN_POINT ( 'NONE',  ( 0.2713331099618300213, 1.444700874165412818, -0.9376520094695497409 ) ) ;
#4372 = CARTESIAN_POINT ( 'NONE',  ( 1.239047979155519785, -0.06900700210845325810, -3.921674998138185764 ) ) ;
#4373 = DIRECTION ( 'NONE',  ( 0.000000000000000000, 0.000000000000000000, 1.000000000000000000 ) ) ;
#4374 = ORIENTED_EDGE ( 'NONE', *, *, #6678, .T. ) ;
#4375 = CARTESIAN_POINT ( 'NONE',  ( -0.2435093434669587109, -1.471454798341269354, -1.699154617429831760 ) ) ;
#4376 = ORIENTED_EDGE ( 'NONE', *, *, #4025, .F. ) ;
#4377 = DIRECTION ( 'NONE',  ( 1.000000000000000000, 0.000000000000000000, 0.000000000000000000 ) ) ;
#4378 = CARTESIAN_POINT ( 'NONE',  ( 0.4781220914894072638, -1.408544004613354161, 0.3407088253148375379 ) ) ;
#4379 = CARTESIAN_POINT ( 'NONE',  ( -0.9807738445987265186, 1.118337879647051336, 0.5551245080184958880 ) ) ;
#4380 = CARTESIAN_POINT ( 'NONE',  ( -1.423946399209847682E-16, -1.162740473580835765, 3.062500000000000000 ) ) ;
#4381 = CARTESIAN_POINT ( 'NONE',  ( -1.854805089941841679E-16, -1.514563293868264271, 2.296875000000000444 ) ) ;
#4382 = CARTESIAN_POINT ( 'NONE',  ( 1.006962788129352360, -0.5813702367904186596, 0.08333333333333282911 ) ) ;
#4383 = DIRECTION ( 'NONE',  ( 1.000000000000000000, 0.000000000000000000, 0.000000000000000000 ) ) ;
#4384 = VERTEX_POINT ( 'NONE', #151 ) ;
#4385 = CARTESIAN_POINT ( 'NONE',  ( -0.6594932763708382106, 1.322424673467953227, -0.9726984599040547907 ) ) ;
#4386 = CARTESIAN_POINT ( 'NONE',  ( 0.8744335254195692020, 1.514563293868263161, 2.973958333333332149 ) ) ;
#4387 = CARTESIAN_POINT ( 'NONE',  ( 0.000000000000000000, -7.298163252602663793E-16, 6.195034570514509120 ) ) ;
#4388 = CARTESIAN_POINT ( 'NONE',  ( 0.000000000000000000, 1.162740473580835321, 0.2499999999999993616 ) ) ;
#4389 = EDGE_CURVE ( 'NONE', #5600, #2402, #4088, .T. ) ;
#4390 = CARTESIAN_POINT ( 'NONE',  ( 0.6713085254195689799, 1.162740473580834433, 3.708333333333332593 ) ) ;
#4391 = EDGE_CURVE ( 'NONE', #6244, #1164, #546, .T. ) ;
#4392 = CARTESIAN_POINT ( 'NONE',  ( 1.006962788129352138, -0.5813702367904184376, -0.8541666666666662966 ) ) ;
#4393 = DIRECTION ( 'NONE',  ( -0.06093467170257416826, 0.1055419473313873313, -0.9925461516413219831 ) ) ;
#4394 = CARTESIAN_POINT ( 'NONE',  ( 0.6713085254195677587, -1.162740473580835987, 3.104166666666666963 ) ) ;
#4395 = CARTESIAN_POINT ( 'NONE',  ( -1.475000000000008304, 0.1695193230720016264, 1.610885778936681723 ) ) ;
#4396 = EDGE_CURVE ( 'NONE', #3398, #4835, #190, .T. ) ;
#4397 = VERTEX_POINT ( 'NONE', #6384 ) ;
#4398 = CARTESIAN_POINT ( 'NONE',  ( 0.8843080402127005968, 1.192627809046051812, -1.555780887729984574 ) ) ;
#4399 = CARTESIAN_POINT ( 'NONE',  ( -0.1210772110230781823, -1.487502386269244470, 2.306625568550437766 ) ) ;
#4400 = ORIENTED_EDGE ( 'NONE', *, *, #970, .T. ) ;
#4401 = CARTESIAN_POINT ( 'NONE',  ( 1.475000000000007860, 0.04665063509460957297, 1.946925372343744964 ) ) ;
#4402 = CARTESIAN_POINT ( 'NONE',  ( 0.8826993315135390761, 1.193556597446560286, -1.984045038162047137 ) ) ;
#4403 = CARTESIAN_POINT ( 'NONE',  ( -1.748867050839136850, 2.730218289455796409E-17, -2.859375000000000888 ) ) ;
#4404 = LINE ( 'NONE', #4260, #3510 ) ;
#4405 = CARTESIAN_POINT ( 'NONE',  ( -1.254356785692633203, -0.1890397120155280497, -3.670456193495570396 ) ) ;
#4406 = ORIENTED_EDGE ( 'NONE', *, *, #2833, .F. ) ;
#4407 = CARTESIAN_POINT ( 'NONE',  ( -0.5324716204974845324, 1.374768105607607094, -0.3974571816329889318 ) ) ;
#4408 = VERTEX_POINT ( 'NONE', #265 ) ;
#4409 = FACE_OUTER_BOUND ( 'NONE', #1631, .T. ) ;
#4410 = CARTESIAN_POINT ( 'NONE',  ( -1.080748655339566655, -0.6032494028323619473, 3.374412155586254958 ) ) ;
#4411 = CARTESIAN_POINT ( 'NONE',  ( 0.6970993649053899288, -1.300712788129360087, 2.782241294322919778 ) ) ;
#4412 = CARTESIAN_POINT ( 'NONE',  ( -1.006962788129352360, 0.5813702367904172164, 2.895833333333333481 ) ) ;
#4413 = ORIENTED_EDGE ( 'NONE', *, *, #2915, .T. ) ;
#4414 = CARTESIAN_POINT ( 'NONE',  ( -0.8744335254195683138, 1.514563293868263383, 3.088541666666666963 ) ) ;
#4415 = EDGE_CURVE ( 'NONE', #6232, #6666, #5159, .T. ) ;
#4416 = CARTESIAN_POINT ( 'NONE',  ( -0.6713085254195682028, 1.162740473580835321, 0.2916666666666666852 ) ) ;
#4417 = DIRECTION ( 'NONE',  ( 0.000000000000000000, 0.000000000000000000, 1.000000000000000000 ) ) ;
#4418 = EDGE_LOOP ( 'NONE', ( #1415, #2231, #6372, #6172 ) ) ;
#4419 = CARTESIAN_POINT ( 'NONE',  ( -1.748867050839136850, -4.273632442767825417E-16, 3.640624999999998668 ) ) ;
#4420 = CARTESIAN_POINT ( 'NONE',  ( -0.4781220914893996587, -1.408544004613358380, -0.7782088253148371493 ) ) ;
#4421 = CARTESIAN_POINT ( 'NONE',  ( -1.006962788129352804, -0.5813702367904179935, 1.916666666666666297 ) ) ;
#4422 = CARTESIAN_POINT ( 'NONE',  ( 0.000000000000000000, 1.162740473580834877, 3.750000000000000000 ) ) ;
#4423 = B_SPLINE_CURVE_WITH_KNOTS ( 'NONE', 3,
 ( #5024, #6740, #5055, #1782, #47, #2266, #78, #4481, #3428, #3528 ),
 .UNSPECIFIED., .F., .F.,
 ( 4, 2, 2, 2, 4 ),
 ( 0.000000000000000000, 0.0004068535042414632430, 0.0008137070084829264860, 0.001220560512724389729, 0.001627414016965852538 ),
 .UNSPECIFIED. ) ;
#4424 = EDGE_CURVE ( 'NONE', #5887, #3280, #2407, .T. ) ;
#4425 = CARTESIAN_POINT ( 'NONE',  ( 1.006962788129352804, 0.5813702367904166612, -1.770833333333332593 ) ) ;
#4426 = CARTESIAN_POINT ( 'NONE',  ( 0.8032233052940251916, -1.006481722993058048, -3.514790655927331198 ) ) ;
#4427 = CARTESIAN_POINT ( 'NONE',  ( -1.342617050839136406, -2.631592696425356718E-16, 0.9375000000000008882 ) ) ;
#4428 = PLANE ( 'NONE',  #3753 ) ;
#4429 = VECTOR ( 'NONE', #2927, 1000.000000000000000 ) ;
#4430 = ORIENTED_EDGE ( 'NONE', *, *, #807, .T. ) ;
#4431 = CARTESIAN_POINT ( 'NONE',  ( 1.348753460210674548, 0.6388952525692742634, -0.5267077647828959375 ) ) ;
#4432 = EDGE_CURVE ( 'NONE', #4397, #1022, #4691, .T. ) ;
#4433 = EDGE_LOOP ( 'NONE', ( #4362, #6482, #5419, #3354 ) ) ;
#4434 = CARTESIAN_POINT ( 'NONE',  ( 0.1211321603579819800, -1.487497613189344925, 1.318377097450879942 ) ) ;
#4435 = CARTESIAN_POINT ( 'NONE',  ( -0.2715616379965440919, 1.444556979311147238, -1.909783090233756919 ) ) ;
#4436 = CARTESIAN_POINT ( 'NONE',  ( 0.8744335254195679807, -1.514563293868264493, -3.192708333333333925 ) ) ;
#4437 = CARTESIAN_POINT ( 'NONE',  ( 0.5906919597873053762, -1.362147132118055826, 2.777552445603347131 ) ) ;
#4438 = VECTOR ( 'NONE', #5790, 1000.000000000000000 ) ;
#4439 = CARTESIAN_POINT ( 'NONE',  ( 0.6970993649053934815, -1.300712788129357644, 1.282241294322919334 ) ) ;
#4440 = ORIENTED_EDGE ( 'NONE', *, *, #2580, .T. ) ;
#4441 = CARTESIAN_POINT ( 'NONE',  ( -0.6551160741917102515, 1.041393055165881876, -4.000000000000000000 ) ) ;
#4442 = CONICAL_SURFACE ( 'NONE', #5482, 1.555801270189232755, 0.1221730476396033355 ) ;
#4443 = CIRCLE ( 'NONE', #2006, 1.148629608004970937 ) ;
#4444 = ORIENTED_EDGE ( 'NONE', *, *, #3340, .T. ) ;
#4445 = CARTESIAN_POINT ( 'NONE',  ( -0.08080127018922518556, 0.04665063509461363223, -4.000000000000000000 ) ) ;
#4446 = CARTESIAN_POINT ( 'NONE',  ( -1.475000000000007638, 0.04665063509460931623, 1.615574627656253259 ) ) ;
#4447 = CARTESIAN_POINT ( 'NONE',  ( 0.8157524219245753105, -1.232208413719162010, -0.7125302515684559523 ) ) ;
#4448 = CARTESIAN_POINT ( 'NONE',  ( -1.006962788129352582, -0.5813702367904179935, 3.479166666666666963 ) ) ;
#4449 = AXIS2_PLACEMENT_3D ( 'NONE', #384, #5346, #3726 ) ;
#4450 = ORIENTED_EDGE ( 'NONE', *, *, #6989, .T. ) ;
#4451 = CARTESIAN_POINT ( 'NONE',  ( 0.8744335254195679807, -1.514563293868264937, 3.338541666666666963 ) ) ;
#4452 = B_SPLINE_CURVE_WITH_KNOTS ( 'NONE', 3,
 ( #2948, #4058, #653, #216, #2876, #5079, #4642, #6259, #4573, #5648 ),
 .UNSPECIFIED., .F., .F.,
 ( 4, 2, 2, 2, 4 ),
 ( 5.838607383087711442E-19, 0.0003285581312219820185, 0.0006571162624439632781, 0.0009856743936659448629, 0.001314232524887926122 ),
 .UNSPECIFIED. ) ;
#4453 = CARTESIAN_POINT ( 'NONE',  ( -1.423946399209847929E-16, -1.162740473580835987, 0.4999999999999995559 ) ) ;
#4454 = B_SPLINE_CURVE_WITH_KNOTS ( 'NONE', 3,
 ( #2457, #3512, #1328, #2423, #6215, #1219, #3579, #1288, #5138, #3440 ),
 .UNSPECIFIED., .F., .F.,
 ( 4, 2, 2, 2, 4 ),
 ( 0.000000000000000000, 0.0004068535042414630804, 0.0008137070084829262692, 0.001220560512724389512, 0.001627414016965852972 ),
 .UNSPECIFIED. ) ;
#4455 = CARTESIAN_POINT ( 'NONE',  ( 0.8634996308018265676, -1.077326726730530648, -2.760784224810992615 ) ) ;
#4456 = ORIENTED_EDGE ( 'NONE', *, *, #4146, .F. ) ;
#4457 = CARTESIAN_POINT ( 'NONE',  ( 1.311650288129352582, -0.7572816469341330237, 2.848958333333331705 ) ) ;
#4458 = VECTOR ( 'NONE', #1373, 1000.000000000000000 ) ;
#4459 = ADVANCED_FACE ( 'NONE', ( #1382 ), #4180, .T. ) ;
#4460 = CARTESIAN_POINT ( 'NONE',  ( 0.000000000000000000, 1.162740473580835099, 0.7499999999999997780 ) ) ;
#4461 = CARTESIAN_POINT ( 'NONE',  ( -0.6713085254195686469, -1.162740473580835765, 3.458333333333332149 ) ) ;
#4462 = VECTOR ( 'NONE', #4795, 1000.000000000000000 ) ;
#4463 = CARTESIAN_POINT ( 'NONE',  ( -1.006962788129352360, 0.5813702367904175494, -1.604166666666666075 ) ) ;
#4464 = EDGE_CURVE ( 'NONE', #4188, #3689, #5767, .T. ) ;
#4465 = DIRECTION ( 'NONE',  ( 0.000000000000000000, 0.000000000000000000, 1.000000000000000000 ) ) ;
#4466 = CARTESIAN_POINT ( 'NONE',  ( 0.6713085254195687579, 1.162740473580834433, 2.770833333333333481 ) ) ;
#4467 = DIRECTION ( 'NONE',  ( 0.000000000000000000, 0.9945218953682734009, 0.1045284632676539011 ) ) ;
#4468 = AXIS2_PLACEMENT_3D ( 'NONE', #304, #4652, #3027 ) ;
#4469 = EDGE_LOOP ( 'NONE', ( #1841, #1077, #4586, #3432 ) ) ;
#4470 = CARTESIAN_POINT ( 'NONE',  ( -0.4786287008715564562, -1.408412867817214975, 2.289994333276344385 ) ) ;
#4471 = ORIENTED_EDGE ( 'NONE', *, *, #3335, .T. ) ;
#4472 = CARTESIAN_POINT ( 'NONE',  ( 0.6970993649053937036, -1.300712788129357866, -0.1416765847439188375 ) ) ;
#4473 = CARTESIAN_POINT ( 'NONE',  ( -0.7779006350946131576, 1.254062153034748661, 1.113592039010412149 ) ) ;
#4474 = DIRECTION ( 'NONE',  ( 0.1045058763748860364, -0.02078751127481352767, 0.9943069954385902465 ) ) ;
#4475 = CARTESIAN_POINT ( 'NONE',  ( 1.475000000000007860, -0.09007440577179781638, 1.360634873429277913 ) ) ;
#4476 = ORIENTED_EDGE ( 'NONE', *, *, #6461, .T. ) ;
#4477 = CARTESIAN_POINT ( 'NONE',  ( -1.115242222299292596, -0.9574577668538933883, -0.7431164235670897344 ) ) ;
#4478 = ADVANCED_FACE ( 'NONE', ( #4111 ), #5022, .T. ) ;
#4479 = EDGE_CURVE ( 'NONE', #3552, #4397, #3150, .T. ) ;
#4480 = ORIENTED_EDGE ( 'NONE', *, *, #3060, .F. ) ;
#4481 = CARTESIAN_POINT ( 'NONE',  ( -0.9243482935200550976, -1.148518002948890393, 1.269209485033678142 ) ) ;
#4482 = FACE_OUTER_BOUND ( 'NONE', #2905, .T. ) ;
#4483 = CARTESIAN_POINT ( 'NONE',  ( 1.458895936088129952, 0.2902061249663229203, 0.3884578413518302020 ) ) ;
#4484 = VERTEX_POINT ( 'NONE', #2443 ) ;
#4485 = CARTESIAN_POINT ( 'NONE',  ( -0.7158324527380279800, -1.090658022765090829, -3.405276182984950051 ) ) ;
#4486 = CARTESIAN_POINT ( 'NONE',  ( 1.006962788129353026, 0.5813702367904166612, 1.166666666666666519 ) ) ;
#4487 = CARTESIAN_POINT ( 'NONE',  ( 1.390532807306909646, -0.08218075248300631130, -2.687930079091077840 ) ) ;
#4488 = ORIENTED_EDGE ( 'NONE', *, *, #4253, .F. ) ;
#4489 = CARTESIAN_POINT ( 'NONE',  ( 1.006962788129352804, 0.5813702367904168833, -3.770833333333332593 ) ) ;
#4490 = CARTESIAN_POINT ( 'NONE',  ( -1.423946399209847929E-16, -1.162740473580835987, 1.999999999999999112 ) ) ;
#4491 = CARTESIAN_POINT ( 'NONE',  ( -1.311650288129352582, 0.7572816469341321355, -4.369791666666666075 ) ) ;
#4492 = CARTESIAN_POINT ( 'NONE',  ( -1.423946399209847682E-16, -1.162740473580835543, 0.06250000000000005551 ) ) ;
#4493 = CARTESIAN_POINT ( 'NONE',  ( 0.7779006350946148229, 1.254062153034747551, -4.000000000000000000 ) ) ;
#4494 = CARTESIAN_POINT ( 'NONE',  ( -1.006962788129352360, 0.5813702367904173274, 1.395833333333333925 ) ) ;
#4495 = CARTESIAN_POINT ( 'NONE',  ( -1.054819104093772442, -0.5948062031373548830, -4.000000000000002665 ) ) ;
#4496 = B_SPLINE_CURVE_WITH_KNOTS ( 'NONE', 3,
 ( #3325, #4437, #5048, #4030, #3423, #6092, #2289, #4503, #2908, #1737 ),
 .UNSPECIFIED., .F., .F.,
 ( 4, 2, 2, 2, 4 ),
 ( 3.909146525865938448E-19, 0.0003638230103348400152, 0.0007276460206696797051, 0.001091469031004519558, 0.001455292041339358760 ),
 .UNSPECIFIED. ) ;
#4497 = ORIENTED_EDGE ( 'NONE', *, *, #2486, .T. ) ;
#4498 = CARTESIAN_POINT ( 'NONE',  ( 1.396238660138793719, 0.5242369183443861269, -0.5961884762175081454 ) ) ;
#4499 = ORIENTED_EDGE ( 'NONE', *, *, #6344, .T. ) ;
#4500 = B_SPLINE_CURVE_WITH_KNOTS ( 'NONE', 3,
 ( #1399, #2028, #7054, #3663, #3738, #1987, #856, #6980, #3124, #6365 ),
 .UNSPECIFIED., .F., .F.,
 ( 4, 2, 2, 2, 4 ),
 ( 0.000000000000000000, 0.0003638230103348399610, 0.0007276460206696799219, 0.001091469031004519991, 0.001455292041339359627 ),
 .UNSPECIFIED. ) ;
#4501 = CARTESIAN_POINT ( 'NONE',  ( -1.152121818957303923, 0.9470596902539487605, -0.4295218095508410161 ) ) ;
#4502 = CARTESIAN_POINT ( 'NONE',  ( 0.2441168411814886863, -1.471296608598334776, -1.174644857115826113 ) ) ;
#4503 = CARTESIAN_POINT ( 'NONE',  ( -0.4781220914894076524, -1.408544004613354828, 2.721791174685162851 ) ) ;
#4504 = CARTESIAN_POINT ( 'NONE',  ( 1.386814212877745200, -0.4873690709679343036, 1.333485342802882112 ) ) ;
#4505 = ORIENTED_EDGE ( 'NONE', *, *, #3011, .T. ) ;
#4506 = CARTESIAN_POINT ( 'NONE',  ( -1.475000000000007638, 0.04665063509460938562, -0.3083432514105859390 ) ) ;
#4507 = VERTEX_POINT ( 'NONE', #3600 ) ;
#4508 = CARTESIAN_POINT ( 'NONE',  ( 1.475000000000007638, 0.04665063509461381958, 0.3708432514105858835 ) ) ;
#4509 = EDGE_CURVE ( 'NONE', #3500, #1271, #6346, .T. ) ;
#4510 = CARTESIAN_POINT ( 'NONE',  ( -0.2713331099618332409, 1.444700874165412152, 2.500152009469549075 ) ) ;
#4511 = DIRECTION ( 'NONE',  ( 0.000000000000000000, 0.000000000000000000, 1.000000000000000000 ) ) ;
#4512 = CARTESIAN_POINT ( 'NONE',  ( -0.1211321603579908618, -1.487497613189343149, -1.755877097450881719 ) ) ;
#4513 = PERSON_AND_ORGANIZATION_ROLE ( 'creator' ) ;
#4514 = ORIENTED_EDGE ( 'NONE', *, *, #6369, .T. ) ;
#4515 = CARTESIAN_POINT ( 'NONE',  ( -0.7473496767568542642, 1.201146340973827220, -2.497635176818679970 ) ) ;
#4516 = CARTESIAN_POINT ( 'NONE',  ( -0.6713085254195682028, 1.162740473580835099, 0.7916666666666661856 ) ) ;
#4517 = EDGE_CURVE ( 'NONE', #6596, #380, #838, .T. ) ;
#4518 = CARTESIAN_POINT ( 'NONE',  ( -1.475000000000007638, 0.04665063509461100932, -4.000000000000000000 ) ) ;
#4519 = ORIENTED_EDGE ( 'NONE', *, *, #4325, .T. ) ;
#4520 = CARTESIAN_POINT ( 'NONE',  ( 0.000000000000000000, 1.162740473580835321, -3.187499999999999556 ) ) ;
#4521 = CARTESIAN_POINT ( 'NONE',  ( 1.006962788129352360, -0.5813702367904187707, 1.583333333333332371 ) ) ;
#4522 = CARTESIAN_POINT ( 'NONE',  ( -1.311650288129352582, 0.7572816469341321355, -3.369791666666666519 ) ) ;
#4523 = CARTESIAN_POINT ( 'NONE',  ( 1.475000000000007860, 0.1695193230720057342, -0.04838577893668249280 ) ) ;
#4524 = CARTESIAN_POINT ( 'NONE',  ( 0.000000000000000000, 1.162740473580835099, -1.687499999999999334 ) ) ;
#4525 = CARTESIAN_POINT ( 'NONE',  ( 0.7779006350946156001, 1.254062153034747329, -1.475009918077252458 ) ) ;
#4526 = CARTESIAN_POINT ( 'NONE',  ( -1.342617050839136406, -2.981335332711003230E-16, 1.437500000000000222 ) ) ;
#4527 = CARTESIAN_POINT ( 'NONE',  ( -0.6713085254195682028, 1.162740473580835543, -2.208333333333333925 ) ) ;
#4528 = ORIENTED_EDGE ( 'NONE', *, *, #4063, .F. ) ;
#4529 = FACE_OUTER_BOUND ( 'NONE', #10, .T. ) ;
#4530 = ORIENTED_EDGE ( 'NONE', *, *, #2078, .F. ) ;
#4531 = CARTESIAN_POINT ( 'NONE',  ( 0.2441168411814996220, -1.471296608598333000, 1.325355142884174553 ) ) ;
#4532 = CARTESIAN_POINT ( 'NONE',  ( -0.4786287008715486846, -1.408412867817218306, -1.210005666723654949 ) ) ;
#4533 = DIRECTION ( 'NONE',  ( 0.000000000000000000, 0.000000000000000000, 1.000000000000000000 ) ) ;
#4534 = CARTESIAN_POINT ( 'NONE',  ( 0.2410245267385756618, 0.5818846813168216947, 6.399999999999999467 ) ) ;
#4535 = ADVANCED_FACE ( 'NONE', ( #3103 ), #5846, .T. ) ;
#4536 = ORIENTED_EDGE ( 'NONE', *, *, #1761, .T. ) ;
#4537 = CARTESIAN_POINT ( 'NONE',  ( -0.8840870061374973554, 1.192755423128869730, 1.046664675211881335 ) ) ;
#4538 = VECTOR ( 'NONE', #5030, 1000.000000000000000 ) ;
#4539 = ORIENTED_EDGE ( 'NONE', *, *, #3563, .T. ) ;
#4540 = DIRECTION ( 'NONE',  ( 0.000000000000000000, 0.000000000000000000, 1.000000000000000000 ) ) ;
#4541 = AXIS2_PLACEMENT_3D ( 'NONE', #4005, #155, #6238 ) ;
#4542 = CARTESIAN_POINT ( 'NONE',  ( 0.7779006350946156001, 1.254062153034747107, -1.551092039010412149 ) ) ;
#4543 = CARTESIAN_POINT ( 'NONE',  ( -0.1343981099701963278, 1.462571274368298813, 1.583570574808866427 ) ) ;
#4544 = CARTESIAN_POINT ( 'NONE',  ( 0.7779006350946154891, 1.254062153034747107, -1.051092039010413037 ) ) ;
#4545 = CARTESIAN_POINT ( 'NONE',  ( 0.08080127018922669824, 0.04665063509461338936, -4.000000000000000000 ) ) ;
#4546 = CARTESIAN_POINT ( 'NONE',  ( 0.000000000000000000, 0.000000000000000000, 4.359999999999999432 ) ) ;
#4547 = AXIS2_PLACEMENT_3D ( 'NONE', #5650, #6735, #6303 ) ;
#4548 = ORIENTED_EDGE ( 'NONE', *, *, #6896, .F. ) ;
#4549 = CARTESIAN_POINT ( 'NONE',  ( 1.475000000000007860, 0.04665063509460957297, 2.370843251410585051 ) ) ;
#4550 = VECTOR ( 'NONE', #5591, 1000.000000000000000 ) ;
#4551 = AXIS2_PLACEMENT_3D ( 'NONE', #1413, #1525, #7062 ) ;
#4552 = ORIENTED_EDGE ( 'NONE', *, *, #4761, .T. ) ;
#4553 = CARTESIAN_POINT ( 'NONE',  ( -1.342617050839136628, -3.287360139460942757E-16, 1.874999999999999112 ) ) ;
#4554 = CARTESIAN_POINT ( 'NONE',  ( 0.08080127018922669824, 0.04665063509461338936, -4.000000000000000000 ) ) ;
#4555 = ORIENTED_EDGE ( 'NONE', *, *, #3640, .F. ) ;
#4556 = AXIS2_PLACEMENT_3D ( 'NONE', #4650, #3562, #3643 ) ;
#4557 = CARTESIAN_POINT ( 'NONE',  ( -1.006962788129352582, -0.5813702367904174384, -3.520833333333333037 ) ) ;
#4558 = CARTESIAN_POINT ( 'NONE',  ( 0.5909129938625097278, -1.362019518035236798, 0.8491686581214521468 ) ) ;
#4559 = CARTESIAN_POINT ( 'NONE',  ( 0.8744335254195692020, 1.514563293868263383, -2.994791666666666963 ) ) ;
#4560 = FACE_OUTER_BOUND ( 'NONE', #3899, .T. ) ;
#4561 = EDGE_CURVE ( 'NONE', #2812, #2236, #1347, .T. ) ;
#4562 = ADVANCED_FACE ( 'NONE', ( #2519 ), #1884, .T. ) ;
#4563 = AXIS2_PLACEMENT_3D ( 'NONE', #2672, #1058, #4331 ) ;
#4564 = CARTESIAN_POINT ( 'NONE',  ( 0.000000000000000000, 1.162740473580834877, 3.312500000000000444 ) ) ;
#4565 = CARTESIAN_POINT ( 'NONE',  ( 1.311650288129352582, -0.7572816469341326906, -2.151041666666667407 ) ) ;
#4566 = CARTESIAN_POINT ( 'NONE',  ( 0.9243482935200577622, -1.148518002948887728, -1.206709485033678586 ) ) ;
#4567 = CARTESIAN_POINT ( 'NONE',  ( -1.423946399209847929E-16, -1.162740473580835543, -4.000000000000000000 ) ) ;
#4568 = CARTESIAN_POINT ( 'NONE',  ( 1.006962788129353026, 0.5813702367904168833, -2.833333333333333481 ) ) ;
#4569 = B_SPLINE_CURVE_WITH_KNOTS ( 'NONE', 3,
 ( #2843, #5581, #4, #2225, #3286, #6636, #40, #3385, #6023, #3894 ),
 .UNSPECIFIED., .F., .F.,
 ( 4, 2, 2, 2, 4 ),
 ( 1.084202172485504314E-19, 0.0004068535042414627009, 0.0008137070084829252934, 0.001220560512724387994, 0.001627414016965850804 ),
 .UNSPECIFIED. ) ;
#4570 = CARTESIAN_POINT ( 'NONE',  ( -0.5909129938625106160, -1.362019518035236354, -0.2866686581214525353 ) ) ;
#4571 = ORIENTED_EDGE ( 'NONE', *, *, #5884, .F. ) ;
#4572 = CARTESIAN_POINT ( 'NONE',  ( 1.475000000000007860, 0.04665063509460954522, 1.870843251410585273 ) ) ;
#4573 = CARTESIAN_POINT ( 'NONE',  ( -0.5313043284165746005, -1.235598000954443165, -3.134414433505610109 ) ) ;
#4574 = CARTESIAN_POINT ( 'NONE',  ( 1.199424823463227430, -0.8476778146389545299, 0.8122627585244668325 ) ) ;
#4575 = CARTESIAN_POINT ( 'NONE',  ( -1.334521665427734094, -0.6133972531590035082, -1.263117604208574107 ) ) ;
#4576 = ORIENTED_EDGE ( 'NONE', *, *, #3294, .F. ) ;
#4577 = LINE ( 'NONE', #108, #3629 ) ;
#4578 = DIRECTION ( 'NONE',  ( 0.000000000000000000, 0.000000000000000000, 1.000000000000000000 ) ) ;
#4579 = VERTEX_POINT ( 'NONE', #876 ) ;
#4580 = CARTESIAN_POINT ( 'NONE',  ( 2.640000000000000124, 0.000000000000000000, 4.000000000000000000 ) ) ;
#4581 = CARTESIAN_POINT ( 'NONE',  ( 1.036868350060095700, 0.7168162131242148405, -3.881560279683771153 ) ) ;
#4582 = CARTESIAN_POINT ( 'NONE',  ( -0.4431235908389109523, -1.311505015354220705, -2.837440385401601262 ) ) ;
#4583 = CARTESIAN_POINT ( 'NONE',  ( 0.5906919597873071526, -1.362147132118054493, -1.722447554396651981 ) ) ;
#4584 = CARTESIAN_POINT ( 'NONE',  ( -0.7779006350946131576, 1.254062153034748661, -0.9624900819227479865 ) ) ;
#4585 = PERSON_AND_ORGANIZATION_ROLE ( 'creator' ) ;
#4586 = ORIENTED_EDGE ( 'NONE', *, *, #1761, .F. ) ;
#4587 = DIRECTION ( 'NONE',  ( 1.000000000000000000, 0.000000000000000000, 0.000000000000000000 ) ) ;
#4588 = ORIENTED_EDGE ( 'NONE', *, *, #4606, .T. ) ;
#4589 = CARTESIAN_POINT ( 'NONE',  ( -0.6713085254195682028, 1.162740473580835099, 1.791666666666666297 ) ) ;
#4590 = CARTESIAN_POINT ( 'NONE',  ( 0.7618978036839838541, -1.154554489119351546, -2.767014841562740912 ) ) ;
#4591 = VERTEX_POINT ( 'NONE', #5694 ) ;
#4592 = CARTESIAN_POINT ( 'NONE',  ( 0.000000000000000000, 1.162740473580835321, -2.687499999999999556 ) ) ;
#4593 = CARTESIAN_POINT ( 'NONE',  ( -1.006962788129352804, -0.5813702367904181045, 3.916666666666665630 ) ) ;
#4594 = CARTESIAN_POINT ( 'NONE',  ( 1.748867050839136850, -3.157969366996998555E-16, -4.078124999999999112 ) ) ;
#4595 = CARTESIAN_POINT ( 'NONE',  ( 1.475000000000007638, 0.04665063509461413183, -0.1291567485894143663 ) ) ;
#4596 = CARTESIAN_POINT ( 'NONE',  ( -1.006962788129352582, -0.5813702367904179935, 2.979166666666667407 ) ) ;
#4597 = CARTESIAN_POINT ( 'NONE',  ( -1.854805089941841679E-16, -1.514563293868264049, -3.734375000000000888 ) ) ;
#4598 = EDGE_CURVE ( 'NONE', #5806, #6530, #2368, .T. ) ;
#4599 = CARTESIAN_POINT ( 'NONE',  ( 1.457936298106122575, 0.04665063509461339630, -2.138972699567486035 ) ) ;
#4600 = CARTESIAN_POINT ( 'NONE',  ( -0.6713085254195680918, 1.162740473580835099, 3.354166666666666519 ) ) ;
#4601 = ADVANCED_FACE ( 'NONE', ( #4258 ), #3681, .T. ) ;
#4602 = CARTESIAN_POINT ( 'NONE',  ( -1.342617050839136628, -1.396764128901239020E-17, -2.625000000000000444 ) ) ;
#4603 = CARTESIAN_POINT ( 'NONE',  ( -0.6713085254195682028, 1.162740473580835765, -3.208333333333333925 ) ) ;
#4604 = ORIENTED_EDGE ( 'NONE', *, *, #3456, .T. ) ;
#4605 = CARTESIAN_POINT ( 'NONE',  ( -0.2441168411814824413, -1.471296608598336109, 0.7371448571158255580 ) ) ;
#4606 = EDGE_CURVE ( 'NONE', #4384, #1851, #2350, .T. ) ;
#4607 = CARTESIAN_POINT ( 'NONE',  ( -0.5906919597873087069, -1.362147132118055159, -1.215052445603349129 ) ) ;
#4608 = CARTESIAN_POINT ( 'NONE',  ( -1.423946399209847682E-16, -1.162740473580835321, -3.937499999999999112 ) ) ;
#4609 = CARTESIAN_POINT ( 'NONE',  ( -1.475000000000007860, -0.09007440577179666452, -1.298134873429279246 ) ) ;
#4610 = B_SPLINE_CURVE_WITH_KNOTS ( 'NONE', 3,
 ( #5983, #5475, #5512, #2734, #4942, #2109, #4321, #4426, #6625, #1668 ),
 .UNSPECIFIED., .F., .F.,
 ( 4, 2, 2, 2, 4 ),
 ( 3.659182332138577465E-19, 0.0003587415451155214472, 0.0007174830902310424608, 0.001076224635346563745, 0.001434966180462084705 ),
 .UNSPECIFIED. ) ;
#4611 = ORIENTED_EDGE ( 'NONE', *, *, #208, .F. ) ;
#4612 = CARTESIAN_POINT ( 'NONE',  ( -0.2328913682091503234, 1.493633801772229486, 5.995557384691474034 ) ) ;
#4613 = CARTESIAN_POINT ( 'NONE',  ( 0.000000000000000000, 4.336808689942017736E-16, -4.000000000000000000 ) ) ;
#4614 = ORIENTED_EDGE ( 'NONE', *, *, #1899, .T. ) ;
#4615 = CARTESIAN_POINT ( 'NONE',  ( -0.1211321603579910700, -1.487497613189343149, -1.255877097450881719 ) ) ;
#4616 = CARTESIAN_POINT ( 'NONE',  ( 1.176108546274248878, 0.4452502090310067051, -3.897782299205507783 ) ) ;
#4617 = PLANE ( 'NONE',  #863 ) ;
#4618 = CARTESIAN_POINT ( 'NONE',  ( 0.3999803000297981748, -1.193071678727673168, -3.859620048730938446 ) ) ;
#4619 = FACE_OUTER_BOUND ( 'NONE', #4009, .T. ) ;
#4620 = LINE ( 'NONE', #6205, #5938 ) ;
#4621 = ORIENTED_EDGE ( 'NONE', *, *, #5597, .F. ) ;
#4622 = LINE ( 'NONE', #3466, #5699 ) ;
#4623 = ORIENTED_EDGE ( 'NONE', *, *, #17, .T. ) ;
#4624 = CARTESIAN_POINT ( 'NONE',  ( 0.000000000000000000, 1.162740473580835099, 3.249999999999999556 ) ) ;
#4625 = DIRECTION ( 'NONE',  ( 0.9945218953682734009, -1.083045353182966131E-16, 0.1045284632676537068 ) ) ;
#4626 = ORIENTED_EDGE ( 'NONE', *, *, #3011, .F. ) ;
#4627 = B_SPLINE_CURVE_WITH_KNOTS ( 'NONE', 3,
 ( #2736, #4495, #1670, #5545 ),
 .UNSPECIFIED., .F., .F.,
 ( 4, 4 ),
 ( 0.002572789175093360622, 0.003069958541541012356 ),
 .UNSPECIFIED. ) ;
#4628 = CARTESIAN_POINT ( 'NONE',  ( -0.6713085254195680918, 1.162740473580835321, -2.145833333333332593 ) ) ;
#4629 = CARTESIAN_POINT ( 'NONE',  ( -1.348776801269685466, 0.6388452785093619024, -0.8482895692157864653 ) ) ;
#4630 = EDGE_CURVE ( 'NONE', #1229, #6612, #4916, .T. ) ;
#4631 = CARTESIAN_POINT ( 'NONE',  ( -1.748867050839136850, -4.483223583935673996E-17, -1.828125000000000000 ) ) ;
#4632 = CARTESIAN_POINT ( 'NONE',  ( 0.6970993649053937036, -1.300712788129358088, 0.8583234152560808017 ) ) ;
#4633 = CARTESIAN_POINT ( 'NONE',  ( -2.640000000000000124, 3.233067549749012704E-16, 4.359999999999999432 ) ) ;
#4634 = CARTESIAN_POINT ( 'NONE',  ( 0.6713085254195687579, 1.162740473580834433, 2.270833333333333925 ) ) ;
#4635 = CARTESIAN_POINT ( 'NONE',  ( -0.8744335254195683138, 1.514563293868263605, -1.942708333333334370 ) ) ;
#4636 = CARTESIAN_POINT ( 'NONE',  ( 1.396238660138792387, 0.5242369183443920111, 1.903811523782492632 ) ) ;
#4637 = CARTESIAN_POINT ( 'NONE',  ( 1.006962788129353026, 0.5813702367904169943, -3.833333333333333481 ) ) ;
#4638 = CARTESIAN_POINT ( 'NONE',  ( -1.006962788129352582, 0.5813702367904177715, -2.166666666666666963 ) ) ;
#4639 = EDGE_CURVE ( 'NONE', #3041, #5336, #1060, .T. ) ;
#4640 = ORIENTED_EDGE ( 'NONE', *, *, #4679, .T. ) ;
#4641 = CARTESIAN_POINT ( 'NONE',  ( 1.230206495346657602, 0.4648493680472306488, -3.430923901227019179 ) ) ;
#4642 = CARTESIAN_POINT ( 'NONE',  ( -0.2192486380930997458, -1.335581596676540750, -3.119682925261161532 ) ) ;
#4643 = CARTESIAN_POINT ( 'NONE',  ( -1.006962788129352582, -0.5813702367904175494, -3.020833333333333037 ) ) ;
#4644 = LINE ( 'NONE', #5113, #5356 ) ;
#4645 = VERTEX_POINT ( 'NONE', #3141 ) ;
#4646 = CARTESIAN_POINT ( 'NONE',  ( -1.227644640911694118, 0.8486523346799820233, -1.422543764117547793 ) ) ;
#4647 = EDGE_CURVE ( 'NONE', #6232, #1671, #1217, .T. ) ;
#4648 = FACE_OUTER_BOUND ( 'NONE', #6807, .T. ) ;
#4649 = VERTEX_POINT ( 'NONE', #2119 ) ;
#4650 = CARTESIAN_POINT ( 'NONE',  ( 0.08080127018922669824, 0.04665063509461338936, -4.000000000000000000 ) ) ;
#4651 = DIRECTION ( 'NONE',  ( 0.000000000000000000, 0.000000000000000000, 1.000000000000000000 ) ) ;
#4652 = DIRECTION ( 'NONE',  ( -0.000000000000000000, -0.000000000000000000, 1.000000000000000000 ) ) ;
#4653 = CARTESIAN_POINT ( 'NONE',  ( -0.6845041685470485415, -1.278897268105402052, -2.205159284941426545 ) ) ;
#4654 = CARTESIAN_POINT ( 'NONE',  ( -1.198478436561158045, -0.8490310375816334520, 0.1589509375419064507 ) ) ;
#4655 = COORDINATED_UNIVERSAL_TIME_OFFSET ( 6, 0, .BEHIND. ) ;
#4656 = ORIENTED_EDGE ( 'NONE', *, *, #3627, .F. ) ;
#4657 = CYLINDRICAL_SURFACE ( 'NONE', #2591, 1.394198729810781412 ) ;
#4658 = AXIS2_PLACEMENT_3D ( 'NONE', #4888, #7121, #2202 ) ;
#4659 = B_SPLINE_CURVE_WITH_KNOTS ( 'NONE', 3,
 ( #3222, #452, #4878, #5847 ),
 .UNSPECIFIED., .F., .F.,
 ( 4, 4 ),
 ( 0.008472816818588090743, 0.008589641784959824861 ),
 .UNSPECIFIED. ) ;
#4660 = ORIENTED_EDGE ( 'NONE', *, *, #6448, .T. ) ;
#4661 = CARTESIAN_POINT ( 'NONE',  ( 3.494371430666320593E-15, -0.2754000000000006443, 6.399999999999999467 ) ) ;
#4662 = CARTESIAN_POINT ( 'NONE',  ( -1.324950132883070841, 0.04665063509461363223, -3.222058099271885023 ) ) ;
#4663 = ORIENTED_EDGE ( 'NONE', *, *, #5705, .F. ) ;
#4664 = CARTESIAN_POINT ( 'NONE',  ( 1.006962788129352138, -0.5813702367904184376, -1.854166666666666297 ) ) ;
#4665 = CARTESIAN_POINT ( 'NONE',  ( -1.006962788129352582, 0.5813702367904173274, 3.333333333333333037 ) ) ;
#4666 = CIRCLE ( 'NONE', #4906, 1.218076211353316562 ) ;
#4667 = CARTESIAN_POINT ( 'NONE',  ( -0.8744335254195688689, -1.514563293868264049, 0.2552083333333338699 ) ) ;
#4668 = CARTESIAN_POINT ( 'NONE',  ( 1.456819914017537965, -0.2262501026587140640, 0.9358761517003446606 ) ) ;
#4669 = CIRCLE ( 'NONE', #6738, 2.640000000000000124 ) ;
#4670 = CONICAL_SURFACE ( 'NONE', #6524, 1.620000000000001661, 0.2617993877991500740 ) ;
#4671 = EDGE_CURVE ( 'NONE', #7151, #5812, #1189, .T. ) ;
#4672 = CARTESIAN_POINT ( 'NONE',  ( -1.212372092318233063, 0.1177436471014803171, 4.899999999999999467 ) ) ;
#4673 = CARTESIAN_POINT ( 'NONE',  ( -0.6713085254195680918, 1.162740473580834877, 2.354166666666666519 ) ) ;
#4674 = CARTESIAN_POINT ( 'NONE',  ( 0.8744335254195679807, -1.514563293868264937, 0.8072916666666652974 ) ) ;
#4675 = CARTESIAN_POINT ( 'NONE',  ( -1.571263509231523039E-15, 0.2753999999999992565, 6.399999999999999467 ) ) ;
#4676 = CARTESIAN_POINT ( 'NONE',  ( -0.6713085254195686469, -1.162740473580835543, -3.541666666666666519 ) ) ;
#4677 = CARTESIAN_POINT ( 'NONE',  ( -0.6713085254195686469, -1.162740473580835765, -2.041666666666666963 ) ) ;
#4678 = CONICAL_SURFACE ( 'NONE', #5252, 1.555801270189232755, 0.1221730476396033355 ) ;
#4679 = EDGE_CURVE ( 'NONE', #3178, #3021, #4261, .T. ) ;
#4680 = VERTEX_POINT ( 'NONE', #3221 ) ;
#4681 = CARTESIAN_POINT ( 'NONE',  ( -1.475000000000007638, 0.04665063509461365304, -2.000000000000000000 ) ) ;
#4682 = CARTESIAN_POINT ( 'NONE',  ( -1.115242222299294594, -0.9574577668538921671, -0.2431164235670897900 ) ) ;
#4683 = LINE ( 'NONE', #3592, #3972 ) ;
#4684 = LINE ( 'NONE', #6262, #1417 ) ;
#4685 = ORIENTED_EDGE ( 'NONE', *, *, #5426, .T. ) ;
#4686 = FACE_OUTER_BOUND ( 'NONE', #729, .T. ) ;
#4687 = CIRCLE ( 'NONE', #6869, 6.077811624702201598 ) ;
#4688 = CARTESIAN_POINT ( 'NONE',  ( -1.199424823463229428, -0.8476778146389540858, 2.750237241475533168 ) ) ;
#4689 = ORIENTED_EDGE ( 'NONE', *, *, #58, .F. ) ;
#4690 = CARTESIAN_POINT ( 'NONE',  ( -0.6970993649053922603, -1.300712788129359865, -1.295823415256081024 ) ) ;
#4691 = LINE ( 'NONE', #1853, #5479 ) ;
#4692 = CARTESIAN_POINT ( 'NONE',  ( 0.2273389821528373489, -1.374799989615431262, -2.794691480893696234 ) ) ;
#4693 = CARTESIAN_POINT ( 'NONE',  ( -1.197384665752074584, 0.4510257921330277364, -3.719495090424109751 ) ) ;
#4694 = DIRECTION ( 'NONE',  ( 1.000000000000000000, 0.000000000000000000, 0.000000000000000000 ) ) ;
#4695 = EDGE_CURVE ( 'NONE', #2236, #3589, #950, .T. ) ;
#4696 = EDGE_CURVE ( 'NONE', #5887, #1505, #966, .T. ) ;
#4697 = VERTEX_POINT ( 'NONE', #451 ) ;
#4698 = CARTESIAN_POINT ( 'NONE',  ( 1.273863352286213280, -0.5846914141122737663, -2.544386676542491177 ) ) ;
#4699 = ORIENTED_EDGE ( 'NONE', *, *, #2291, .T. ) ;
#4700 = CARTESIAN_POINT ( 'NONE',  ( 1.006962788129353026, 0.5813702367904164392, 3.166666666666665630 ) ) ;
#4701 = DIRECTION ( 'NONE',  ( -0.1045058763748857172, -0.02078751127481460667, 0.9943069954385902465 ) ) ;
#4702 = VERTEX_POINT ( 'NONE', #2674 ) ;
#4703 = CARTESIAN_POINT ( 'NONE',  ( -1.423946399209847682E-16, -1.162740473580835543, -0.4374999999999995004 ) ) ;
#4704 = CARTESIAN_POINT ( 'NONE',  ( -0.6713085254195682028, 1.162740473580835321, 2.791666666666666075 ) ) ;
#4705 = B_SPLINE_CURVE_WITH_KNOTS ( 'NONE', 3,
 ( #3126, #1368, #4130, #5325, #859, #2577, #3665 ),
 .UNSPECIFIED., .F., .F.,
 ( 4, 3, 4 ),
 ( 0.001508768717772389877, 0.002231914141078935633, 0.002852577093040788419 ),
 .UNSPECIFIED. ) ;
#4706 = CARTESIAN_POINT ( 'NONE',  ( 0.8744335254195679807, -1.514563293868264715, -0.1614583333333328985 ) ) ;
#4707 = CARTESIAN_POINT ( 'NONE',  ( 0.000000000000000000, 4.336808689942017736E-16, 4.000000000000000000 ) ) ;
#4708 = ORIENTED_EDGE ( 'NONE', *, *, #1967, .T. ) ;
#4709 = CARTESIAN_POINT ( 'NONE',  ( 1.293428814862567222, 0.6141538373377772864, -2.491782415300502151 ) ) ;
#4710 = CARTESIAN_POINT ( 'NONE',  ( -0.6713085254195685359, -1.162740473580835765, 3.020833333333333925 ) ) ;
#4711 = CARTESIAN_POINT ( 'NONE',  ( -1.311650288129352582, 0.7572816469341319134, 0.5989583333333323711 ) ) ;
#4712 = DIRECTION ( 'NONE',  ( 1.000000000000000000, 0.000000000000000000, 0.000000000000000000 ) ) ;
#4713 = CARTESIAN_POINT ( 'NONE',  ( 0.6713085254195689799, 1.162740473580835321, -3.791666666666666963 ) ) ;
#4714 = CARTESIAN_POINT ( 'NONE',  ( 1.342617050839136628, -5.701466896328442256E-16, 0.6249999999999997780 ) ) ;
#4715 = VERTEX_POINT ( 'NONE', #1028 ) ;
#4716 = FACE_OUTER_BOUND ( 'NONE', #2605, .T. ) ;
#4717 = CARTESIAN_POINT ( 'NONE',  ( -0.7779006350946143789, 1.254062153034747995, -4.000000000000000000 ) ) ;
#4718 = CARTESIAN_POINT ( 'NONE',  ( 0.000000000000000000, 1.162740473580835321, -3.187499999999999556 ) ) ;
#4719 = DIRECTION ( 'NONE',  ( 0.000000000000000000, 0.000000000000000000, 1.000000000000000000 ) ) ;
#4720 = ORIENTED_EDGE ( 'NONE', *, *, #1227, .T. ) ;
#4721 = CARTESIAN_POINT ( 'NONE',  ( 0.7779006350946172654, 1.254062153034745997, 1.448907960989586741 ) ) ;
#4722 = CARTESIAN_POINT ( 'NONE',  ( -1.115242222299292818, -0.9574577668538937214, 2.756883576432910932 ) ) ;
#4723 = ORIENTED_EDGE ( 'NONE', *, *, #3369, .T. ) ;
#4724 = CARTESIAN_POINT ( 'NONE',  ( 0.2424283229476942858, 1.281693360477806021, -3.342580045667289390 ) ) ;
#4725 = CARTESIAN_POINT ( 'NONE',  ( 1.475000000000007638, 0.04665063509461413183, -0.1291567485894143663 ) ) ;
#4726 = CARTESIAN_POINT ( 'NONE',  ( -9.144455000759798487E-16, -0.09330127018922626525, -4.000000000000000000 ) ) ;
#4727 = CARTESIAN_POINT ( 'NONE',  ( 0.008203040591587832525, 0.003397810665733142464, 0.3231150289283321042 ) ) ;
#4728 = CARTESIAN_POINT ( 'NONE',  ( -0.7603631656643635717, 1.015105264223651549, -3.756828946966784599 ) ) ;
#4729 = CARTESIAN_POINT ( 'NONE',  ( 0.6646448938880721302, 1.057897455016143740, -3.844787982686238337 ) ) ;
#4730 = COORDINATED_UNIVERSAL_TIME_OFFSET ( 6, 0, .BEHIND. ) ;
#4731 = ORIENTED_EDGE ( 'NONE', *, *, #2915, .F. ) ;
#4732 = CARTESIAN_POINT ( 'NONE',  ( -0.2622915926986402191, 1.378872607005300122, -2.537752669844424158 ) ) ;
#4733 = EDGE_CURVE ( 'NONE', #7066, #262, #4877, .T. ) ;
#4734 = VERTEX_POINT ( 'NONE', #5449 ) ;
#4735 = CARTESIAN_POINT ( 'NONE',  ( -0.6713085254195682028, 1.162740473580835099, 3.291666666666664742 ) ) ;
#4736 = DIRECTION ( 'NONE',  ( 0.000000000000000000, 0.000000000000000000, 1.000000000000000000 ) ) ;
#4737 = ORIENTED_EDGE ( 'NONE', *, *, #1105, .T. ) ;
#4738 = CARTESIAN_POINT ( 'NONE',  ( 1.342617050839136406, -5.045699453292854737E-16, -0.3124999999999994449 ) ) ;
#4739 = DIRECTION ( 'NONE',  ( -0.3826834323650908920, 0.9238795325112862944, 0.000000000000000000 ) ) ;
#4740 = CARTESIAN_POINT ( 'NONE',  ( -1.748867050839136850, -1.497550267250507059E-16, -0.3281249999999993894 ) ) ;
#4741 = LINE ( 'NONE', #7014, #2335 ) ;
#4742 = ADVANCED_FACE ( 'NONE', ( #484 ), #5783, .T. ) ;
#4743 = DIRECTION ( 'NONE',  ( 0.000000000000000000, 0.000000000000000000, 1.000000000000000000 ) ) ;
#4744 = EDGE_LOOP ( 'NONE', ( #2562, #736, #158, #1566 ) ) ;
#4745 = CARTESIAN_POINT ( 'NONE',  ( 1.178390885621391604, 0.8156863212419667164, -2.480817194221054400 ) ) ;
#4746 = CARTESIAN_POINT ( 'NONE',  ( -1.396238660138795940, 0.5242369183443802427, 0.1586884762175074237 ) ) ;
#4747 = CARTESIAN_POINT ( 'NONE',  ( -1.854805089941841679E-16, -1.514563293868264271, 1.265624999999998446 ) ) ;
#4748 = CARTESIAN_POINT ( 'NONE',  ( 1.152121818957298371, 0.9470596902539565320, 1.992021809550841294 ) ) ;
#4749 = CARTESIAN_POINT ( 'NONE',  ( -1.006962788129352582, 0.5813702367904176604, -1.166666666666666963 ) ) ;
#4750 = CARTESIAN_POINT ( 'NONE',  ( 1.006962788129352360, -0.5813702367904186596, 0.5833333333333332593 ) ) ;
#4751 = ORIENTED_EDGE ( 'NONE', *, *, #2431, .T. ) ;
#4752 = CARTESIAN_POINT ( 'NONE',  ( 0.6713085254195687579, 1.162740473580834877, -2.229166666666666075 ) ) ;
#4753 = CARTESIAN_POINT ( 'NONE',  ( -0.9228137282244787132, -1.149940016531951548, -0.8155665846439776878 ) ) ;
#4754 = DIRECTION ( 'NONE',  ( -0.000000000000000000, -0.000000000000000000, 1.000000000000000000 ) ) ;
#4755 = CARTESIAN_POINT ( 'NONE',  ( 0.7779006350946156001, 1.254062153034747107, -1.551092039010412149 ) ) ;
#4756 = ORIENTED_EDGE ( 'NONE', *, *, #4253, .T. ) ;
#4757 = CARTESIAN_POINT ( 'NONE',  ( -1.152121818957303034, 0.9470596902539504258, -1.429521809550840850 ) ) ;
#4758 = DIRECTION ( 'NONE',  ( 0.000000000000000000, 0.000000000000000000, 1.000000000000000000 ) ) ;
#4759 = ORIENTED_EDGE ( 'NONE', *, *, #1211, .F. ) ;
#4760 = DIRECTION ( 'NONE',  ( 1.000000000000000000, 0.000000000000000000, 0.000000000000000000 ) ) ;
#4761 = EDGE_CURVE ( 'NONE', #6607, #5027, #1395, .T. ) ;
#4762 = CARTESIAN_POINT ( 'NONE',  ( -0.1252817303402523064, 1.329189340885920556, -3.084496232550434147 ) ) ;
#4763 = CARTESIAN_POINT ( 'NONE',  ( -0.6845041685470485415, -1.278897268105402052, -2.205159284941426545 ) ) ;
#4764 = CARTESIAN_POINT ( 'NONE',  ( 0.9495842026457568252, -0.1177436471014756125, 4.899999999999999467 ) ) ;
#4765 = CARTESIAN_POINT ( 'NONE',  ( 1.152121818957303034, 0.9470596902539490936, -1.007978190449159595 ) ) ;
#4766 = CARTESIAN_POINT ( 'NONE',  ( 0.2713331099618215281, 1.444700874165413929, 0.5623479905304504811 ) ) ;
#4767 = DATE_AND_TIME ( #6432, #6664 ) ;
#4768 = ORIENTED_EDGE ( 'NONE', *, *, #2794, .F. ) ;
#4769 = CARTESIAN_POINT ( 'NONE',  ( -1.198478436561158045, -0.8490310375816335631, -1.341049062458093077 ) ) ;
#4770 = ORIENTED_EDGE ( 'NONE', *, *, #1840, .T. ) ;
#4771 = CARTESIAN_POINT ( 'NONE',  ( -0.8005979679387291714, -1.211179823869518613, -2.210030640813796410 ) ) ;
#4772 = CARTESIAN_POINT ( 'NONE',  ( -0.6594932763708382106, 1.322424673467953671, 1.527301540095945098 ) ) ;
#4773 = LINE ( 'NONE', #3152, #6422 ) ;
#4774 = CARTESIAN_POINT ( 'NONE',  ( -0.6713085254195680918, 1.162740473580835321, 0.3541666666666675178 ) ) ;
#4775 = DIRECTION ( 'NONE',  ( 1.000000000000000000, 0.000000000000000000, 0.000000000000000000 ) ) ;
#4776 = CONICAL_SURFACE ( 'NONE', #946, 1.555801270189233199, 0.1221730476396033355 ) ;
#4777 = CARTESIAN_POINT ( 'NONE',  ( -1.311650288129352582, 0.7572816469341320245, -1.369791666666666297 ) ) ;
#4778 = CARTESIAN_POINT ( 'NONE',  ( 2.400000000000000355, 2.939152317953647599E-16, 5.246254526119613182 ) ) ;
#4779 = VECTOR ( 'NONE', #586, 1000.000000000000000 ) ;
#4780 = CARTESIAN_POINT ( 'NONE',  ( 0.000000000000000000, 1.162740473580835543, -2.750000000000000444 ) ) ;
#4781 = ORIENTED_EDGE ( 'NONE', *, *, #2386, .F. ) ;
#4782 = CARTESIAN_POINT ( 'NONE',  ( -1.475000000000008304, 0.1695193230720013766, 2.610885778936682833 ) ) ;
#4783 = DIRECTION ( 'NONE',  ( -0.06093467170257416826, 0.1055419473313873313, -0.9925461516413219831 ) ) ;
#4784 = CIRCLE ( 'NONE', #3619, 6.077818181818190446 ) ;
#4785 = CARTESIAN_POINT ( 'NONE',  ( 1.748867050839136850, -5.234566269943024382E-16, -1.109375000000001110 ) ) ;
#4786 = LINE ( 'NONE', #6940, #5238 ) ;
#4787 = CARTESIAN_POINT ( 'NONE',  ( 1.006962788129352360, -0.5813702367904184376, -2.416666666666666963 ) ) ;
#4788 = EDGE_CURVE ( 'NONE', #262, #3122, #2460, .T. ) ;
#4789 = CARTESIAN_POINT ( 'NONE',  ( 0.6713085254195689799, 1.162740473580835099, 0.2083333333333329540 ) ) ;
#4790 = EDGE_CURVE ( 'NONE', #1284, #1138, #3978, .T. ) ;
#4791 = AXIS2_PLACEMENT_3D ( 'NONE', #1938, #231, #4265 ) ;
#4792 = AXIS2_PLACEMENT_3D ( 'NONE', #5267, #4651, #225 ) ;
#4793 = ORIENTED_EDGE ( 'NONE', *, *, #1526, .F. ) ;
#4794 = CARTESIAN_POINT ( 'NONE',  ( 0.6713085254195677587, -1.162740473580835765, -3.395833333333332593 ) ) ;
#4795 = DIRECTION ( 'NONE',  ( 0.000000000000000000, 0.000000000000000000, 1.000000000000000000 ) ) ;
#4796 = CARTESIAN_POINT ( 'NONE',  ( 0.000000000000000000, 1.162740473580835099, -0.1874999999999993061 ) ) ;
#4797 = AXIS2_PLACEMENT_3D ( 'NONE', #6534, #3285, #4803 ) ;
#4798 = CARTESIAN_POINT ( 'NONE',  ( -1.198478436561153382, -0.8490310375816401134, 0.6589509375419063675 ) ) ;
#4799 = ORIENTED_EDGE ( 'NONE', *, *, #2951, .T. ) ;
#4800 = CARTESIAN_POINT ( 'NONE',  ( -1.230787057003511542, -0.5676888182422439311, -2.919580246438538307 ) ) ;
#4801 = CARTESIAN_POINT ( 'NONE',  ( -1.327717508445854344, -0.6141007875721647968, 3.145755875123370959 ) ) ;
#4802 = ORIENTED_EDGE ( 'NONE', *, *, #2216, .T. ) ;
#4803 = DIRECTION ( 'NONE',  ( 1.000000000000000000, 0.000000000000000000, 0.000000000000000000 ) ) ;
#4804 = DIRECTION ( 'NONE',  ( 0.000000000000000000, 0.000000000000000000, -1.000000000000000000 ) ) ;
#4805 = CARTESIAN_POINT ( 'NONE',  ( 0.000000000000000000, 4.336808689942017736E-16, 5.785601311043761186 ) ) ;
#4806 = CARTESIAN_POINT ( 'NONE',  ( 1.620000000000001661, -1.463672932855430986E-15, 6.399999999999999467 ) ) ;
#4807 = CARTESIAN_POINT ( 'NONE',  ( -1.168049004239479105, -8.226693232090431865E-13, 3.440564881604828429 ) ) ;
#4808 = CARTESIAN_POINT ( 'NONE',  ( -1.457284131257206905, -0.2242101233374537983, -1.788600082022689941 ) ) ;
#4809 = EDGE_LOOP ( 'NONE', ( #371, #1973, #1600, #274 ) ) ;
#4810 = DIRECTION ( 'NONE',  ( -0.000000000000000000, -0.000000000000000000, -1.000000000000000000 ) ) ;
#4811 = EDGE_LOOP ( 'NONE', ( #102, #4255, #33 ) ) ;
#4812 = CARTESIAN_POINT ( 'NONE',  ( 1.475000000000007638, 0.04665063509460950358, 2.946925372343745853 ) ) ;
#4813 = PLANE ( 'NONE',  #4658 ) ;
#4814 = LINE ( 'NONE', #6002, #4816 ) ;
#4815 = CARTESIAN_POINT ( 'NONE',  ( -0.6713085254195680918, 1.162740473580835099, 2.854166666666666963 ) ) ;
#4816 = VECTOR ( 'NONE', #2646, 1000.000000000000000 ) ;
#4817 = CARTESIAN_POINT ( 'NONE',  ( 1.108613885844307756, 4.336808689942017736E-16, 6.399999999999999467 ) ) ;
#4818 = CARTESIAN_POINT ( 'NONE',  ( -1.311650288129352582, 0.7572816469341319134, 0.6302083333333332593 ) ) ;
#4819 = CARTESIAN_POINT ( 'NONE',  ( -0.08080127018922669824, 0.04665063509461348651, -4.000000000000000000 ) ) ;
#4820 = CARTESIAN_POINT ( 'NONE',  ( -1.006962788129352804, -0.5813702367904178825, -0.08333333333333370341 ) ) ;
#4821 = VERTEX_POINT ( 'NONE', #4672 ) ;
#4822 = CARTESIAN_POINT ( 'NONE',  ( -1.175412144481840171, 0.1627921751943479933, 3.433201741362579273 ) ) ;
#4823 = LINE ( 'NONE', #4860, #6047 ) ;
#4824 = CARTESIAN_POINT ( 'NONE',  ( -1.748867050839136850, -2.524919261339593349E-16, 1.140624999999999334 ) ) ;
#4825 = CARTESIAN_POINT ( 'NONE',  ( 1.475000000000008082, 0.1695193230720018485, 1.951614221063317833 ) ) ;
#4826 = CARTESIAN_POINT ( 'NONE',  ( -1.006962788129352582, 0.5813702367904176604, -0.6666666666666669627 ) ) ;
#4827 = CARTESIAN_POINT ( 'NONE',  ( 0.6713085254195689799, 1.162740473580835099, -0.2916666666666675178 ) ) ;
#4828 =( BOUNDED_SURFACE ( )  B_SPLINE_SURFACE ( 1, 2, ( 
 ( #4059, #5151, #5835, #182, #2400, #3521, #4608, #1264, #1302, #5723, #867, #793, #6302, #2986, #758, #6337, #5185, #6802, #6947, #5760, #1339, #3486, #217, #2471, #4718, #6226, #295, #2436, #4643, #6834, #1883, #6875, #5793, #4103, #3055, #6910, #3555, #5219, #1922, #4136, #829, #2510, #4173, #1960, #3633, #3095, #5295, #330, #2547, #4248, #1019, #2664, #2039, #3785, #513, #6457, #3817, #2627, #3709, #5984, #3671, #3246, #6016, #4360, #3213, #1563, #6527, #6560, #5476, #3132, #1050, #905, #366, #1489, #5871, #6417, #5907, #941, #3278, #5946, #4287, #3171, #5371, #4322, #407, #5331, #4943, #3746, #6492, #1452, #2585, #442, #2696, #7138, #5439, #4211, #4796, #4833, #6991, #4868, #475, #7026, #4903, #7102, #2074, #1524, #985, #5407, #7061, #2150, #1598, #2110, #2735, #609, #3416, #6084, #3315, #2218, #6148, #2836, #7169, #1730, #5642, #4427, #1766, #578, #1669, #3951, #1629, #1185, #3986, #2314, #1151, #6690, #4494, #4526, #3444, #30, #3849, #6661, #6114, #64, #6050, #678, #3350, #2282, #1086, #1119, #5609, #5513, #548, #6626, #3379, #3887, #5544, #1700, #5039, #2769, #4975, #2801, #5005, #2250, #2902, #3919, #645, #2868, #5105, #4466, #5573, #97, #5072, #6725, #6188, #1224, #2186, #4394, #6593, #176, #713, #5144, #1838, #4600, #1955, #5676, #3046, #4022, #2940, #2504, #4131, #2429, #4054, #3013, #3550, #289, #3585, #6794, #2392, #5178, #6253, #1293, #1803, #6219, #1369, #5250, #3516 ),
 ( #1258, #4095, #5716, #4167, #3622, #3480, #4567, #753, #2980, #210, #4637, #4713, #6368, #6829, #1875, #787, #1403, #4676, #6295, #1334, #5755, #6761, #5213, #245, #2464, #6867, #1917, #6332, #5787, #131, #822, #6905, #5828, #860, #3090, #2355, #3206, #5402, #2578, #3703, #2542, #1592, #4283, #6984, #4787, #5901, #2659, #7095, #6450, #325, #6487, #1990, #5289, #3127, #1559, #2070, #936, #437, #5434, #4864, #3666, #5326, #3164, #6409, #5866, #3812, #6941, #361, #1484, #1046, #7057, #2105, #1014, #978, #4749, #2032, #4241, #2620, #7021, #4316, #6522, #3779, #5978, #5364, #3240, #401, #4826, #471, #898, #1519, #2692, #4201, #4898, #3741, #2146, #1447, #6010, #5941, #4356, #6555, #4970, #3374, #1114, #6587, #2276, #5000, #2765, #5469, #4388, #573, #1757, #5568, #1081, #7163, #2793, #5066, #23, #2245, #602, #2831, #4460, #639, #5033, #6686, #2309, #1696, #3345, #508, #1624, #6656, #3310, #92, #6719, #3845, #2730, #6044, #2213, #5540, #3914, #5602, #4521, #5509, #1661, #6110, #3980, #59, #2180, #1146, #4421, #4938, #4490, #543, #1725, #6620, #3946, #6140, #1177, #3274, #3882, #6080, #7134, #6180, #3409, #2861, #6286, #1326, #5670, #6788, #5636, #4704, #202, #2931, #706, #1831, #5745, #3037, #2385, #3438, #2420, #5099, #1216, #6213, #4665, #5171, #4048, #3542, #1359, #779, #6753, #1251, #6246, #2344, #1796, #6898, #2896, #3473, #4593, #4156, #3005, #5205, #4123, #4085, #671, #5136, #166 ) ),
 .UNSPECIFIED., .F., .F., .F. ) 
 B_SPLINE_SURFACE_WITH_KNOTS ( ( 2, 2 ),
 ( 3, 2, 2, 2, 2, 2, 2, 2, 2, 2, 2, 2, 2, 2, 2, 2, 2, 2, 2, 2, 2, 2, 2, 2, 2, 2, 2, 2, 2, 2, 2, 2, 2, 2, 2, 2, 2, 2, 2, 2, 2, 2, 2, 2, 2, 2, 2, 2, 2, 2, 2, 2, 2, 2, 2, 2, 2, 2, 2, 2, 2, 2, 2, 2, 2, 2, 2, 2, 2, 2, 2, 2, 2, 2, 2, 2, 2, 2, 2, 2, 2, 2, 2, 2, 2, 2, 2, 2, 2, 2, 2, 2, 2, 2, 2, 2, 2, 2, 2, 2, 2, 2, 3 ),
 ( 0.000000000000000000, 1.000000000000000000 ),
 ( 0.000000000000000000, 0.009803921568627450844, 0.01960784313725490169, 0.02941176470588235253, 0.03921568627450980338, 0.04901960784313725422, 0.05882352941176470507, 0.06862745098039216285, 0.07843137254901960675, 0.08823529411764706454, 0.09803921568627450844, 0.1078431372549019662, 0.1176470588235294101, 0.1274509803921568540, 0.1372549019607843257, 0.1470588235294117696, 0.1568627450980392135, 0.1666666666666666574, 0.1764705882352941291, 0.1862745098039215730, 0.1960784313725490169, 0.2058823529411764608, 0.2156862745098039325, 0.2254901960784313764, 0.2352941176470588203, 0.2450980392156862642, 0.2549019607843137081, 0.2647058823529411797, 0.2745098039215686514, 0.2843137254901960675, 0.2941176470588235392, 0.3039215686274509554, 0.3137254901960784270, 0.3235294117647058987, 0.3333333333333333148, 0.3431372549019607865, 0.3529411764705882582, 0.3627450980392156743, 0.3725490196078431460, 0.3823529411764705621, 0.3921568627450980338, 0.4019607843137255054, 0.4117647058823529216, 0.4215686274509803932, 0.4313725490196078649, 0.4411764705882352811, 0.4509803921568627527, 0.4607843137254901689, 0.4705882352941176405, 0.4803921568627451122, 0.4901960784313725283, 0.5000000000000000000, 0.5098039215686274161, 0.5196078431372549433, 0.5294117647058823595, 0.5392156862745097756, 0.5490196078431373028, 0.5588235294117647189, 0.5686274509803921351, 0.5784313725490196623, 0.5882352941176470784, 0.5980392156862744946, 0.6078431372549019107, 0.6176470588235294379, 0.6274509803921568540, 0.6372549019607842702, 0.6470588235294117974, 0.6568627450980392135, 0.6666666666666666297, 0.6764705882352941568, 0.6862745098039215730, 0.6960784313725489891, 0.7058823529411765163, 0.7156862745098039325, 0.7254901960784313486, 0.7352941176470588758, 0.7450980392156862919, 0.7549019607843137081, 0.7647058823529411242, 0.7745098039215686514, 0.7843137254901960675, 0.7941176470588234837, 0.8039215686274510109, 0.8137254901960784270, 0.8235294117647058432, 0.8333333333333333703, 0.8431372549019607865, 0.8529411764705882026, 0.8627450980392157298, 0.8725490196078431460, 0.8823529411764705621, 0.8921568627450980893, 0.9019607843137255054, 0.9117647058823529216, 0.9215686274509803377, 0.9313725490196078649, 0.9411764705882352811, 0.9509803921568626972, 0.9607843137254902244, 0.9705882352941176405, 0.9803921568627450567, 0.9901960784313725839, 1.000000000000000000 ),
 .UNSPECIFIED. ) 
 GEOMETRIC_REPRESENTATION_ITEM ( )  RATIONAL_B_SPLINE_SURFACE ( (
 ( 1.000000000000000000, 0.8660254037844387076, 1.000000000000000000, 0.8660254037844387076, 1.000000000000000000, 0.8660254037844387076, 1.000000000000000000, 0.8660254037844387076, 1.000000000000000000, 0.8660254037844387076, 1.000000000000000000, 0.8660254037844387076, 1.000000000000000000, 0.8660254037844387076, 1.000000000000000000, 0.8660254037844387076, 1.000000000000000000, 0.8660254037844387076, 1.000000000000000000, 0.8660254037844387076, 1.000000000000000000, 0.8660254037844387076, 1.000000000000000000, 0.8660254037844387076, 1.000000000000000000, 0.8660254037844387076, 1.000000000000000000, 0.8660254037844387076, 1.000000000000000000, 0.8660254037844387076, 1.000000000000000000, 0.8660254037844387076, 1.000000000000000000, 0.8660254037844387076, 1.000000000000000000, 0.8660254037844387076, 1.000000000000000000, 0.8660254037844387076, 1.000000000000000000, 0.8660254037844387076, 1.000000000000000000, 0.8660254037844387076, 1.000000000000000000, 0.8660254037844387076, 1.000000000000000000, 0.8660254037844387076, 1.000000000000000000, 0.8660254037844387076, 1.000000000000000000, 0.8660254037844387076, 1.000000000000000000, 0.8660254037844387076, 1.000000000000000000, 0.8660254037844387076, 1.000000000000000000, 0.8660254037844387076, 1.000000000000000000, 0.8660254037844387076, 1.000000000000000000, 0.8660254037844387076, 1.000000000000000000, 0.8660254037844387076, 1.000000000000000000, 0.8660254037844387076, 1.000000000000000000, 0.8660254037844387076, 1.000000000000000000, 0.8660254037844387076, 1.000000000000000000, 0.8660254037844387076, 1.000000000000000000, 0.8660254037844387076, 1.000000000000000000, 0.8660254037844387076, 1.000000000000000000, 0.8660254037844387076, 1.000000000000000000, 0.8660254037844387076, 1.000000000000000000, 0.8660254037844387076, 1.000000000000000000, 0.8660254037844387076, 1.000000000000000000, 0.8660254037844387076, 1.000000000000000000, 0.8660254037844387076, 1.000000000000000000, 0.8660254037844387076, 1.000000000000000000, 0.8660254037844387076, 1.000000000000000000, 0.8660254037844387076, 1.000000000000000000, 0.8660254037844387076, 1.000000000000000000, 0.8660254037844387076, 1.000000000000000000, 0.8660254037844387076, 1.000000000000000000, 0.8660254037844387076, 1.000000000000000000, 0.8660254037844387076, 1.000000000000000000, 0.8660254037844387076, 1.000000000000000000, 0.8660254037844387076, 1.000000000000000000, 0.8660254037844387076, 1.000000000000000000, 0.8660254037844387076, 1.000000000000000000, 0.8660254037844387076, 1.000000000000000000, 0.8660254037844387076, 1.000000000000000000, 0.8660254037844387076, 1.000000000000000000, 0.8660254037844387076, 1.000000000000000000, 0.8660254037844387076, 1.000000000000000000, 0.8660254037844387076, 1.000000000000000000, 0.8660254037844387076, 1.000000000000000000, 0.8660254037844387076, 1.000000000000000000, 0.8660254037844387076, 1.000000000000000000, 0.8660254037844387076, 1.000000000000000000, 0.8660254037844387076, 1.000000000000000000, 0.8660254037844387076, 1.000000000000000000, 0.8660254037844387076, 1.000000000000000000, 0.8660254037844387076, 1.000000000000000000, 0.8660254037844387076, 1.000000000000000000, 0.8660254037844387076, 1.000000000000000000, 0.8660254037844387076, 1.000000000000000000, 0.8660254037844387076, 1.000000000000000000, 0.8660254037844387076, 1.000000000000000000, 0.8660254037844387076, 1.000000000000000000, 0.8660254037844387076, 1.000000000000000000, 0.8660254037844387076, 1.000000000000000000, 0.8660254037844387076, 1.000000000000000000, 0.8660254037844387076, 1.000000000000000000, 0.8660254037844387076, 1.000000000000000000, 0.8660254037844387076, 1.000000000000000000, 0.8660254037844387076, 1.000000000000000000, 0.8660254037844387076, 1.000000000000000000, 0.8660254037844387076, 1.000000000000000000, 0.8660254037844387076, 1.000000000000000000, 0.8660254037844387076, 1.000000000000000000, 0.8660254037844387076, 1.000000000000000000, 0.8660254037844387076, 1.000000000000000000, 0.8660254037844387076, 1.000000000000000000, 0.8660254037844387076, 1.000000000000000000, 0.8660254037844387076, 1.000000000000000000, 0.8660254037844387076, 1.000000000000000000, 0.8660254037844387076, 1.000000000000000000, 0.8660254037844387076, 1.000000000000000000, 0.8660254037844387076, 1.000000000000000000, 0.8660254037844387076, 1.000000000000000000, 0.8660254037844387076, 1.000000000000000000, 0.8660254037844387076, 1.000000000000000000, 0.8660254037844387076, 1.000000000000000000, 0.8660254037844387076, 1.000000000000000000, 0.8660254037844387076, 1.000000000000000000, 0.8660254037844387076, 1.000000000000000000),
 ( 1.000000000000000000, 0.8660254037844387076, 1.000000000000000000, 0.8660254037844387076, 1.000000000000000000, 0.8660254037844387076, 1.000000000000000000, 0.8660254037844387076, 1.000000000000000000, 0.8660254037844387076, 1.000000000000000000, 0.8660254037844387076, 1.000000000000000000, 0.8660254037844387076, 1.000000000000000000, 0.8660254037844387076, 1.000000000000000000, 0.8660254037844387076, 1.000000000000000000, 0.8660254037844387076, 1.000000000000000000, 0.8660254037844387076, 1.000000000000000000, 0.8660254037844387076, 1.000000000000000000, 0.8660254037844387076, 1.000000000000000000, 0.8660254037844387076, 1.000000000000000000, 0.8660254037844387076, 1.000000000000000000, 0.8660254037844387076, 1.000000000000000000, 0.8660254037844387076, 1.000000000000000000, 0.8660254037844387076, 1.000000000000000000, 0.8660254037844387076, 1.000000000000000000, 0.8660254037844387076, 1.000000000000000000, 0.8660254037844387076, 1.000000000000000000, 0.8660254037844387076, 1.000000000000000000, 0.8660254037844387076, 1.000000000000000000, 0.8660254037844387076, 1.000000000000000000, 0.8660254037844387076, 1.000000000000000000, 0.8660254037844387076, 1.000000000000000000, 0.8660254037844387076, 1.000000000000000000, 0.8660254037844387076, 1.000000000000000000, 0.8660254037844387076, 1.000000000000000000, 0.8660254037844387076, 1.000000000000000000, 0.8660254037844387076, 1.000000000000000000, 0.8660254037844387076, 1.000000000000000000, 0.8660254037844387076, 1.000000000000000000, 0.8660254037844387076, 1.000000000000000000, 0.8660254037844387076, 1.000000000000000000, 0.8660254037844387076, 1.000000000000000000, 0.8660254037844387076, 1.000000000000000000, 0.8660254037844387076, 1.000000000000000000, 0.8660254037844387076, 1.000000000000000000, 0.8660254037844387076, 1.000000000000000000, 0.8660254037844387076, 1.000000000000000000, 0.8660254037844387076, 1.000000000000000000, 0.8660254037844387076, 1.000000000000000000, 0.8660254037844387076, 1.000000000000000000, 0.8660254037844387076, 1.000000000000000000, 0.8660254037844387076, 1.000000000000000000, 0.8660254037844387076, 1.000000000000000000, 0.8660254037844387076, 1.000000000000000000, 0.8660254037844387076, 1.000000000000000000, 0.8660254037844387076, 1.000000000000000000, 0.8660254037844387076, 1.000000000000000000, 0.8660254037844387076, 1.000000000000000000, 0.8660254037844387076, 1.000000000000000000, 0.8660254037844387076, 1.000000000000000000, 0.8660254037844387076, 1.000000000000000000, 0.8660254037844387076, 1.000000000000000000, 0.8660254037844387076, 1.000000000000000000, 0.8660254037844387076, 1.000000000000000000, 0.8660254037844387076, 1.000000000000000000, 0.8660254037844387076, 1.000000000000000000, 0.8660254037844387076, 1.000000000000000000, 0.8660254037844387076, 1.000000000000000000, 0.8660254037844387076, 1.000000000000000000, 0.8660254037844387076, 1.000000000000000000, 0.8660254037844387076, 1.000000000000000000, 0.8660254037844387076, 1.000000000000000000, 0.8660254037844387076, 1.000000000000000000, 0.8660254037844387076, 1.000000000000000000, 0.8660254037844387076, 1.000000000000000000, 0.8660254037844387076, 1.000000000000000000, 0.8660254037844387076, 1.000000000000000000, 0.8660254037844387076, 1.000000000000000000, 0.8660254037844387076, 1.000000000000000000, 0.8660254037844387076, 1.000000000000000000, 0.8660254037844387076, 1.000000000000000000, 0.8660254037844387076, 1.000000000000000000, 0.8660254037844387076, 1.000000000000000000, 0.8660254037844387076, 1.000000000000000000, 0.8660254037844387076, 1.000000000000000000, 0.8660254037844387076, 1.000000000000000000, 0.8660254037844387076, 1.000000000000000000, 0.8660254037844387076, 1.000000000000000000, 0.8660254037844387076, 1.000000000000000000, 0.8660254037844387076, 1.000000000000000000, 0.8660254037844387076, 1.000000000000000000, 0.8660254037844387076, 1.000000000000000000, 0.8660254037844387076, 1.000000000000000000, 0.8660254037844387076, 1.000000000000000000, 0.8660254037844387076, 1.000000000000000000, 0.8660254037844387076, 1.000000000000000000, 0.8660254037844387076, 1.000000000000000000, 0.8660254037844387076, 1.000000000000000000, 0.8660254037844387076, 1.000000000000000000, 0.8660254037844387076, 1.000000000000000000, 0.8660254037844387076, 1.000000000000000000, 0.8660254037844387076, 1.000000000000000000, 0.8660254037844387076, 1.000000000000000000, 0.8660254037844387076, 1.000000000000000000, 0.8660254037844387076, 1.000000000000000000, 0.8660254037844387076, 1.000000000000000000, 0.8660254037844387076, 1.000000000000000000, 0.8660254037844387076, 1.000000000000000000) ) ) 
 REPRESENTATION_ITEM ( '' )  SURFACE ( )  );
#4829 = ADVANCED_FACE ( 'NONE', ( #1398 ), #1421, .T. ) ;
#4830 = EDGE_CURVE ( 'NONE', #6298, #2910, #3056, .T. ) ;
#4831 = CARTESIAN_POINT ( 'NONE',  ( 1.006962788129352804, 0.5813702367904167723, -3.270833333333332593 ) ) ;
#4832 = CARTESIAN_POINT ( 'NONE',  ( 0.8157524219245747554, -1.232208413719160900, -0.2125302515684558136 ) ) ;
#4833 = CARTESIAN_POINT ( 'NONE',  ( -0.6713085254195680918, 1.162740473580835321, -0.1458333333333328707 ) ) ;
#4834 = CARTESIAN_POINT ( 'NONE',  ( -1.386803860295836799, -0.4870992124572579018, 0.6389497569004227717 ) ) ;
#4835 = VERTEX_POINT ( 'NONE', #5285 ) ;
#4836 = CARTESIAN_POINT ( 'NONE',  ( 1.227644640911700780, 0.8486523346799745848, 2.485043764117546239 ) ) ;
#4837 = CARTESIAN_POINT ( 'NONE',  ( 1.332238849326562669, 0.1665545566243629982, 5.364404782542769645 ) ) ;
#4838 = EDGE_CURVE ( 'NONE', #3145, #6425, #3402, .T. ) ;
#4839 = VERTEX_POINT ( 'NONE', #1330 ) ;
#4840 = CARTESIAN_POINT ( 'NONE',  ( -0.8155067236291654309, -1.232350267696155743, 2.193968206762611395 ) ) ;
#4841 = CARTESIAN_POINT ( 'NONE',  ( -0.2508055131050109243, 1.313566693831875520, -3.075840061295664007 ) ) ;
#4842 = DIRECTION ( 'NONE',  ( -0.3826834323650825653, -0.9238795325112897361, 0.000000000000000000 ) ) ;
#4843 = CARTESIAN_POINT ( 'NONE',  ( -0.7779006350946131576, 1.254062153034748661, 1.037509918077252014 ) ) ;
#4844 = CARTESIAN_POINT ( 'NONE',  ( 0.000000000000000000, 4.336808689942017736E-16, 0.3221818181818091320 ) ) ;
#4845 = CARTESIAN_POINT ( 'NONE',  ( -0.9243482935200527661, -1.148518002948890837, -1.730790514966321414 ) ) ;
#4846 = ORIENTED_EDGE ( 'NONE', *, *, #6591, .T. ) ;
#4847 = CARTESIAN_POINT ( 'NONE',  ( 1.333822933433427949, -0.6148934597293377324, -1.083096091857800314 ) ) ;
#4848 = ORIENTED_EDGE ( 'NONE', *, *, #3116, .T. ) ;
#4849 = CARTESIAN_POINT ( 'NONE',  ( 0.8155067236291653199, -1.232350267696155521, 2.868531793237387273 ) ) ;
#4850 = CARTESIAN_POINT ( 'NONE',  ( -0.6445297076636877787, -1.209659470850246388, -2.856291000352644716 ) ) ;
#4851 = CARTESIAN_POINT ( 'NONE',  ( 1.475000000000007638, 0.04665063509461413876, -1.629156748589414061 ) ) ;
#4852 = CARTESIAN_POINT ( 'NONE',  ( 0.6713085254195687579, 1.162740473580834433, 2.770833333333333481 ) ) ;
#4853 = DIRECTION ( 'NONE',  ( -0.000000000000000000, -0.000000000000000000, 1.000000000000000000 ) ) ;
#4854 = CARTESIAN_POINT ( 'NONE',  ( -1.854805089941841679E-16, -1.514563293868264271, 1.796874999999999778 ) ) ;
#4855 = DIRECTION ( 'NONE',  ( -1.000000000000000000, -1.224646799147353207E-16, 0.000000000000000000 ) ) ;
#4856 = B_SPLINE_CURVE_WITH_KNOTS ( 'NONE', 3,
 ( #5549, #583, #682, #69, #6698, #2875, #618, #5014, #37, #4472 ),
 .UNSPECIFIED., .F., .F.,
 ( 4, 2, 2, 2, 4 ),
 ( 0.000000000000000000, 0.0003638230103348401236, 0.0007276460206696802472, 0.001091469031004520425, 0.001455292041339360494 ),
 .UNSPECIFIED. ) ;
#4857 = CARTESIAN_POINT ( 'NONE',  ( 1.006962788129352360, -0.5813702367904185486, -1.416666666666667185 ) ) ;
#4858 = EDGE_LOOP ( 'NONE', ( #5060, #7160, #149, #4245 ) ) ;
#4859 = CARTESIAN_POINT ( 'NONE',  ( -0.9403019029540136131, 1.148610552752659331, 3.121263467329905339 ) ) ;
#4860 = CARTESIAN_POINT ( 'NONE',  ( 1.475000000000007638, 0.04665063509461170321, -4.000000000000000000 ) ) ;
#4861 = CARTESIAN_POINT ( 'NONE',  ( 0.000000000000000000, 1.514563293868263605, 1.515624999999998668 ) ) ;
#4862 = EDGE_CURVE ( 'NONE', #2643, #5548, #5037, .T. ) ;
#4863 = DIRECTION ( 'NONE',  ( 0.06093467170257364784, -0.1055419473313876089, -0.9925461516413219831 ) ) ;
#4864 = CARTESIAN_POINT ( 'NONE',  ( 0.6713085254195689799, 1.162740473580835099, -1.791666666666666963 ) ) ;
#4865 = CARTESIAN_POINT ( 'NONE',  ( 0.000000000000000000, 1.162740473580835099, 1.749999999999999778 ) ) ;
#4866 = CARTESIAN_POINT ( 'NONE',  ( 0.08080127018922669824, 0.04665063509461338936, -4.000000000000000000 ) ) ;
#4867 = CARTESIAN_POINT ( 'NONE',  ( -0.1177436471014850772, -1.212372092318233063, 4.899999999999999467 ) ) ;
#4868 = CARTESIAN_POINT ( 'NONE',  ( -1.342617050839136406, -1.932107423854063447E-16, -0.06249999999999918121 ) ) ;
#4869 = CYLINDRICAL_SURFACE ( 'NONE', #4090, 1.555801270189232755 ) ;
#4870 = EDGE_LOOP ( 'NONE', ( #4985, #3925, #5562, #1432 ) ) ;
#4871 = LINE ( 'NONE', #2347, #3872 ) ;
#4872 = EDGE_CURVE ( 'NONE', #396, #6244, #2267, .T. ) ;
#4873 = LINE ( 'NONE', #2701, #2243 ) ;
#4874 = ORIENTED_EDGE ( 'NONE', *, *, #6276, .T. ) ;
#4875 = CARTESIAN_POINT ( 'NONE',  ( -1.333822933433424618, -0.6148934597293447268, 2.145596091857798982 ) ) ;
#4876 = DIRECTION ( 'NONE',  ( 0.000000000000000000, 0.000000000000000000, 1.000000000000000000 ) ) ;
#4877 = LINE ( 'NONE', #7069, #5245 ) ;
#4878 = CARTESIAN_POINT ( 'NONE',  ( -1.162585802941568547, -0.07781916912330975877, 3.444092605967374876 ) ) ;
#4879 = CYLINDRICAL_SURFACE ( 'NONE', #1653, 1.394198729810780968 ) ;
#4880 = LINE ( 'NONE', #2122, #6963 ) ;
#4881 = ORIENTED_EDGE ( 'NONE', *, *, #6359, .T. ) ;
#4882 = CARTESIAN_POINT ( 'NONE',  ( -0.8790174105201774557, 0.9969725159765546740, -3.285337114430647798 ) ) ;
#4883 = EDGE_CURVE ( 'NONE', #4680, #1491, #3752, .T. ) ;
#4884 = B_SPLINE_CURVE_WITH_KNOTS ( 'NONE', 3,
 ( #5468, #3881, #5090, #5508, #542, #2729, #2691, #507 ),
 .UNSPECIFIED., .F., .F.,
 ( 4, 2, 2, 4 ),
 ( 0.0002890308138916648545, 0.0005804974115294922552, 0.0008719640091673197101, 0.001454897204442973753 ),
 .UNSPECIFIED. ) ;
#4885 = EDGE_CURVE ( 'NONE', #7066, #4507, #1964, .T. ) ;
#4886 = ORIENTED_EDGE ( 'NONE', *, *, #5007, .T. ) ;
#4887 = CARTESIAN_POINT ( 'NONE',  ( -0.2771398520583633340, 0.9812900791250611654, 6.416553586579684776 ) ) ;
#4888 = CARTESIAN_POINT ( 'NONE',  ( 0.2410245267385817680, -0.5818846813168206955, 6.399999999999999467 ) ) ;
#4889 = CYLINDRICAL_SURFACE ( 'NONE', #5963, 3.000000000000000000 ) ;
#4890 = CARTESIAN_POINT ( 'NONE',  ( 0.6713085254195677587, -1.162740473580835987, 1.604166666666666741 ) ) ;
#4891 = CARTESIAN_POINT ( 'NONE',  ( -1.748867050839136850, -4.295491357535680142E-16, 3.671875000000000888 ) ) ;
#4892 = CARTESIAN_POINT ( 'NONE',  ( 0.6365242153419305993, 1.274141825084377455, -2.434083107760179665 ) ) ;
#4893 = CARTESIAN_POINT ( 'NONE',  ( -1.342617050839136628, -1.888389594318356709E-16, -0.1250000000000001110 ) ) ;
#4894 = CARTESIAN_POINT ( 'NONE',  ( -1.079937544476567091, -0.9307805209549240288, -2.358389607479788541 ) ) ;
#4895 = CARTESIAN_POINT ( 'NONE',  ( -1.475000000000007638, 0.04665063509460930236, 2.691656748589413173 ) ) ;
#4896 = CARTESIAN_POINT ( 'NONE',  ( -1.311650288129352804, -0.7572816469341321355, 3.182291666666665630 ) ) ;
#4897 = CARTESIAN_POINT ( 'NONE',  ( 0.6933181305638075331, 1.107560957755965081, -3.377738437289245610 ) ) ;
#4898 = CARTESIAN_POINT ( 'NONE',  ( 1.006962788129352360, -0.5813702367904185486, -0.4166666666666671848 ) ) ;
#4899 = CARTESIAN_POINT ( 'NONE',  ( -1.854805089941841679E-16, -1.514563293868264049, -4.203124999999999112 ) ) ;
#4900 = VECTOR ( 'NONE', #1693, 1000.000000000000000 ) ;
#4901 = CARTESIAN_POINT ( 'NONE',  ( 1.342617050839136406, -2.947243635578975665E-16, -3.312499999999999556 ) ) ;
#4902 = CARTESIAN_POINT ( 'NONE',  ( -0.08080127018922669824, 0.04665063509461348651, -4.000000000000000000 ) ) ;
#4903 = CARTESIAN_POINT ( 'NONE',  ( -1.423946399209847682E-16, -1.162740473580835543, 0.06250000000000005551 ) ) ;
#4904 = CIRCLE ( 'NONE', #4083, 6.067063046836890905 ) ;
#4905 = CARTESIAN_POINT ( 'NONE',  ( 1.270783096125921885, -0.4438584962381115773, -3.005069044403685830 ) ) ;
#4906 = AXIS2_PLACEMENT_3D ( 'NONE', #350, #2021, #4775 ) ;
#4907 = ORIENTED_EDGE ( 'NONE', *, *, #1879, .T. ) ;
#4908 = DIRECTION ( 'NONE',  ( -1.000000000000000000, 0.000000000000000000, 0.000000000000000000 ) ) ;
#4909 = EDGE_CURVE ( 'NONE', #4962, #5297, #299, .T. ) ;
#4910 = CIRCLE ( 'NONE', #2002, 0.5999999999999998668 ) ;
#4911 = CARTESIAN_POINT ( 'NONE',  ( -1.179364816307260089, 0.5593112021062034422, -3.518466116576891789 ) ) ;
#4912 = ORIENTED_EDGE ( 'NONE', *, *, #4415, .T. ) ;
#4913 = FACE_OUTER_BOUND ( 'NONE', #444, .T. ) ;
#4914 = VECTOR ( 'NONE', #222, 999.9999999999998863 ) ;
#4915 = CARTESIAN_POINT ( 'NONE',  ( -0.1343981099701964110, 1.462571274368299035, 1.083570574808865761 ) ) ;
#4916 = LINE ( 'NONE', #2159, #6164 ) ;
#4917 = CARTESIAN_POINT ( 'NONE',  ( -0.6592475780754322168, 1.322566527444946516, -0.8916364150982124537 ) ) ;
#4918 = CARTESIAN_POINT ( 'NONE',  ( 0.2715616379965419269, 1.444556979311147682, -0.02771690976624387182 ) ) ;
#4919 = CARTESIAN_POINT ( 'NONE',  ( -0.1343981099701966886, 1.462571274368298813, 2.083570574808864873 ) ) ;
#4920 = ORIENTED_EDGE ( 'NONE', *, *, #7030, .T. ) ;
#4921 = CARTESIAN_POINT ( 'NONE',  ( -0.003397810665732753019, 0.008203040591588130898, 0.3231150289283320487 ) ) ;
#4922 = CIRCLE ( 'NONE', #2015, 6.067063046836891793 ) ;
#4923 = ORIENTED_EDGE ( 'NONE', *, *, #1228, .T. ) ;
#4924 = CARTESIAN_POINT ( 'NONE',  ( -1.375694371336584565, -0.5118288741044958456, 3.140268238012735136 ) ) ;
#4925 = EDGE_CURVE ( 'NONE', #6388, #5278, #7099, .T. ) ;
#4926 = CARTESIAN_POINT ( 'NONE',  ( -0.8840870061375049049, 1.192755423128866399, 3.046664675211883999 ) ) ;
#4927 = CARTESIAN_POINT ( 'NONE',  ( 1.475000000000007638, 0.04665063509461170321, -4.000000000000000000 ) ) ;
#4928 = ADVANCED_FACE ( 'NONE', ( #3063 ), #4205, .T. ) ;
#4929 = CARTESIAN_POINT ( 'NONE',  ( -1.423946399209847682E-16, -1.162740473580835765, 1.562500000000000444 ) ) ;
#4930 = CARTESIAN_POINT ( 'NONE',  ( -1.311650288129352804, -0.7572816469341321355, 1.213541666666666519 ) ) ;
#4931 = CARTESIAN_POINT ( 'NONE',  ( -1.006962788129352804, -0.5813702367904176604, -2.083333333333333925 ) ) ;
#4932 = AXIS2_PLACEMENT_3D ( 'NONE', #3334, #113, #1103 ) ;
#4933 = FACE_OUTER_BOUND ( 'NONE', #6433, .T. ) ;
#4934 = ORIENTED_EDGE ( 'NONE', *, *, #4509, .F. ) ;
#4935 = CARTESIAN_POINT ( 'NONE',  ( 1.396238660138793941, 0.5242369183443857938, -1.096188476217508034 ) ) ;
#4936 = CARTESIAN_POINT ( 'NONE',  ( -1.854805089941841679E-16, -1.514563293868264271, 3.265624999999998668 ) ) ;
#4937 = CARTESIAN_POINT ( 'NONE',  ( -0.1211321603579908618, -1.487497613189342927, -0.7558770974508813856 ) ) ;
#4938 = CARTESIAN_POINT ( 'NONE',  ( -0.6713085254195686469, -1.162740473580835765, 1.958333333333332815 ) ) ;
#4939 = CARTESIAN_POINT ( 'NONE',  ( -1.006962788129352804, -0.5813702367904179935, 2.416666666666666075 ) ) ;
#4940 = CARTESIAN_POINT ( 'NONE',  ( -0.6713085254195685359, -1.162740473580835321, -0.4791666666666663521 ) ) ;
#4941 = B_SPLINE_CURVE_WITH_KNOTS ( 'NONE', 3,
 ( #7154, #5592, #6130, #6071, #6034, #2203, #2852, #5088, #5057, #4411 ),
 .UNSPECIFIED., .F., .F.,
 ( 4, 2, 2, 2, 4 ),
 ( 7.632852596679017644E-19, 0.0004068535042414639477, 0.0008137070084829271365, 0.001220560512724390380, 0.001627414016965853623 ),
 .UNSPECIFIED. ) ;
#4942 = CARTESIAN_POINT ( 'NONE',  ( 1.169271655112462893, -0.5366913263986188287, -3.478188811183165807 ) ) ;
#4943 = CARTESIAN_POINT ( 'NONE',  ( -1.006962788129352360, 0.5813702367904175494, -0.6041666666666660745 ) ) ;
#4944 = CARTESIAN_POINT ( 'NONE',  ( -1.474765939623417843, 0.01551765563564326024, 3.133847946220891245 ) ) ;
#4945 = B_SPLINE_CURVE_WITH_KNOTS ( 'NONE', 3,
 ( #5241, #280, #2496, #1511, #2567, #6929, #4190, #5815, #851, #6478 ),
 .UNSPECIFIED., .F., .F.,
 ( 4, 2, 2, 2, 4 ),
 ( 9.995850129923639119E-19, 0.0003656863772873180274, 0.0007313727545746348622, 0.001097059131861951968, 0.001462745509149268640 ),
 .UNSPECIFIED. ) ;
#4946 = ORIENTED_EDGE ( 'NONE', *, *, #2625, .F. ) ;
#4947 = CARTESIAN_POINT ( 'NONE',  ( -1.227676249187604096, 0.8486071336999705395, -1.360041098116229419 ) ) ;
#4948 = DIRECTION ( 'NONE',  ( 1.000000000000000000, 0.000000000000000000, 0.000000000000000000 ) ) ;
#4949 = ORIENTED_EDGE ( 'NONE', *, *, #2669, .T. ) ;
#4950 = LINE ( 'NONE', #3926, #2947 ) ;
#4951 = CARTESIAN_POINT ( 'NONE',  ( 1.241280076072793559, 0.5898309229792136898, -2.958664683224822234 ) ) ;
#4952 = CARTESIAN_POINT ( 'NONE',  ( 0.000000000000000000, 1.514563293868263827, -1.484375000000000888 ) ) ;
#4953 = CARTESIAN_POINT ( 'NONE',  ( 1.475000000000006528, -0.09035811372577984280, -0.5583030817648781952 ) ) ;
#4954 = CARTESIAN_POINT ( 'NONE',  ( -1.493633801772230818, -0.2328913682091459936, 5.995557384691477587 ) ) ;
#4955 = EDGE_LOOP ( 'NONE', ( #6223, #6096, #5308, #6334 ) ) ;
#4956 = CARTESIAN_POINT ( 'NONE',  ( -0.7779006350946151560, 1.254062153034747773, -0.3864079609895879064 ) ) ;
#4957 = VERTEX_POINT ( 'NONE', #728 ) ;
#4958 = DIRECTION ( 'NONE',  ( 0.000000000000000000, 0.000000000000000000, 1.000000000000000000 ) ) ;
#4959 = CARTESIAN_POINT ( 'NONE',  ( -1.475000000000007638, 0.04665063509460930236, 3.115574627656252815 ) ) ;
#4960 = CARTESIAN_POINT ( 'NONE',  ( -0.2664333618311792717, -0.9791604258076462841, 6.314688136532695673 ) ) ;
#4961 = CARTESIAN_POINT ( 'NONE',  ( -1.006962788129352582, -0.5813702367904177715, 0.9791666666666672958 ) ) ;
#4962 = VERTEX_POINT ( 'NONE', #6231 ) ;
#4963 = CARTESIAN_POINT ( 'NONE',  ( 1.311650288129353248, 0.7572816469341305812, 2.463541666666666963 ) ) ;
#4964 = EDGE_CURVE ( 'NONE', #100, #1505, #1662, .T. ) ;
#4965 = CARTESIAN_POINT ( 'NONE',  ( 0.000000000000000000, 1.162740473580835321, 0.2499999999999993616 ) ) ;
#4966 = CARTESIAN_POINT ( 'NONE',  ( 0.3880105103622196183, 1.212468595513822578, 3.346173595652762955 ) ) ;
#4967 = ORIENTED_EDGE ( 'NONE', *, *, #7171, .T. ) ;
#4968 = CARTESIAN_POINT ( 'NONE',  ( -0.8744335254195683138, 1.514563293868263383, 2.557291666666665186 ) ) ;
#4969 = CARTESIAN_POINT ( 'NONE',  ( 0.4786287008715456870, -1.408412867817216974, -0.7274943332763463832 ) ) ;
#4970 = CARTESIAN_POINT ( 'NONE',  ( -1.006962788129352804, -0.5813702367904178825, -0.08333333333333370341 ) ) ;
#4971 = CARTESIAN_POINT ( 'NONE',  ( 1.342617050839136628, -6.750694805185382285E-16, 2.124999999999999112 ) ) ;
#4972 = ADVANCED_FACE ( 'NONE', ( #4648 ), #5263, .F. ) ;
#4973 = CARTESIAN_POINT ( 'NONE',  ( -1.423946399209847682E-16, -1.162740473580835543, -0.4374999999999995004 ) ) ;
#4974 = LINE ( 'NONE', #3816, #5240 ) ;
#4975 = CARTESIAN_POINT ( 'NONE',  ( -1.006962788129352360, 0.5813702367904173274, 2.395833333333333925 ) ) ;
#4976 = CARTESIAN_POINT ( 'NONE',  ( -1.423946399209847929E-16, -1.162740473580835543, -4.000000000000000000 ) ) ;
#4977 = ORIENTED_EDGE ( 'NONE', *, *, #926, .F. ) ;
#4978 = CARTESIAN_POINT ( 'NONE',  ( 0.1211321603579822298, -1.487497613189344481, 2.318377097450880608 ) ) ;
#4979 = VERTEX_POINT ( 'NONE', #2912 ) ;
#4980 = CARTESIAN_POINT ( 'NONE',  ( -0.1210772110230779880, -1.487502386269245136, 1.306625568550437766 ) ) ;
#4981 = DIRECTION ( 'NONE',  ( 1.000000000000000000, 0.000000000000000000, 0.000000000000000000 ) ) ;
#4982 = CARTESIAN_POINT ( 'NONE',  ( -0.8744335254195688689, -1.514563293868263383, -2.776041666666667407 ) ) ;
#4983 = FACE_OUTER_BOUND ( 'NONE', #6751, .T. ) ;
#4984 = CARTESIAN_POINT ( 'NONE',  ( 0.6970993649053934815, -1.300712788129357644, 1.282241294322919334 ) ) ;
#4985 = ORIENTED_EDGE ( 'NONE', *, *, #5725, .F. ) ;
#4986 = LINE ( 'NONE', #5154, #2719 ) ;
#4987 = EDGE_CURVE ( 'NONE', #2751, #561, #6972, .T. ) ;
#4988 = EDGE_LOOP ( 'NONE', ( #1965, #2265, #4571, #4920 ) ) ;
#4989 = CARTESIAN_POINT ( 'NONE',  ( 1.386814212877749197, -0.4873690709679225352, 0.3334853428028825006 ) ) ;
#4990 = CARTESIAN_POINT ( 'NONE',  ( -0.2410245267385757173, -0.5818846813168231380, 6.399999999999999467 ) ) ;
#4991 = DIRECTION ( 'NONE',  ( 1.000000000000000000, 0.000000000000000000, 0.000000000000000000 ) ) ;
#4992 = CARTESIAN_POINT ( 'NONE',  ( -1.342617050839136406, -4.380305877853589279E-16, 3.437500000000000444 ) ) ;
#4993 = ORIENTED_EDGE ( 'NONE', *, *, #6020, .T. ) ;
#4994 = CARTESIAN_POINT ( 'NONE',  ( -1.748867050839136850, -3.945748721250033137E-16, 3.171875000000000000 ) ) ;
#4995 = ADVANCED_FACE ( 'NONE', ( #6266 ), #1306, .T. ) ;
#4996 = CARTESIAN_POINT ( 'NONE',  ( 0.6713085254195678697, -1.162740473580836209, 0.5416666666666659635 ) ) ;
#4997 = CARTESIAN_POINT ( 'NONE',  ( 0.7779006350946143789, 1.254062153034747995, -2.000000000000000000 ) ) ;
#4998 = ORIENTED_EDGE ( 'NONE', *, *, #4340, .T. ) ;
#4999 = CARTESIAN_POINT ( 'NONE',  ( -1.311650288129352804, -0.7572816469341321355, 2.182291666666665630 ) ) ;
#5000 = CARTESIAN_POINT ( 'NONE',  ( 1.342617050839136628, -5.351724260042795251E-16, 0.1249999999999992506 ) ) ;
#5001 = CARTESIAN_POINT ( 'NONE',  ( 1.006962788129352360, -0.5813702367904188817, 3.083333333333333037 ) ) ;
#5002 = CARTESIAN_POINT ( 'NONE',  ( 1.342617050839136406, -5.395442089578502729E-16, 0.1875000000000001388 ) ) ;
#5003 = ADVANCED_FACE ( 'NONE', ( #5764 ), #762, .T. ) ;
#5004 = CARTESIAN_POINT ( 'NONE',  ( 0.6753865025026897229, 1.076502466891681165, -3.669821219183914351 ) ) ;
#5005 = CARTESIAN_POINT ( 'NONE',  ( -1.006962788129352582, -0.5813702367904178825, 2.479166666666666963 ) ) ;
#5006 = EDGE_CURVE ( 'NONE', #3318, #6596, #3319, .T. ) ;
#5007 = EDGE_CURVE ( 'NONE', #1138, #6117, #3915, .T. ) ;
#5008 = CARTESIAN_POINT ( 'NONE',  ( 0.000000000000000000, -1.463672932855430986E-15, 6.399999999999999467 ) ) ;
#5009 = AXIS2_PLACEMENT_3D ( 'NONE', #3078, #6968, #199 ) ;
#5010 = ORIENTED_EDGE ( 'NONE', *, *, #1401, .F. ) ;
#5011 = DIRECTION ( 'NONE',  ( -1.000000000000000000, 0.000000000000000000, 0.000000000000000000 ) ) ;
#5012 = AXIS2_PLACEMENT_3D ( 'NONE', #4387, #3205, #3811 ) ;
#5013 = VERTEX_POINT ( 'NONE', #5988 ) ;
#5014 = CARTESIAN_POINT ( 'NONE',  ( 0.4781220914894071528, -1.408544004613354161, -0.1592911746851627119 ) ) ;
#5015 = CARTESIAN_POINT ( 'NONE',  ( -0.7779006350946143789, 1.254062153034747995, -4.000000000000000000 ) ) ;
#5016 = CARTESIAN_POINT ( 'NONE',  ( -0.2713331099618333520, 1.444700874165411264, 3.000152009469550407 ) ) ;
#5017 =( BOUNDED_SURFACE ( )  B_SPLINE_SURFACE ( 1, 2, ( 
 ( #3850, #1051, #515, #5514, #6052, #2770, #4976, #6085, #2315, #646, #3952, #6691, #2869, #6149, #1731, #98, #1187, #5610, #5073, #3417, #4055, #6830, #2357, #6726, #5644, #2430, #6254, #3445, #5180, #1918, #2316, #5718, #679, #4132, #4568, #5611, #647, #3481, #5756, #4602, #2981, #754, #2903, #212, #789, #1294, #2942, #2394, #3517, #4527, #4638, #3014, #1876, #4677, #4096, #6296, #6795, #5106, #132, #1839, #6763, #1805, #5145, #1335, #1768, #1225, #4023, #6220, #5074, #6333, #3551, #2870, #5214, #177, #246, #2465, #99, #1259, #5677, #6868, #714, #1370, #3988, #6190, #3704, #326, #5251, #4317, #3128, #5867, #5788, #6906, #6985, #2071, #6523, #4827, #3587, #823, #2543, #3047, #2033, #5902, #4168, #403, #3742, #1448, #2661, #4789, #1956, #4243, #2579, #3667, #6370, #6451, #1485, #7023, #4750, #4714, #3623, #2621, #937, #1404, #3165, #7058, #290, #5365, #5829, #2106, #6942, #2505, #861, #899, #5942, #4284, #6488, #1520, #3091, #979, #3208, #5403, #5327, #362, #438, #5290, #4865, #1992, #4202, #6410, #5541, #24, #2766, #3813, #6011, #4971, #1594, #1047, #6045, #2214, #5436, #4357, #4939, #7135, #1015, #60, #1082, #7165, #574, #2277, #5570, #7096, #603, #1560, #3346, #3275, #6556, #2795, #5001, #2832, #3375, #2246, #5470, #509, #2731, #5034, #2147, #4461, #472, #2181, #3916, #6657, #3846, #4390, #4422, #1697, #6111, #6589, #3311, #6621, #544, #6081, #3883, #1625, #1115, #1147, #1663 ),
 ( #5510, #3780, #4491, #5980, #3241, #2693, #4899, #4017, #5206, #4594, #6789, #3982, #5100, #3947, #3006, #5671, #1218, #6181, #125, #4049, #1327, #672, #746, #3410, #239, #6214, #4522, #2973, #3474, #2346, #6720, #641, #204, #2456, #1758, #4559, #2862, #5067, #6687, #1179, #3439, #2897, #1726, #1833, #1287, #2421, #2387, #93, #5637, #4087, #6142, #1252, #5173, #3511, #5710, #1797, #2310, #6755, #707, #2933, #6247, #5137, #167, #4631, #6822, #1867, #6288, #3543, #5603, #5746, #781, #3155, #3734, #6360, #4777, #2533, #814, #3695, #6399, #4157, #6860, #5779, #1982, #3197, #6973, #2497, #5930, #2568, #3039, #4124, #3657, #6441, #5242, #5281, #2061, #1476, #929, #967, #3119, #4740, #1910, #281, #1440, #4706, #1512, #5393, #5894, #3612, #5858, #5352, #317, #891, #4192, #4667, #6899, #1947, #428, #6325, #392, #1394, #5818, #2611, #4818, #1360, #6479, #7013, #853, #3082, #6930, #3578, #5318, #4273, #352, #2023, #4234, #6613, #4930, #6547, #1073, #6074, #5532, #7084, #7124, #3303, #5501, #2650, #3838, #2170, #6036, #1107, #4854, #463, #2137, #2237, #3266, #16, #535, #3338, #2756, #1585, #4309, #3368, #4381, #6580, #7050, #5971, #4963, #567, #5563, #3876, #2098, #6514, #3805, #1549, #7157, #2207, #3233, #1652, #2788, #498, #1691, #4414, #1006, #4994, #1617, #2723, #5427, #4451, #6649, #3909, #6004, #3771, #2685, #6104, #1139, #4891, #4346, #1040, #5461, #700, #2856, #4075, #6712, #595, #2822 ) ),
 .UNSPECIFIED., .F., .F., .T. ) 
 B_SPLINE_SURFACE_WITH_KNOTS ( ( 2, 2 ),
 ( 3, 2, 2, 2, 2, 2, 2, 2, 2, 2, 2, 2, 2, 2, 2, 2, 2, 2, 2, 2, 2, 2, 2, 2, 2, 2, 2, 2, 2, 2, 2, 2, 2, 2, 2, 2, 2, 2, 2, 2, 2, 2, 2, 2, 2, 2, 2, 2, 2, 2, 2, 2, 2, 2, 2, 2, 2, 2, 2, 2, 2, 2, 2, 2, 2, 2, 2, 2, 2, 2, 2, 2, 2, 2, 2, 2, 2, 2, 2, 2, 2, 2, 2, 2, 2, 2, 2, 2, 2, 2, 2, 2, 2, 2, 2, 2, 2, 2, 2, 2, 2, 2, 3 ),
 ( 0.000000000000000000, 1.000000000000000000 ),
 ( 0.000000000000000000, 0.009803921568627450844, 0.01960784313725490169, 0.02941176470588235253, 0.03921568627450980338, 0.04901960784313725422, 0.05882352941176470507, 0.06862745098039216285, 0.07843137254901960675, 0.08823529411764706454, 0.09803921568627450844, 0.1078431372549019662, 0.1176470588235294101, 0.1274509803921568540, 0.1372549019607843257, 0.1470588235294117696, 0.1568627450980392135, 0.1666666666666666574, 0.1764705882352941291, 0.1862745098039215730, 0.1960784313725490169, 0.2058823529411764608, 0.2156862745098039325, 0.2254901960784313764, 0.2352941176470588203, 0.2450980392156862642, 0.2549019607843137081, 0.2647058823529411797, 0.2745098039215686514, 0.2843137254901960675, 0.2941176470588235392, 0.3039215686274509554, 0.3137254901960784270, 0.3235294117647058987, 0.3333333333333333148, 0.3431372549019607865, 0.3529411764705882582, 0.3627450980392156743, 0.3725490196078431460, 0.3823529411764705621, 0.3921568627450980338, 0.4019607843137255054, 0.4117647058823529216, 0.4215686274509803932, 0.4313725490196078649, 0.4411764705882352811, 0.4509803921568627527, 0.4607843137254901689, 0.4705882352941176405, 0.4803921568627451122, 0.4901960784313725283, 0.5000000000000000000, 0.5098039215686274161, 0.5196078431372549433, 0.5294117647058823595, 0.5392156862745097756, 0.5490196078431373028, 0.5588235294117647189, 0.5686274509803921351, 0.5784313725490196623, 0.5882352941176470784, 0.5980392156862744946, 0.6078431372549019107, 0.6176470588235294379, 0.6274509803921568540, 0.6372549019607842702, 0.6470588235294117974, 0.6568627450980392135, 0.6666666666666666297, 0.6764705882352941568, 0.6862745098039215730, 0.6960784313725489891, 0.7058823529411765163, 0.7156862745098039325, 0.7254901960784313486, 0.7352941176470588758, 0.7450980392156862919, 0.7549019607843137081, 0.7647058823529411242, 0.7745098039215686514, 0.7843137254901960675, 0.7941176470588234837, 0.8039215686274510109, 0.8137254901960784270, 0.8235294117647058432, 0.8333333333333333703, 0.8431372549019607865, 0.8529411764705882026, 0.8627450980392157298, 0.8725490196078431460, 0.8823529411764705621, 0.8921568627450980893, 0.9019607843137255054, 0.9117647058823529216, 0.9215686274509803377, 0.9313725490196078649, 0.9411764705882352811, 0.9509803921568626972, 0.9607843137254902244, 0.9705882352941176405, 0.9803921568627450567, 0.9901960784313725839, 1.000000000000000000 ),
 .UNSPECIFIED. ) 
 GEOMETRIC_REPRESENTATION_ITEM ( )  RATIONAL_B_SPLINE_SURFACE ( (
 ( 1.000000000000000000, 0.8660254037844387076, 1.000000000000000000, 0.8660254037844387076, 1.000000000000000000, 0.8660254037844387076, 1.000000000000000000, 0.8660254037844387076, 1.000000000000000000, 0.8660254037844387076, 1.000000000000000000, 0.8660254037844387076, 1.000000000000000000, 0.8660254037844387076, 1.000000000000000000, 0.8660254037844387076, 1.000000000000000000, 0.8660254037844387076, 1.000000000000000000, 0.8660254037844387076, 1.000000000000000000, 0.8660254037844387076, 1.000000000000000000, 0.8660254037844387076, 1.000000000000000000, 0.8660254037844387076, 1.000000000000000000, 0.8660254037844387076, 1.000000000000000000, 0.8660254037844387076, 1.000000000000000000, 0.8660254037844387076, 1.000000000000000000, 0.8660254037844387076, 1.000000000000000000, 0.8660254037844387076, 1.000000000000000000, 0.8660254037844387076, 1.000000000000000000, 0.8660254037844387076, 1.000000000000000000, 0.8660254037844387076, 1.000000000000000000, 0.8660254037844387076, 1.000000000000000000, 0.8660254037844387076, 1.000000000000000000, 0.8660254037844387076, 1.000000000000000000, 0.8660254037844387076, 1.000000000000000000, 0.8660254037844387076, 1.000000000000000000, 0.8660254037844387076, 1.000000000000000000, 0.8660254037844387076, 1.000000000000000000, 0.8660254037844387076, 1.000000000000000000, 0.8660254037844387076, 1.000000000000000000, 0.8660254037844387076, 1.000000000000000000, 0.8660254037844387076, 1.000000000000000000, 0.8660254037844387076, 1.000000000000000000, 0.8660254037844387076, 1.000000000000000000, 0.8660254037844387076, 1.000000000000000000, 0.8660254037844387076, 1.000000000000000000, 0.8660254037844387076, 1.000000000000000000, 0.8660254037844387076, 1.000000000000000000, 0.8660254037844387076, 1.000000000000000000, 0.8660254037844387076, 1.000000000000000000, 0.8660254037844387076, 1.000000000000000000, 0.8660254037844387076, 1.000000000000000000, 0.8660254037844387076, 1.000000000000000000, 0.8660254037844387076, 1.000000000000000000, 0.8660254037844387076, 1.000000000000000000, 0.8660254037844387076, 1.000000000000000000, 0.8660254037844387076, 1.000000000000000000, 0.8660254037844387076, 1.000000000000000000, 0.8660254037844387076, 1.000000000000000000, 0.8660254037844387076, 1.000000000000000000, 0.8660254037844387076, 1.000000000000000000, 0.8660254037844387076, 1.000000000000000000, 0.8660254037844387076, 1.000000000000000000, 0.8660254037844387076, 1.000000000000000000, 0.8660254037844387076, 1.000000000000000000, 0.8660254037844387076, 1.000000000000000000, 0.8660254037844387076, 1.000000000000000000, 0.8660254037844387076, 1.000000000000000000, 0.8660254037844387076, 1.000000000000000000, 0.8660254037844387076, 1.000000000000000000, 0.8660254037844387076, 1.000000000000000000, 0.8660254037844387076, 1.000000000000000000, 0.8660254037844387076, 1.000000000000000000, 0.8660254037844387076, 1.000000000000000000, 0.8660254037844387076, 1.000000000000000000, 0.8660254037844387076, 1.000000000000000000, 0.8660254037844387076, 1.000000000000000000, 0.8660254037844387076, 1.000000000000000000, 0.8660254037844387076, 1.000000000000000000, 0.8660254037844387076, 1.000000000000000000, 0.8660254037844387076, 1.000000000000000000, 0.8660254037844387076, 1.000000000000000000, 0.8660254037844387076, 1.000000000000000000, 0.8660254037844387076, 1.000000000000000000, 0.8660254037844387076, 1.000000000000000000, 0.8660254037844387076, 1.000000000000000000, 0.8660254037844387076, 1.000000000000000000, 0.8660254037844387076, 1.000000000000000000, 0.8660254037844387076, 1.000000000000000000, 0.8660254037844387076, 1.000000000000000000, 0.8660254037844387076, 1.000000000000000000, 0.8660254037844387076, 1.000000000000000000, 0.8660254037844387076, 1.000000000000000000, 0.8660254037844387076, 1.000000000000000000, 0.8660254037844387076, 1.000000000000000000, 0.8660254037844387076, 1.000000000000000000, 0.8660254037844387076, 1.000000000000000000, 0.8660254037844387076, 1.000000000000000000, 0.8660254037844387076, 1.000000000000000000, 0.8660254037844387076, 1.000000000000000000, 0.8660254037844387076, 1.000000000000000000, 0.8660254037844387076, 1.000000000000000000, 0.8660254037844387076, 1.000000000000000000, 0.8660254037844387076, 1.000000000000000000, 0.8660254037844387076, 1.000000000000000000, 0.8660254037844387076, 1.000000000000000000, 0.8660254037844387076, 1.000000000000000000, 0.8660254037844387076, 1.000000000000000000, 0.8660254037844387076, 1.000000000000000000, 0.8660254037844387076, 1.000000000000000000, 0.8660254037844387076, 1.000000000000000000, 0.8660254037844387076, 1.000000000000000000),
 ( 1.000000000000000000, 0.8660254037844387076, 1.000000000000000000, 0.8660254037844387076, 1.000000000000000000, 0.8660254037844387076, 1.000000000000000000, 0.8660254037844387076, 1.000000000000000000, 0.8660254037844387076, 1.000000000000000000, 0.8660254037844387076, 1.000000000000000000, 0.8660254037844387076, 1.000000000000000000, 0.8660254037844387076, 1.000000000000000000, 0.8660254037844387076, 1.000000000000000000, 0.8660254037844387076, 1.000000000000000000, 0.8660254037844387076, 1.000000000000000000, 0.8660254037844387076, 1.000000000000000000, 0.8660254037844387076, 1.000000000000000000, 0.8660254037844387076, 1.000000000000000000, 0.8660254037844387076, 1.000000000000000000, 0.8660254037844387076, 1.000000000000000000, 0.8660254037844387076, 1.000000000000000000, 0.8660254037844387076, 1.000000000000000000, 0.8660254037844387076, 1.000000000000000000, 0.8660254037844387076, 1.000000000000000000, 0.8660254037844387076, 1.000000000000000000, 0.8660254037844387076, 1.000000000000000000, 0.8660254037844387076, 1.000000000000000000, 0.8660254037844387076, 1.000000000000000000, 0.8660254037844387076, 1.000000000000000000, 0.8660254037844387076, 1.000000000000000000, 0.8660254037844387076, 1.000000000000000000, 0.8660254037844387076, 1.000000000000000000, 0.8660254037844387076, 1.000000000000000000, 0.8660254037844387076, 1.000000000000000000, 0.8660254037844387076, 1.000000000000000000, 0.8660254037844387076, 1.000000000000000000, 0.8660254037844387076, 1.000000000000000000, 0.8660254037844387076, 1.000000000000000000, 0.8660254037844387076, 1.000000000000000000, 0.8660254037844387076, 1.000000000000000000, 0.8660254037844387076, 1.000000000000000000, 0.8660254037844387076, 1.000000000000000000, 0.8660254037844387076, 1.000000000000000000, 0.8660254037844387076, 1.000000000000000000, 0.8660254037844387076, 1.000000000000000000, 0.8660254037844387076, 1.000000000000000000, 0.8660254037844387076, 1.000000000000000000, 0.8660254037844387076, 1.000000000000000000, 0.8660254037844387076, 1.000000000000000000, 0.8660254037844387076, 1.000000000000000000, 0.8660254037844387076, 1.000000000000000000, 0.8660254037844387076, 1.000000000000000000, 0.8660254037844387076, 1.000000000000000000, 0.8660254037844387076, 1.000000000000000000, 0.8660254037844387076, 1.000000000000000000, 0.8660254037844387076, 1.000000000000000000, 0.8660254037844387076, 1.000000000000000000, 0.8660254037844387076, 1.000000000000000000, 0.8660254037844387076, 1.000000000000000000, 0.8660254037844387076, 1.000000000000000000, 0.8660254037844387076, 1.000000000000000000, 0.8660254037844387076, 1.000000000000000000, 0.8660254037844387076, 1.000000000000000000, 0.8660254037844387076, 1.000000000000000000, 0.8660254037844387076, 1.000000000000000000, 0.8660254037844387076, 1.000000000000000000, 0.8660254037844387076, 1.000000000000000000, 0.8660254037844387076, 1.000000000000000000, 0.8660254037844387076, 1.000000000000000000, 0.8660254037844387076, 1.000000000000000000, 0.8660254037844387076, 1.000000000000000000, 0.8660254037844387076, 1.000000000000000000, 0.8660254037844387076, 1.000000000000000000, 0.8660254037844387076, 1.000000000000000000, 0.8660254037844387076, 1.000000000000000000, 0.8660254037844387076, 1.000000000000000000, 0.8660254037844387076, 1.000000000000000000, 0.8660254037844387076, 1.000000000000000000, 0.8660254037844387076, 1.000000000000000000, 0.8660254037844387076, 1.000000000000000000, 0.8660254037844387076, 1.000000000000000000, 0.8660254037844387076, 1.000000000000000000, 0.8660254037844387076, 1.000000000000000000, 0.8660254037844387076, 1.000000000000000000, 0.8660254037844387076, 1.000000000000000000, 0.8660254037844387076, 1.000000000000000000, 0.8660254037844387076, 1.000000000000000000, 0.8660254037844387076, 1.000000000000000000, 0.8660254037844387076, 1.000000000000000000, 0.8660254037844387076, 1.000000000000000000, 0.8660254037844387076, 1.000000000000000000, 0.8660254037844387076, 1.000000000000000000, 0.8660254037844387076, 1.000000000000000000, 0.8660254037844387076, 1.000000000000000000, 0.8660254037844387076, 1.000000000000000000, 0.8660254037844387076, 1.000000000000000000, 0.8660254037844387076, 1.000000000000000000, 0.8660254037844387076, 1.000000000000000000, 0.8660254037844387076, 1.000000000000000000, 0.8660254037844387076, 1.000000000000000000, 0.8660254037844387076, 1.000000000000000000, 0.8660254037844387076, 1.000000000000000000, 0.8660254037844387076, 1.000000000000000000, 0.8660254037844387076, 1.000000000000000000, 0.8660254037844387076, 1.000000000000000000, 0.8660254037844387076, 1.000000000000000000) ) ) 
 REPRESENTATION_ITEM ( '' )  SURFACE ( )  );
#5018 = CARTESIAN_POINT ( 'NONE',  ( 0.8157524219245784192, -1.232208413719159124, 1.287469748431543382 ) ) ;
#5019 = VERTEX_POINT ( 'NONE', #2551 ) ;
#5020 = FACE_OUTER_BOUND ( 'NONE', #525, .T. ) ;
#5021 = AXIS2_PLACEMENT_3D ( 'NONE', #4921, #2198, #5921 ) ;
#5022 = TOROIDAL_SURFACE ( 'NONE', #3407, 2.640000000000000124, 0.3599999999999999867 ) ;
#5023 = EDGE_LOOP ( 'NONE', ( #297, #987, #3524, #6165 ) ) ;
#5024 = CARTESIAN_POINT ( 'NONE',  ( -1.475000000000007638, 0.04665063509460933011, 1.191656748589413617 ) ) ;
#5025 = DIRECTION ( 'NONE',  ( -1.000000000000000000, 0.000000000000000000, 0.000000000000000000 ) ) ;
#5026 = CARTESIAN_POINT ( 'NONE',  ( 1.348776801269683023, 0.6388452785093683417, 0.4107895692157864098 ) ) ;
#5027 = VERTEX_POINT ( 'NONE', #5299 ) ;
#5028 = CARTESIAN_POINT ( 'NONE',  ( -1.386814212877745867, -0.4873690709679338040, 2.229014657197116556 ) ) ;
#5029 = CARTESIAN_POINT ( 'NONE',  ( -1.342617050839136628, -3.637102775746588776E-16, 2.375000000000000444 ) ) ;
#5030 = DIRECTION ( 'NONE',  ( -0.06093467170257362703, -0.1055419473313876366, -0.9925461516413219831 ) ) ;
#5031 = VERTEX_POINT ( 'NONE', #872 ) ;
#5032 = CARTESIAN_POINT ( 'NONE',  ( -1.342617050839136406, -5.331368787114769060E-17, -2.062499999999999556 ) ) ;
#5033 = CARTESIAN_POINT ( 'NONE',  ( -1.006962788129352582, 0.5813702367904175494, 0.8333333333333325932 ) ) ;
#5034 = CARTESIAN_POINT ( 'NONE',  ( -1.342617050839136628, -4.336588048317882294E-16, 3.374999999999999556 ) ) ;
#5035 = VECTOR ( 'NONE', #1574, 1000.000000000000000 ) ;
#5036 = CARTESIAN_POINT ( 'NONE',  ( -1.342617050839136406, -8.828795149971236646E-17, -1.562499999999999556 ) ) ;
#5037 = B_SPLINE_CURVE_WITH_KNOTS ( 'NONE', 3,
 ( #4126, #357, #1986, #5246, #6328, #3008, #2574, #5359, #1364, #284 ),
 .UNSPECIFIED., .F., .F.,
 ( 4, 2, 2, 2, 4 ),
 ( 6.776263578034402713E-20, 0.0003638230103348403946, 0.0007276460206696807893, 0.001091469031004521075, 0.001455292041339361362 ),
 .UNSPECIFIED. ) ;
#5038 = CARTESIAN_POINT ( 'NONE',  ( 1.475000000000007860, -0.09007440577179579022, -1.139365126570721642 ) ) ;
#5039 = CARTESIAN_POINT ( 'NONE',  ( 0.000000000000000000, 1.162740473580834877, 2.312500000000000444 ) ) ;
#5040 = CARTESIAN_POINT ( 'NONE',  ( 0.000000000000000000, -0.2753999999999985349, 6.399999999999999467 ) ) ;
#5041 = CONICAL_SURFACE ( 'NONE', #2848, 1.555801270189232977, 0.1221730476396033355 ) ;
#5042 = ORIENTED_EDGE ( 'NONE', *, *, #3884, .T. ) ;
#5043 = EDGE_CURVE ( 'NONE', #4484, #481, #2872, .T. ) ;
#5044 = CARTESIAN_POINT ( 'NONE',  ( 1.348776801269683245, 0.6388452785093685637, -0.5892104307842137567 ) ) ;
#5045 = ORIENTED_EDGE ( 'NONE', *, *, #6798, .F. ) ;
#5046 = CARTESIAN_POINT ( 'NONE',  ( 1.386803860295837243, -0.4870992124572536830, 1.923550243099577006 ) ) ;
#5047 = CYLINDRICAL_SURFACE ( 'NONE', #635, 1.555801270189232755 ) ;
#5048 = CARTESIAN_POINT ( 'NONE',  ( 0.4786287008715518487, -1.408412867817215419, 2.772505666723652062 ) ) ;
#5049 = CARTESIAN_POINT ( 'NONE',  ( -1.212372092318232619, -0.1177436471014832314, 4.899999999999999467 ) ) ;
#5050 = B_SPLINE_CURVE_WITH_KNOTS ( 'NONE', 3,
 ( #1736, #5294, #4753, #1959, #3745, #329, #6374, #5330, #828, #3591 ),
 .UNSPECIFIED., .F., .F.,
 ( 4, 2, 2, 2, 4 ),
 ( 0.000000000000000000, 0.0004068535042414622672, 0.0008137070084829245344, 0.001220560512724386693, 0.001627414016965849069 ),
 .UNSPECIFIED. ) ;
#5051 = EDGE_LOOP ( 'NONE', ( #6419, #4881, #3436, #1709 ) ) ;
#5052 = CARTESIAN_POINT ( 'NONE',  ( -0.9243482935200503237, -1.148518002948892391, -0.7307905149663216360 ) ) ;
#5053 = EDGE_CURVE ( 'NONE', #84, #1702, #2352, .T. ) ;
#5054 = ORIENTED_EDGE ( 'NONE', *, *, #4679, .F. ) ;
#5055 = CARTESIAN_POINT ( 'NONE',  ( -1.457284131257206239, -0.2242101233374606539, 1.211399917977310947 ) ) ;
#5056 = CARTESIAN_POINT ( 'NONE',  ( 0.5324716204974846434, 1.374768105607606206, -1.540042818367011401 ) ) ;
#5057 = CARTESIAN_POINT ( 'NONE',  ( 0.8157524219245714248, -1.232208413719164009, 2.787469748431544048 ) ) ;
#5058 = CARTESIAN_POINT ( 'NONE',  ( 0.2435093434669581280, -1.471454798341268466, -1.738345382570168018 ) ) ;
#5059 = CARTESIAN_POINT ( 'NONE',  ( 0.000000000000000000, 0.000000000000000000, 0.000000000000000000 ) ) ;
#5060 = ORIENTED_EDGE ( 'NONE', *, *, #6489, .F. ) ;
#5061 = CARTESIAN_POINT ( 'NONE',  ( -1.051719396120721406, -0.7485246143151401688, -3.443180374496633167 ) ) ;
#5062 = CARTESIAN_POINT ( 'NONE',  ( 1.006962788129352360, -0.5813702367904187707, 2.583333333333332593 ) ) ;
#5063 = LINE ( 'NONE', #3470, #4429 ) ;
#5064 = VERTEX_POINT ( 'NONE', #1529 ) ;
#5065 = CARTESIAN_POINT ( 'NONE',  ( 0.6713085254195687579, 1.162740473580835099, -3.729166666666666075 ) ) ;
#5066 = CARTESIAN_POINT ( 'NONE',  ( 0.6713085254195678697, -1.162740473580836209, 0.5416666666666659635 ) ) ;
#5067 = CARTESIAN_POINT ( 'NONE',  ( -0.8744335254195683138, 1.514563293868264049, -2.911458333333333037 ) ) ;
#5068 = CARTESIAN_POINT ( 'NONE',  ( -1.348776801269683023, 0.6388452785093692299, 0.6517104307842129796 ) ) ;
#5069 = EDGE_CURVE ( 'NONE', #3392, #7034, #3557, .T. ) ;
#5070 = CARTESIAN_POINT ( 'NONE',  ( 1.006962788129352138, -0.5813702367904185486, 0.6458333333333341475 ) ) ;
#5071 = CARTESIAN_POINT ( 'NONE',  ( -1.212372092318232619, -0.1177436471014832314, 4.899999999999999467 ) ) ;
#5072 = CARTESIAN_POINT ( 'NONE',  ( -1.006962788129352360, 0.5813702367904172164, 2.895833333333333481 ) ) ;
#5073 = CARTESIAN_POINT ( 'NONE',  ( -1.423946399209847929E-16, -1.162740473580835543, -3.500000000000000444 ) ) ;
#5074 = CARTESIAN_POINT ( 'NONE',  ( 1.006962788129352360, -0.5813702367904185486, -1.416666666666667185 ) ) ;
#5075 = VERTEX_POINT ( 'NONE', #5411 ) ;
#5076 = CARTESIAN_POINT ( 'NONE',  ( 1.459035672982378573, 0.2897018199735132415, -0.5433390000569880973 ) ) ;
#5077 = VERTEX_POINT ( 'NONE', #446 ) ;
#5078 = CARTESIAN_POINT ( 'NONE',  ( -1.115242222299293040, -0.9574577668538933883, 0.2568835764329103766 ) ) ;
#5079 = CARTESIAN_POINT ( 'NONE',  ( -0.1081613050588154934, -1.350787734713511545, -3.114291737169087249 ) ) ;
#5080 = CYLINDRICAL_SURFACE ( 'NONE', #958, 1.555801270189233199 ) ;
#5081 = CARTESIAN_POINT ( 'NONE',  ( 1.286183229457191324, 0.7484242153179463397, -2.019397003062320728 ) ) ;
#5082 = EDGE_CURVE ( 'NONE', #4715, #5278, #4873, .T. ) ;
#5083 = ORIENTED_EDGE ( 'NONE', *, *, #4146, .T. ) ;
#5084 = CARTESIAN_POINT ( 'NONE',  ( -1.396071907617524532, 0.5248421216693850422, 1.094987950763165019 ) ) ;
#5085 = ORIENTED_EDGE ( 'NONE', *, *, #7030, .F. ) ;
#5086 = DIRECTION ( 'NONE',  ( -0.000000000000000000, -0.000000000000000000, 1.000000000000000000 ) ) ;
#5087 = CARTESIAN_POINT ( 'NONE',  ( 1.296964472841150240, 0.04665063509461363223, -3.449983009668810663 ) ) ;
#5088 = CARTESIAN_POINT ( 'NONE',  ( 0.9243482935200539874, -1.148518002948890393, 2.793290514966321414 ) ) ;
#5089 = CARTESIAN_POINT ( 'NONE',  ( -0.4781220914893975493, -1.408544004613357714, -1.778208825314837149 ) ) ;
#5090 = CARTESIAN_POINT ( 'NONE',  ( -1.150803539541375153, 0.9457226902910603750, 3.122244050262126258 ) ) ;
#5091 = EDGE_CURVE ( 'NONE', #5013, #6841, #3658, .T. ) ;
#5092 = EDGE_CURVE ( 'NONE', #5064, #4979, #2966, .T. ) ;
#5093 = ORIENTED_EDGE ( 'NONE', *, *, #4025, .T. ) ;
#5094 = CARTESIAN_POINT ( 'NONE',  ( -1.475000000000007638, 0.04665063509460938562, 0.1155746276562537866 ) ) ;
#5095 = CARTESIAN_POINT ( 'NONE',  ( 0.6713085254195689799, 1.162740473580834877, 1.208333333333333037 ) ) ;
#5096 = CARTESIAN_POINT ( 'NONE',  ( -0.8141016038956109258, -0.9281718821990897483, -3.958994881011978162 ) ) ;
#5097 = ORIENTED_EDGE ( 'NONE', *, *, #5354, .F. ) ;
#5098 = CARTESIAN_POINT ( 'NONE',  ( -0.6713085254195680918, 1.162740473580835543, -4.145833333333333037 ) ) ;
#5099 = CARTESIAN_POINT ( 'NONE',  ( 0.6713085254195689799, 1.162740473580834877, 3.208333333333333037 ) ) ;
#5100 = CARTESIAN_POINT ( 'NONE',  ( 0.000000000000000000, 1.514563293868264049, -3.953125000000000000 ) ) ;
#5101 = DIRECTION ( 'NONE',  ( -1.224646799147353454E-16, -1.000000000000000000, 0.000000000000000000 ) ) ;
#5102 = CARTESIAN_POINT ( 'NONE',  ( 1.006962788129352804, 0.5813702367904164392, 1.729166666666666963 ) ) ;
#5103 = CARTESIAN_POINT ( 'NONE',  ( 0.8744335254195679807, -1.514563293868264715, -2.192708333333334370 ) ) ;
#5104 = CARTESIAN_POINT ( 'NONE',  ( -0.2624422910076907312, 1.440205050701909073, -2.000000000000000000 ) ) ;
#5105 = CARTESIAN_POINT ( 'NONE',  ( 1.006962788129352804, 0.5813702367904164392, 2.729166666666666963 ) ) ;
#5106 = CARTESIAN_POINT ( 'NONE',  ( 1.342617050839136628, -3.952753714900209695E-16, -1.875000000000000444 ) ) ;
#5107 = B_SPLINE_CURVE_WITH_KNOTS ( 'NONE', 3,
 ( #1506, #4924, #5457, #2093, #6509, #1542 ),
 .UNSPECIFIED., .F., .F.,
 ( 4, 2, 4 ),
 ( 0.0007455562165652287240, 0.001085958045287868439, 0.001426359874010508155 ),
 .UNSPECIFIED. ) ;
#5108 = FACE_OUTER_BOUND ( 'NONE', #3790, .T. ) ;
#5109 = ORIENTED_EDGE ( 'NONE', *, *, #5606, .F. ) ;
#5110 = CARTESIAN_POINT ( 'NONE',  ( -0.6970993649053939256, -1.300712788129358755, 0.2802587056770787788 ) ) ;
#5111 = LINE ( 'NONE', #6225, #2144 ) ;
#5112 = CARTESIAN_POINT ( 'NONE',  ( -1.127582595745143079, -0.7998416107350289073, -2.700015286823425953 ) ) ;
#5113 = CARTESIAN_POINT ( 'NONE',  ( 0.7779006350946148229, 1.254062153034747551, -4.000000000000000000 ) ) ;
#5114 = ORIENTED_EDGE ( 'NONE', *, *, #6839, .T. ) ;
#5115 = CARTESIAN_POINT ( 'NONE',  ( -0.08080127018922518556, 0.04665063509461363223, -4.000000000000000000 ) ) ;
#5116 = B_SPLINE_CURVE_WITH_KNOTS ( 'NONE', 3,
 ( #4508, #6706, #6069, #4989, #2232, #1134, #3902, #6097, #3363, #2817 ),
 .UNSPECIFIED., .F., .F.,
 ( 4, 2, 2, 2, 4 ),
 ( 7.203266990002871827E-19, 0.0004068535042414636767, 0.0008137070084829268113, 0.001220560512724389946, 0.001627414016965853189 ),
 .UNSPECIFIED. ) ;
#5117 = VECTOR ( 'NONE', #4262, 1000.000000000000000 ) ;
#5118 = CARTESIAN_POINT ( 'NONE',  ( -0.7779006350946168213, 1.254062153034746663, 2.537509918077252458 ) ) ;
#5119 = EDGE_LOOP ( 'NONE', ( #687, #195, #184, #6887 ) ) ;
#5120 = CARTESIAN_POINT ( 'NONE',  ( 1.456819914017538409, -0.2262501026587141195, 1.435876151700344661 ) ) ;
#5121 = AXIS2_PLACEMENT_3D ( 'NONE', #6335, #1881, #3519 ) ;
#5122 = CARTESIAN_POINT ( 'NONE',  ( -1.456819914017537521, -0.2262501026587130926, 1.626623848299654451 ) ) ;
#5123 = CARTESIAN_POINT ( 'NONE',  ( 0.6889753357071431994, -1.286641556795815822, -2.132329816363057073 ) ) ;
#5124 = CARTESIAN_POINT ( 'NONE',  ( -1.386803860295837687, -0.4870992124572531834, 0.1389497569004228550 ) ) ;
#5125 = AXIS2_PLACEMENT_3D ( 'NONE', #5794, #2111, #6418 ) ;
#5126 = ORIENTED_EDGE ( 'NONE', *, *, #76, .F. ) ;
#5127 = CARTESIAN_POINT ( 'NONE',  ( -1.292703088440178671, -0.07499176357023133732, -3.484689200493095385 ) ) ;
#5128 = EDGE_CURVE ( 'NONE', #1789, #5077, #2716, .T. ) ;
#5129 = EDGE_CURVE ( 'NONE', #6643, #1376, #6826, .T. ) ;
#5130 = AXIS2_PLACEMENT_3D ( 'NONE', #3948, #6496, #4908 ) ;
#5131 = EDGE_LOOP ( 'NONE', ( #3685, #5224, #954, #6063 ) ) ;
#5132 = CARTESIAN_POINT ( 'NONE',  ( -0.6713085254195686469, -1.162740473580835765, 2.958333333333333037 ) ) ;
#5133 = DIRECTION ( 'NONE',  ( 0.000000000000000000, 0.000000000000000000, 1.000000000000000000 ) ) ;
#5134 = VERTEX_POINT ( 'NONE', #6665 ) ;
#5135 = CARTESIAN_POINT ( 'NONE',  ( -1.423946399209847682E-16, -1.162740473580835321, -2.937499999999999112 ) ) ;
#5136 = CARTESIAN_POINT ( 'NONE',  ( 0.6713085254195689799, 1.162740473580834433, 4.208333333333333037 ) ) ;
#5137 = CARTESIAN_POINT ( 'NONE',  ( -0.8744335254195683138, 1.514563293868263605, -1.911458333333333037 ) ) ;
#5138 = CARTESIAN_POINT ( 'NONE',  ( -0.6592475780754358805, 1.322566527444944073, 3.108363584901788101 ) ) ;
#5139 = B_SPLINE_CURVE_WITH_KNOTS ( 'NONE', 3,
 ( #2476, #1180, #4363, #6531, #4800, #1023, #988, #5987, #1567, #1727 ),
 .UNSPECIFIED., .F., .F.,
 ( 4, 2, 2, 2, 4 ),
 ( 4.065758146820641628E-19, 0.0003773594031900916277, 0.0007547188063801828217, 0.001132078209570273582, 0.001509437612760364776 ),
 .UNSPECIFIED. ) ;
#5140 = EDGE_CURVE ( 'NONE', #3706, #6612, #4922, .T. ) ;
#5141 = CARTESIAN_POINT ( 'NONE',  ( -1.194554637270655917, 0.2564516229918832324, 3.419120173144191810 ) ) ;
#5142 = CARTESIAN_POINT ( 'NONE',  ( 0.000000000000000000, 1.514563293868264049, -2.484375000000000888 ) ) ;
#5143 = CARTESIAN_POINT ( 'NONE',  ( 0.7999378025487605681, -1.208904660964454703, -2.228766152441649773 ) ) ;
#5144 = CARTESIAN_POINT ( 'NONE',  ( 0.6713085254195687579, 1.162740473580834433, 3.270833333333333925 ) ) ;
#5145 = CARTESIAN_POINT ( 'NONE',  ( -1.006962788129352582, 0.5813702367904176604, -1.666666666666666963 ) ) ;
#5146 = CARTESIAN_POINT ( 'NONE',  ( 1.006962788129352360, -0.5813702367904184376, -2.416666666666666963 ) ) ;
#5147 = ORIENTED_EDGE ( 'NONE', *, *, #2431, .F. ) ;
#5148 = CARTESIAN_POINT ( 'NONE',  ( -0.2441168411814962635, -1.471296608598333888, 1.237144857115824559 ) ) ;
#5149 = AXIS2_PLACEMENT_3D ( 'NONE', #3768, #3231, #4344 ) ;
#5150 = CARTESIAN_POINT ( 'NONE',  ( 1.475000000000007416, -0.09035811372578041178, -0.05830308176487841026 ) ) ;
#5151 = CARTESIAN_POINT ( 'NONE',  ( -0.6713085254195680918, 1.162740473580835543, -4.145833333333333037 ) ) ;
#5152 = DIRECTION ( 'NONE',  ( 0.9238795325112857393, -0.3826834323650922243, 0.000000000000000000 ) ) ;
#5153 = ORIENTED_EDGE ( 'NONE', *, *, #4696, .T. ) ;
#5154 = CARTESIAN_POINT ( 'NONE',  ( -0.7779006350946147119, 1.254062153034748439, -2.000000000000000000 ) ) ;
#5155 = DIRECTION ( 'NONE',  ( 0.000000000000000000, 0.000000000000000000, 1.000000000000000000 ) ) ;
#5156 = ORIENTED_EDGE ( 'NONE', *, *, #3207, .F. ) ;
#5157 = CARTESIAN_POINT ( 'NONE',  ( -0.4790027492810143284, 0.4790027492810112753, 6.362131038465223654 ) ) ;
#5158 = EDGE_CURVE ( 'NONE', #2405, #3024, #3996, .T. ) ;
#5159 = LINE ( 'NONE', #5192, #7098 ) ;
#5160 = CARTESIAN_POINT ( 'NONE',  ( 0.6496624212979271729, -1.218549591645447627, -2.772685804446990865 ) ) ;
#5161 = CARTESIAN_POINT ( 'NONE',  ( 0.4781220914894073193, -1.408544004613354161, 1.840708825314837149 ) ) ;
#5162 = CARTESIAN_POINT ( 'NONE',  ( 1.456819914017537743, -0.2262501026587183106, 0.4358761517003445496 ) ) ;
#5163 = DIRECTION ( 'NONE',  ( 1.000000000000000000, 0.000000000000000000, 0.000000000000000000 ) ) ;
#5164 = VERTEX_POINT ( 'NONE', #1703 ) ;
#5165 = DIRECTION ( 'NONE',  ( 1.000000000000000000, 0.000000000000000000, 0.000000000000000000 ) ) ;
#5166 = ORIENTED_EDGE ( 'NONE', *, *, #3987, .T. ) ;
#5167 = CARTESIAN_POINT ( 'NONE',  ( 0.8226104758096473013, -1.110848095885010656, 3.235252489763542627 ) ) ;
#5168 = CARTESIAN_POINT ( 'NONE',  ( 0.1056490391994770739, -1.294584191863263234, -3.570283189115969424 ) ) ;
#5169 = ORIENTED_EDGE ( 'NONE', *, *, #788, .T. ) ;
#5170 = CARTESIAN_POINT ( 'NONE',  ( 0.000000000000000000, 1.162740473580835099, -2.187499999999999556 ) ) ;
#5171 = CARTESIAN_POINT ( 'NONE',  ( -1.342617050839136628, -4.336588048317882294E-16, 3.374999999999999556 ) ) ;
#5172 = EDGE_CURVE ( 'NONE', #4290, #5027, #2806, .T. ) ;
#5173 = CARTESIAN_POINT ( 'NONE',  ( -1.311650288129352804, -0.7572816469341318024, -2.286458333333333037 ) ) ;
#5174 = CARTESIAN_POINT ( 'NONE',  ( 1.459035672982377463, 0.2897018199735169053, -0.04333900005698761854 ) ) ;
#5175 = CARTESIAN_POINT ( 'NONE',  ( 0.6713085254195687579, 1.162740473580834433, 1.770833333333333481 ) ) ;
#5176 = CARTESIAN_POINT ( 'NONE',  ( 0.8744335254195679807, -1.514563293868264493, -3.692708333333334370 ) ) ;
#5177 = CARTESIAN_POINT ( 'NONE',  ( 0.8843080402127023731, 1.192627809046050924, 1.944219112270015870 ) ) ;
#5178 = CARTESIAN_POINT ( 'NONE',  ( -0.6713085254195685359, -1.162740473580835765, 4.020833333333333925 ) ) ;
#5179 = EDGE_CURVE ( 'NONE', #4821, #3706, #6588, .T. ) ;
#5180 = CARTESIAN_POINT ( 'NONE',  ( -1.006962788129352804, -0.5813702367904176604, -3.083333333333333925 ) ) ;
#5181 = VERTEX_POINT ( 'NONE', #1191 ) ;
#5182 = CARTESIAN_POINT ( 'NONE',  ( 1.284024567520370752, 0.2594387641018735535, -3.440946316094817270 ) ) ;
#5183 = CARTESIAN_POINT ( 'NONE',  ( 0.8843080402126987094, 1.192627809046052922, 2.944219112270014094 ) ) ;
#5184 = B_SPLINE_CURVE_WITH_KNOTS ( 'NONE', 3,
 ( #1030, #4372, #486, #6570, #5958, #1608, #996, #2086, #3828, #952 ),
 .UNSPECIFIED., .F., .F.,
 ( 4, 2, 2, 2, 4 ),
 ( 1.084202172485504314E-19, 0.0003423610571134879407, 0.0006847221142269757730, 0.001027083171340463551, 0.001369444228453951329 ),
 .UNSPECIFIED. ) ;
#5185 = CARTESIAN_POINT ( 'NONE',  ( -1.006962788129352582, -0.5813702367904174384, -3.520833333333333037 ) ) ;
#5186 = CARTESIAN_POINT ( 'NONE',  ( 0.6970993649053931485, -1.300712788129357866, -2.000000000000000000 ) ) ;
#5187 = ORIENTED_EDGE ( 'NONE', *, *, #4517, .F. ) ;
#5188 = DIRECTION ( 'NONE',  ( 0.000000000000000000, 0.000000000000000000, -1.000000000000000000 ) ) ;
#5189 = DIRECTION ( 'NONE',  ( 0.9945218953682734009, 3.462000337453037324E-15, 0.1045284632676538039 ) ) ;
#5190 = EDGE_LOOP ( 'NONE', ( #3448, #2499, #5646, #3852 ) ) ;
#5191 = CARTESIAN_POINT ( 'NONE',  ( 1.325824185858875293, 0.04665063509461363223, -3.214939509040530385 ) ) ;
#5192 = CARTESIAN_POINT ( 'NONE',  ( -0.6970993649053917052, -1.300712788129359643, -4.000000000000000000 ) ) ;
#5193 = CARTESIAN_POINT ( 'NONE',  ( -1.386814212877745423, -0.4873690709679341371, 1.729014657197117222 ) ) ;
#5194 = CARTESIAN_POINT ( 'NONE',  ( -1.266568141524628377, 0.1506708304601574455, -3.697541262050059174 ) ) ;
#5195 = CARTESIAN_POINT ( 'NONE',  ( 0.6970993649053937036, -1.300712788129357866, 1.782241294322919778 ) ) ;
#5196 = APPROVAL_ROLE ( '' ) ;
#5197 = ORIENTED_EDGE ( 'NONE', *, *, #6472, .T. ) ;
#5198 = CARTESIAN_POINT ( 'NONE',  ( -0.1309820036280687772, 1.395267367971404715, -2.546377561566363301 ) ) ;
#5199 = ADVANCED_FACE ( 'NONE', ( #3282 ), #67, .T. ) ;
#5200 = EDGE_LOOP ( 'NONE', ( #4967, #7143, #5409, #760 ) ) ;
#5201 = CARTESIAN_POINT ( 'NONE',  ( -1.357350670093981249, -0.4768356072946297042, -2.253054660002980381 ) ) ;
#5202 = CARTESIAN_POINT ( 'NONE',  ( -1.127620255670521487, 0.7781693181559815597, -2.992865652917764407 ) ) ;
#5203 = ORIENTED_EDGE ( 'NONE', *, *, #5966, .T. ) ;
#5204 = CARTESIAN_POINT ( 'NONE',  ( 0.6713085254195687579, 1.162740473580834877, -1.729166666666666075 ) ) ;
#5205 = CARTESIAN_POINT ( 'NONE',  ( 0.6713085254195678697, -1.162740473580836653, 4.041666666666665186 ) ) ;
#5206 = CARTESIAN_POINT ( 'NONE',  ( 1.311650288129352582, -0.7572816469341325796, -4.119791666666666963 ) ) ;
#5207 = EDGE_CURVE ( 'NONE', #4175, #1486, #972, .T. ) ;
#5208 = CARTESIAN_POINT ( 'NONE',  ( 1.396071907617523200, 0.5248421216693874847, -0.03248795076316516456 ) ) ;
#5209 = CARTESIAN_POINT ( 'NONE',  ( -1.227644640911699447, 0.8486523346799752510, 2.577456235882452873 ) ) ;
#5210 = CARTESIAN_POINT ( 'NONE',  ( 1.006962788129352138, -0.5813702367904186596, 2.145833333333333925 ) ) ;
#5211 = CARTESIAN_POINT ( 'NONE',  ( -0.8744335254195688689, -1.514563293868263605, 0.2239583333333320936 ) ) ;
#5212 = CARTESIAN_POINT ( 'NONE',  ( 1.227644640911700780, 0.8486523346799749179, 1.985043764117546683 ) ) ;
#5213 = CARTESIAN_POINT ( 'NONE',  ( 1.006962788129353026, 0.5813702367904168833, -3.333333333333333481 ) ) ;
#5214 = CARTESIAN_POINT ( 'NONE',  ( 0.000000000000000000, 1.162740473580835321, -1.250000000000000222 ) ) ;
#5215 = ADVANCED_FACE ( 'NONE', ( #2190 ), #6153, .T. ) ;
#5216 = ORIENTED_EDGE ( 'NONE', *, *, #2721, .F. ) ;
#5217 = CARTESIAN_POINT ( 'NONE',  ( -0.4781220914893913876, -1.408544004613360379, 0.7217911746851632948 ) ) ;
#5218 = DIRECTION ( 'NONE',  ( 0.000000000000000000, 0.000000000000000000, 1.000000000000000000 ) ) ;
#5219 = CARTESIAN_POINT ( 'NONE',  ( -0.6713085254195680918, 1.162740473580835543, -2.645833333333332593 ) ) ;
#5220 = CARTESIAN_POINT ( 'NONE',  ( -0.7779006350946151560, 1.254062153034747773, -0.3864079609895879064 ) ) ;
#5221 = ORIENTED_EDGE ( 'NONE', *, *, #2824, .F. ) ;
#5222 = CARTESIAN_POINT ( 'NONE',  ( -0.7779006350946131576, 1.254062153034748661, 0.1135920390104120936 ) ) ;
#5223 = CARTESIAN_POINT ( 'NONE',  ( -0.1272128024130712853, 1.357328218914419349, -2.855643593917049028 ) ) ;
#5224 = ORIENTED_EDGE ( 'NONE', *, *, #1840, .F. ) ;
#5225 = FACE_OUTER_BOUND ( 'NONE', #4858, .T. ) ;
#5226 = CARTESIAN_POINT ( 'NONE',  ( 0.000000000000000000, 0.000000000000000000, 4.359999999999999432 ) ) ;
#5227 = CARTESIAN_POINT ( 'NONE',  ( -0.5465528400249233254, -1.267622196503213727, -2.846446447749401809 ) ) ;
#5228 = CARTESIAN_POINT ( 'NONE',  ( -0.5344704030327261934, 1.374150139869404708, 0.01776674868935615784 ) ) ;
#5229 = CARTESIAN_POINT ( 'NONE',  ( 0.8155067236291686505, -1.232350267696153079, 0.3685317932373886052 ) ) ;
#5230 = APPROVAL_STATUS ( 'not_yet_approved' ) ;
#5231 = ORIENTED_EDGE ( 'NONE', *, *, #2649, .T. ) ;
#5232 = CARTESIAN_POINT ( 'NONE',  ( -1.115481102915920397, -0.9573318031974852316, -1.333181323863784629 ) ) ;
#5233 = VECTOR ( 'NONE', #393, 1000.000000000000000 ) ;
#5234 = ORIENTED_EDGE ( 'NONE', *, *, #5069, .F. ) ;
#5235 = CARTESIAN_POINT ( 'NONE',  ( 1.342617050839136628, -7.450180077756674323E-16, 3.124999999999999112 ) ) ;
#5236 = CARTESIAN_POINT ( 'NONE',  ( 1.475000000000007860, 0.04665063509461178648, -1.053074627656254370 ) ) ;
#5237 = ORIENTED_EDGE ( 'NONE', *, *, #6065, .F. ) ;
#5238 = VECTOR ( 'NONE', #1989, 1000.000000000000000 ) ;
#5239 = CARTESIAN_POINT ( 'NONE',  ( 0.000000000000000000, 1.162740473580835099, -1.687499999999999334 ) ) ;
#5240 = VECTOR ( 'NONE', #4393, 1000.000000000000000 ) ;
#5241 = CARTESIAN_POINT ( 'NONE',  ( 0.6166163791711026798, -1.161312167692726494, -3.310962634755588940 ) ) ;
#5242 = CARTESIAN_POINT ( 'NONE',  ( 1.311650288129352582, -0.7572816469341328016, -0.6197916666666665186 ) ) ;
#5243 = DIRECTION ( 'NONE',  ( 0.000000000000000000, 0.000000000000000000, 1.000000000000000000 ) ) ;
#5244 = AXIS2_PLACEMENT_3D ( 'NONE', #2548, #3593, #830 ) ;
#5245 = VECTOR ( 'NONE', #3255, 1000.000000000000000 ) ;
#5246 = CARTESIAN_POINT ( 'NONE',  ( -1.396071907617527641, 0.5248421216693762714, 0.09498795076316511599 ) ) ;
#5247 = CARTESIAN_POINT ( 'NONE',  ( -1.342617050839136406, -3.680820605282295761E-16, 2.437500000000000444 ) ) ;
#5248 = CARTESIAN_POINT ( 'NONE',  ( 0.8744335254195679807, -1.514563293868264715, -0.1927083333333342308 ) ) ;
#5249 = CYLINDRICAL_SURFACE ( 'NONE', #5477, 1.394198729810781412 ) ;
#5250 = CARTESIAN_POINT ( 'NONE',  ( 0.6713085254195687579, 1.162740473580834211, 4.270833333333333925 ) ) ;
#5251 = CARTESIAN_POINT ( 'NONE',  ( -1.006962788129352582, 0.5813702367904176604, -0.6666666666666669627 ) ) ;
#5252 = AXIS2_PLACEMENT_3D ( 'NONE', #1602, #3822, #5860 ) ;
#5253 = ORIENTED_EDGE ( 'NONE', *, *, #2091, .T. ) ;
#5254 = CARTESIAN_POINT ( 'NONE',  ( 1.248519170015982116, 0.2527843711417870898, -3.734160042880466879 ) ) ;
#5255 = CARTESIAN_POINT ( 'NONE',  ( 0.9243482935200518780, -1.148518002948891281, -0.2067094850336791689 ) ) ;
#5256 = CARTESIAN_POINT ( 'NONE',  ( 1.475000000000007638, 0.04665063509460954522, 2.870843251410584607 ) ) ;
#5257 = DIRECTION ( 'NONE',  ( 1.000000000000000000, 0.000000000000000000, 0.000000000000000000 ) ) ;
#5258 = B_SPLINE_CURVE_WITH_KNOTS ( 'NONE', 3,
 ( #1127, #3792, #6567, #3356, #1027, #4915, #5520, #554, #2193, #4473 ),
 .UNSPECIFIED., .F., .F.,
 ( 4, 2, 2, 2, 4 ),
 ( 0.000000000000000000, 0.0004068535042414634056, 0.0008137070084829268113, 0.001220560512724390163, 0.001627414016965853189 ),
 .UNSPECIFIED. ) ;
#5259 = ORIENTED_EDGE ( 'NONE', *, *, #1540, .T. ) ;
#5260 = CARTESIAN_POINT ( 'NONE',  ( 1.386814212877744756, -0.4873690709679344701, 2.333485342802881668 ) ) ;
#5261 = EDGE_CURVE ( 'NONE', #4121, #6654, #1672, .T. ) ;
#5262 = CIRCLE ( 'NONE', #2152, 6.077811624702201598 ) ;
#5263 = PLANE ( 'NONE',  #3296 ) ;
#5264 = EDGE_LOOP ( 'NONE', ( #3138, #719, #5923, #2964, #6683, #5042, #3953, #6381, #2123, #4133, #5166, #1278, #2383, #4588, #4907, #3527 ) ) ;
#5265 = CARTESIAN_POINT ( 'NONE',  ( -0.4796993074309872651, 1.222900232209828797, -3.304663070932270408 ) ) ;
#5266 = DIRECTION ( 'NONE',  ( 1.000000000000000000, 0.000000000000000000, 0.000000000000000000 ) ) ;
#5267 = CARTESIAN_POINT ( 'NONE',  ( -0.08080127018922669824, 0.04665063509461348651, -4.000000000000000000 ) ) ;
#5268 = CARTESIAN_POINT ( 'NONE',  ( -0.6970993649053902619, -1.300712788129360753, 1.780258705677079112 ) ) ;
#5269 = CARTESIAN_POINT ( 'NONE',  ( -0.4905927174983615857, -1.147377628532123772, -3.922436057695579681 ) ) ;
#5270 = CARTESIAN_POINT ( 'NONE',  ( -1.348776801269685466, 0.6388452785093615693, -0.3482895692157867429 ) ) ;
#5271 = B_SPLINE_CURVE_WITH_KNOTS ( 'NONE', 3,
 ( #4298, #6026, #5382, #6504, #1062, #2050, #523, #4336, #4953, #5341 ),
 .UNSPECIFIED., .F., .F.,
 ( 4, 2, 2, 2, 4 ),
 ( 0.000000000000000000, 0.0004068535042414639477, 0.0008137070084829277870, 0.001220560512724391464, 0.001627414016965855140 ),
 .UNSPECIFIED. ) ;
#5272 = EDGE_LOOP ( 'NONE', ( #6616, #3225, #6103, #704, #938, #1742, #6966, #2632, #3875, #1890, #3360, #3937, #1962, #3321, #4685, #3868, #5989, #2874, #1379, #2507, #6705 ) ) ;
#5273 = CARTESIAN_POINT ( 'NONE',  ( -0.9228137282244754935, -1.149940016531953768, 1.184433415356022090 ) ) ;
#5274 = ADVANCED_FACE ( 'NONE', ( #4529 ), #4678, .T. ) ;
#5275 = ORIENTED_EDGE ( 'NONE', *, *, #1991, .F. ) ;
#5276 = CARTESIAN_POINT ( 'NONE',  ( -0.7779006350946168213, 1.254062153034746663, 2.613592039010412815 ) ) ;
#5277 = CARTESIAN_POINT ( 'NONE',  ( -0.08080127018922518556, 0.04665063509461363223, -4.000000000000000000 ) ) ;
#5278 = VERTEX_POINT ( 'NONE', #3084 ) ;
#5279 = CARTESIAN_POINT ( 'NONE',  ( 0.6713085254195677587, -1.162740473580835765, -0.8958333333333327042 ) ) ;
#5280 = DIRECTION ( 'NONE',  ( -0.000000000000000000, 0.9945218953682732899, -0.1045284632676536929 ) ) ;
#5281 = CARTESIAN_POINT ( 'NONE',  ( 1.748867050839136850, -5.606167820996524140E-16, -0.5781249999999996669 ) ) ;
#5282 = CARTESIAN_POINT ( 'NONE',  ( -0.6970993649053902619, -1.300712788129360753, 1.780258705677079112 ) ) ;
#5283 = CARTESIAN_POINT ( 'NONE',  ( 0.2435093434669580448, -1.471454798341268466, -0.2383453825701687678 ) ) ;
#5284 = EDGE_LOOP ( 'NONE', ( #4450, #4027, #1100, #1937 ) ) ;
#5285 = CARTESIAN_POINT ( 'NONE',  ( 0.6970993649053937036, -1.300712788129358088, 0.8583234152560808017 ) ) ;
#5286 = CARTESIAN_POINT ( 'NONE',  ( -1.458895936088133283, 0.2902061249663065445, 0.1740421586481698257 ) ) ;
#5287 = CARTESIAN_POINT ( 'NONE',  ( 0.8744335254195679807, -1.514563293868264715, -1.192708333333334147 ) ) ;
#5288 = DIRECTION ( 'NONE',  ( 0.000000000000000000, 0.000000000000000000, 1.000000000000000000 ) ) ;
#5289 = CARTESIAN_POINT ( 'NONE',  ( -1.006962788129352804, -0.5813702367904176604, -2.083333333333333925 ) ) ;
#5290 = CARTESIAN_POINT ( 'NONE',  ( 0.6713085254195689799, 1.162740473580834877, 1.708333333333332593 ) ) ;
#5291 = EDGE_CURVE ( 'NONE', #811, #335, #968, .T. ) ;
#5292 = ORIENTED_EDGE ( 'NONE', *, *, #2757, .F. ) ;
#5293 = CARTESIAN_POINT ( 'NONE',  ( 1.006962788129352138, -0.5813702367904184376, -1.854166666666666297 ) ) ;
#5294 = CARTESIAN_POINT ( 'NONE',  ( -0.8155067236291687616, -1.232350267696153523, -0.8060317932373889382 ) ) ;
#5295 = CARTESIAN_POINT ( 'NONE',  ( 1.006962788129352804, 0.5813702367904167723, -2.270833333333333037 ) ) ;
#5296 = FACE_OUTER_BOUND ( 'NONE', #7006, .T. ) ;
#5297 = VERTEX_POINT ( 'NONE', #6362 ) ;
#5298 = CARTESIAN_POINT ( 'NONE',  ( 0.8157524219245747554, -1.232208413719160234, -1.712530251568455952 ) ) ;
#5299 = CARTESIAN_POINT ( 'NONE',  ( 1.259771325798722641, 0.04665063509461363223, -3.752896883928938276 ) ) ;
#5300 = ORIENTED_EDGE ( 'NONE', *, *, #1510, .T. ) ;
#5301 = DIRECTION ( 'NONE',  ( 0.000000000000000000, 0.000000000000000000, 1.000000000000000000 ) ) ;
#5302 = CARTESIAN_POINT ( 'NONE',  ( 1.475000000000007638, 0.04665063509461379876, 0.4469253723437460191 ) ) ;
#5303 = DIRECTION ( 'NONE',  ( 0.000000000000000000, 0.000000000000000000, 1.000000000000000000 ) ) ;
#5304 = LINE ( 'NONE', #1424, #3317 ) ;
#5305 = CARTESIAN_POINT ( 'NONE',  ( 1.475000000000007860, -0.09035811372578429757, -1.558303081764878861 ) ) ;
#5306 = DIRECTION ( 'NONE',  ( 0.000000000000000000, 1.000000000000000000, 0.000000000000000000 ) ) ;
#5307 = B_SPLINE_CURVE_WITH_KNOTS ( 'NONE', 3,
 ( #2784, #112, #3394, #6099, #1646, #563, #3935, #5122, #6167, #4446 ),
 .UNSPECIFIED., .F., .F.,
 ( 4, 2, 2, 2, 4 ),
 ( 2.424349759030540154E-19, 0.0004068535042414633514, 0.0008137070084829264860, 0.001220560512724389512, 0.001627414016965852755 ),
 .UNSPECIFIED. ) ;
#5308 = ORIENTED_EDGE ( 'NONE', *, *, #4788, .T. ) ;
#5309 = CARTESIAN_POINT ( 'NONE',  ( 0.7414788750331250400, 1.190977814107165411, -2.593262862914678113 ) ) ;
#5310 = ORIENTED_EDGE ( 'NONE', *, *, #3921, .T. ) ;
#5311 = CARTESIAN_POINT ( 'NONE',  ( 0.4080799028550866625, -1.339396964197276052, 3.217208166912066236 ) ) ;
#5312 = EDGE_CURVE ( 'NONE', #2643, #2991, #1260, .T. ) ;
#5313 = LINE ( 'NONE', #347, #3743 ) ;
#5314 = CARTESIAN_POINT ( 'NONE',  ( -1.348753460210678323, 0.6388952525692672690, 0.5892077647828956044 ) ) ;
#5315 = ADVANCED_FACE ( 'NONE', ( #5108 ), #4161, .T. ) ;
#5316 = CARTESIAN_POINT ( 'NONE',  ( 0.000000000000000000, 1.162740473580835099, -1.187499999999999334 ) ) ;
#5317 = CARTESIAN_POINT ( 'NONE',  ( -0.5818846813168228049, -0.2410245267385763834, 6.399999999999999467 ) ) ;
#5318 = CARTESIAN_POINT ( 'NONE',  ( 1.311650288129353248, 0.7572816469341306922, 0.9635416666666671848 ) ) ;
#5319 = CARTESIAN_POINT ( 'NONE',  ( -1.227644640911697005, 0.8486523346799790257, -1.922543764117547349 ) ) ;
#5320 = CARTESIAN_POINT ( 'NONE',  ( 0.6713085254195689799, 1.162740473580835099, -3.791666666666666963 ) ) ;
#5321 = ORIENTED_EDGE ( 'NONE', *, *, #4883, .F. ) ;
#5322 = CARTESIAN_POINT ( 'NONE',  ( 0.9432895387969562062, 1.075803362243590966, -2.459993877986686339 ) ) ;
#5323 = CARTESIAN_POINT ( 'NONE',  ( -0.6970993649053939256, -1.300712788129358533, -1.219741294322920888 ) ) ;
#5324 = CARTESIAN_POINT ( 'NONE',  ( -1.748867050839136850, -2.175176625053946098E-16, 0.6406249999999987788 ) ) ;
#5325 = CARTESIAN_POINT ( 'NONE',  ( 0.1909720603112447790, -1.391720760096109899, 5.596721811681941716 ) ) ;
#5326 = CARTESIAN_POINT ( 'NONE',  ( -0.6713085254195682028, 1.162740473580835543, -1.708333333333333925 ) ) ;
#5327 = CARTESIAN_POINT ( 'NONE',  ( 1.006962788129352360, -0.5813702367904187707, 1.583333333333332371 ) ) ;
#5328 = VERTEX_POINT ( 'NONE', #394 ) ;
#5329 = FACE_OUTER_BOUND ( 'NONE', #6031, .T. ) ;
#5330 = CARTESIAN_POINT ( 'NONE',  ( -1.456819914017536854, -0.2262501026587150632, -0.8733761517003454378 ) ) ;
#5331 = CARTESIAN_POINT ( 'NONE',  ( -0.6713085254195680918, 1.162740473580835321, -0.6458333333333329263 ) ) ;
#5332 = CARTESIAN_POINT ( 'NONE',  ( -0.8155067236291687616, -1.232350267696153745, 0.6939682067626107287 ) ) ;
#5333 = ORIENTED_EDGE ( 'NONE', *, *, #5500, .F. ) ;
#5334 = CARTESIAN_POINT ( 'NONE',  ( -1.396071907617526087, 0.5248421216693782698, -1.405012049236834093 ) ) ;
#5335 = CARTESIAN_POINT ( 'NONE',  ( 1.475000000000008082, 0.1695193230720013766, 0.9516142210633173892 ) ) ;
#5336 = VERTEX_POINT ( 'NONE', #2358 ) ;
#5337 = CARTESIAN_POINT ( 'NONE',  ( -0.5906919597873087069, -1.362147132118054937, -0.7150524456033495735 ) ) ;
#5338 = CARTESIAN_POINT ( 'NONE',  ( 1.475000000000007638, 0.04665063509460958685, 1.446925372343745853 ) ) ;
#5339 = DIRECTION ( 'NONE',  ( -0.000000000000000000, -0.000000000000000000, 1.000000000000000000 ) ) ;
#5340 = LINE ( 'NONE', #4806, #5035 ) ;
#5341 = CARTESIAN_POINT ( 'NONE',  ( 1.475000000000007638, 0.04665063509461411795, -0.5530746276562539254 ) ) ;
#5342 = CARTESIAN_POINT ( 'NONE',  ( 0.5344704030327199762, 1.374150139869406484, 0.5447332513106439844 ) ) ;
#5343 = ORIENTED_EDGE ( 'NONE', *, *, #1341, .T. ) ;
#5344 = CARTESIAN_POINT ( 'NONE',  ( -1.475000000000007638, 0.04665063509460937174, 1.115574627656253703 ) ) ;
#5345 = ORIENTED_EDGE ( 'NONE', *, *, #6678, .F. ) ;
#5346 = DIRECTION ( 'NONE',  ( 0.9188184237650797170, -0.3805870524817647760, 0.1045284632676537623 ) ) ;
#5347 = CARTESIAN_POINT ( 'NONE',  ( -0.7779006350946168213, 1.254062153034746663, 3.037509918077252014 ) ) ;
#5348 = CYLINDRICAL_SURFACE ( 'NONE', #748, 1.555801270189232755 ) ;
#5349 = CARTESIAN_POINT ( 'NONE',  ( 1.006962788129352804, 0.5813702367904165502, 0.2291666666666674623 ) ) ;
#5350 = CARTESIAN_POINT ( 'NONE',  ( -0.3006696037511475406, -1.133226525575183219, -3.999999999999999112 ) ) ;
#5351 = AXIS2_PLACEMENT_3D ( 'NONE', #6282, #6856, #4120 ) ;
#5352 = CARTESIAN_POINT ( 'NONE',  ( -0.8744335254195683138, 1.514563293868263605, 0.08854166666666733743 ) ) ;
#5353 = CARTESIAN_POINT ( 'NONE',  ( -0.7779006350946143789, 1.254062153034747995, -4.000000000000000000 ) ) ;
#5354 = EDGE_CURVE ( 'NONE', #1943, #2559, #2561, .T. ) ;
#5355 = EDGE_CURVE ( 'NONE', #1201, #1748, #6141, .T. ) ;
#5356 = VECTOR ( 'NONE', #254, 1000.000000000000000 ) ;
#5357 = CARTESIAN_POINT ( 'NONE',  ( -1.475000000000007638, 0.04665063509461100932, -4.000000000000000000 ) ) ;
#5358 = EDGE_LOOP ( 'NONE', ( #3668, #6073, #763, #6283 ) ) ;
#5359 = CARTESIAN_POINT ( 'NONE',  ( -0.9807738445987352893, 1.118337879647045119, 0.05512450801849628351 ) ) ;
#5360 = CARTESIAN_POINT ( 'NONE',  ( -0.8315479950647746143, -1.041574893913928879, -3.149054002558143495 ) ) ;
#5361 = VECTOR ( 'NONE', #6158, 1000.000000000000000 ) ;
#5362 = CARTESIAN_POINT ( 'NONE',  ( 0.8744335254195679807, -1.514563293868264937, 1.307291666666665630 ) ) ;
#5363 = LINE ( 'NONE', #5754, #5933 ) ;
#5364 = CARTESIAN_POINT ( 'NONE',  ( 0.6713085254195689799, 1.162740473580835099, -0.7916666666666671848 ) ) ;
#5365 = CARTESIAN_POINT ( 'NONE',  ( -0.6713085254195686469, -1.162740473580835765, 0.9583333333333328152 ) ) ;
#5366 = VECTOR ( 'NONE', #1235, 1000.000000000000000 ) ;
#5367 = EDGE_CURVE ( 'NONE', #6530, #5600, #273, .T. ) ;
#5368 = VECTOR ( 'NONE', #994, 1000.000000000000000 ) ;
#5369 = CARTESIAN_POINT ( 'NONE',  ( -1.342617050839136406, 5.160910301454625687E-17, -3.562499999999999556 ) ) ;
#5370 = CARTESIAN_POINT ( 'NONE',  ( 0.4679780066954187800, -1.380104123112448011, -2.244900915987418699 ) ) ;
#5371 = CARTESIAN_POINT ( 'NONE',  ( 1.006962788129352804, 0.5813702367904166612, -0.7708333333333330373 ) ) ;
#5372 = VECTOR ( 'NONE', #1380, 1000.000000000000000 ) ;
#5373 = LINE ( 'NONE', #331, #5587 ) ;
#5374 = ORIENTED_EDGE ( 'NONE', *, *, #6943, .T. ) ;
#5375 = CARTESIAN_POINT ( 'NONE',  ( -1.348776801269685244, 0.6388452785093615693, -1.348289569215787020 ) ) ;
#5376 = CARTESIAN_POINT ( 'NONE',  ( -1.227676249187600543, 0.8486071336999772008, 2.139958901883770803 ) ) ;
#5377 = ORIENTED_EDGE ( 'NONE', *, *, #1633, .T. ) ;
#5378 = CARTESIAN_POINT ( 'NONE',  ( 0.9807738445987274067, 1.118337879647051558, 0.5073754919815032238 ) ) ;
#5379 = LINE ( 'NONE', #7068, #1912 ) ;
#5380 = CARTESIAN_POINT ( 'NONE',  ( -9.144455000759798487E-16, -0.09330127018922626525, -2.000000000000000000 ) ) ;
#5381 = CARTESIAN_POINT ( 'NONE',  ( -0.7779006350946131576, 1.254062153034748661, 1.613592039010411927 ) ) ;
#5382 = CARTESIAN_POINT ( 'NONE',  ( 0.9228137282244797124, -1.149940016531950437, -0.6219334153560225342 ) ) ;
#5383 = CARTESIAN_POINT ( 'NONE',  ( -0.2715616379965444249, 1.444556979311147682, 0.5902169097662433028 ) ) ;
#5384 = VERTEX_POINT ( 'NONE', #346 ) ;
#5385 = CARTESIAN_POINT ( 'NONE',  ( -1.199424823463229428, -0.8476778146389545299, 0.7502372414755327235 ) ) ;
#5386 = ADVANCED_FACE ( 'NONE', ( #3538 ), #775, .T. ) ;
#5387 = ORIENTED_EDGE ( 'NONE', *, *, #1188, .T. ) ;
#5388 = CARTESIAN_POINT ( 'NONE',  ( -1.365531683602344781, 0.2723401025378864304, -2.771311454014915743 ) ) ;
#5389 = CARTESIAN_POINT ( 'NONE',  ( -0.8082763246501589727, -0.8626222908556370195, 3.430191338972160775 ) ) ;
#5390 = LINE ( 'NONE', #4927, #4351 ) ;
#5391 = CARTESIAN_POINT ( 'NONE',  ( 0.000000000000000000, 1.162740473580834877, 2.312500000000000444 ) ) ;
#5392 = LINE ( 'NONE', #7048, #1297 ) ;
#5393 = CARTESIAN_POINT ( 'NONE',  ( 1.748867050839136850, -5.955910457282170159E-16, -0.07812500000000006939 ) ) ;
#5394 = DIRECTION ( 'NONE',  ( -1.000000000000000000, 0.000000000000000000, 0.000000000000000000 ) ) ;
#5395 = CARTESIAN_POINT ( 'NONE',  ( 0.6713085254195689799, 1.162740473580834877, -0.2916666666666675178 ) ) ;
#5396 = CARTESIAN_POINT ( 'NONE',  ( 1.153120445495158242, 0.6244859510510397671, 3.307397365897736474 ) ) ;
#5397 = CARTESIAN_POINT ( 'NONE',  ( -1.227676249187599433, 0.8486071336999770898, 0.1399589018837706922 ) ) ;
#5398 = CARTESIAN_POINT ( 'NONE',  ( 0.000000000000000000, 1.514563293868263605, 3.515624999999998668 ) ) ;
#5399 = B_SPLINE_CURVE_WITH_KNOTS ( 'NONE', 3,
 ( #5004, #1118, #6083, #6049, #1597, #7168, #6015, #3314, #2217, #1049 ),
 .UNSPECIFIED., .F., .F.,
 ( 4, 2, 2, 2, 4 ),
 ( 2.168404344971008627E-19, 0.0003544165516360064353, 0.0007088331032720126537, 0.001063249654908018926, 0.001417666206544025091 ),
 .UNSPECIFIED. ) ;
#5400 = EDGE_CURVE ( 'NONE', #1702, #455, #2535, .T. ) ;
#5401 = DIRECTION ( 'NONE',  ( 0.000000000000000000, 0.000000000000000000, 1.000000000000000000 ) ) ;
#5402 = CARTESIAN_POINT ( 'NONE',  ( -0.6713085254195682028, 1.162740473580835765, -2.708333333333333481 ) ) ;
#5403 = CARTESIAN_POINT ( 'NONE',  ( 0.6713085254195678697, -1.162740473580836209, 1.541666666666666075 ) ) ;
#5404 = CARTESIAN_POINT ( 'NONE',  ( 0.000000000000000000, 1.162740473580835321, -3.187499999999999556 ) ) ;
#5405 = ADVANCED_FACE ( 'NONE', ( #6891 ), #1941, .T. ) ;
#5406 = LINE ( 'NONE', #3848, #3625 ) ;
#5407 = CARTESIAN_POINT ( 'NONE',  ( 0.6713085254195687579, 1.162740473580834877, 0.2708333333333338699 ) ) ;
#5408 = LINE ( 'NONE', #1961, #6401 ) ;
#5409 = ORIENTED_EDGE ( 'NONE', *, *, #2107, .T. ) ;
#5410 = CARTESIAN_POINT ( 'NONE',  ( 1.348753460210678767, 0.6388952525692661588, 2.473292235217104285 ) ) ;
#5411 = CARTESIAN_POINT ( 'NONE',  ( -1.475000000000007638, 0.04665063509461160607, -1.808343251410586383 ) ) ;
#5412 = ORIENTED_EDGE ( 'NONE', *, *, #5569, .T. ) ;
#5413 = DIRECTION ( 'NONE',  ( 0.000000000000000000, 0.000000000000000000, 1.000000000000000000 ) ) ;
#5414 = FACE_OUTER_BOUND ( 'NONE', #6453, .T. ) ;
#5415 = CARTESIAN_POINT ( 'NONE',  ( 0.2412507791898940712, -1.451431586624341685, -2.163057030536898573 ) ) ;
#5416 = DIRECTION ( 'NONE',  ( -0.3826834323650897818, 0.9238795325112867385, -1.147919911105515610E-14 ) ) ;
#5417 = DIRECTION ( 'NONE',  ( 0.000000000000000000, 0.000000000000000000, 1.000000000000000000 ) ) ;
#5418 = CARTESIAN_POINT ( 'NONE',  ( -1.458895936088133283, 0.2902061249663110964, -0.3259578413518303130 ) ) ;
#5419 = ORIENTED_EDGE ( 'NONE', *, *, #3061, .T. ) ;
#5420 = CARTESIAN_POINT ( 'NONE',  ( -0.8157524219245719799, -1.232208413719163120, 0.7750302515684555082 ) ) ;
#5421 = ORIENTED_EDGE ( 'NONE', *, *, #6694, .F. ) ;
#5422 = CARTESIAN_POINT ( 'NONE',  ( 0.4786287008715396918, -1.408412867817220304, 0.2725056667236531172 ) ) ;
#5423 = CARTESIAN_POINT ( 'NONE',  ( 0.000000000000000000, 0.2753999999999972581, 6.399999999999999467 ) ) ;
#5424 = CARTESIAN_POINT ( 'NONE',  ( -0.9807738445987265186, 1.118337879647051780, 2.055124508018495000 ) ) ;
#5425 = CARTESIAN_POINT ( 'NONE',  ( -0.6713085254195680918, 1.162740473580835099, 2.354166666666666519 ) ) ;
#5426 = EDGE_CURVE ( 'NONE', #580, #3076, #3077, .T. ) ;
#5427 = CARTESIAN_POINT ( 'NONE',  ( -1.854805089941841679E-16, -1.514563293868264271, 3.296875000000000444 ) ) ;
#5428 = CARTESIAN_POINT ( 'NONE',  ( -0.9228137282244786022, -1.149940016531951548, -0.3155665846439779099 ) ) ;
#5429 = CARTESIAN_POINT ( 'NONE',  ( 0.000000000000000000, 1.162740473580835321, -1.750000000000000222 ) ) ;
#5430 = CARTESIAN_POINT ( 'NONE',  ( 0.7779006350946136017, 1.254062153034748217, 3.024990081922747986 ) ) ;
#5431 = DIRECTION ( 'NONE',  ( 0.000000000000000000, 0.000000000000000000, 1.000000000000000000 ) ) ;
#5432 = CARTESIAN_POINT ( 'NONE',  ( 1.311650288129353248, 0.7572816469341304702, 3.932291666666664742 ) ) ;
#5433 = DIRECTION ( 'NONE',  ( 1.000000000000000000, 0.000000000000000000, 0.000000000000000000 ) ) ;
#5434 = CARTESIAN_POINT ( 'NONE',  ( 1.006962788129353026, 0.5813702367904167723, -1.833333333333333481 ) ) ;
#5435 = EDGE_CURVE ( 'NONE', #5700, #5516, #4342, .T. ) ;
#5436 = CARTESIAN_POINT ( 'NONE',  ( -1.006962788129352582, 0.5813702367904174384, 2.333333333333333037 ) ) ;
#5437 = CARTESIAN_POINT ( 'NONE',  ( -0.6713085254195685359, -1.162740473580835321, -1.979166666666666075 ) ) ;
#5438 = CARTESIAN_POINT ( 'NONE',  ( 1.348776801269683467, 0.6388452785093678976, 2.410789569215786798 ) ) ;
#5439 = CARTESIAN_POINT ( 'NONE',  ( 1.006962788129352804, 0.5813702367904165502, -0.2708333333333329818 ) ) ;
#5440 = CARTESIAN_POINT ( 'NONE',  ( -1.475000000000007638, 0.04665063509461100932, 3.132876347609697021 ) ) ;
#5441 = ORIENTED_EDGE ( 'NONE', *, *, #2199, .F. ) ;
#5442 = CARTESIAN_POINT ( 'NONE',  ( 0.8416992085068288887, 1.132404483076686175, -2.598278362544999442 ) ) ;
#5443 = ADVANCED_FACE ( 'NONE', ( #2681 ), #2247, .T. ) ;
#5444 = ADVANCED_FACE ( 'NONE', ( #6576 ), #3191, .T. ) ;
#5445 = CARTESIAN_POINT ( 'NONE',  ( -1.417174344917357054, -0.4234063301322409933, 3.144615783930877928 ) ) ;
#5446 = ORIENTED_EDGE ( 'NONE', *, *, #3577, .F. ) ;
#5447 = FACE_OUTER_BOUND ( 'NONE', #1740, .T. ) ;
#5448 = CARTESIAN_POINT ( 'NONE',  ( 0.5344704030327260824, 1.374150139869403597, -1.955266748689356460 ) ) ;
#5449 = CARTESIAN_POINT ( 'NONE',  ( 0.5792232574222949681, -1.085195602522771363, -4.000000000000000000 ) ) ;
#5450 = LINE ( 'NONE', #4221, #6300 ) ;
#5451 = FACE_OUTER_BOUND ( 'NONE', #6850, .T. ) ;
#5452 = CARTESIAN_POINT ( 'NONE',  ( -0.1165333591510921557, 1.242746834205469941, -3.789442177771295661 ) ) ;
#5453 = ORIENTED_EDGE ( 'NONE', *, *, #4479, .F. ) ;
#5454 = CARTESIAN_POINT ( 'NONE',  ( -0.7933959917664404893, 1.062217734494072641, -3.290019368313096493 ) ) ;
#5455 = B_SPLINE_CURVE_WITH_KNOTS ( 'NONE', 3,
 ( #1091, #2224, #6600, #2192, #4980, #4434, #4531, #6667, #3322, #652 ),
 .UNSPECIFIED., .F., .F.,
 ( 4, 2, 2, 2, 4 ),
 ( 0.000000000000000000, 0.0003638230103348395273, 0.0007276460206696790545, 0.001091469031004518690, 0.001455292041339358109 ),
 .UNSPECIFIED. ) ;
#5456 = ORIENTED_EDGE ( 'NONE', *, *, #3017, .T. ) ;
#5457 = CARTESIAN_POINT ( 'NONE',  ( -1.412969468386638061, -0.4029189202584965157, 3.134854202213922303 ) ) ;
#5458 = DIRECTION ( 'NONE',  ( -0.000000000000000000, -0.000000000000000000, 1.000000000000000000 ) ) ;
#5459 = CARTESIAN_POINT ( 'NONE',  ( -1.227644640911699669, 0.8486523346799753620, 0.5774562358824530950 ) ) ;
#5460 = CARTESIAN_POINT ( 'NONE',  ( -0.6713085254195685359, -1.162740473580835765, 1.020833333333333703 ) ) ;
#5461 = CARTESIAN_POINT ( 'NONE',  ( -1.854805089941841679E-16, -1.514563293868264493, 3.796875000000000888 ) ) ;
#5462 = CARTESIAN_POINT ( 'NONE',  ( 0.6713085254195689799, 1.162740473580834877, 0.2083333333333329540 ) ) ;
#5463 = CARTESIAN_POINT ( 'NONE',  ( -0.7917968530896581925, -1.199357752030912216, -2.329253870953528871 ) ) ;
#5464 = ORIENTED_EDGE ( 'NONE', *, *, #698, .F. ) ;
#5465 = CONICAL_SURFACE ( 'NONE', #6380, 1.108613885844307756, 0.7853981633974502774 ) ;
#5466 = CARTESIAN_POINT ( 'NONE',  ( 1.475000000000007638, 0.04665063509461176566, -1.129156748589414505 ) ) ;
#5467 = CARTESIAN_POINT ( 'NONE',  ( -1.748867050839136850, -3.574147170196531900E-16, 2.640624999999999112 ) ) ;
#5468 = CARTESIAN_POINT ( 'NONE',  ( -1.011949341165592431, 1.084317907452662766, 3.125446062060366348 ) ) ;
#5469 = CARTESIAN_POINT ( 'NONE',  ( 0.6713085254195689799, 1.162740473580835099, 0.2083333333333329540 ) ) ;
#5470 = CARTESIAN_POINT ( 'NONE',  ( 0.000000000000000000, 1.162740473580835099, 3.249999999999999556 ) ) ;
#5471 = VECTOR ( 'NONE', #3299, 1000.000000000000000 ) ;
#5472 = VECTOR ( 'NONE', #4783, 1000.000000000000000 ) ;
#5473 = CARTESIAN_POINT ( 'NONE',  ( 0.6713085254195687579, 1.162740473580834877, -1.729166666666666075 ) ) ;
#5474 = B_SPLINE_CURVE_WITH_KNOTS ( 'NONE', 3,
 ( #1507, #5389, #2753, #1543, #4410, #2130, #2167, #3802 ),
 .UNSPECIFIED., .F., .F.,
 ( 4, 2, 2, 4 ),
 ( 1.420346227115490937E-17, 0.0002842816641751599090, 0.0005685633283503056150, 0.001137126656700596919 ),
 .UNSPECIFIED. ) ;
#5475 = CARTESIAN_POINT ( 'NONE',  ( 1.296361865593809615, -0.07454710416219235969, -3.454890851851161404 ) ) ;
#5476 = CARTESIAN_POINT ( 'NONE',  ( 1.006962788129352138, -0.5813702367904184376, -1.354166666666666297 ) ) ;
#5477 = AXIS2_PLACEMENT_3D ( 'NONE', #287, #5288, #4712 ) ;
#5478 = LINE ( 'NONE', #579, #136 ) ;
#5479 = VECTOR ( 'NONE', #2482, 1000.000000000000000 ) ;
#5480 = EDGE_LOOP ( 'NONE', ( #5010, #3427, #6922, #3092 ) ) ;
#5481 = CARTESIAN_POINT ( 'NONE',  ( 0.9807738445987274067, 1.118337879647051558, 2.507375491981502780 ) ) ;
#5482 = AXIS2_PLACEMENT_3D ( 'NONE', #2293, #6198, #3489 ) ;
#5483 = CARTESIAN_POINT ( 'NONE',  ( -0.2435093434669697576, -1.471454798341266912, 2.300845382570166908 ) ) ;
#5484 = ORIENTED_EDGE ( 'NONE', *, *, #5981, .T. ) ;
#5485 = CYLINDRICAL_SURFACE ( 'NONE', #2603, 1.555801270189233199 ) ;
#5486 = AXIS2_PLACEMENT_3D ( 'NONE', #5821, #4743, #3447 ) ;
#5487 = CARTESIAN_POINT ( 'NONE',  ( 1.062764111989988880, 0.8731143445676182724, -2.941267236569157895 ) ) ;
#5488 = CARTESIAN_POINT ( 'NONE',  ( 1.348776801269682357, 0.6388452785093680086, 1.410789569215786354 ) ) ;
#5489 = CYLINDRICAL_SURFACE ( 'NONE', #7092, 1.555801270189233199 ) ;
#5490 = CARTESIAN_POINT ( 'NONE',  ( -0.5324716204974824230, 1.374768105607608204, 2.102542818367010735 ) ) ;
#5491 = EDGE_CURVE ( 'NONE', #2236, #6028, #6032, .T. ) ;
#5492 = ORIENTED_EDGE ( 'NONE', *, *, #2580, .F. ) ;
#5493 = DIRECTION ( 'NONE',  ( 1.000000000000000000, 0.000000000000000000, 0.000000000000000000 ) ) ;
#5494 = CONICAL_SURFACE ( 'NONE', #6067, 1.394198729810781412, 0.1221730476396033355 ) ;
#5495 = ORIENTED_EDGE ( 'NONE', *, *, #738, .T. ) ;
#5496 = CARTESIAN_POINT ( 'NONE',  ( 0.9228137282244743833, -1.149940016531954434, 2.878066584643976356 ) ) ;
#5497 = CARTESIAN_POINT ( 'NONE',  ( -1.152121818957298816, 0.9470596902539530904, 3.070478190449157374 ) ) ;
#5498 = DIRECTION ( 'NONE',  ( 0.3805870524817679401, 0.9188184237650781627, -0.1045284632676536929 ) ) ;
#5499 = CARTESIAN_POINT ( 'NONE',  ( 1.342617050839136406, -6.094927362149793781E-16, 1.187500000000000222 ) ) ;
#5500 = EDGE_CURVE ( 'NONE', #3041, #3318, #2797, .T. ) ;
#5501 = CARTESIAN_POINT ( 'NONE',  ( 0.000000000000000000, 1.514563293868263605, 1.546875000000000444 ) ) ;
#5502 = CARTESIAN_POINT ( 'NONE',  ( -1.423946399209847929E-16, -1.162740473580835765, -8.673617379884035472E-16 ) ) ;
#5503 = AXIS2_PLACEMENT_3D ( 'NONE', #1422, #5878, #1496 ) ;
#5504 = DIRECTION ( 'NONE',  ( 0.000000000000000000, 0.000000000000000000, 1.000000000000000000 ) ) ;
#5505 = ORIENTED_EDGE ( 'NONE', *, *, #1939, .F. ) ;
#5506 = B_SPLINE_CURVE_WITH_KNOTS ( 'NONE', 3,
 ( #843, #1353, #1387, #3605, #4698, #5851, #6316, #6923, #806, #6962 ),
 .UNSPECIFIED., .F., .F.,
 ( 4, 2, 2, 2, 4 ),
 ( 4.269046054161673709E-19, 0.0003887360255692123151, 0.0007774720511384239797, 0.001166208076707635644, 0.001554944102276847526 ),
 .UNSPECIFIED. ) ;
#5507 = CARTESIAN_POINT ( 'NONE',  ( 1.311650288129353248, 0.7572816469341305812, 1.932291666666665408 ) ) ;
#5508 = CARTESIAN_POINT ( 'NONE',  ( -1.265194238554468997, 0.7885729445993764353, 3.120958399919614656 ) ) ;
#5509 = CARTESIAN_POINT ( 'NONE',  ( 1.342617050839136628, -6.400952168899735280E-16, 1.624999999999999778 ) ) ;
#5510 = CARTESIAN_POINT ( 'NONE',  ( 0.000000000000000000, 1.514563293868264049, -4.453125000000000000 ) ) ;
#5511 = CARTESIAN_POINT ( 'NONE',  ( 0.6713085254195687579, 1.162740473580834877, -0.7291666666666661856 ) ) ;
#5512 = CARTESIAN_POINT ( 'NONE',  ( 1.279983167312505721, -0.1929564539927739741, -3.460283863372482394 ) ) ;
#5513 = CARTESIAN_POINT ( 'NONE',  ( -0.6713085254195685359, -1.162740473580835765, 2.020833333333333481 ) ) ;
#5514 = CARTESIAN_POINT ( 'NONE',  ( -1.342617050839136628, 9.095514959668157576E-17, -4.125000000000000000 ) ) ;
#5515 = ADVANCED_FACE ( 'NONE', ( #6000 ), #7077, .T. ) ;
#5516 = VERTEX_POINT ( 'NONE', #1069 ) ;
#5517 = CARTESIAN_POINT ( 'NONE',  ( 1.152562564150568125, 0.9466126766718924168, -0.5716787159035014998 ) ) ;
#5518 = ORIENTED_EDGE ( 'NONE', *, *, #568, .T. ) ;
#5519 = CARTESIAN_POINT ( 'NONE',  ( -0.2538572652780298200, 1.544354521968174687, 6.195034570514509120 ) ) ;
#5520 = CARTESIAN_POINT ( 'NONE',  ( -0.2715616379965440363, 1.444556979311147460, 1.090216909766243303 ) ) ;
#5521 = CARTESIAN_POINT ( 'NONE',  ( 0.000000000000000000, 1.514563293868264049, -2.984375000000000888 ) ) ;
#5522 = CARTESIAN_POINT ( 'NONE',  ( 1.334521665427737425, -0.6133972531589965138, 0.8256176042085739963 ) ) ;
#5523 = CARTESIAN_POINT ( 'NONE',  ( 0.2713331099618210840, 1.444700874165413929, 2.062347990530450481 ) ) ;
#5524 = ORIENTED_EDGE ( 'NONE', *, *, #5435, .F. ) ;
#5525 = CARTESIAN_POINT ( 'NONE',  ( -1.475000000000007638, 0.04665063509461363916, 0.6155746276562531483 ) ) ;
#5526 = ORIENTED_EDGE ( 'NONE', *, *, #596, .T. ) ;
#5527 = CARTESIAN_POINT ( 'NONE',  ( 0.6970993649053937036, -1.300712788129357866, 1.358323415256081024 ) ) ;
#5528 = FACE_OUTER_BOUND ( 'NONE', #6257, .T. ) ;
#5529 = CARTESIAN_POINT ( 'NONE',  ( 0.7779006350946136017, 1.254062153034748217, 0.4489079609895874068 ) ) ;
#5530 = CARTESIAN_POINT ( 'NONE',  ( -1.342617050839136406, -3.331077968996649249E-16, 1.937499999999999778 ) ) ;
#5531 = ORIENTED_EDGE ( 'NONE', *, *, #4964, .F. ) ;
#5532 = CARTESIAN_POINT ( 'NONE',  ( 1.311650288129352582, -0.7572816469341330237, 1.380208333333333037 ) ) ;
#5533 = EDGE_CURVE ( 'NONE', #6877, #6703, #880, .T. ) ;
#5534 = ADVANCED_FACE ( 'NONE', ( #4409 ), #6284, .F. ) ;
#5535 = CARTESIAN_POINT ( 'NONE',  ( -1.423946399209847929E-16, -1.162740473580835765, -1.000000000000000444 ) ) ;
#5536 = CARTESIAN_POINT ( 'NONE',  ( -1.003535604513578816, -0.7069603034889658799, -3.981974462165684514 ) ) ;
#5537 = ORIENTED_EDGE ( 'NONE', *, *, #2517, .F. ) ;
#5538 = CARTESIAN_POINT ( 'NONE',  ( -0.8744335254195683138, 1.514563293868263161, 4.057291666666664298 ) ) ;
#5539 = CARTESIAN_POINT ( 'NONE',  ( -0.7779006350946131576, 1.254062153034748661, 1.113592039010412149 ) ) ;
#5540 = CARTESIAN_POINT ( 'NONE',  ( -0.6713085254195686469, -1.162740473580835765, 1.458333333333333259 ) ) ;
#5541 = CARTESIAN_POINT ( 'NONE',  ( -1.006962788129352804, -0.5813702367904179935, 1.916666666666666297 ) ) ;
#5542 = CARTESIAN_POINT ( 'NONE',  ( -0.6713085254195680918, 1.162740473580835099, -1.645833333333332371 ) ) ;
#5543 = CARTESIAN_POINT ( 'NONE',  ( 1.475000000000008749, 0.1692640949063657918, 2.379998008545215260 ) ) ;
#5544 = CARTESIAN_POINT ( 'NONE',  ( 1.006962788129352804, 0.5813702367904164392, 2.229166666666667407 ) ) ;
#5545 = CARTESIAN_POINT ( 'NONE',  ( -0.8146500082998369141, -0.8296449679712768477, -4.000000000000000888 ) ) ;
#5546 = ORIENTED_EDGE ( 'NONE', *, *, #2506, .T. ) ;
#5547 = DIRECTION ( 'NONE',  ( -1.332267629550187691E-14, -0.1045284632676535819, -0.9945218953682732899 ) ) ;
#5548 = VERTEX_POINT ( 'NONE', #3801 ) ;
#5549 = CARTESIAN_POINT ( 'NONE',  ( -0.6970993649053922603, -1.300712788129359865, -0.2197412943229214155 ) ) ;
#5550 = CARTESIAN_POINT ( 'NONE',  ( 0.08080127018922518556, 0.04665063509461363223, -4.000000000000000000 ) ) ;
#5551 = CARTESIAN_POINT ( 'NONE',  ( -0.1360432288665839873, 1.462428290740636516, 2.992284270875241958 ) ) ;
#5552 = CARTESIAN_POINT ( 'NONE',  ( -0.7779006350946143789, 1.254062153034747995, -4.000000000000000000 ) ) ;
#5553 = ORIENTED_EDGE ( 'NONE', *, *, #1849, .F. ) ;
#5554 = CARTESIAN_POINT ( 'NONE',  ( -1.199424823463224543, -0.8476778146389609692, -0.7497627585244671655 ) ) ;
#5555 = B_SPLINE_CURVE_WITH_KNOTS ( 'NONE', 3,
 ( #644, #4094, #6147, #6252, #2281, #3415, #752, #4053, #1292, #4525 ),
 .UNSPECIFIED., .F., .F.,
 ( 4, 2, 2, 2, 4 ),
 ( 0.000000000000000000, 0.0003638230103348398525, 0.0007276460206696794882, 0.001091469031004519124, 0.001455292041339358760 ),
 .UNSPECIFIED. ) ;
#5556 = ORIENTED_EDGE ( 'NONE', *, *, #3687, .F. ) ;
#5557 = CARTESIAN_POINT ( 'NONE',  ( -0.6970993649053917052, -1.300712788129359643, -4.000000000000000000 ) ) ;
#5558 = CARTESIAN_POINT ( 'NONE',  ( -0.5344704030327319666, 1.374150139869402043, 2.517766748689356682 ) ) ;
#5559 = CARTESIAN_POINT ( 'NONE',  ( -3.000000000000000000, 3.673940397442059868E-16, -19.05000000000000071 ) ) ;
#5560 = CARTESIAN_POINT ( 'NONE',  ( -0.6713085254195680918, 1.162740473580835099, 3.354166666666666519 ) ) ;
#5561 = B_SPLINE_CURVE_WITH_KNOTS ( 'NONE', 3,
 ( #6619, #4315, #664, #6079, #2331, #470, #2658, #1113, #115, #1518 ),
 .UNSPECIFIED., .F., .F.,
 ( 4, 2, 2, 2, 4 ),
 ( 3.909146525865938448E-19, 0.0003493760909142619962, 0.0006987521818285236672, 0.001048128272742785338, 0.001397504363657046901 ),
 .UNSPECIFIED. ) ;
#5562 = ORIENTED_EDGE ( 'NONE', *, *, #2840, .F. ) ;
#5563 = CARTESIAN_POINT ( 'NONE',  ( 0.000000000000000000, 1.514563293868263605, 2.546875000000000444 ) ) ;
#5564 = CARTESIAN_POINT ( 'NONE',  ( -0.6713085254195682028, 1.162740473580835099, 2.291666666666665630 ) ) ;
#5565 = CARTESIAN_POINT ( 'NONE',  ( 0.4781220914894027119, -1.408544004613355272, 2.840708825314838037 ) ) ;
#5566 = ORIENTED_EDGE ( 'NONE', *, *, #1898, .F. ) ;
#5567 = CARTESIAN_POINT ( 'NONE',  ( 0.8744335254195692020, 1.514563293868262939, 4.473958333333332149 ) ) ;
#5568 = CARTESIAN_POINT ( 'NONE',  ( -1.342617050839136628, -2.238132230604002728E-16, 0.3749999999999994449 ) ) ;
#5569 = EDGE_CURVE ( 'NONE', #1702, #947, #5107, .T. ) ;
#5570 = CARTESIAN_POINT ( 'NONE',  ( 0.000000000000000000, 1.162740473580835099, 2.750000000000000000 ) ) ;
#5571 = CARTESIAN_POINT ( 'NONE',  ( -1.342617050839136406, -1.932107423854063447E-16, -0.06249999999999918815 ) ) ;
#5572 = DIRECTION ( 'NONE',  ( 0.000000000000000000, 0.000000000000000000, 1.000000000000000000 ) ) ;
#5573 = CARTESIAN_POINT ( 'NONE',  ( 0.000000000000000000, 1.162740473580834877, 2.812500000000000888 ) ) ;
#5574 = FACE_OUTER_BOUND ( 'NONE', #3518, .T. ) ;
#5575 = ADVANCED_FACE ( 'NONE', ( #7120 ), #147, .T. ) ;
#5576 = ORIENTED_EDGE ( 'NONE', *, *, #5884, .T. ) ;
#5577 = CARTESIAN_POINT ( 'NONE',  ( 0.8843080402126989314, 1.192627809046052700, -0.5557808877299844630 ) ) ;
#5578 = CIRCLE ( 'NONE', #1539, 6.067063046836890905 ) ;
#5579 = VERTEX_POINT ( 'NONE', #3766 ) ;
#5580 = CARTESIAN_POINT ( 'NONE',  ( -1.475000000000007638, 0.04665063509461365304, 0.1916567485894135614 ) ) ;
#5581 = CARTESIAN_POINT ( 'NONE',  ( -0.6594932763708403201, 1.322424673467952116, -0.4726984599040549573 ) ) ;
#5582 = AXIS2_PLACEMENT_3D ( 'NONE', #2768, #29, #2695 ) ;
#5583 = CARTESIAN_POINT ( 'NONE',  ( 0.7779006350946172654, 1.254062153034745997, 1.024990081922747098 ) ) ;
#5584 = LINE ( 'NONE', #3290, #2466 ) ;
#5585 = ORIENTED_EDGE ( 'NONE', *, *, #858, .F. ) ;
#5586 = CARTESIAN_POINT ( 'NONE',  ( 1.212372092318233729, -0.1177436471014729064, 4.899999999999999467 ) ) ;
#5587 = VECTOR ( 'NONE', #5908, 1000.000000000000000 ) ;
#5588 = VECTOR ( 'NONE', #3026, 1000.000000000000000 ) ;
#5589 = VERTEX_POINT ( 'NONE', #5965 ) ;
#5590 = DIRECTION ( 'NONE',  ( -0.9945218953682734009, -1.042741821754388045E-14, 0.1045284632676538039 ) ) ;
#5591 = DIRECTION ( 'NONE',  ( -0.06093467170257362703, -0.1055419473313876366, -0.9925461516413219831 ) ) ;
#5592 = CARTESIAN_POINT ( 'NONE',  ( 1.475000000000007194, -0.09007440577179810781, 2.860634873429277913 ) ) ;
#5593 = CARTESIAN_POINT ( 'NONE',  ( -0.5344704030327280808, 1.374150139869403597, -0.9822332513106438734 ) ) ;
#5594 = VECTOR ( 'NONE', #4540, 1000.000000000000000 ) ;
#5595 = ORIENTED_EDGE ( 'NONE', *, *, #6574, .T. ) ;
#5596 = CARTESIAN_POINT ( 'NONE',  ( -0.8157524219245787522, -1.232208413719158902, 2.275030251568455064 ) ) ;
#5597 = EDGE_CURVE ( 'NONE', #3052, #6228, #536, .T. ) ;
#5598 = CARTESIAN_POINT ( 'NONE',  ( 0.6713085254195678697, -1.162740473580836209, 1.041666666666666519 ) ) ;
#5599 = CARTESIAN_POINT ( 'NONE',  ( -0.1343981099701962167, 1.462571274368298813, -1.416429425191134461 ) ) ;
#5600 = VERTEX_POINT ( 'NONE', #3458 ) ;
#5601 = CARTESIAN_POINT ( 'NONE',  ( -1.423946399209847682E-16, -1.162740473580835321, -3.937499999999999112 ) ) ;
#5602 = CARTESIAN_POINT ( 'NONE',  ( 0.6713085254195678697, -1.162740473580836209, 1.541666666666666075 ) ) ;
#5603 = CARTESIAN_POINT ( 'NONE',  ( 1.311650288129352582, -0.7572816469341328016, -1.619791666666666519 ) ) ;
#5604 = CARTESIAN_POINT ( 'NONE',  ( -9.144455000759798487E-16, -0.09330127018922626525, -4.000000000000000000 ) ) ;
#5605 = CIRCLE ( 'NONE', #2263, 6.077811624702201598 ) ;
#5606 = EDGE_CURVE ( 'NONE', #3076, #2871, #186, .T. ) ;
#5607 = CARTESIAN_POINT ( 'NONE',  ( -1.006962788129352582, -0.5813702367904177715, 0.4791666666666667962 ) ) ;
#5608 = DIRECTION ( 'NONE',  ( 1.000000000000000000, 0.000000000000000000, 0.000000000000000000 ) ) ;
#5609 = CARTESIAN_POINT ( 'NONE',  ( -1.006962788129352582, -0.5813702367904178825, 1.979166666666667185 ) ) ;
#5610 = CARTESIAN_POINT ( 'NONE',  ( -0.6713085254195686469, -1.162740473580835543, -3.541666666666666519 ) ) ;
#5611 = CARTESIAN_POINT ( 'NONE',  ( 0.6713085254195689799, 1.162740473580835321, -2.791666666666666963 ) ) ;
#5612 = ORIENTED_EDGE ( 'NONE', *, *, #1801, .T. ) ;
#5613 = DIRECTION ( 'NONE',  ( 1.000000000000000000, 0.000000000000000000, 0.000000000000000000 ) ) ;
#5614 = ADVANCED_FACE ( 'NONE', ( #5657 ), #1686, .T. ) ;
#5615 = EDGE_CURVE ( 'NONE', #4579, #6607, #6675, .T. ) ;
#5616 = EDGE_CURVE ( 'NONE', #4734, #1022, #1554, .T. ) ;
#5617 = ORIENTED_EDGE ( 'NONE', *, *, #5092, .T. ) ;
#5618 = CARTESIAN_POINT ( 'NONE',  ( -1.199424823463228096, -0.8476778146389534196, 0.2502372414755325014 ) ) ;
#5619 = LINE ( 'NONE', #1263, #3523 ) ;
#5620 = CARTESIAN_POINT ( 'NONE',  ( 0.6970993649053899288, -1.300712788129359865, 2.858323415256080580 ) ) ;
#5621 = DIRECTION ( 'NONE',  ( -0.06093467170257416826, 0.1055419473313873313, -0.9925461516413219831 ) ) ;
#5622 = EDGE_LOOP ( 'NONE', ( #3352, #2680, #6308, #300 ) ) ;
#5623 = CARTESIAN_POINT ( 'NONE',  ( 0.08080127018922669824, 0.04665063509461338936, -4.000000000000000000 ) ) ;
#5624 = ORIENTED_EDGE ( 'NONE', *, *, #7022, .F. ) ;
#5625 = DIRECTION ( 'NONE',  ( 1.000000000000000000, 0.000000000000000000, 0.000000000000000000 ) ) ;
#5626 = DIRECTION ( 'NONE',  ( 1.000000000000000000, 0.000000000000000000, 0.000000000000000000 ) ) ;
#5627 = FACE_OUTER_BOUND ( 'NONE', #255, .T. ) ;
#5628 = CARTESIAN_POINT ( 'NONE',  ( 0.8843080402127003747, 1.192627809046051368, -1.055780887729983908 ) ) ;
#5629 = DIRECTION ( 'NONE',  ( -0.000000000000000000, -0.000000000000000000, 1.000000000000000000 ) ) ;
#5630 = EDGE_LOOP ( 'NONE', ( #7119, #2787, #1386, #5456, #363 ) ) ;
#5631 = CARTESIAN_POINT ( 'NONE',  ( 1.227644640911700780, 0.8486523346799743628, 2.985043764117545351 ) ) ;
#5632 = CARTESIAN_POINT ( 'NONE',  ( 1.006962788129353026, 0.5813702367904165502, 2.666666666666666075 ) ) ;
#5633 = CARTESIAN_POINT ( 'NONE',  ( -0.7779006350946130466, 1.254062153034748661, -1.386407960989587851 ) ) ;
#5634 = ORIENTED_EDGE ( 'NONE', *, *, #5966, .F. ) ;
#5635 = CARTESIAN_POINT ( 'NONE',  ( -1.006962788129352360, 0.5813702367904176604, -2.604166666666666075 ) ) ;
#5636 = CARTESIAN_POINT ( 'NONE',  ( 0.000000000000000000, 1.162740473580835099, 2.750000000000000000 ) ) ;
#5637 = CARTESIAN_POINT ( 'NONE',  ( 0.000000000000000000, 1.514563293868263827, -2.453124999999999556 ) ) ;
#5638 = CARTESIAN_POINT ( 'NONE',  ( -0.2410245267385776602, 0.5818846813168210286, 6.399999999999999467 ) ) ;
#5639 = CARTESIAN_POINT ( 'NONE',  ( 0.6713085254195677587, -1.162740473580835987, 2.104166666666667407 ) ) ;
#5640 = CARTESIAN_POINT ( 'NONE',  ( -1.311650288129352582, 0.7572816469341321355, -3.401041666666667851 ) ) ;
#5641 = CARTESIAN_POINT ( 'NONE',  ( 1.227676249187600765, 0.8486071336999759795, 1.922541098116229197 ) ) ;
#5642 = CARTESIAN_POINT ( 'NONE',  ( -1.006962788129352360, 0.5813702367904174384, 0.8958333333333335924 ) ) ;
#5643 = B_SPLINE_CURVE_WITH_KNOTS ( 'NONE', 3,
 ( #4279, #2655, #2761, #1655, #466, #6483, #4894, #4352, #5463, #1515 ),
 .UNSPECIFIED., .F., .F.,
 ( 4, 2, 2, 2, 4 ),
 ( 5.082197683525802034E-19, 0.0003948659118752565053, 0.0007897318237505125769, 0.001184597735625768540, 0.001579463647501024503 ),
 .UNSPECIFIED. ) ;
#5644 = CARTESIAN_POINT ( 'NONE',  ( 0.000000000000000000, 1.162740473580835543, -3.250000000000000444 ) ) ;
#5645 = CARTESIAN_POINT ( 'NONE',  ( 0.6713085254195689799, 1.162740473580835099, -2.791666666666666963 ) ) ;
#5646 = ORIENTED_EDGE ( 'NONE', *, *, #4630, .T. ) ;
#5647 = DIRECTION ( 'NONE',  ( 0.000000000000000000, 0.000000000000000000, 1.000000000000000000 ) ) ;
#5648 = CARTESIAN_POINT ( 'NONE',  ( -0.6271869184594938140, -1.179620878803625539, -3.138782366965229276 ) ) ;
#5649 = CARTESIAN_POINT ( 'NONE',  ( -1.254046120279161292, -0.5781805123073850972, -2.712514327078762388 ) ) ;
#5650 = CARTESIAN_POINT ( 'NONE',  ( -0.08080127018922669824, 0.04665063509461348651, -4.000000000000000000 ) ) ;
#5651 = ORIENTED_EDGE ( 'NONE', *, *, #385, .F. ) ;
#5652 = CARTESIAN_POINT ( 'NONE',  ( -0.1421438538851783340, 1.272500117417192156, 5.132152460098430957 ) ) ;
#5653 = ADVANCED_FACE ( 'NONE', ( #1712 ), #3331, .T. ) ;
#5654 = EDGE_CURVE ( 'NONE', #2515, #4224, #1819, .T. ) ;
#5655 = CARTESIAN_POINT ( 'NONE',  ( 1.348776801269683023, 0.6388452785093682307, 0.9107895692157861323 ) ) ;
#5656 = ORIENTED_EDGE ( 'NONE', *, *, #2034, .T. ) ;
#5657 = FACE_OUTER_BOUND ( 'NONE', #2537, .T. ) ;
#5658 = CARTESIAN_POINT ( 'NONE',  ( -1.312976791080802785, 0.6207980789948911449, -2.325179618240297064 ) ) ;
#5659 = CARTESIAN_POINT ( 'NONE',  ( -0.6592475780754286641, 1.322566527444948292, 1.608363584901787213 ) ) ;
#5660 = CARTESIAN_POINT ( 'NONE',  ( -0.6970993649053902619, -1.300712788129360753, 1.780258705677079112 ) ) ;
#5661 = CARTESIAN_POINT ( 'NONE',  ( -0.8840870061374971334, 1.192755423128870840, -0.9533353247881186654 ) ) ;
#5662 = ORIENTED_EDGE ( 'NONE', *, *, #3921, .F. ) ;
#5663 = CYLINDRICAL_SURFACE ( 'NONE', #269, 1.394198729810780968 ) ;
#5664 = ADVANCED_FACE ( 'NONE', ( #2783 ), #6635, .T. ) ;
#5665 = ORIENTED_EDGE ( 'NONE', *, *, #1991, .T. ) ;
#5666 = CARTESIAN_POINT ( 'NONE',  ( -1.342617050839136628, -3.986845412032234795E-16, 2.874999999999999112 ) ) ;
#5667 = DIRECTION ( 'NONE',  ( 1.000000000000000000, 0.000000000000000000, 0.000000000000000000 ) ) ;
#5668 = EDGE_LOOP ( 'NONE', ( #2739, #5585, #5054, #4061 ) ) ;
#5669 = CARTESIAN_POINT ( 'NONE',  ( -1.006962788129352360, 0.5813702367904176604, -3.104166666666666075 ) ) ;
#5670 = CARTESIAN_POINT ( 'NONE',  ( 1.006962788129353026, 0.5813702367904165502, 2.666666666666666075 ) ) ;
#5671 = CARTESIAN_POINT ( 'NONE',  ( -1.748867050839136850, 9.506481867490188953E-17, -3.828124999999999556 ) ) ;
#5672 = CARTESIAN_POINT ( 'NONE',  ( 0.9228137282244851525, -1.149940016531945775, 0.8780665846439781319 ) ) ;
#5673 = CARTESIAN_POINT ( 'NONE',  ( 0.6713085254195677587, -1.162740473580835987, 1.104166666666667407 ) ) ;
#5674 = CARTESIAN_POINT ( 'NONE',  ( 0.8744335254195692020, 1.514563293868263383, -3.026041666666667851 ) ) ;
#5675 = CARTESIAN_POINT ( 'NONE',  ( -0.6178532982563978981, 1.346465526041375149, -1.976288411071846829 ) ) ;
#5676 = CARTESIAN_POINT ( 'NONE',  ( -1.342617050839136406, -4.380305877853589279E-16, 3.437500000000000444 ) ) ;
#5677 = CARTESIAN_POINT ( 'NONE',  ( -1.423946399209847929E-16, -1.162740473580835765, -1.000000000000000444 ) ) ;
#5678 = CARTESIAN_POINT ( 'NONE',  ( -0.6713085254195686469, -1.162740473580835765, -2.541666666666666963 ) ) ;
#5679 = EDGE_LOOP ( 'NONE', ( #2549, #6924, #4400, #2952 ) ) ;
#5680 = CARTESIAN_POINT ( 'NONE',  ( -0.1211321603579825074, -1.487497613189344925, 1.244122902549118947 ) ) ;
#5681 = CARTESIAN_POINT ( 'NONE',  ( 0.6753865025026897229, 1.076502466891681165, -3.669821219183914351 ) ) ;
#5682 = LINE ( 'NONE', #6375, #3400 ) ;
#5683 = VECTOR ( 'NONE', #4045, 1000.000000000000000 ) ;
#5684 = CARTESIAN_POINT ( 'NONE',  ( -0.6970993649053902619, -1.300712788129360753, 1.280258705677079556 ) ) ;
#5685 = B_SPLINE_CURVE_WITH_KNOTS ( 'NONE', 3,
 ( #6884, #1348, #6810, #1274, #2994, #801, #266, #1821, #4070, #2958 ),
 .UNSPECIFIED., .F., .F.,
 ( 4, 2, 2, 2, 4 ),
 ( 8.940560153363745023E-19, 0.0003434873554450011907, 0.0006869747108900015140, 0.001030462066335001946, 0.001373949421780002161 ),
 .UNSPECIFIED. ) ;
#5686 = ORIENTED_EDGE ( 'NONE', *, *, #6895, .F. ) ;
#5687 = CARTESIAN_POINT ( 'NONE',  ( -1.382294612430987168, 0.04665063509461363916, -2.755024792101749664 ) ) ;
#5688 = CIRCLE ( 'NONE', #7086, 0.3600000000000000977 ) ;
#5689 = CARTESIAN_POINT ( 'NONE',  ( -1.457284131257205351, -0.2242101233374611258, 2.711399917977310725 ) ) ;
#5690 = VERTEX_POINT ( 'NONE', #4580 ) ;
#5691 = DIRECTION ( 'NONE',  ( 0.000000000000000000, 0.000000000000000000, 1.000000000000000000 ) ) ;
#5692 = CIRCLE ( 'NONE', #3174, 6.067063046836890905 ) ;
#5693 = EDGE_CURVE ( 'NONE', #5164, #3594, #11, .T. ) ;
#5694 = CARTESIAN_POINT ( 'NONE',  ( -0.6775579115451096923, -1.266865998055612508, -2.318304731744496916 ) ) ;
#5695 = DIRECTION ( 'NONE',  ( -1.000000000000000000, 0.000000000000000000, -0.000000000000000000 ) ) ;
#5696 = CARTESIAN_POINT ( 'NONE',  ( 0.4786287008715456315, -1.408412867817216974, -1.727494333276346161 ) ) ;
#5697 = CARTESIAN_POINT ( 'NONE',  ( -1.459035672982378795, 0.2897018199735069133, -0.8941609999430125688 ) ) ;
#5698 = APPROVAL_STATUS ( 'not_yet_approved' ) ;
#5699 = VECTOR ( 'NONE', #6279, 1000.000000000000000 ) ;
#5700 = VERTEX_POINT ( 'NONE', #3869 ) ;
#5701 = CYLINDRICAL_SURFACE ( 'NONE', #3051, 1.394198729810780968 ) ;
#5702 = TOROIDAL_SURFACE ( 'NONE', #5130, 2.400000000000000355, 0.5999999999999999778 ) ;
#5703 = ORIENTED_EDGE ( 'NONE', *, *, #2035, .T. ) ;
#5704 = CARTESIAN_POINT ( 'NONE',  ( 0.000000000000000000, 1.162740473580835099, 2.750000000000000000 ) ) ;
#5705 = EDGE_CURVE ( 'NONE', #540, #3052, #5116, .T. ) ;
#5706 = PLANE ( 'NONE',  #600 ) ;
#5707 = EDGE_LOOP ( 'NONE', ( #1429, #4115, #1732, #1527 ) ) ;
#5708 = CARTESIAN_POINT ( 'NONE',  ( -1.006962788129352582, -0.5813702367904175494, -3.020833333333333037 ) ) ;
#5709 = CARTESIAN_POINT ( 'NONE',  ( 0.2441168411814995387, -1.471296608598332778, 0.8253551428841743309 ) ) ;
#5710 = CARTESIAN_POINT ( 'NONE',  ( -1.854805089941841679E-16, -1.514563293868264271, -2.203125000000000000 ) ) ;
#5711 = CARTESIAN_POINT ( 'NONE',  ( 1.115481102915923284, -0.9573318031974812348, 0.8956813238637846286 ) ) ;
#5712 = PRODUCT_DEFINITION ( 'UNKNOWN', '', #429, #83 ) ;
#5713 = CARTESIAN_POINT ( 'NONE',  ( 0.6713085254195687579, 1.162740473580834433, 1.270833333333333703 ) ) ;
#5714 = CARTESIAN_POINT ( 'NONE',  ( 0.8744335254195692020, 1.514563293868263161, -2.026041666666667851 ) ) ;
#5715 = CARTESIAN_POINT ( 'NONE',  ( 1.334521665427737203, -0.6133972531589965138, -1.174382395791426559 ) ) ;
#5716 = CARTESIAN_POINT ( 'NONE',  ( -1.006962788129352582, 0.5813702367904178825, -4.166666666666666963 ) ) ;
#5717 = B_SPLINE_CURVE_WITH_KNOTS ( 'NONE', 3,
 ( #2956, #4840, #1461, #4294, #3756, #4875, #3679, #3791, #7109, #449 ),
 .UNSPECIFIED., .F., .F.,
 ( 4, 2, 2, 2, 4 ),
 ( 2.424349759030540154E-19, 0.0004068535042414636767, 0.0008137070084829270281, 0.001220560512724390380, 0.001627414016965853406 ),
 .UNSPECIFIED. ) ;
#5718 = CARTESIAN_POINT ( 'NONE',  ( 0.6713085254195678697, -1.162740473580835765, -2.958333333333333481 ) ) ;
#5719 = ORIENTED_EDGE ( 'NONE', *, *, #7166, .F. ) ;
#5720 = CARTESIAN_POINT ( 'NONE',  ( 0.1210772110230778215, -1.487502386269244470, 1.255874431449561124 ) ) ;
#5721 = CONICAL_SURFACE ( 'NONE', #2622, 1.394198729810780968, 0.1221730476396033355 ) ;
#5722 = CARTESIAN_POINT ( 'NONE',  ( 0.7779006350946136017, 1.254062153034748217, 2.948907960989587185 ) ) ;
#5723 = CARTESIAN_POINT ( 'NONE',  ( 1.342617050839136406, -2.597500999293329153E-16, -3.812499999999999556 ) ) ;
#5724 = FACE_OUTER_BOUND ( 'NONE', #1734, .T. ) ;
#5725 = EDGE_CURVE ( 'NONE', #842, #2255, #4423, .T. ) ;
#5726 = ORIENTED_EDGE ( 'NONE', *, *, #2107, .F. ) ;
#5727 = CARTESIAN_POINT ( 'NONE',  ( -0.5324716204974864198, 1.374768105607606206, 0.1025428183670111931 ) ) ;
#5728 = CARTESIAN_POINT ( 'NONE',  ( -0.8840870061375040168, 1.192755423128865289, 2.546664675211881335 ) ) ;
#5729 = ORIENTED_EDGE ( 'NONE', *, *, #825, .T. ) ;
#5730 = CARTESIAN_POINT ( 'NONE',  ( -0.2538572652780269889, -1.544354521968175575, 6.195034570514510008 ) ) ;
#5731 = CARTESIAN_POINT ( 'NONE',  ( -0.1177436471014849523, -1.450850519346590460E-15, 4.899999999999999467 ) ) ;
#5732 = CARTESIAN_POINT ( 'NONE',  ( -0.6445297076636877787, -1.209659470850246388, -2.856291000352644716 ) ) ;
#5733 = CARTESIAN_POINT ( 'NONE',  ( 1.396071907617526753, 0.5248421216693774927, -1.032487950763165907 ) ) ;
#5734 = ADVANCED_FACE ( 'NONE', ( #5225 ), #5766, .T. ) ;
#5735 = CARTESIAN_POINT ( 'NONE',  ( 0.9228137282244847084, -1.149940016531946885, 0.3780665846439780209 ) ) ;
#5736 =( LENGTH_UNIT ( ) NAMED_UNIT ( * ) SI_UNIT ( .MILLI., .METRE. ) );
#5737 = B_SPLINE_CURVE_WITH_KNOTS ( 'NONE', 3,
 ( #7116, #5997, #4302, #6029, #1065, #1642, #2679, #4882, #5454, #3864 ),
 .UNSPECIFIED., .F., .F.,
 ( 4, 2, 2, 2, 4 ),
 ( 1.829591166069288732E-19, 0.0003235820717396061105, 0.0006471641434792121126, 0.0009707462152188180062, 0.001294328286958424008 ),
 .UNSPECIFIED. ) ;
#5738 = ORIENTED_EDGE ( 'NONE', *, *, #7012, .F. ) ;
#5739 = CARTESIAN_POINT ( 'NONE',  ( -0.6970993649053922603, -1.300712788129359865, -1.295823415256081024 ) ) ;
#5740 = ORIENTED_EDGE ( 'NONE', *, *, #4885, .T. ) ;
#5741 = CARTESIAN_POINT ( 'NONE',  ( -1.174698547265821569, -0.8328809628186399916, -2.233128646710722975 ) ) ;
#5742 = CARTESIAN_POINT ( 'NONE',  ( 0.1343981099701963833, 1.462571274368298813, 1.478929425191133795 ) ) ;
#5743 = ORIENTED_EDGE ( 'NONE', *, *, #533, .F. ) ;
#5744 = CARTESIAN_POINT ( 'NONE',  ( -1.423946399209847682E-16, -1.162740473580835543, -0.9374999999999995559 ) ) ;
#5745 = CARTESIAN_POINT ( 'NONE',  ( -1.423946399209847929E-16, -1.162740473580835987, 2.999999999999999112 ) ) ;
#5746 = CARTESIAN_POINT ( 'NONE',  ( 1.748867050839136850, -4.906682548425231115E-16, -1.578124999999999778 ) ) ;
#5747 = CARTESIAN_POINT ( 'NONE',  ( 1.475000000000007638, -0.09035811372578848866, 0.9416969182351211387 ) ) ;
#5748 = EDGE_CURVE ( 'NONE', #1271, #2879, #2183, .T. ) ;
#5749 = ADVANCED_FACE ( 'NONE', ( #1852 ), #6268, .T. ) ;
#5750 = EDGE_CURVE ( 'NONE', #4303, #3955, #1966, .T. ) ;
#5751 = DIRECTION ( 'NONE',  ( -1.000000000000000000, 1.224646799147352961E-16, 0.000000000000000000 ) ) ;
#5752 = CARTESIAN_POINT ( 'NONE',  ( -0.6713085254195680918, 1.162740473580834877, 1.354166666666666741 ) ) ;
#5753 = CARTESIAN_POINT ( 'NONE',  ( -1.311650288129352582, 0.7572816469341320245, -0.9010416666666676289 ) ) ;
#5754 = CARTESIAN_POINT ( 'NONE',  ( 0.6970993649053929264, -1.300712788129358088, -4.000000000000000000 ) ) ;
#5755 = CARTESIAN_POINT ( 'NONE',  ( 1.006962788129352360, -0.5813702367904184376, -3.416666666666666963 ) ) ;
#5756 = CARTESIAN_POINT ( 'NONE',  ( -1.006962788129352582, 0.5813702367904177715, -2.666666666666666963 ) ) ;
#5757 = VERTEX_POINT ( 'NONE', #765 ) ;
#5758 = CARTESIAN_POINT ( 'NONE',  ( 0.6970993649053934815, -1.300712788129357644, 1.282241294322919334 ) ) ;
#5759 = CARTESIAN_POINT ( 'NONE',  ( -0.2435093434669608481, -1.471454798341269354, -1.199154617429832204 ) ) ;
#5760 = CARTESIAN_POINT ( 'NONE',  ( 0.6713085254195677587, -1.162740473580835765, -3.395833333333332593 ) ) ;
#5761 = CARTESIAN_POINT ( 'NONE',  ( -1.475000000000007638, 0.04665063509461160607, -1.308343251410586383 ) ) ;
#5762 = EDGE_LOOP ( 'NONE', ( #5446, #2998, #4528, #1391, #5910 ) ) ;
#5763 = CARTESIAN_POINT ( 'NONE',  ( 0.6970993649053937036, -1.300712788129358088, 2.282241294322920222 ) ) ;
#5764 = FACE_OUTER_BOUND ( 'NONE', #4433, .T. ) ;
#5765 = ORIENTED_EDGE ( 'NONE', *, *, #4517, .T. ) ;
#5766 = CYLINDRICAL_SURFACE ( 'NONE', #4097, 1.555801270189232755 ) ;
#5767 = LINE ( 'NONE', #1892, #3634 ) ;
#5768 = CARTESIAN_POINT ( 'NONE',  ( 0.1177436471014827596, -2.291478243545104556E-16, 4.899999999999999467 ) ) ;
#5769 = CARTESIAN_POINT ( 'NONE',  ( 1.386803860295836577, -0.4870992124572560145, -1.576449756900423660 ) ) ;
#5770 = CARTESIAN_POINT ( 'NONE',  ( 0.6970993649053934815, -1.300712788129357644, 0.3583234152560813013 ) ) ;
#5771 = VERTEX_POINT ( 'NONE', #224 ) ;
#5772 = DIRECTION ( 'NONE',  ( 0.000000000000000000, 0.000000000000000000, -1.000000000000000000 ) ) ;
#5773 = VERTEX_POINT ( 'NONE', #5191 ) ;
#5774 = CARTESIAN_POINT ( 'NONE',  ( 0.6713085254195678697, -1.162740473580836209, 3.041666666666666519 ) ) ;
#5775 = DIRECTION ( 'NONE',  ( 1.000000000000000000, 0.000000000000000000, 0.000000000000000000 ) ) ;
#5776 = ORIENTED_EDGE ( 'NONE', *, *, #3050, .T. ) ;
#5777 = CARTESIAN_POINT ( 'NONE',  ( -0.6713085254195685359, -1.162740473580835543, -0.9791666666666658525 ) ) ;
#5778 = CARTESIAN_POINT ( 'NONE',  ( -1.396238660138792387, 0.5242369183443863490, -0.8413115237824927428 ) ) ;
#5779 = CARTESIAN_POINT ( 'NONE',  ( 1.748867050839136850, -5.256425184710877135E-16, -1.078124999999999556 ) ) ;
#5780 = CYLINDRICAL_SURFACE ( 'NONE', #1405, 1.394198729810780968 ) ;
#5781 = CARTESIAN_POINT ( 'NONE',  ( -1.342617050839136406, -4.730048514139237270E-16, 3.937500000000000888 ) ) ;
#5782 = CARTESIAN_POINT ( 'NONE',  ( 1.342617050839136406, -6.094927362149793781E-16, 1.187500000000000222 ) ) ;
#5783 =( BOUNDED_SURFACE ( )  B_SPLINE_SURFACE ( 1, 2, ( 
 ( #7111, #4370, #7146, #4020, #2938, #1093, #4597, #5176, #2776, #129, #6217, #3860, #1800, #6759, #5640, #6060, #1256, #3478, #1836, #4436, #1638, #555, #6792, #5674, #5521, #174, #4093, #4403, #711, #4982, #6292, #2390, #2194, #4052, #207, #751, #5142, #6251, #1291, #2978, #1873, #676, #6602, #5103, #4565, #3514, #3324, #5714, #2427, #4635, #6827, #1332, #3548, #522, #5, #2226, #2745, #6637, #1677, #2353, #4952, #3895, #6091, #1222, #3442, #2900, #4281, #5287, #4198, #4785, #6485, #2617, #6939, #2462, #5753, #3583, #2029, #2540, #6366, #5784, #6865, #6447, #2067, #820, #1517, #3044, #4165, #1915, #4129, #785, #243, #5248, #6903, #3010, #3664, #359, #1482, #1445, #6330, #286, #3162, #5211, #3088, #4239, #2576, #5864, #896, #1400, #3125, #3620, #4711, #5324, #1366, #1988, #323, #4674, #3701, #6407, #6981, #2502, #1953, #5826, #5899, #4824, #857, #934, #4747, #5362, #399, #7019, #3238, #5939, #4861, #1044, #2244, #6041, #1557, #2763, #6585, #2792, #435, #2728, #5507, #2103, #4354, #1112, #541, #7161, #4999, #2178, #3809, #976, #7055, #506, #3777, #572, #22, #4968, #2690, #5467, #2211, #1590, #6008, #6078, #4457, #4314, #2143, #4386, #6655, #1079, #2657, #3271, #4896, #3204, #4936, #5976, #7132, #3739, #3308, #1622, #5398, #3843, #7093, #4419, #6618, #6520, #1658, #1011, #3880, #3343, #5432, #6553, #468, #5538, #670, #3408, #1176, #2308, #6212, #3508, #2860, #3913, #2895, #5567, #1695 ),
 ( #165, #5098, #3945, #6139, #123, #1724, #5601, #6179, #2343, #601, #4489, #5065, #91, #1145, #201, #1215, #4557, #705, #2419, #3373, #1756, #6787, #638, #3472, #4520, #6685, #5669, #2930, #5708, #744, #5135, #6718, #3979, #3437, #2971, #57, #4592, #2830, #5635, #4047, #2384, #6752, #1795, #4015, #1830, #6245, #1250, #1285, #5170, #4628, #6109, #5032, #2275, #4122, #1325, #1865, #4664, #6323, #6439, #5204, #5239, #1392, #4189, #6928, #3575, #3541, #389, #6357, #1945, #4084, #3004, #3080, #5316, #2609, #889, #6820, #6285, #5777, #5744, #5279, #1980, #236, #3655, #4230, #1907, #3610, #315, #2454, #850, #5814, #4703, #6858, #2531, #4738, #3115, #812, #778, #1358, #5856, #6396, #3036, #1437, #3153, #279, #349, #2494, #5349, #2566, #6897, #4774, #1474, #6970, #2020, #3693, #5891, #927, #4155, #2684, #6477, #2134, #1584, #2720, #1509, #1616, #4961, #5460, #3873, #3837, #3732, #5499, #6003, #6035, #7010, #3336, #461, #3302, #6072, #6513, #4929, #4890, #964, #1072, #6546, #4307, #2059, #5927, #4345, #5530, #7123, #2647, #534, #496, #1104, #3195, #3804, #6579, #5391, #5425, #2205, #2755, #7155, #565, #3265, #7081, #4270, #426, #1039, #4852, #1648, #4815, #4412, #3769, #2169, #6611, #4380, #7047, #2096, #1546, #5970, #3232, #1005, #5560, #3905, #4992, #4448, #2235, #2786, #6102, #6647, #1137, #14, #1689, #3366, #2425, #5824, #5781, #3617, #6364, #6445, #6901, #932, #321, #2538, #6863, #818 ) ),
 .UNSPECIFIED., .F., .F., .T. ) 
 B_SPLINE_SURFACE_WITH_KNOTS ( ( 2, 2 ),
 ( 3, 2, 2, 2, 2, 2, 2, 2, 2, 2, 2, 2, 2, 2, 2, 2, 2, 2, 2, 2, 2, 2, 2, 2, 2, 2, 2, 2, 2, 2, 2, 2, 2, 2, 2, 2, 2, 2, 2, 2, 2, 2, 2, 2, 2, 2, 2, 2, 2, 2, 2, 2, 2, 2, 2, 2, 2, 2, 2, 2, 2, 2, 2, 2, 2, 2, 2, 2, 2, 2, 2, 2, 2, 2, 2, 2, 2, 2, 2, 2, 2, 2, 2, 2, 2, 2, 2, 2, 2, 2, 2, 2, 2, 2, 2, 2, 2, 2, 2, 2, 2, 2, 3 ),
 ( 0.000000000000000000, 1.000000000000000000 ),
 ( 0.000000000000000000, 0.009803921568627450844, 0.01960784313725490169, 0.02941176470588235253, 0.03921568627450980338, 0.04901960784313725422, 0.05882352941176470507, 0.06862745098039216285, 0.07843137254901960675, 0.08823529411764706454, 0.09803921568627450844, 0.1078431372549019662, 0.1176470588235294101, 0.1274509803921568540, 0.1372549019607843257, 0.1470588235294117696, 0.1568627450980392135, 0.1666666666666666574, 0.1764705882352941291, 0.1862745098039215730, 0.1960784313725490169, 0.2058823529411764608, 0.2156862745098039325, 0.2254901960784313764, 0.2352941176470588203, 0.2450980392156862642, 0.2549019607843137081, 0.2647058823529411797, 0.2745098039215686514, 0.2843137254901960675, 0.2941176470588235392, 0.3039215686274509554, 0.3137254901960784270, 0.3235294117647058987, 0.3333333333333333148, 0.3431372549019607865, 0.3529411764705882582, 0.3627450980392156743, 0.3725490196078431460, 0.3823529411764705621, 0.3921568627450980338, 0.4019607843137255054, 0.4117647058823529216, 0.4215686274509803932, 0.4313725490196078649, 0.4411764705882352811, 0.4509803921568627527, 0.4607843137254901689, 0.4705882352941176405, 0.4803921568627451122, 0.4901960784313725283, 0.5000000000000000000, 0.5098039215686274161, 0.5196078431372549433, 0.5294117647058823595, 0.5392156862745097756, 0.5490196078431373028, 0.5588235294117647189, 0.5686274509803921351, 0.5784313725490196623, 0.5882352941176470784, 0.5980392156862744946, 0.6078431372549019107, 0.6176470588235294379, 0.6274509803921568540, 0.6372549019607842702, 0.6470588235294117974, 0.6568627450980392135, 0.6666666666666666297, 0.6764705882352941568, 0.6862745098039215730, 0.6960784313725489891, 0.7058823529411765163, 0.7156862745098039325, 0.7254901960784313486, 0.7352941176470588758, 0.7450980392156862919, 0.7549019607843137081, 0.7647058823529411242, 0.7745098039215686514, 0.7843137254901960675, 0.7941176470588234837, 0.8039215686274510109, 0.8137254901960784270, 0.8235294117647058432, 0.8333333333333333703, 0.8431372549019607865, 0.8529411764705882026, 0.8627450980392157298, 0.8725490196078431460, 0.8823529411764705621, 0.8921568627450980893, 0.9019607843137255054, 0.9117647058823529216, 0.9215686274509803377, 0.9313725490196078649, 0.9411764705882352811, 0.9509803921568626972, 0.9607843137254902244, 0.9705882352941176405, 0.9803921568627450567, 0.9901960784313725839, 1.000000000000000000 ),
 .UNSPECIFIED. ) 
 GEOMETRIC_REPRESENTATION_ITEM ( )  RATIONAL_B_SPLINE_SURFACE ( (
 ( 1.000000000000000000, 0.8660254037844387076, 1.000000000000000000, 0.8660254037844387076, 1.000000000000000000, 0.8660254037844387076, 1.000000000000000000, 0.8660254037844387076, 1.000000000000000000, 0.8660254037844387076, 1.000000000000000000, 0.8660254037844387076, 1.000000000000000000, 0.8660254037844387076, 1.000000000000000000, 0.8660254037844387076, 1.000000000000000000, 0.8660254037844387076, 1.000000000000000000, 0.8660254037844387076, 1.000000000000000000, 0.8660254037844387076, 1.000000000000000000, 0.8660254037844387076, 1.000000000000000000, 0.8660254037844387076, 1.000000000000000000, 0.8660254037844387076, 1.000000000000000000, 0.8660254037844387076, 1.000000000000000000, 0.8660254037844387076, 1.000000000000000000, 0.8660254037844387076, 1.000000000000000000, 0.8660254037844387076, 1.000000000000000000, 0.8660254037844387076, 1.000000000000000000, 0.8660254037844387076, 1.000000000000000000, 0.8660254037844387076, 1.000000000000000000, 0.8660254037844387076, 1.000000000000000000, 0.8660254037844387076, 1.000000000000000000, 0.8660254037844387076, 1.000000000000000000, 0.8660254037844387076, 1.000000000000000000, 0.8660254037844387076, 1.000000000000000000, 0.8660254037844387076, 1.000000000000000000, 0.8660254037844387076, 1.000000000000000000, 0.8660254037844387076, 1.000000000000000000, 0.8660254037844387076, 1.000000000000000000, 0.8660254037844387076, 1.000000000000000000, 0.8660254037844387076, 1.000000000000000000, 0.8660254037844387076, 1.000000000000000000, 0.8660254037844387076, 1.000000000000000000, 0.8660254037844387076, 1.000000000000000000, 0.8660254037844387076, 1.000000000000000000, 0.8660254037844387076, 1.000000000000000000, 0.8660254037844387076, 1.000000000000000000, 0.8660254037844387076, 1.000000000000000000, 0.8660254037844387076, 1.000000000000000000, 0.8660254037844387076, 1.000000000000000000, 0.8660254037844387076, 1.000000000000000000, 0.8660254037844387076, 1.000000000000000000, 0.8660254037844387076, 1.000000000000000000, 0.8660254037844387076, 1.000000000000000000, 0.8660254037844387076, 1.000000000000000000, 0.8660254037844387076, 1.000000000000000000, 0.8660254037844387076, 1.000000000000000000, 0.8660254037844387076, 1.000000000000000000, 0.8660254037844387076, 1.000000000000000000, 0.8660254037844387076, 1.000000000000000000, 0.8660254037844387076, 1.000000000000000000, 0.8660254037844387076, 1.000000000000000000, 0.8660254037844387076, 1.000000000000000000, 0.8660254037844387076, 1.000000000000000000, 0.8660254037844387076, 1.000000000000000000, 0.8660254037844387076, 1.000000000000000000, 0.8660254037844387076, 1.000000000000000000, 0.8660254037844387076, 1.000000000000000000, 0.8660254037844387076, 1.000000000000000000, 0.8660254037844387076, 1.000000000000000000, 0.8660254037844387076, 1.000000000000000000, 0.8660254037844387076, 1.000000000000000000, 0.8660254037844387076, 1.000000000000000000, 0.8660254037844387076, 1.000000000000000000, 0.8660254037844387076, 1.000000000000000000, 0.8660254037844387076, 1.000000000000000000, 0.8660254037844387076, 1.000000000000000000, 0.8660254037844387076, 1.000000000000000000, 0.8660254037844387076, 1.000000000000000000, 0.8660254037844387076, 1.000000000000000000, 0.8660254037844387076, 1.000000000000000000, 0.8660254037844387076, 1.000000000000000000, 0.8660254037844387076, 1.000000000000000000, 0.8660254037844387076, 1.000000000000000000, 0.8660254037844387076, 1.000000000000000000, 0.8660254037844387076, 1.000000000000000000, 0.8660254037844387076, 1.000000000000000000, 0.8660254037844387076, 1.000000000000000000, 0.8660254037844387076, 1.000000000000000000, 0.8660254037844387076, 1.000000000000000000, 0.8660254037844387076, 1.000000000000000000, 0.8660254037844387076, 1.000000000000000000, 0.8660254037844387076, 1.000000000000000000, 0.8660254037844387076, 1.000000000000000000, 0.8660254037844387076, 1.000000000000000000, 0.8660254037844387076, 1.000000000000000000, 0.8660254037844387076, 1.000000000000000000, 0.8660254037844387076, 1.000000000000000000, 0.8660254037844387076, 1.000000000000000000, 0.8660254037844387076, 1.000000000000000000, 0.8660254037844387076, 1.000000000000000000, 0.8660254037844387076, 1.000000000000000000, 0.8660254037844387076, 1.000000000000000000, 0.8660254037844387076, 1.000000000000000000, 0.8660254037844387076, 1.000000000000000000, 0.8660254037844387076, 1.000000000000000000, 0.8660254037844387076, 1.000000000000000000, 0.8660254037844387076, 1.000000000000000000, 0.8660254037844387076, 1.000000000000000000, 0.8660254037844387076, 1.000000000000000000, 0.8660254037844387076, 1.000000000000000000),
 ( 1.000000000000000000, 0.8660254037844387076, 1.000000000000000000, 0.8660254037844387076, 1.000000000000000000, 0.8660254037844387076, 1.000000000000000000, 0.8660254037844387076, 1.000000000000000000, 0.8660254037844387076, 1.000000000000000000, 0.8660254037844387076, 1.000000000000000000, 0.8660254037844387076, 1.000000000000000000, 0.8660254037844387076, 1.000000000000000000, 0.8660254037844387076, 1.000000000000000000, 0.8660254037844387076, 1.000000000000000000, 0.8660254037844387076, 1.000000000000000000, 0.8660254037844387076, 1.000000000000000000, 0.8660254037844387076, 1.000000000000000000, 0.8660254037844387076, 1.000000000000000000, 0.8660254037844387076, 1.000000000000000000, 0.8660254037844387076, 1.000000000000000000, 0.8660254037844387076, 1.000000000000000000, 0.8660254037844387076, 1.000000000000000000, 0.8660254037844387076, 1.000000000000000000, 0.8660254037844387076, 1.000000000000000000, 0.8660254037844387076, 1.000000000000000000, 0.8660254037844387076, 1.000000000000000000, 0.8660254037844387076, 1.000000000000000000, 0.8660254037844387076, 1.000000000000000000, 0.8660254037844387076, 1.000000000000000000, 0.8660254037844387076, 1.000000000000000000, 0.8660254037844387076, 1.000000000000000000, 0.8660254037844387076, 1.000000000000000000, 0.8660254037844387076, 1.000000000000000000, 0.8660254037844387076, 1.000000000000000000, 0.8660254037844387076, 1.000000000000000000, 0.8660254037844387076, 1.000000000000000000, 0.8660254037844387076, 1.000000000000000000, 0.8660254037844387076, 1.000000000000000000, 0.8660254037844387076, 1.000000000000000000, 0.8660254037844387076, 1.000000000000000000, 0.8660254037844387076, 1.000000000000000000, 0.8660254037844387076, 1.000000000000000000, 0.8660254037844387076, 1.000000000000000000, 0.8660254037844387076, 1.000000000000000000, 0.8660254037844387076, 1.000000000000000000, 0.8660254037844387076, 1.000000000000000000, 0.8660254037844387076, 1.000000000000000000, 0.8660254037844387076, 1.000000000000000000, 0.8660254037844387076, 1.000000000000000000, 0.8660254037844387076, 1.000000000000000000, 0.8660254037844387076, 1.000000000000000000, 0.8660254037844387076, 1.000000000000000000, 0.8660254037844387076, 1.000000000000000000, 0.8660254037844387076, 1.000000000000000000, 0.8660254037844387076, 1.000000000000000000, 0.8660254037844387076, 1.000000000000000000, 0.8660254037844387076, 1.000000000000000000, 0.8660254037844387076, 1.000000000000000000, 0.8660254037844387076, 1.000000000000000000, 0.8660254037844387076, 1.000000000000000000, 0.8660254037844387076, 1.000000000000000000, 0.8660254037844387076, 1.000000000000000000, 0.8660254037844387076, 1.000000000000000000, 0.8660254037844387076, 1.000000000000000000, 0.8660254037844387076, 1.000000000000000000, 0.8660254037844387076, 1.000000000000000000, 0.8660254037844387076, 1.000000000000000000, 0.8660254037844387076, 1.000000000000000000, 0.8660254037844387076, 1.000000000000000000, 0.8660254037844387076, 1.000000000000000000, 0.8660254037844387076, 1.000000000000000000, 0.8660254037844387076, 1.000000000000000000, 0.8660254037844387076, 1.000000000000000000, 0.8660254037844387076, 1.000000000000000000, 0.8660254037844387076, 1.000000000000000000, 0.8660254037844387076, 1.000000000000000000, 0.8660254037844387076, 1.000000000000000000, 0.8660254037844387076, 1.000000000000000000, 0.8660254037844387076, 1.000000000000000000, 0.8660254037844387076, 1.000000000000000000, 0.8660254037844387076, 1.000000000000000000, 0.8660254037844387076, 1.000000000000000000, 0.8660254037844387076, 1.000000000000000000, 0.8660254037844387076, 1.000000000000000000, 0.8660254037844387076, 1.000000000000000000, 0.8660254037844387076, 1.000000000000000000, 0.8660254037844387076, 1.000000000000000000, 0.8660254037844387076, 1.000000000000000000, 0.8660254037844387076, 1.000000000000000000, 0.8660254037844387076, 1.000000000000000000, 0.8660254037844387076, 1.000000000000000000, 0.8660254037844387076, 1.000000000000000000, 0.8660254037844387076, 1.000000000000000000, 0.8660254037844387076, 1.000000000000000000, 0.8660254037844387076, 1.000000000000000000, 0.8660254037844387076, 1.000000000000000000, 0.8660254037844387076, 1.000000000000000000, 0.8660254037844387076, 1.000000000000000000, 0.8660254037844387076, 1.000000000000000000, 0.8660254037844387076, 1.000000000000000000, 0.8660254037844387076, 1.000000000000000000, 0.8660254037844387076, 1.000000000000000000, 0.8660254037844387076, 1.000000000000000000, 0.8660254037844387076, 1.000000000000000000, 0.8660254037844387076, 1.000000000000000000, 0.8660254037844387076, 1.000000000000000000) ) ) 
 REPRESENTATION_ITEM ( '' )  SURFACE ( )  );
#5784 = CARTESIAN_POINT ( 'NONE',  ( 0.8744335254195679807, -1.514563293868264715, -0.6927083333333342585 ) ) ;
#5785 = ADVANCED_FACE ( 'NONE', ( #1346 ), #4179, .T. ) ;
#5786 = CARTESIAN_POINT ( 'NONE',  ( 1.108613885844307756, 4.336808689942017736E-16, 4.000000000000000000 ) ) ;
#5787 = CARTESIAN_POINT ( 'NONE',  ( -1.006962788129352804, -0.5813702367904176604, -3.083333333333333925 ) ) ;
#5788 = CARTESIAN_POINT ( 'NONE',  ( -1.423946399209847929E-16, -1.162740473580835765, -0.5000000000000004441 ) ) ;
#5789 = ORIENTED_EDGE ( 'NONE', *, *, #6489, .T. ) ;
#5790 = DIRECTION ( 'NONE',  ( 0.000000000000000000, 0.000000000000000000, 1.000000000000000000 ) ) ;
#5791 = ADVANCED_FACE ( 'NONE', ( #1931 ), #2442, .T. ) ;
#5792 = DIRECTION ( 'NONE',  ( 0.000000000000000000, 0.000000000000000000, 1.000000000000000000 ) ) ;
#5793 = CARTESIAN_POINT ( 'NONE',  ( 1.006962788129352138, -0.5813702367904183266, -2.854166666666666519 ) ) ;
#5794 = CARTESIAN_POINT ( 'NONE',  ( 5.817485971272340271E-16, -1.480677281330262385E-16, 6.195034570514509120 ) ) ;
#5795 = ORIENTED_EDGE ( 'NONE', *, *, #1439, .T. ) ;
#5796 = DIRECTION ( 'NONE',  ( 0.000000000000000000, 0.000000000000000000, 1.000000000000000000 ) ) ;
#5797 = CARTESIAN_POINT ( 'NONE',  ( -0.9812900791250629418, -0.2771398520583605585, 6.416553586579684776 ) ) ;
#5798 = APPROVAL ( #1747, 'UNSPECIFIED' ) ;
#5799 = ORIENTED_EDGE ( 'NONE', *, *, #2219, .F. ) ;
#5800 = DIRECTION ( 'NONE',  ( 1.000000000000000000, 0.000000000000000000, 0.000000000000000000 ) ) ;
#5801 = CARTESIAN_POINT ( 'NONE',  ( 1.227676249187600543, 0.8486071336999759795, -0.07745890188377159424 ) ) ;
#5802 = DIRECTION ( 'NONE',  ( -0.000000000000000000, -0.000000000000000000, 1.000000000000000000 ) ) ;
#5803 = CARTESIAN_POINT ( 'NONE',  ( 0.1360432288665840983, 1.462428290740636516, 1.570215729124759374 ) ) ;
#5804 = CARTESIAN_POINT ( 'NONE',  ( 0.5835695089206988095, -1.104073309387890944, -3.849252954114818603 ) ) ;
#5805 = CARTESIAN_POINT ( 'NONE',  ( 0.5906919597873092620, -1.362147132118053827, 1.777552445603348241 ) ) ;
#5806 = VERTEX_POINT ( 'NONE', #6842 ) ;
#5807 = CARTESIAN_POINT ( 'NONE',  ( -0.6970993649053921493, -1.300712788129359421, -2.000000000000000000 ) ) ;
#5808 = CIRCLE ( 'NONE', #1412, 1.108613885844307756 ) ;
#5809 = ORIENTED_EDGE ( 'NONE', *, *, #1220, .T. ) ;
#5810 = CARTESIAN_POINT ( 'NONE',  ( 0.6713085254195689799, 1.162740473580834877, 3.208333333333333037 ) ) ;
#5811 = CARTESIAN_POINT ( 'NONE',  ( 0.5324716204974825340, 1.374768105607606872, 1.459957181632988377 ) ) ;
#5812 = VERTEX_POINT ( 'NONE', #1891 ) ;
#5813 = VECTOR ( 'NONE', #7, 1000.000000000000000 ) ;
#5814 = CARTESIAN_POINT ( 'NONE',  ( -0.6713085254195685359, -1.162740473580835543, -0.4791666666666664076 ) ) ;
#5815 = CARTESIAN_POINT ( 'NONE',  ( 1.307127424435074792, -0.1976235924895942964, -3.236286566079161542 ) ) ;
#5816 = CONICAL_SURFACE ( 'NONE', #2932, 1.394198729810781412, 0.1221730476396033355 ) ;
#5817 = EDGE_CURVE ( 'NONE', #6894, #2703, #4068, .T. ) ;
#5818 = CARTESIAN_POINT ( 'NONE',  ( 0.000000000000000000, 1.514563293868263605, 0.5468750000000004441 ) ) ;
#5819 = CARTESIAN_POINT ( 'NONE',  ( -1.475000000000007638, 0.04665063509460933011, 2.615574627656254147 ) ) ;
#5820 = VECTOR ( 'NONE', #4150, 1000.000000000000000 ) ;
#5821 = CARTESIAN_POINT ( 'NONE',  ( -9.144455000759798487E-16, -0.09330127018922626525, -4.000000000000000000 ) ) ;
#5822 = AXIS2_PLACEMENT_3D ( 'NONE', #4726, #3564, #1932 ) ;
#5823 = ORIENTED_EDGE ( 'NONE', *, *, #1899, .F. ) ;
#5824 = CARTESIAN_POINT ( 'NONE',  ( -1.006962788129352360, 0.5813702367904172164, 3.895833333333333481 ) ) ;
#5825 = CARTESIAN_POINT ( 'NONE',  ( -1.152562564150567237, 0.9466126766718928609, -1.865821284096498722 ) ) ;
#5826 = CARTESIAN_POINT ( 'NONE',  ( -0.8744335254195683138, 1.514563293868263383, 1.057291666666665630 ) ) ;
#5827 = CARTESIAN_POINT ( 'NONE',  ( 1.459035672982378573, 0.2897018199735124089, 1.956660999943011792 ) ) ;
#5828 = CARTESIAN_POINT ( 'NONE',  ( 1.006962788129352360, -0.5813702367904184376, -2.916666666666667407 ) ) ;
#5829 = CARTESIAN_POINT ( 'NONE',  ( -1.423946399209847929E-16, -1.162740473580835987, 0.9999999999999991118 ) ) ;
#5830 = B_SPLINE_CURVE_WITH_KNOTS ( 'NONE', 3,
 ( #6931, #2569, #2612, #3659, #6442, #5319, #816, #6361, #6400, #1477 ),
 .UNSPECIFIED., .F., .F.,
 ( 4, 2, 2, 2, 4 ),
 ( 6.776263578034402713E-20, 0.0003638230103348403404, 0.0007276460206696808977, 0.001091469031004521292, 0.001455292041339361795 ),
 .UNSPECIFIED. ) ;
#5831 = VECTOR ( 'NONE', #2873, 1000.000000000000000 ) ;
#5832 = ORIENTED_EDGE ( 'NONE', *, *, #4159, .F. ) ;
#5833 = CARTESIAN_POINT ( 'NONE',  ( 0.6753865025026897229, 1.076502466891681165, -3.669821219183914351 ) ) ;
#5834 = CARTESIAN_POINT ( 'NONE',  ( 1.475000000000007638, 0.04665063509461413183, -0.1291567485894143663 ) ) ;
#5835 = CARTESIAN_POINT ( 'NONE',  ( -1.006962788129352360, 0.5813702367904177715, -4.104166666666666075 ) ) ;
#5836 = CYLINDRICAL_SURFACE ( 'NONE', #4551, 1.394198729810780968 ) ;
#5837 = ORIENTED_EDGE ( 'NONE', *, *, #5500, .T. ) ;
#5838 = CARTESIAN_POINT ( 'NONE',  ( 0.7779006350946136017, 1.254062153034748217, 0.02499008192274728909 ) ) ;
#5839 = EDGE_CURVE ( 'NONE', #6155, #1690, #6406, .T. ) ;
#5840 = ADVANCED_FACE ( 'NONE', ( #874 ), #3101, .T. ) ;
#5841 = VECTOR ( 'NONE', #532, 1000.000000000000000 ) ;
#5842 = CARTESIAN_POINT ( 'NONE',  ( -1.396238660138797050, 0.5242369183443761349, 2.158688476217507812 ) ) ;
#5843 = ORIENTED_EDGE ( 'NONE', *, *, #4396, .T. ) ;
#5844 = CARTESIAN_POINT ( 'NONE',  ( 0.4756138950758460049, 1.217252598065992064, -3.359050204560649622 ) ) ;
#5845 = FACE_OUTER_BOUND ( 'NONE', #2433, .T. ) ;
#5846 = CYLINDRICAL_SURFACE ( 'NONE', #4792, 1.394198729810780968 ) ;
#5847 = CARTESIAN_POINT ( 'NONE',  ( -1.156855823905075242, -0.1168332640969447223, 3.445873412263921409 ) ) ;
#5848 = CARTESIAN_POINT ( 'NONE',  ( 1.198478436561157823, -0.8490310375816337851, -1.596450937541906701 ) ) ;
#5849 = LINE ( 'NONE', #3762, #5117 ) ;
#5850 = VERTEX_POINT ( 'NONE', #1818 ) ;
#5851 = CARTESIAN_POINT ( 'NONE',  ( 1.143463413922031879, -0.8079374404614469984, -2.556875870907006743 ) ) ;
#5852 = ORIENTED_EDGE ( 'NONE', *, *, #538, .T. ) ;
#5853 = CARTESIAN_POINT ( 'NONE',  ( -0.8077885865075723482, -1.197479939401864257, 3.172675908373783660 ) ) ;
#5854 = CARTESIAN_POINT ( 'NONE',  ( 0.4141232023782186467, -1.228605281575623653, -3.549618199817166087 ) ) ;
#5855 = CARTESIAN_POINT ( 'NONE',  ( 1.475000000000008082, 0.04665063509460955909, 2.446925372343745408 ) ) ;
#5856 = CARTESIAN_POINT ( 'NONE',  ( -1.006962788129352360, 0.5813702367904174384, -0.1041666666666664631 ) ) ;
#5857 = CARTESIAN_POINT ( 'NONE',  ( -0.7064254403212631983, -0.9359134907799908643, -4.000000000000000000 ) ) ;
#5858 = CARTESIAN_POINT ( 'NONE',  ( 0.000000000000000000, 1.514563293868263827, 0.04687500000000004163 ) ) ;
#5859 = CARTESIAN_POINT ( 'NONE',  ( -1.386803860295836799, -0.4870992124572529614, 2.638949756900422994 ) ) ;
#5860 = DIRECTION ( 'NONE',  ( 1.000000000000000000, 0.000000000000000000, 0.000000000000000000 ) ) ;
#5861 = CARTESIAN_POINT ( 'NONE',  ( 1.134014162363129241, -0.5178980196132860758, -3.801926855720965559 ) ) ;
#5862 = APPROVAL_PERSON_ORGANIZATION ( #3568, #1860, #1427 ) ;
#5863 = CARTESIAN_POINT ( 'NONE',  ( -0.6271869184594938140, -1.179620878803625539, -3.138782366965229276 ) ) ;
#5864 = CARTESIAN_POINT ( 'NONE',  ( 1.748867050839136850, -6.283794178799964411E-16, 0.3906249999999986122 ) ) ;
#5865 = CARTESIAN_POINT ( 'NONE',  ( 1.348753460210678767, 0.6388952525692660478, 1.973292235217103840 ) ) ;
#5866 = CARTESIAN_POINT ( 'NONE',  ( -1.006962788129352804, -0.5813702367904177715, -1.583333333333333703 ) ) ;
#5867 = CARTESIAN_POINT ( 'NONE',  ( -0.6713085254195686469, -1.162740473580835765, -0.5416666666666672958 ) ) ;
#5868 = ORIENTED_EDGE ( 'NONE', *, *, #6413, .T. ) ;
#5869 = CARTESIAN_POINT ( 'NONE',  ( -1.423946399209847682E-16, -1.162740473580835321, -3.437499999999999556 ) ) ;
#5870 = CARTESIAN_POINT ( 'NONE',  ( 1.457284131257207127, -0.2242101233374521330, -0.1488999179773108916 ) ) ;
#5871 = CARTESIAN_POINT ( 'NONE',  ( -1.006962788129352360, 0.5813702367904175494, -1.104166666666666075 ) ) ;
#5872 = CARTESIAN_POINT ( 'NONE',  ( -0.6970993649053939256, -1.300712788129358755, 0.7041765847439187542 ) ) ;
#5873 = VERTEX_POINT ( 'NONE', #5157 ) ;
#5874 = CARTESIAN_POINT ( 'NONE',  ( 0.000000000000000000, 0.000000000000000000, 5.246254526119612294 ) ) ;
#5875 = CARTESIAN_POINT ( 'NONE',  ( 1.348753460210677435, 0.6388952525692660478, 0.9732922352171045066 ) ) ;
#5876 = EDGE_LOOP ( 'NONE', ( #1244, #3857 ) ) ;
#5877 = CARTESIAN_POINT ( 'NONE',  ( -1.229430878194198051, 0.04665063509461362529, -4.000000000000000000 ) ) ;
#5878 = DIRECTION ( 'NONE',  ( 0.000000000000000000, 0.000000000000000000, 1.000000000000000000 ) ) ;
#5879 = CARTESIAN_POINT ( 'NONE',  ( -0.2395504336964804359, -1.448849910617137526, -2.185958359729110789 ) ) ;
#5880 = DIRECTION ( 'NONE',  ( 0.1218693434051477398, -1.480812554440049031E-17, -0.9925461516413219831 ) ) ;
#5881 = CARTESIAN_POINT ( 'NONE',  ( -0.1005629480160762229, -1.255508552752016893, -3.889739771658840883 ) ) ;
#5882 = CARTESIAN_POINT ( 'NONE',  ( -0.5185719016227207101, -1.207499325855144745, -3.384448962438620701 ) ) ;
#5883 = EDGE_CURVE ( 'NONE', #7034, #6663, #4036, .T. ) ;
#5884 = EDGE_CURVE ( 'NONE', #2326, #5328, #5717, .T. ) ;
#5885 = VERTEX_POINT ( 'NONE', #6426 ) ;
#5886 = FACE_OUTER_BOUND ( 'NONE', #6672, .T. ) ;
#5887 = VERTEX_POINT ( 'NONE', #3219 ) ;
#5888 = CARTESIAN_POINT ( 'NONE',  ( -1.076372253785463418, 0.8823658950224978481, -2.808440472131577881 ) ) ;
#5889 = CARTESIAN_POINT ( 'NONE',  ( 0.5909129938625092837, -1.362019518035236576, 0.3491686581214519247 ) ) ;
#5890 = DIRECTION ( 'NONE',  ( -0.000000000000000000, -0.000000000000000000, 1.000000000000000000 ) ) ;
#5891 = CARTESIAN_POINT ( 'NONE',  ( -1.423946399209847682E-16, -1.162740473580835765, 0.5625000000000004441 ) ) ;
#5892 = ADVANCED_FACE ( 'NONE', ( #5447 ), #3874, .T. ) ;
#5893 = CARTESIAN_POINT ( 'NONE',  ( -0.08080127018922669824, 0.04665063509461348651, -2.000000000000000000 ) ) ;
#5894 = CARTESIAN_POINT ( 'NONE',  ( 1.311650288129353248, 0.7572816469341306922, -0.03645833333333278747 ) ) ;
#5895 = CARTESIAN_POINT ( 'NONE',  ( -1.475000000000007638, -0.09035811372578787803, 2.620803081764877085 ) ) ;
#5896 = CARTESIAN_POINT ( 'NONE',  ( 0.4786287008715456315, -1.408412867817217196, -0.2274943332763464110 ) ) ;
#5897 = CARTESIAN_POINT ( 'NONE',  ( 1.106846244494630760, 0.9101118806149619544, -2.474334224090421586 ) ) ;
#5898 = CARTESIAN_POINT ( 'NONE',  ( -0.7779006350946131576, 1.254062153034748661, 0.1135920390104120936 ) ) ;
#5899 = CARTESIAN_POINT ( 'NONE',  ( -1.311650288129352582, 0.7572816469341319134, 1.098958333333331927 ) ) ;
#5900 = CARTESIAN_POINT ( 'NONE',  ( 0.7779006350946136017, 1.254062153034748217, 2.024990081922747098 ) ) ;
#5901 = CARTESIAN_POINT ( 'NONE',  ( 1.342617050839136628, -3.603011078614562690E-16, -2.375000000000000444 ) ) ;
#5902 = CARTESIAN_POINT ( 'NONE',  ( -0.6713085254195686469, -1.162740473580835765, -0.04166666666666728885 ) ) ;
#5903 = ORIENTED_EDGE ( 'NONE', *, *, #6630, .F. ) ;
#5904 = DIRECTION ( 'NONE',  ( 1.000000000000000000, 0.000000000000000000, 0.000000000000000000 ) ) ;
#5905 = B_SPLINE_CURVE_WITH_KNOTS ( 'NONE', 3,
 ( #4268, #7045, #3767, #924, #3691, #1003, #4343, #4378, #5889, #3151 ),
 .UNSPECIFIED., .F., .F.,
 ( 4, 2, 2, 2, 4 ),
 ( 0.000000000000000000, 0.0003638230103348406115, 0.0007276460206696812229, 0.001091469031004521943, 0.001455292041339362229 ),
 .UNSPECIFIED. ) ;
#5906 = CARTESIAN_POINT ( 'NONE',  ( 0.1187090226668916920, -1.455198071152015160, -2.262735485001608815 ) ) ;
#5907 = CARTESIAN_POINT ( 'NONE',  ( -1.006962788129352582, -0.5813702367904176604, -1.020833333333332815 ) ) ;
#5908 = DIRECTION ( 'NONE',  ( 0.000000000000000000, 0.000000000000000000, 1.000000000000000000 ) ) ;
#5909 = ADVANCED_FACE ( 'NONE', ( #2117 ), #5485, .T. ) ;
#5910 = ORIENTED_EDGE ( 'NONE', *, *, #3181, .F. ) ;
#5911 = CARTESIAN_POINT ( 'NONE',  ( 1.152121818957297705, 0.9470596902539566431, 2.492021809550840405 ) ) ;
#5912 = CARTESIAN_POINT ( 'NONE',  ( -1.348776801269682801, 0.6388452785093694519, 2.151710430784213646 ) ) ;
#5913 = ORIENTED_EDGE ( 'NONE', *, *, #4008, .T. ) ;
#5914 = CARTESIAN_POINT ( 'NONE',  ( 1.475000000000007860, 0.1695193230720056787, 0.4516142210633177778 ) ) ;
#5915 = FACE_OUTER_BOUND ( 'NONE', #623, .T. ) ;
#5916 = CARTESIAN_POINT ( 'NONE',  ( 1.458895936088130840, 0.2902061249663191456, 1.388457841351830480 ) ) ;
#5917 = DIRECTION ( 'NONE',  ( 1.000000000000000000, 0.000000000000000000, 0.000000000000000000 ) ) ;
#5918 = DIRECTION ( 'NONE',  ( 0.000000000000000000, 0.000000000000000000, 1.000000000000000000 ) ) ;
#5919 = CARTESIAN_POINT ( 'NONE',  ( 0.4569050937403654200, 1.162795525740862423, -3.826122885014131114 ) ) ;
#5920 = ORIENTED_EDGE ( 'NONE', *, *, #385, .T. ) ;
#5921 = DIRECTION ( 'NONE',  ( -0.9238795325112808543, -0.3826834323651037151, 3.356350136355909284E-14 ) ) ;
#5922 = EDGE_CURVE ( 'NONE', #6133, #724, #3836, .T. ) ;
#5923 = ORIENTED_EDGE ( 'NONE', *, *, #4671, .T. ) ;
#5924 = CARTESIAN_POINT ( 'NONE',  ( -9.144455000759798487E-16, -0.09330127018922626525, -4.000000000000000000 ) ) ;
#5925 = CARTESIAN_POINT ( 'NONE',  ( 0.5818846813168248033, -0.2410245267385702217, 6.399999999999999467 ) ) ;
#5926 = CARTESIAN_POINT ( 'NONE',  ( -1.227644640911699669, 0.8486523346799756951, 2.077456235882452429 ) ) ;
#5927 = CARTESIAN_POINT ( 'NONE',  ( -0.6713085254195680918, 1.162740473580835099, 1.854166666666666963 ) ) ;
#5928 = CARTESIAN_POINT ( 'NONE',  ( -1.423946399209847929E-16, -1.162740473580835543, -4.000000000000000000 ) ) ;
#5929 = AXIS2_PLACEMENT_3D ( 'NONE', #930, #3156, #282 ) ;
#5930 = CARTESIAN_POINT ( 'NONE',  ( -1.311650288129352582, 0.7572816469341320245, -0.8697916666666662966 ) ) ;
#5931 = CARTESIAN_POINT ( 'NONE',  ( 0.08080127018922669824, 0.04665063509461338936, -4.000000000000000000 ) ) ;
#5932 = EDGE_CURVE ( 'NONE', #2879, #161, #3189, .T. ) ;
#5933 = VECTOR ( 'NONE', #400, 1000.000000000000000 ) ;
#5934 = CARTESIAN_POINT ( 'NONE',  ( -1.006962788129352804, -0.5813702367904177715, -0.5833333333333337034 ) ) ;
#5935 = ORIENTED_EDGE ( 'NONE', *, *, #698, .T. ) ;
#5936 = CYLINDRICAL_SURFACE ( 'NONE', #2815, 1.555801270189232755 ) ;
#5937 = CARTESIAN_POINT ( 'NONE',  ( -1.201912915646275559, -0.5538119731426275338, -3.179431159668675289 ) ) ;
#5938 = VECTOR ( 'NONE', #194, 1000.000000000000000 ) ;
#5939 = CARTESIAN_POINT ( 'NONE',  ( 0.8744335254195692020, 1.514563293868263161, 1.473958333333332149 ) ) ;
#5940 = LINE ( 'NONE', #977, #1877 ) ;
#5941 = CARTESIAN_POINT ( 'NONE',  ( -0.6713085254195682028, 1.162740473580835543, -0.2083333333333337867 ) ) ;
#5942 = CARTESIAN_POINT ( 'NONE',  ( 0.000000000000000000, 1.162740473580835099, 1.249999999999999334 ) ) ;
#5943 = AXIS2_PLACEMENT_3D ( 'NONE', #6502, #375, #6568 ) ;
#5944 = CARTESIAN_POINT ( 'NONE',  ( -1.006962788129352582, -0.5813702367904175494, -2.020833333333333037 ) ) ;
#5945 = CARTESIAN_POINT ( 'NONE',  ( -1.386814212877747865, -0.4873690709679251998, -0.2709853428028829447 ) ) ;
#5946 = CARTESIAN_POINT ( 'NONE',  ( 0.6713085254195677587, -1.162740473580835765, -0.8958333333333327042 ) ) ;
#5947 = AXIS2_PLACEMENT_3D ( 'NONE', #2715, #529, #4377 ) ;
#5948 = CARTESIAN_POINT ( 'NONE',  ( -1.456819914017538187, -0.2262501026587178110, 0.6266238482996550063 ) ) ;
#5949 = VERTEX_POINT ( 'NONE', #5877 ) ;
#5950 = CARTESIAN_POINT ( 'NONE',  ( -0.8843080402126983763, 1.192627809046053144, -1.381719112270015870 ) ) ;
#5951 = CARTESIAN_POINT ( 'NONE',  ( 0.6592475780754359915, 1.322566527444941631, 1.954136415098211010 ) ) ;
#5952 = ORIENTED_EDGE ( 'NONE', *, *, #4862, .T. ) ;
#5953 = CARTESIAN_POINT ( 'NONE',  ( 0.2441168411814886863, -1.471296608598334776, -0.6746448571158257801 ) ) ;
#5954 = ADVANCED_FACE ( 'NONE', ( #911 ), #6411, .T. ) ;
#5955 = CARTESIAN_POINT ( 'NONE',  ( -9.144455000759798487E-16, -0.09330127018922626525, -2.000000000000000000 ) ) ;
#5956 = CARTESIAN_POINT ( 'NONE',  ( 1.475000000000008304, 0.1692640949063654032, 1.379998008545213928 ) ) ;
#5957 = DIRECTION ( 'NONE',  ( -1.000000000000000000, 0.000000000000000000, 0.000000000000000000 ) ) ;
#5958 = CARTESIAN_POINT ( 'NONE',  ( 1.118139222484315409, -0.5101242314278348067, -3.944937528529526283 ) ) ;
#5959 = CARTESIAN_POINT ( 'NONE',  ( 0.000000000000000000, 4.336808689942017736E-16, 0.3221818181818091320 ) ) ;
#5960 = B_SPLINE_CURVE_WITH_KNOTS ( 'NONE', 3,
 ( #3194, #6235, #2373, #5193, #3070, #1784, #1239, #6845, #6777, #5268 ),
 .UNSPECIFIED., .F., .F.,
 ( 4, 2, 2, 2, 4 ),
 ( 0.000000000000000000, 0.0004068535042414632430, 0.0008137070084829262692, 0.001220560512724389295, 0.001627414016965852538 ),
 .UNSPECIFIED. ) ;
#5961 = ORIENTED_EDGE ( 'NONE', *, *, #3376, .F. ) ;
#5962 = CARTESIAN_POINT ( 'NONE',  ( 0.2713331099618275788, 1.444700874165413484, -0.4376520094695499075 ) ) ;
#5963 = AXIS2_PLACEMENT_3D ( 'NONE', #6545, #5890, #962 ) ;
#5964 = VERTEX_POINT ( 'NONE', #4218 ) ;
#5965 = CARTESIAN_POINT ( 'NONE',  ( 0.6970993649053899288, -1.300712788129360087, 2.782241294322919778 ) ) ;
#5966 = EDGE_CURVE ( 'NONE', #873, #826, #1296, .T. ) ;
#5967 = CARTESIAN_POINT ( 'NONE',  ( 1.475000000000007638, 0.04665063509460958685, 1.446925372343745853 ) ) ;
#5968 = CARTESIAN_POINT ( 'NONE',  ( -1.475000000000007638, 0.04665063509461157831, -0.8083432514105863831 ) ) ;
#5969 = B_SPLINE_CURVE_WITH_KNOTS ( 'NONE', 3,
 ( #2445, #5269, #1894, #6811, #5881, #3602, #267, #4618, #1313, #5804 ),
 .UNSPECIFIED., .F., .F.,
 ( 4, 2, 2, 2, 4 ),
 ( 1.084202172485504314E-19, 0.0003035657466882655782, 0.0006071314933765310480, 0.0009106972400647965179, 0.001214262986753061879 ),
 .UNSPECIFIED. ) ;
#5970 = CARTESIAN_POINT ( 'NONE',  ( 1.006962788129352804, 0.5813702367904163282, 3.229166666666666519 ) ) ;
#5971 = CARTESIAN_POINT ( 'NONE',  ( 1.748867050839136850, -7.704623638710405184E-16, 2.421875000000000444 ) ) ;
#5972 = CARTESIAN_POINT ( 'NONE',  ( -0.8155067236291683175, -1.232350267696153523, -0.3060317932373891048 ) ) ;
#5973 = CARTESIAN_POINT ( 'NONE',  ( -1.342617050839136628, -8.391616854614169261E-17, -1.625000000000000888 ) ) ;
#5974 = DIRECTION ( 'NONE',  ( 0.000000000000000000, 0.000000000000000000, 1.000000000000000000 ) ) ;
#5975 = CARTESIAN_POINT ( 'NONE',  ( -1.227676249187604096, 0.8486071336999704284, -1.860041098116229197 ) ) ;
#5976 = CARTESIAN_POINT ( 'NONE',  ( 0.8744335254195679807, -1.514563293868264937, 3.307291666666665630 ) ) ;
#5977 = CARTESIAN_POINT ( 'NONE',  ( -0.5909129938625106160, -1.362019518035236132, -0.7866686581214521468 ) ) ;
#5978 = CARTESIAN_POINT ( 'NONE',  ( 1.006962788129353026, 0.5813702367904167723, -0.8333333333333339255 ) ) ;
#5979 = ADVANCED_FACE ( 'NONE', ( #4913 ), #4368, .T. ) ;
#5980 = CARTESIAN_POINT ( 'NONE',  ( -1.748867050839136850, 1.300390823034665284E-16, -4.328124999999999112 ) ) ;
#5981 = EDGE_CURVE ( 'NONE', #656, #5516, #2256, .T. ) ;
#5982 = CARTESIAN_POINT ( 'NONE',  ( -0.6713085254195680918, 1.162740473580835321, -3.145833333333333037 ) ) ;
#5983 = CARTESIAN_POINT ( 'NONE',  ( 1.296964472841150240, 0.04665063509461363223, -3.449983009668810663 ) ) ;
#5984 = CARTESIAN_POINT ( 'NONE',  ( 0.6713085254195687579, 1.162740473580834877, -1.729166666666666075 ) ) ;
#5985 = LINE ( 'NONE', #7170, #2825 ) ;
#5986 = ORIENTED_EDGE ( 'NONE', *, *, #1105, .F. ) ;
#5987 = CARTESIAN_POINT ( 'NONE',  ( -0.8532924775529175943, -1.066906974290313670, -2.877616729870182244 ) ) ;
#5988 = CARTESIAN_POINT ( 'NONE',  ( 1.475000000000007638, 0.04665063509460961461, 0.9469253723437456305 ) ) ;
#5989 = ORIENTED_EDGE ( 'NONE', *, *, #4790, .T. ) ;
#5990 = DIRECTION ( 'NONE',  ( 1.000000000000000000, 0.000000000000000000, 0.000000000000000000 ) ) ;
#5991 = CARTESIAN_POINT ( 'NONE',  ( -0.1343981099702046822, 1.462571274368298591, -1.916429425191134017 ) ) ;
#5992 = CARTESIAN_POINT ( 'NONE',  ( 1.475000000000007638, 0.04665063509460961461, 1.370843251410585051 ) ) ;
#5993 = DIRECTION ( 'NONE',  ( -0.9188184237650787178, -0.3805870524817666078, -0.1045284632676537623 ) ) ;
#5994 = DIRECTION ( 'NONE',  ( 0.06093467170257364784, -0.1055419473313876089, -0.9925461516413219831 ) ) ;
#5995 = CARTESIAN_POINT ( 'NONE',  ( 0.5634487864624252440, 1.117695481267090285, -3.835107969923026161 ) ) ;
#5996 = VERTEX_POINT ( 'NONE', #7144 ) ;
#5997 = CARTESIAN_POINT ( 'NONE',  ( -1.323910575304045878, 0.1557320752053491797, -3.230524616327289156 ) ) ;
#5998 = B_SPLINE_CURVE_WITH_KNOTS ( 'NONE', 3,
 ( #2435, #104, #4102, #6801, #6301, #6767, #6699, #1338, #5150, #1844 ),
 .UNSPECIFIED., .F., .F.,
 ( 4, 2, 2, 2, 4 ),
 ( 0.000000000000000000, 0.0004068535042414632972, 0.0008137070084829263776, 0.001220560512724389295, 0.001627414016965852755 ),
 .UNSPECIFIED. ) ;
#5999 = ORIENTED_EDGE ( 'NONE', *, *, #3705, .T. ) ;
#6000 = FACE_OUTER_BOUND ( 'NONE', #2671, .T. ) ;
#6001 = CARTESIAN_POINT ( 'NONE',  ( -1.227644640911699447, 0.8486523346799748069, 3.077456235882452429 ) ) ;
#6002 = CARTESIAN_POINT ( 'NONE',  ( 1.475000000000007638, 0.04665063509461170321, -4.000000000000000000 ) ) ;
#6003 = CARTESIAN_POINT ( 'NONE',  ( 1.006962788129352804, 0.5813702367904165502, 1.229166666666667407 ) ) ;
#6004 = CARTESIAN_POINT ( 'NONE',  ( 1.311650288129353248, 0.7572816469341304702, 3.463541666666666075 ) ) ;
#6005 = CARTESIAN_POINT ( 'NONE',  ( 1.006962788129353026, 0.5813702367904168833, -2.333333333333333925 ) ) ;
#6006 = FACE_OUTER_BOUND ( 'NONE', #4035, .T. ) ;
#6007 = CARTESIAN_POINT ( 'NONE',  ( -0.5909129938625071743, -1.362019518035239241, -1.786668658121451703 ) ) ;
#6008 = CARTESIAN_POINT ( 'NONE',  ( -1.854805089941841679E-16, -1.514563293868264271, 2.765624999999999112 ) ) ;
#6009 = CARTESIAN_POINT ( 'NONE',  ( -1.475000000000007860, 0.04665063509460934399, 1.691656748589413173 ) ) ;
#6010 = CARTESIAN_POINT ( 'NONE',  ( 0.000000000000000000, 1.162740473580835321, -0.2500000000000002220 ) ) ;
#6011 = CARTESIAN_POINT ( 'NONE',  ( 1.006962788129352360, -0.5813702367904187707, 2.083333333333333037 ) ) ;
#6012 = B_SPLINE_CURVE_WITH_KNOTS ( 'NONE', 3,
 ( #3096, #906, #6458, #296, #6376, #6949, #1999, #2511, #6529, #3133 ),
 .UNSPECIFIED., .F., .F.,
 ( 4, 2, 2, 2, 4 ),
 ( 0.000000000000000000, 0.0003608613886380811621, 0.0007217227772761623241, 0.001082584165914243649, 0.001443445554552324431 ),
 .UNSPECIFIED. ) ;
#6013 = ADVANCED_FACE ( 'NONE', ( #3991 ), #5494, .T. ) ;
#6014 = CARTESIAN_POINT ( 'NONE',  ( 1.342617050839136406, -5.745184725864147762E-16, 0.6875000000000006661 ) ) ;
#6015 = CARTESIAN_POINT ( 'NONE',  ( -0.2402569718486814165, 1.248094391658472135, -3.613848927498569896 ) ) ;
#6016 = CARTESIAN_POINT ( 'NONE',  ( -1.006962788129352360, 0.5813702367904175494, -1.604166666666666075 ) ) ;
#6017 = CARTESIAN_POINT ( 'NONE',  ( 0.6970993649053937036, -1.300712788129357866, 1.858323415256081468 ) ) ;
#6018 = VERTEX_POINT ( 'NONE', #3956 ) ;
#6019 = CARTESIAN_POINT ( 'NONE',  ( -1.544354521968176464, 0.2538572652780203831, 6.195034570514511785 ) ) ;
#6020 = EDGE_CURVE ( 'NONE', #2255, #2515, #5455, .T. ) ;
#6021 = VERTEX_POINT ( 'NONE', #5519 ) ;
#6022 = CARTESIAN_POINT ( 'NONE',  ( 1.475000000000007860, -0.09007440577179783026, 1.860634873429277691 ) ) ;
#6023 = CARTESIAN_POINT ( 'NONE',  ( 0.6592475780754279979, 1.322566527444946072, -0.5458635849017888786 ) ) ;
#6024 = CARTESIAN_POINT ( 'NONE',  ( -1.115481102915919731, -0.9573318031974851205, -1.833181323863784407 ) ) ;
#6025 = FACE_OUTER_BOUND ( 'NONE', #3970, .T. ) ;
#6026 = CARTESIAN_POINT ( 'NONE',  ( 0.8155067236291672073, -1.232350267696154633, -0.6314682067626118389 ) ) ;
#6027 = CARTESIAN_POINT ( 'NONE',  ( -0.5985290348138668781, -1.129983968292002317, -3.605581831570376927 ) ) ;
#6028 = VERTEX_POINT ( 'NONE', #2808 ) ;
#6029 = CARTESIAN_POINT ( 'NONE',  ( -1.251466645300727709, 0.4707047553505505633, -3.252557387892426100 ) ) ;
#6030 = APPROVAL ( #5698, 'UNSPECIFIED' ) ;
#6031 = EDGE_LOOP ( 'NONE', ( #3372, #5126, #4611, #6565 ) ) ;
#6032 = LINE ( 'NONE', #4887, #849 ) ;
#6033 = FACE_OUTER_BOUND ( 'NONE', #790, .T. ) ;
#6034 = CARTESIAN_POINT ( 'NONE',  ( 1.334521665427738313, -0.6133972531589969579, 2.825617604208573663 ) ) ;
#6035 = CARTESIAN_POINT ( 'NONE',  ( 0.6713085254195687579, 1.162740473580834433, 1.270833333333333703 ) ) ;
#6036 = CARTESIAN_POINT ( 'NONE',  ( -1.311650288129352804, -0.7572816469341321355, 1.713541666666666963 ) ) ;
#6037 = CARTESIAN_POINT ( 'NONE',  ( -1.006962788129352582, 0.5813702367904176604, -1.166666666666666963 ) ) ;
#6038 = CARTESIAN_POINT ( 'NONE',  ( 1.320068852608787147, 0.1625511076626696416, 3.288545033235521942 ) ) ;
#6039 = ORIENTED_EDGE ( 'NONE', *, *, #1439, .F. ) ;
#6040 = AXIS2_PLACEMENT_3D ( 'NONE', #6515, #2498, #3083 ) ;
#6041 = CARTESIAN_POINT ( 'NONE',  ( -1.748867050839136850, -2.874661897625239862E-16, 1.640624999999998668 ) ) ;
#6042 = EDGE_CURVE ( 'NONE', #2573, #1154, #3464, .T. ) ;
#6043 = CARTESIAN_POINT ( 'NONE',  ( 1.475000000000007638, 0.04665063509461170321, -4.000000000000000000 ) ) ;
#6044 = CARTESIAN_POINT ( 'NONE',  ( -1.342617050839136628, -2.937617503175296245E-16, 1.374999999999999556 ) ) ;
#6045 = CARTESIAN_POINT ( 'NONE',  ( 0.000000000000000000, 1.162740473580835099, 2.249999999999999556 ) ) ;
#6046 = AXIS2_PLACEMENT_3D ( 'NONE', #5959, #3648, #5306 ) ;
#6047 = VECTOR ( 'NONE', #2102, 1000.000000000000000 ) ;
#6048 = CARTESIAN_POINT ( 'NONE',  ( 1.342617050839136406, -4.346214180721561220E-16, -1.312499999999999334 ) ) ;
#6049 = CARTESIAN_POINT ( 'NONE',  ( 0.2347545445683981435, 1.245345919883731778, -3.644324718890488146 ) ) ;
#6050 = CARTESIAN_POINT ( 'NONE',  ( 1.006962788129352804, 0.5813702367904164392, 1.729166666666666963 ) ) ;
#6051 = CONICAL_SURFACE ( 'NONE', #6849, 1.620000000000001661, 0.2617993877991500740 ) ;
#6052 = CARTESIAN_POINT ( 'NONE',  ( -1.006962788129352804, -0.5813702367904175494, -4.083333333333333925 ) ) ;
#6053 = AXIS2_PLACEMENT_3D ( 'NONE', #4805, #5339, #1573 ) ;
#6054 = ORIENTED_EDGE ( 'NONE', *, *, #6782, .T. ) ;
#6055 = AXIS2_PLACEMENT_3D ( 'NONE', #5604, #7106, #3751 ) ;
#6056 = CARTESIAN_POINT ( 'NONE',  ( 1.458895936088132839, 0.2902061249663124842, -0.6115421586481705196 ) ) ;
#6057 = ORIENTED_EDGE ( 'NONE', *, *, #6359, .F. ) ;
#6058 = CARTESIAN_POINT ( 'NONE',  ( -9.144455000759798487E-16, -0.09330127018922626525, -2.000000000000000000 ) ) ;
#6059 = CARTESIAN_POINT ( 'NONE',  ( 0.6970993649053918162, -1.300712788129358755, -0.2177587056770803331 ) ) ;
#6060 = CARTESIAN_POINT ( 'NONE',  ( -1.748867050839136850, 6.227644652312261222E-17, -3.359375000000000888 ) ) ;
#6061 = DIRECTION ( 'NONE',  ( 0.000000000000000000, 0.000000000000000000, 1.000000000000000000 ) ) ;
#6062 = CYLINDRICAL_SURFACE ( 'NONE', #3048, 1.555801270189232755 ) ;
#6063 = ORIENTED_EDGE ( 'NONE', *, *, #3853, .T. ) ;
#6064 = DIRECTION ( 'NONE',  ( 0.000000000000000000, 0.000000000000000000, 1.000000000000000000 ) ) ;
#6065 = EDGE_CURVE ( 'NONE', #5589, #6877, #6193, .T. ) ;
#6066 = EDGE_CURVE ( 'NONE', #5885, #594, #862, .T. ) ;
#6067 = AXIS2_PLACEMENT_3D ( 'NONE', #6058, #1705, #2774 ) ;
#6068 = EDGE_LOOP ( 'NONE', ( #665, #230, #1090 ) ) ;
#6069 = CARTESIAN_POINT ( 'NONE',  ( 1.457284131257207349, -0.2242101233374484415, 0.3511000820226891084 ) ) ;
#6070 = CARTESIAN_POINT ( 'NONE',  ( -0.7779006350946168213, 1.254062153034746663, 2.537509918077252458 ) ) ;
#6071 = CARTESIAN_POINT ( 'NONE',  ( 1.386814212877744312, -0.4873690709679347477, 2.833485342802881224 ) ) ;
#6072 = CARTESIAN_POINT ( 'NONE',  ( -1.006962788129352582, -0.5813702367904178825, 1.479166666666666741 ) ) ;
#6073 = ORIENTED_EDGE ( 'NONE', *, *, #27, .F. ) ;
#6074 = CARTESIAN_POINT ( 'NONE',  ( 0.8744335254195679807, -1.514563293868264937, 1.338541666666666519 ) ) ;
#6075 = CARTESIAN_POINT ( 'NONE',  ( -0.6713085254195682028, 1.162740473580835321, -1.208333333333333925 ) ) ;
#6076 = DIRECTION ( 'NONE',  ( 1.000000000000000000, 0.000000000000000000, 0.000000000000000000 ) ) ;
#6077 = VERTEX_POINT ( 'NONE', #1126 ) ;
#6078 = CARTESIAN_POINT ( 'NONE',  ( 0.8744335254195679807, -1.514563293868264937, 2.807291666666665186 ) ) ;
#6079 = CARTESIAN_POINT ( 'NONE',  ( -1.109092843393052918, 0.9097844201612262927, -2.462191366585867680 ) ) ;
#6080 = CARTESIAN_POINT ( 'NONE',  ( -1.342617050839136628, -3.637102775746588776E-16, 2.374999999999999556 ) ) ;
#6081 = CARTESIAN_POINT ( 'NONE',  ( 0.6713085254195678697, -1.162740473580836653, 4.041666666666665186 ) ) ;
#6082 = CARTESIAN_POINT ( 'NONE',  ( -0.6713085254195685359, -1.162740473580835321, -1.479166666666665853 ) ) ;
#6083 = CARTESIAN_POINT ( 'NONE',  ( 0.4632167449381037749, 1.182639236710197661, -3.657843916749862423 ) ) ;
#6084 = CARTESIAN_POINT ( 'NONE',  ( 0.6713085254195677587, -1.162740473580835987, 0.6041666666666669627 ) ) ;
#6085 = CARTESIAN_POINT ( 'NONE',  ( 0.6713085254195678697, -1.162740473580835765, -3.958333333333333481 ) ) ;
#6086 = ORIENTED_EDGE ( 'NONE', *, *, #7164, .T. ) ;
#6087 = CARTESIAN_POINT ( 'NONE',  ( 1.475000000000008749, 0.1692640949063696776, -0.6200019914547850730 ) ) ;
#6088 = ORIENTED_EDGE ( 'NONE', *, *, #1401, .T. ) ;
#6089 = CARTESIAN_POINT ( 'NONE',  ( -0.8840870061375010192, 1.192755423128868619, -0.4533353247881182213 ) ) ;
#6090 = DIRECTION ( 'NONE',  ( 0.000000000000000000, 0.000000000000000000, 1.000000000000000000 ) ) ;
#6091 = CARTESIAN_POINT ( 'NONE',  ( -1.311650288129352582, 0.7572816469341320245, -1.401041666666667629 ) ) ;
#6092 = CARTESIAN_POINT ( 'NONE',  ( -0.1211321603579824935, -1.487497613189344925, 2.744122902549119836 ) ) ;
#6093 = CARTESIAN_POINT ( 'NONE',  ( -1.267604191173974160, 0.04665063509461362529, -3.689103314789204280 ) ) ;
#6094 = ORIENTED_EDGE ( 'NONE', *, *, #1188, .F. ) ;
#6095 = FACE_OUTER_BOUND ( 'NONE', #590, .T. ) ;
#6096 = ORIENTED_EDGE ( 'NONE', *, *, #1055, .F. ) ;
#6097 = CARTESIAN_POINT ( 'NONE',  ( 0.9243482935200506567, -1.148518002948894168, 0.2932905149663209143 ) ) ;
#6098 = EDGE_CURVE ( 'NONE', #3763, #7004, #4856, .T. ) ;
#6099 = CARTESIAN_POINT ( 'NONE',  ( -1.115481102915915512, -0.9573318031974900055, 1.666818676136215371 ) ) ;
#6100 = LINE ( 'NONE', #5559, #5841 ) ;
#6101 = EDGE_CURVE ( 'NONE', #3003, #20, #4950, .T. ) ;
#6102 = CARTESIAN_POINT ( 'NONE',  ( 0.6713085254195677587, -1.162740473580836209, 3.604166666666667407 ) ) ;
#6103 = ORIENTED_EDGE ( 'NONE', *, *, #4695, .T. ) ;
#6104 = CARTESIAN_POINT ( 'NONE',  ( -0.8744335254195683138, 1.514563293868263161, 3.588541666666666075 ) ) ;
#6105 = CARTESIAN_POINT ( 'NONE',  ( -1.006962788129352804, -0.5813702367904178825, 0.4166666666666658525 ) ) ;
#6106 = EDGE_CURVE ( 'NONE', #2991, #1209, #1808, .T. ) ;
#6107 = LINE ( 'NONE', #6137, #4900 ) ;
#6108 = ORIENTED_EDGE ( 'NONE', *, *, #6965, .T. ) ;
#6109 = CARTESIAN_POINT ( 'NONE',  ( -1.006962788129352360, 0.5813702367904176604, -2.104166666666666075 ) ) ;
#6110 = CARTESIAN_POINT ( 'NONE',  ( 0.6713085254195689799, 1.162740473580834877, 1.708333333333332593 ) ) ;
#6111 = CARTESIAN_POINT ( 'NONE',  ( -1.006962788129352582, 0.5813702367904173274, 3.833333333333332593 ) ) ;
#6112 = CARTESIAN_POINT ( 'NONE',  ( 1.006962788129352804, 0.5813702367904165502, -0.2708333333333329818 ) ) ;
#6113 = DIRECTION ( 'NONE',  ( 0.07992773943613334930, -0.07992773943613182275, 0.9935910189495773537 ) ) ;
#6114 = CARTESIAN_POINT ( 'NONE',  ( 1.006962788129352138, -0.5813702367904186596, 1.645833333333333259 ) ) ;
#6115 = CARTESIAN_POINT ( 'NONE',  ( -1.330428767449099769, -3.776644255144276342E-16, 3.278185118395208875 ) ) ;
#6116 = AXIS2_PLACEMENT_3D ( 'NONE', #4902, #4465, #3349 ) ;
#6117 = VERTEX_POINT ( 'NONE', #2434 ) ;
#6118 = CARTESIAN_POINT ( 'NONE',  ( -1.292002978248236733, 0.04665063509461363223, -3.490391140434019768 ) ) ;
#6119 = EDGE_LOOP ( 'NONE', ( #5961, #6890, #571, #3597 ) ) ;
#6120 = CARTESIAN_POINT ( 'NONE',  ( 0.6970993649053929264, -1.300712788129358088, -4.000000000000000000 ) ) ;
#6121 = CARTESIAN_POINT ( 'NONE',  ( 0.9782572749474142126, 1.120266337336913054, -1.992404369221770111 ) ) ;
#6122 = DIRECTION ( 'NONE',  ( -0.000000000000000000, -0.000000000000000000, 1.000000000000000000 ) ) ;
#6123 = CARTESIAN_POINT ( 'NONE',  ( -0.7947672246601906743, -0.9973286947494951482, -3.615891612697957225 ) ) ;
#6124 = ADVANCED_FACE ( 'NONE', ( #4716 ), #720, .T. ) ;
#6125 = ORIENTED_EDGE ( 'NONE', *, *, #6275, .F. ) ;
#6126 = CARTESIAN_POINT ( 'NONE',  ( -0.2119291636260128564, 1.442773012011129508, 5.796115330523532450 ) ) ;
#6127 = ORIENTED_EDGE ( 'NONE', *, *, #5748, .F. ) ;
#6128 = CARTESIAN_POINT ( 'NONE',  ( -0.5909129938625072853, -1.362019518035239019, 0.2133313418785479643 ) ) ;
#6129 = CARTESIAN_POINT ( 'NONE',  ( 0.7414788750331250400, 1.190977814107165411, -2.593262862914678113 ) ) ;
#6130 = CARTESIAN_POINT ( 'NONE',  ( 1.457284131257205795, -0.2242101233374611258, 2.851100082022688831 ) ) ;
#6131 = LINE ( 'NONE', #6584, #3049 ) ;
#6132 = DATE_AND_TIME ( #2299, #2171 ) ;
#6133 = VERTEX_POINT ( 'NONE', #4572 ) ;
#6134 = CARTESIAN_POINT ( 'NONE',  ( 1.152121818957297039, 0.9470596902539556439, 2.992021809550838629 ) ) ;
#6135 = EDGE_CURVE ( 'NONE', #1690, #4290, #3227, .T. ) ;
#6136 = CARTESIAN_POINT ( 'NONE',  ( -1.423946399209847929E-16, -1.162740473580835987, 2.499999999999999556 ) ) ;
#6137 = CARTESIAN_POINT ( 'NONE',  ( -0.7779006350946143789, 1.254062153034747995, -4.000000000000000000 ) ) ;
#6138 = ORIENTED_EDGE ( 'NONE', *, *, #1739, .F. ) ;
#6139 = CARTESIAN_POINT ( 'NONE',  ( -1.342617050839136406, 8.658336664311091424E-17, -4.062499999999999112 ) ) ;
#6140 = CARTESIAN_POINT ( 'NONE',  ( 0.6713085254195689799, 1.162740473580834877, 2.208333333333333037 ) ) ;
#6141 = B_SPLINE_CURVE_WITH_KNOTS ( 'NONE', 3,
 ( #233, #809, #3033, #3112, #4227, #6281, #6320, #3607, #6436, #5276 ),
 .UNSPECIFIED., .F., .F.,
 ( 4, 2, 2, 2, 4 ),
 ( 0.000000000000000000, 0.0004068535042414630804, 0.0008137070084829262692, 0.001220560512724389512, 0.001627414016965852972 ),
 .UNSPECIFIED. ) ;
#6142 = CARTESIAN_POINT ( 'NONE',  ( -1.311650288129352582, 0.7572816469341321355, -2.369791666666666519 ) ) ;
#6143 = CARTESIAN_POINT ( 'NONE',  ( -1.475000000000007638, 0.04665063509461160607, -1.308343251410586383 ) ) ;
#6144 = EDGE_CURVE ( 'NONE', #3398, #2156, #171, .T. ) ;
#6145 = EDGE_CURVE ( 'NONE', #4066, #4979, #6299, .T. ) ;
#6146 = CARTESIAN_POINT ( 'NONE',  ( -1.342617050839136406, -1.582364787568416689E-16, -0.5624999999999996669 ) ) ;
#6147 = CARTESIAN_POINT ( 'NONE',  ( 1.459035672982379017, 0.2897018199735063027, -1.543339000056988652 ) ) ;
#6148 = CARTESIAN_POINT ( 'NONE',  ( 1.006962788129352804, 0.5813702367904165502, 0.7291666666666670737 ) ) ;
#6149 = CARTESIAN_POINT ( 'NONE',  ( -0.6713085254195682028, 1.162740473580835765, -3.708333333333333481 ) ) ;
#6150 = CONICAL_SURFACE ( 'NONE', #6953, 1.555801270189232755, 0.1221730476396033355 ) ;
#6151 = EDGE_LOOP ( 'NONE', ( #6263, #1537, #5999, #179 ) ) ;
#6152 = B_SPLINE_CURVE_WITH_KNOTS ( 'NONE', 3,
 ( #4959, #459, #3193, #961, #4305, #6001, #5497, #2645, #4926, #5347 ),
 .UNSPECIFIED., .F., .F.,
 ( 4, 2, 2, 2, 4 ),
 ( 0.000000000000000000, 0.0003638230103348398525, 0.0007276460206696795966, 0.001091469031004519341, 0.001455292041339359193 ),
 .UNSPECIFIED. ) ;
#6153 = CYLINDRICAL_SURFACE ( 'NONE', #6528, 1.394198729810780968 ) ;
#6154 = AXIS2_PLACEMENT_3D ( 'NONE', #2541, #4282, #821 ) ;
#6155 = VERTEX_POINT ( 'NONE', #4028 ) ;
#6156 = CARTESIAN_POINT ( 'NONE',  ( -1.457284131257207349, -0.2242101233374476088, 0.2113999179773098369 ) ) ;
#6157 = CARTESIAN_POINT ( 'NONE',  ( 1.475000000000008527, 0.1692640949063654310, 2.879998008545214816 ) ) ;
#6158 = DIRECTION ( 'NONE',  ( 0.000000000000000000, 0.000000000000000000, 1.000000000000000000 ) ) ;
#6159 = LOCAL_TIME ( 13, 46, 17.00000000000000000, #4655 ) ;
#6160 = CARTESIAN_POINT ( 'NONE',  ( -1.272500117417192600, -0.1421438538851746702, 5.132152460098433622 ) ) ;
#6161 = EDGE_LOOP ( 'NONE', ( #4656, #144 ) ) ;
#6162 = CARTESIAN_POINT ( 'NONE',  ( -1.386814212877747199, -0.4873690709679279753, -0.7709853428028827782 ) ) ;
#6163 = CIRCLE ( 'NONE', #5125, 1.565079678693066301 ) ;
#6164 = VECTOR ( 'NONE', #914, 1000.000000000000227 ) ;
#6165 = ORIENTED_EDGE ( 'NONE', *, *, #5261, .F. ) ;
#6166 = CARTESIAN_POINT ( 'NONE',  ( 1.386803860295838353, -0.4870992124572537940, 1.423550243099577006 ) ) ;
#6167 = CARTESIAN_POINT ( 'NONE',  ( -1.475000000000007416, -0.09035811372578832212, 1.620803081764877973 ) ) ;
#6168 = DIRECTION ( 'NONE',  ( 8.807843561199394335E-17, 1.000000000000000000, -0.000000000000000000 ) ) ;
#6169 = CARTESIAN_POINT ( 'NONE',  ( 0.1343981099702047655, 1.462571274368297924, -1.021070574808867093 ) ) ;
#6170 = PERSON_AND_ORGANIZATION_ROLE ( 'design_supplier' ) ;
#6171 = AXIS2_PLACEMENT_3D ( 'NONE', #4661, #275, #3690 ) ;
#6172 = ORIENTED_EDGE ( 'NONE', *, *, #6631, .T. ) ;
#6173 = CARTESIAN_POINT ( 'NONE',  ( -0.9776134915893711641, -0.8464085621761563427, -3.434481745546641207 ) ) ;
#6174 = CIRCLE ( 'NONE', #3066, 2.662878385554965810 ) ;
#6175 = ADVANCED_FACE ( 'NONE', ( #1408 ), #1074, .T. ) ;
#6176 = CARTESIAN_POINT ( 'NONE',  ( -1.006962788129352582, 0.5813702367904174384, 2.333333333333333037 ) ) ;
#6177 = CARTESIAN_POINT ( 'NONE',  ( -0.6592475780754284420, 1.322566527444948070, -1.391636415098212787 ) ) ;
#6178 = ORIENTED_EDGE ( 'NONE', *, *, #4872, .F. ) ;
#6179 = CARTESIAN_POINT ( 'NONE',  ( 0.6713085254195677587, -1.162740473580835765, -3.895833333333333037 ) ) ;
#6180 = CARTESIAN_POINT ( 'NONE',  ( -0.6713085254195686469, -1.162740473580835765, 2.458333333333333037 ) ) ;
#6181 = CARTESIAN_POINT ( 'NONE',  ( -0.8744335254195688689, -1.514563293868263383, -3.744791666666666075 ) ) ;
#6182 = AXIS2_PLACEMENT_3D ( 'NONE', #6990, #4286, #2038 ) ;
#6183 = CARTESIAN_POINT ( 'NONE',  ( 0.000000000000000000, 4.336808689942017736E-16, 3.499999999999999556 ) ) ;
#6184 = CIRCLE ( 'NONE', #1684, 1.218076211353316562 ) ;
#6185 = CARTESIAN_POINT ( 'NONE',  ( 0.6713085254195677587, -1.162740473580835987, 3.104166666666667407 ) ) ;
#6186 = EDGE_CURVE ( 'NONE', #5027, #884, #6493, .T. ) ;
#6187 = CARTESIAN_POINT ( 'NONE',  ( 0.9061702354410935412, -1.128143862405602604, -2.222551901009633291 ) ) ;
#6188 = CARTESIAN_POINT ( 'NONE',  ( -1.006962788129352582, -0.5813702367904179935, 2.979166666666667407 ) ) ;
#6189 = EDGE_CURVE ( 'NONE', #2013, #2206, #260, .T. ) ;
#6190 = CARTESIAN_POINT ( 'NONE',  ( 0.6713085254195689799, 1.162740473580835099, -0.7916666666666671848 ) ) ;
#6191 = CARTESIAN_POINT ( 'NONE',  ( -1.342617050839136628, 5.598088596811692455E-17, -3.625000000000000000 ) ) ;
#6192 = ORIENTED_EDGE ( 'NONE', *, *, #4788, .F. ) ;
#6193 = LINE ( 'NONE', #6120, #4215 ) ;
#6194 = CARTESIAN_POINT ( 'NONE',  ( 0.6970993649053918162, -1.300712788129358977, -1.141676584743918976 ) ) ;
#6195 = CARTESIAN_POINT ( 'NONE',  ( -1.348776801269683023, 0.6388452785093692299, 1.151710430784213646 ) ) ;
#6196 = CARTESIAN_POINT ( 'NONE',  ( 0.1806920524772102354, 0.4362292037035072068, 4.899999999999999467 ) ) ;
#6197 = ORIENTED_EDGE ( 'NONE', *, *, #1341, .F. ) ;
#6198 = DIRECTION ( 'NONE',  ( 0.000000000000000000, 0.000000000000000000, 1.000000000000000000 ) ) ;
#6199 = ORIENTED_EDGE ( 'NONE', *, *, #5533, .T. ) ;
#6200 = CARTESIAN_POINT ( 'NONE',  ( -0.2441168411814895189, -1.471296608598335443, 0.2371448571158250307 ) ) ;
#6201 = CARTESIAN_POINT ( 'NONE',  ( -1.359630411042938247, 0.5100600082136931279, -2.318690431058846091 ) ) ;
#6202 = CARTESIAN_POINT ( 'NONE',  ( 0.7084330826941344084, 1.133740822799662595, -3.131535624505976667 ) ) ;
#6203 = CARTESIAN_POINT ( 'NONE',  ( 1.468317975645961226, -0.08941801960212959755, -2.054420721179518239 ) ) ;
#6204 = CARTESIAN_POINT ( 'NONE',  ( -1.475000000000007638, 0.04665063509461159219, -0.8844253723437459636 ) ) ;
#6205 = CARTESIAN_POINT ( 'NONE',  ( 1.108613885844307756, 5.694469136731557550E-16, 3.499999999999999556 ) ) ;
#6206 = VERTEX_POINT ( 'NONE', #2469 ) ;
#6207 = CARTESIAN_POINT ( 'NONE',  ( 0.9807738445987269627, 1.118337879647051114, 3.007375491981502780 ) ) ;
#6208 = VERTEX_POINT ( 'NONE', #6872 ) ;
#6209 = CARTESIAN_POINT ( 'NONE',  ( 1.006962788129352360, -0.5813702367904187707, 2.083333333333333037 ) ) ;
#6210 = CARTESIAN_POINT ( 'NONE',  ( 0.5909129938625020673, -1.362019518035239685, 2.849168658121451703 ) ) ;
#6211 = ORIENTED_EDGE ( 'NONE', *, *, #4396, .F. ) ;
#6212 = CARTESIAN_POINT ( 'NONE',  ( -1.854805089941841679E-16, -1.514563293868264493, 4.265624999999999112 ) ) ;
#6213 = CARTESIAN_POINT ( 'NONE',  ( -0.6713085254195682028, 1.162740473580835321, 3.291666666666665630 ) ) ;
#6214 = CARTESIAN_POINT ( 'NONE',  ( -0.8744335254195683138, 1.514563293868264049, -3.411458333333333037 ) ) ;
#6215 = CARTESIAN_POINT ( 'NONE',  ( 0.1360432288665840428, 1.462428290740636072, 3.070215729124758930 ) ) ;
#6216 = CARTESIAN_POINT ( 'NONE',  ( -1.006962788129352360, 0.5813702367904173274, 1.895833333333333481 ) ) ;
#6217 = CARTESIAN_POINT ( 'NONE',  ( 1.311650288129353248, 0.7572816469341310253, -3.567708333333334370 ) ) ;
#6218 = CARTESIAN_POINT ( 'NONE',  ( 1.458895936088131950, 0.2902061249663193121, 1.888457841351829591 ) ) ;
#6219 = CARTESIAN_POINT ( 'NONE',  ( 1.342617050839136406, -8.193383179863674825E-16, 4.187500000000001776 ) ) ;
#6220 = CARTESIAN_POINT ( 'NONE',  ( 0.6713085254195678697, -1.162740473580835987, -1.458333333333333703 ) ) ;
#6221 = EDGE_CURVE ( 'NONE', #15, #1829, #1920, .T. ) ;
#6222 = CARTESIAN_POINT ( 'NONE',  ( 0.000000000000000000, 1.162740473580835543, -3.250000000000000444 ) ) ;
#6223 = ORIENTED_EDGE ( 'NONE', *, *, #3941, .F. ) ;
#6224 = DIRECTION ( 'NONE',  ( 1.000000000000000000, 0.000000000000000000, 0.000000000000000000 ) ) ;
#6225 = CARTESIAN_POINT ( 'NONE',  ( 0.7779006350946143789, 1.254062153034747995, -2.000000000000000000 ) ) ;
#6226 = CARTESIAN_POINT ( 'NONE',  ( -0.6713085254195680918, 1.162740473580835543, -3.145833333333333037 ) ) ;
#6227 = CYLINDRICAL_SURFACE ( 'NONE', #4547, 1.394198729810780968 ) ;
#6228 = VERTEX_POINT ( 'NONE', #827 ) ;
#6229 = CARTESIAN_POINT ( 'NONE',  ( 1.475000000000007416, -0.09007440577179381958, -1.639365126570721420 ) ) ;
#6230 = ADVANCED_FACE ( 'NONE', ( #293 ), #2360, .T. ) ;
#6231 = CARTESIAN_POINT ( 'NONE',  ( -1.475000000000007638, 0.04665063509461159219, -1.384425372343746075 ) ) ;
#6232 = VERTEX_POINT ( 'NONE', #328 ) ;
#6233 = CARTESIAN_POINT ( 'NONE',  ( 0.7779006350946148229, 1.254062153034747551, -4.000000000000000000 ) ) ;
#6234 = CARTESIAN_POINT ( 'NONE',  ( 1.240183089680815032, 0.1492575733046992148, -3.912430264786144196 ) ) ;
#6235 = CARTESIAN_POINT ( 'NONE',  ( -1.475000000000007860, -0.09007440577179914865, 1.701865126570720310 ) ) ;
#6236 = CARTESIAN_POINT ( 'NONE',  ( 0.7779006350946154891, 1.254062153034747107, -1.051092039010413037 ) ) ;
#6237 = CARTESIAN_POINT ( 'NONE',  ( -1.115481102915920175, -0.9573318031974860087, 0.1668186761362156212 ) ) ;
#6238 = DIRECTION ( 'NONE',  ( 0.000000000000000000, 1.000000000000000000, 0.000000000000000000 ) ) ;
#6239 = ORIENTED_EDGE ( 'NONE', *, *, #3818, .F. ) ;
#6240 = CARTESIAN_POINT ( 'NONE',  ( -1.170413777827556734, -0.5402486216982077538, -3.457713547661010356 ) ) ;
#6241 = ORIENTED_EDGE ( 'NONE', *, *, #6098, .F. ) ;
#6242 = CARTESIAN_POINT ( 'NONE',  ( -0.6713085254195686469, -1.162740473580835765, 2.458333333333333037 ) ) ;
#6243 = CARTESIAN_POINT ( 'NONE',  ( 0.9812900791250624977, 0.2771398520583593372, 6.416553586579684776 ) ) ;
#6244 = VERTEX_POINT ( 'NONE', #4208 ) ;
#6245 = CARTESIAN_POINT ( 'NONE',  ( 1.342617050839136406, -3.646728908150268689E-16, -2.312499999999999556 ) ) ;
#6246 = CARTESIAN_POINT ( 'NONE',  ( 1.006962788129353026, 0.5813702367904164392, 3.666666666666665186 ) ) ;
#6247 = CARTESIAN_POINT ( 'NONE',  ( 0.000000000000000000, 1.514563293868263827, -1.953124999999999556 ) ) ;
#6248 = DIRECTION ( 'NONE',  ( 0.000000000000000000, 0.000000000000000000, -1.000000000000000000 ) ) ;
#6249 = ADVANCED_FACE ( 'NONE', ( #5329 ), #1450, .T. ) ;
#6250 = CARTESIAN_POINT ( 'NONE',  ( 0.000000000000000000, 1.162740473580834877, 2.812500000000000888 ) ) ;
#6251 = CARTESIAN_POINT ( 'NONE',  ( -0.8744335254195683138, 1.514563293868264049, -2.442708333333333925 ) ) ;
#6252 = CARTESIAN_POINT ( 'NONE',  ( 1.396071907617526975, 0.5248421216693773816, -1.532487950763165907 ) ) ;
#6253 = CARTESIAN_POINT ( 'NONE',  ( -1.423946399209847682E-16, -1.162740473580835987, 4.062500000000000888 ) ) ;
#6254 = CARTESIAN_POINT ( 'NONE',  ( -1.006962788129352582, 0.5813702367904177715, -3.166666666666666963 ) ) ;
#6255 = B_SPLINE_CURVE_WITH_KNOTS ( 'NONE', 3,
 ( #5872, #5332, #408, #2040, #4798, #2628, #4834, #5948, #986, #3214 ),
 .UNSPECIFIED., .F., .F.,
 ( 4, 2, 2, 2, 4 ),
 ( 1.084202172485504434E-19, 0.0004068535042414628635, 0.0008137070084829259439, 0.001220560512724388862, 0.001627414016965852105 ),
 .UNSPECIFIED. ) ;
#6256 = EDGE_CURVE ( 'NONE', #6206, #292, #4078, .T. ) ;
#6257 = EDGE_LOOP ( 'NONE', ( #6648, #1161, #3698, #356 ) ) ;
#6258 = CARTESIAN_POINT ( 'NONE',  ( -0.5909129938625105050, -1.362019518035237686, 0.7133313418785478532 ) ) ;
#6259 = CARTESIAN_POINT ( 'NONE',  ( -0.4304579119864596626, -1.277758150070417598, -3.129727213597420121 ) ) ;
#6260 = DIRECTION ( 'NONE',  ( -0.3826834323650908920, 0.9238795325112862944, -0.000000000000000000 ) ) ;
#6261 = AXIS2_PLACEMENT_3D ( 'NONE', #5277, #4736, #5775 ) ;
#6262 = CARTESIAN_POINT ( 'NONE',  ( -0.7779006350946143789, 1.254062153034747995, -4.000000000000000000 ) ) ;
#6263 = ORIENTED_EDGE ( 'NONE', *, *, #5367, .T. ) ;
#6264 = CARTESIAN_POINT ( 'NONE',  ( -0.6970993649053902619, -1.300712788129360753, 2.204176584743918532 ) ) ;
#6265 = VECTOR ( 'NONE', #3452, 1000.000000000000000 ) ;
#6266 = FACE_OUTER_BOUND ( 'NONE', #3561, .T. ) ;
#6267 = ORIENTED_EDGE ( 'NONE', *, *, #3577, .T. ) ;
#6268 = CYLINDRICAL_SURFACE ( 'NONE', #3638, 1.394198729810781412 ) ;
#6269 = VECTOR ( 'NONE', #735, 1000.000000000000000 ) ;
#6270 = CARTESIAN_POINT ( 'NONE',  ( 0.6646448938880721302, 1.057897455016143740, -3.844787982686238337 ) ) ;
#6271 = CYLINDRICAL_SURFACE ( 'NONE', #411, 3.000000000000000000 ) ;
#6272 = CARTESIAN_POINT ( 'NONE',  ( 0.8155067236291686505, -1.232350267696153745, -1.631468206762611839 ) ) ;
#6273 = CARTESIAN_POINT ( 'NONE',  ( -0.4781220914894036000, -1.408544004613355272, 1.721791174685162407 ) ) ;
#6274 = DATE_TIME_ROLE ( 'creation_date' ) ;
#6275 = EDGE_CURVE ( 'NONE', #1748, #6388, #4500, .T. ) ;
#6276 = EDGE_CURVE ( 'NONE', #4649, #4066, #1207, .T. ) ;
#6277 = AXIS2_PLACEMENT_3D ( 'NONE', #5623, #588, #657 ) ;
#6278 = EDGE_LOOP ( 'NONE', ( #137, #6211, #2859, #232 ) ) ;
#6279 = DIRECTION ( 'NONE',  ( 0.06093467170257364784, -0.1055419473313876089, -0.9925461516413219831 ) ) ;
#6280 = ORIENTED_EDGE ( 'NONE', *, *, #3627, .T. ) ;
#6281 = CARTESIAN_POINT ( 'NONE',  ( -0.1343981099701966608, 1.462571274368298369, 2.583570574808866205 ) ) ;
#6282 = CARTESIAN_POINT ( 'NONE',  ( 0.000000000000000000, 4.336808689942017736E-16, 6.195034570514509120 ) ) ;
#6283 = ORIENTED_EDGE ( 'NONE', *, *, #4606, .F. ) ;
#6284 = CONICAL_SURFACE ( 'NONE', #278, 1.620000000000001661, 0.2617993877991500740 ) ;
#6285 = CARTESIAN_POINT ( 'NONE',  ( -1.006962788129352582, -0.5813702367904176604, -1.020833333333332815 ) ) ;
#6286 = CARTESIAN_POINT ( 'NONE',  ( 1.006962788129352360, -0.5813702367904187707, 2.583333333333332593 ) ) ;
#6287 = CIRCLE ( 'NONE', #1198, 1.148629608004970937 ) ;
#6288 = CARTESIAN_POINT ( 'NONE',  ( -1.854805089941841679E-16, -1.514563293868264271, -1.703124999999999778 ) ) ;
#6289 = FACE_OUTER_BOUND ( 'NONE', #5023, .T. ) ;
#6290 = DIRECTION ( 'NONE',  ( 1.224646799147353207E-16, 1.000000000000000000, 0.000000000000000000 ) ) ;
#6291 = CARTESIAN_POINT ( 'NONE',  ( -1.006962788129352582, -0.5813702367904177715, 0.9791666666666672958 ) ) ;
#6292 = CARTESIAN_POINT ( 'NONE',  ( -1.854805089941841679E-16, -1.514563293868264049, -2.734375000000000888 ) ) ;
#6293 = B_SPLINE_CURVE_WITH_KNOTS ( 'NONE', 3,
 ( #4843, #1534, #3184, #3646, #7070, #417, #6503, #7038, #995, #339 ),
 .UNSPECIFIED., .F., .F.,
 ( 4, 2, 2, 2, 4 ),
 ( 2.168404344971008868E-19, 0.0004068535042414621588, 0.0008137070084829241007, 0.001220560512724386043, 0.001627414016965847985 ),
 .UNSPECIFIED. ) ;
#6294 = CARTESIAN_POINT ( 'NONE',  ( -9.144455000759798487E-16, -0.09330127018922626525, -2.000000000000000000 ) ) ;
#6295 = CARTESIAN_POINT ( 'NONE',  ( -1.423946399209847929E-16, -1.162740473580835543, -3.500000000000000444 ) ) ;
#6296 = CARTESIAN_POINT ( 'NONE',  ( 0.6713085254195678697, -1.162740473580835987, -1.958333333333333481 ) ) ;
#6297 = AXIS2_PLACEMENT_3D ( 'NONE', #1715, #1071, #3936 ) ;
#6298 = VERTEX_POINT ( 'NONE', #1556 ) ;
#6299 = LINE ( 'NONE', #4681, #2361 ) ;
#6300 = VECTOR ( 'NONE', #877, 1000.000000000000000 ) ;
#6301 = CARTESIAN_POINT ( 'NONE',  ( 1.198478436561163818, -0.8490310375816280120, -0.09645093754190676993 ) ) ;
#6302 = CARTESIAN_POINT ( 'NONE',  ( 0.000000000000000000, 1.162740473580835321, -3.687499999999999556 ) ) ;
#6303 = DIRECTION ( 'NONE',  ( 1.000000000000000000, 0.000000000000000000, 0.000000000000000000 ) ) ;
#6304 = ORIENTED_EDGE ( 'NONE', *, *, #5654, .F. ) ;
#6305 = CARTESIAN_POINT ( 'NONE',  ( 0.5344704030327199762, 1.374150139869406484, 0.04473325131064407462 ) ) ;
#6306 = CARTESIAN_POINT ( 'NONE',  ( -0.7270937342388452684, 1.166062019377440695, -2.827578003002292117 ) ) ;
#6307 = B_SPLINE_CURVE_WITH_KNOTS ( 'NONE', 3,
 ( #6397, #5857, #1547, #5350, #7011, #5928 ),
 .UNSPECIFIED., .F., .F.,
 ( 4, 2, 4 ),
 ( 6.221658056545532239E-18, 0.0004543677297802727879, 0.0009087354595605390706 ),
 .UNSPECIFIED. ) ;
#6308 = ORIENTED_EDGE ( 'NONE', *, *, #1750, .F. ) ;
#6309 = CARTESIAN_POINT ( 'NONE',  ( 0.6970993649053937036, -1.300712788129358088, -1.217758705677079556 ) ) ;
#6310 = DIRECTION ( 'NONE',  ( 3.481070003160716744E-15, -1.000000000000000000, -0.000000000000000000 ) ) ;
#6311 = CARTESIAN_POINT ( 'NONE',  ( -0.6970993649053939256, -1.300712788129358533, -0.2958234152560814123 ) ) ;
#6312 = CARTESIAN_POINT ( 'NONE',  ( -0.2435093434669479417, -1.471454798341270465, 1.800845382570168018 ) ) ;
#6313 = CARTESIAN_POINT ( 'NONE',  ( -1.227644640911694340, 0.8486523346799821343, -0.9225437641175475711 ) ) ;
#6314 = B_SPLINE_CURVE_WITH_KNOTS ( 'NONE', 3,
 ( #3326, #4475, #3929, #4504, #2290, #2260, #2778, #2811, #5018, #4984 ),
 .UNSPECIFIED., .F., .F.,
 ( 4, 2, 2, 2, 4 ),
 ( 7.893110957891142823E-19, 0.0004068535042414628635, 0.0008137070084829248597, 0.001220560512724387127, 0.001627414016965849069 ),
 .UNSPECIFIED. ) ;
#6315 = ORIENTED_EDGE ( 'NONE', *, *, #5006, .T. ) ;
#6316 = CARTESIAN_POINT ( 'NONE',  ( 1.062224378073746589, -0.9124434195404828030, -2.564347112620190217 ) ) ;
#6317 = LOCAL_TIME ( 13, 46, 17.00000000000000000, #2639 ) ;
#6318 = EDGE_CURVE ( 'NONE', #3944, #5075, #1718, .T. ) ;
#6319 = ORIENTED_EDGE ( 'NONE', *, *, #3134, .T. ) ;
#6320 = CARTESIAN_POINT ( 'NONE',  ( -0.2715616379965394844, 1.444556979311149014, 2.590216909766243081 ) ) ;
#6321 = CARTESIAN_POINT ( 'NONE',  ( -0.8118241029088292260, 1.089041647128631940, -3.025782194656776891 ) ) ;
#6322 = ORIENTED_EDGE ( 'NONE', *, *, #6472, .F. ) ;
#6323 = CARTESIAN_POINT ( 'NONE',  ( 1.342617050839136406, -3.996471544435915201E-16, -1.812499999999999334 ) ) ;
#6324 = CARTESIAN_POINT ( 'NONE',  ( -0.7779006350946149340, 1.254062153034747551, -0.8864079609895877399 ) ) ;
#6325 = CARTESIAN_POINT ( 'NONE',  ( 1.748867050839136850, -6.305653093567818150E-16, 0.4218750000000003886 ) ) ;
#6326 = CARTESIAN_POINT ( 'NONE',  ( -0.9804069721108376045, 1.118711047843707229, 0.6233276666096784213 ) ) ;
#6327 = EDGE_CURVE ( 'NONE', #4645, #2991, #3907, .T. ) ;
#6328 = CARTESIAN_POINT ( 'NONE',  ( -1.348753460210674548, 0.6388952525692753737, 0.08920776478289486888 ) ) ;
#6329 = CARTESIAN_POINT ( 'NONE',  ( -1.006962788129352360, 0.5813702367904173274, 2.395833333333333925 ) ) ;
#6330 = CARTESIAN_POINT ( 'NONE',  ( -1.311650288129352582, 0.7572816469341319134, 0.09895833333333198256 ) ) ;
#6331 = DIRECTION ( 'NONE',  ( 0.000000000000000000, 0.000000000000000000, 1.000000000000000000 ) ) ;
#6332 = CARTESIAN_POINT ( 'NONE',  ( -1.342617050839136628, 2.100662233955227642E-17, -3.125000000000000000 ) ) ;
#6333 = CARTESIAN_POINT ( 'NONE',  ( 1.342617050839136628, -4.302496351185856207E-16, -1.375000000000000444 ) ) ;
#6334 = ORIENTED_EDGE ( 'NONE', *, *, #490, .F. ) ;
#6335 = CARTESIAN_POINT ( 'NONE',  ( -9.144455000759798487E-16, -0.09330127018922626525, -2.000000000000000000 ) ) ;
#6336 = CARTESIAN_POINT ( 'NONE',  ( -0.2371955488561457159, -1.437165032257505359, -2.282823581074572505 ) ) ;
#6337 = CARTESIAN_POINT ( 'NONE',  ( -1.342617050839136406, 5.160910301454625687E-17, -3.562499999999999556 ) ) ;
#6338 = DIRECTION ( 'NONE',  ( -0.3805870524817679956, -0.9188184237650782737, 0.1045284632676537068 ) ) ;
#6339 = VERTEX_POINT ( 'NONE', #5323 ) ;
#6340 = CARTESIAN_POINT ( 'NONE',  ( 1.386814212877747643, -0.4873690709679264765, -1.666514657197117666 ) ) ;
#6341 = CARTESIAN_POINT ( 'NONE',  ( 0.7745239857051169352, 1.248213624732792182, -2.055001204787751501 ) ) ;
#6342 = ORIENTED_EDGE ( 'NONE', *, *, #871, .F. ) ;
#6343 = CARTESIAN_POINT ( 'NONE',  ( -0.1630858473686299659, -1.324106266535445275, 5.331402218497963474 ) ) ;
#6344 = EDGE_CURVE ( 'NONE', #1352, #5700, #2781, .T. ) ;
#6345 = DIRECTION ( 'NONE',  ( 0.000000000000000000, 0.000000000000000000, 1.000000000000000000 ) ) ;
#6346 = LINE ( 'NONE', #5731, #6628 ) ;
#6347 = CARTESIAN_POINT ( 'NONE',  ( 0.6594932763708419854, 1.322424673467950340, 1.535198459904054014 ) ) ;
#6348 = CARTESIAN_POINT ( 'NONE',  ( 0.1211321603579819522, -1.487497613189344037, 1.818377097450880386 ) ) ;
#6349 = CARTESIAN_POINT ( 'NONE',  ( -0.9804069721108326085, 1.118711047843711226, -0.3766723333903216897 ) ) ;
#6350 = APPROVAL_DATE_TIME ( #918, #1860 ) ;
#6351 = ORIENTED_EDGE ( 'NONE', *, *, #2660, .T. ) ;
#6352 = CARTESIAN_POINT ( 'NONE',  ( -0.7473496767568542642, 1.201146340973827220, -2.497635176818679970 ) ) ;
#6353 = VERTEX_POINT ( 'NONE', #358 ) ;
#6354 = DIRECTION ( 'NONE',  ( 0.000000000000000000, 0.000000000000000000, 1.000000000000000000 ) ) ;
#6355 = LINE ( 'NONE', #6926, #3962 ) ;
#6356 = ORIENTED_EDGE ( 'NONE', *, *, #2044, .T. ) ;
#6357 = CARTESIAN_POINT ( 'NONE',  ( 0.6713085254195677587, -1.162740473580835765, -1.395833333333332593 ) ) ;
#6358 = CARTESIAN_POINT ( 'NONE',  ( 0.6970993649053937036, -1.300712788129357866, -0.1416765847439188375 ) ) ;
#6359 = EDGE_CURVE ( 'NONE', #5806, #587, #3203, .T. ) ;
#6360 = CARTESIAN_POINT ( 'NONE',  ( -0.8744335254195683138, 1.514563293868263605, -1.411458333333333259 ) ) ;
#6361 = CARTESIAN_POINT ( 'NONE',  ( -0.9807738445987339571, 1.118337879647046007, -1.944875491981504334 ) ) ;
#6362 = CARTESIAN_POINT ( 'NONE',  ( -1.475000000000007638, 0.04665063509461160607, -1.308343251410586383 ) ) ;
#6363 = ORIENTED_EDGE ( 'NONE', *, *, #3498, .F. ) ;
#6364 = CARTESIAN_POINT ( 'NONE',  ( -0.6713085254195685359, -1.162740473580835765, 4.020833333333333925 ) ) ;
#6365 = CARTESIAN_POINT ( 'NONE',  ( -1.475000000000007638, 0.04665063509460930236, 2.691656748589413173 ) ) ;
#6366 = CARTESIAN_POINT ( 'NONE',  ( -1.854805089941841679E-16, -1.514563293868264271, -0.7343750000000011102 ) ) ;
#6367 = PLANE ( 'NONE',  #2348 ) ;
#6368 = CARTESIAN_POINT ( 'NONE',  ( 0.000000000000000000, 1.162740473580835543, -3.750000000000000444 ) ) ;
#6369 = EDGE_CURVE ( 'NONE', #6927, #6703, #4823, .T. ) ;
#6370 = CARTESIAN_POINT ( 'NONE',  ( -1.006962788129352804, -0.5813702367904178825, 0.4166666666666658525 ) ) ;
#6371 = ADVANCED_FACE ( 'NONE', ( #4313 ), #5816, .T. ) ;
#6372 = ORIENTED_EDGE ( 'NONE', *, *, #2477, .F. ) ;
#6373 = DIRECTION ( 'NONE',  ( 0.000000000000000000, 0.000000000000000000, 1.000000000000000000 ) ) ;
#6374 = CARTESIAN_POINT ( 'NONE',  ( -1.386803860295836355, -0.4870992124572550153, -0.8610502430995773393 ) ) ;
#6375 = CARTESIAN_POINT ( 'NONE',  ( 0.4362292037035089276, 0.1806920524772080983, 4.899999999999999467 ) ) ;
#6376 = CARTESIAN_POINT ( 'NONE',  ( 1.337867953914091412, 0.6342578983687633398, -2.095985640878125889 ) ) ;
#6377 = ORIENTED_EDGE ( 'NONE', *, *, #2477, .T. ) ;
#6378 = CARTESIAN_POINT ( 'NONE',  ( 0.2435093434669692303, -1.471454798341267134, 2.261654617429829983 ) ) ;
#6379 = CARTESIAN_POINT ( 'NONE',  ( 1.152562564150561908, 0.9466126766718997443, 0.9283212840964991663 ) ) ;
#6380 = AXIS2_PLACEMENT_3D ( 'NONE', #6183, #6248, #1361 ) ;
#6381 = ORIENTED_EDGE ( 'NONE', *, *, #170, .T. ) ;
#6382 = CARTESIAN_POINT ( 'NONE',  ( 0.5878689317629859357, 1.169809199237865416, -3.368095864516926330 ) ) ;
#6383 = CARTESIAN_POINT ( 'NONE',  ( 1.475000000000008082, 0.1692640949063741462, -0.1200019914547845457 ) ) ;
#6384 = CARTESIAN_POINT ( 'NONE',  ( 1.239649470263600284, 0.04665063509461363223, -3.916776246180633247 ) ) ;
#6385 = CARTESIAN_POINT ( 'NONE',  ( 0.6827077486082646640, -1.275785777499695017, -2.234420617564598643 ) ) ;
#6386 = CARTESIAN_POINT ( 'NONE',  ( 1.456819914017537521, -0.2262501026587159791, -1.564123848299655783 ) ) ;
#6387 = CARTESIAN_POINT ( 'NONE',  ( 0.2664333618311874319, -0.9791604258076445078, 6.314688136532695673 ) ) ;
#6388 = VERTEX_POINT ( 'NONE', #4895 ) ;
#6389 = CARTESIAN_POINT ( 'NONE',  ( 0.2084632626475620698, 1.434537303156612875, 5.763139485452331456 ) ) ;
#6390 = AXIS2_PLACEMENT_3D ( 'NONE', #2889, #4355, #5433 ) ;
#6391 = ORIENTED_EDGE ( 'NONE', *, *, #6189, .F. ) ;
#6392 = CARTESIAN_POINT ( 'NONE',  ( -0.7253950859569506804, -0.9087174358250725836, 3.445873412263473767 ) ) ;
#6393 = CYLINDRICAL_SURFACE ( 'NONE', #6261, 1.555801270189232755 ) ;
#6394 = ORIENTED_EDGE ( 'NONE', *, *, #6135, .F. ) ;
#6395 = VECTOR ( 'NONE', #2030, 1000.000000000000000 ) ;
#6396 = CARTESIAN_POINT ( 'NONE',  ( -1.342617050839136406, -1.932107423854063447E-16, -0.06249999999999918121 ) ) ;
#6397 = CARTESIAN_POINT ( 'NONE',  ( -0.8146500082998369141, -0.8296449679712768477, -4.000000000000000888 ) ) ;
#6398 = VECTOR ( 'NONE', #1378, 1000.000000000000000 ) ;
#6399 = CARTESIAN_POINT ( 'NONE',  ( -1.854805089941841679E-16, -1.514563293868264271, -1.203124999999999778 ) ) ;
#6400 = CARTESIAN_POINT ( 'NONE',  ( -0.8840870061374991318, 1.192755423128869063, -1.953335324788119109 ) ) ;
#6401 = VECTOR ( 'NONE', #6494, 1000.000000000000000 ) ;
#6402 = CARTESIAN_POINT ( 'NONE',  ( 0.6713085254195698681, -1.162740473580832656, -3.958333333333334814 ) ) ;
#6403 = ORIENTED_EDGE ( 'NONE', *, *, #3705, .F. ) ;
#6404 = CARTESIAN_POINT ( 'NONE',  ( 1.016812351830308492, -0.7181793302217333030, -3.816495109681949049 ) ) ;
#6405 = CARTESIAN_POINT ( 'NONE',  ( -1.324950132883070841, 0.04665063509461363223, -3.222058099271885023 ) ) ;
#6406 = B_SPLINE_CURVE_WITH_KNOTS ( 'NONE', 3,
 ( #3492, #4142, #5265, #2406, #301, #2516, #4724, #5844, #6382, #1420 ),
 .UNSPECIFIED., .F., .F.,
 ( 4, 2, 2, 2, 4 ),
 ( 3.252606517456513302E-19, 0.0003633971000192246772, 0.0007267942000384490292, 0.001090191300057673490, 0.001453588400076897841 ),
 .UNSPECIFIED. ) ;
#6407 = CARTESIAN_POINT ( 'NONE',  ( 1.748867050839136850, -6.633536815085610430E-16, 0.8906249999999991118 ) ) ;
#6408 = CARTESIAN_POINT ( 'NONE',  ( 1.313822190196801687, 0.2643119753311323206, -3.196132059056362440 ) ) ;
#6409 = CARTESIAN_POINT ( 'NONE',  ( -1.342617050839136628, -8.391616854614169261E-17, -1.625000000000000888 ) ) ;
#6410 = CARTESIAN_POINT ( 'NONE',  ( -1.342617050839136628, -3.287360139460942757E-16, 1.874999999999999112 ) ) ;
#6411 = CONICAL_SURFACE ( 'NONE', #3305, 1.394198729810781412, 0.1221730476396033355 ) ;
#6412 = EDGE_CURVE ( 'NONE', #3589, #1229, #6131, .T. ) ;
#6413 = EDGE_CURVE ( 'NONE', #7108, #3074, #957, .T. ) ;
#6414 = ORIENTED_EDGE ( 'NONE', *, *, #6574, .F. ) ;
#6415 = DIRECTION ( 'NONE',  ( 0.000000000000000000, 0.000000000000000000, 1.000000000000000000 ) ) ;
#6416 = CARTESIAN_POINT ( 'NONE',  ( -0.8157524219245754216, -1.232208413719160678, -0.2249697484315448248 ) ) ;
#6417 = CARTESIAN_POINT ( 'NONE',  ( -1.342617050839136406, -1.232622151282769930E-16, -1.062499999999999556 ) ) ;
#6418 = DIRECTION ( 'NONE',  ( -1.000000000000000000, 0.000000000000000000, 0.000000000000000000 ) ) ;
#6419 = ORIENTED_EDGE ( 'NONE', *, *, #6424, .T. ) ;
#6420 = CARTESIAN_POINT ( 'NONE',  ( 0.1360432288665837097, 1.462428290740636738, 0.07021572912475856909 ) ) ;
#6421 = B_SPLINE_CURVE_WITH_KNOTS ( 'NONE', 3,
 ( #2018, #6321, #1978, #2564, #5202, #3608, #1356, #6818, #2528, #276 ),
 .UNSPECIFIED., .F., .F.,
 ( 4, 2, 2, 2, 4 ),
 ( 3.909146525865937967E-19, 0.0003321947852289452454, 0.0006643895704578898402, 0.0009965843556868345977, 0.001328779140915779247 ),
 .UNSPECIFIED. ) ;
#6422 = VECTOR ( 'NONE', #7080, 1000.000000000000000 ) ;
#6423 = CARTESIAN_POINT ( 'NONE',  ( -0.1360432288665842093, 1.462428290740636294, 1.992284270875241958 ) ) ;
#6424 = EDGE_CURVE ( 'NONE', #1826, #5806, #2864, .T. ) ;
#6425 = VERTEX_POINT ( 'NONE', #3808 ) ;
#6426 = CARTESIAN_POINT ( 'NONE',  ( -1.475000000000007638, 0.04665063509461157831, -0.3844253723437463521 ) ) ;
#6427 = CARTESIAN_POINT ( 'NONE',  ( -9.144455000759798487E-16, -0.09330127018922626525, -4.000000000000000000 ) ) ;
#6428 = CARTESIAN_POINT ( 'NONE',  ( -0.1182902990525676462, -1.465425947314953570, -2.180531231929966562 ) ) ;
#6429 = CARTESIAN_POINT ( 'NONE',  ( 0.000000000000000000, 4.336808689942017736E-16, 6.195034570514509120 ) ) ;
#6430 = CARTESIAN_POINT ( 'NONE',  ( 1.475000000000008082, 0.1695193230720038191, -1.048385778936682611 ) ) ;
#6431 = CARTESIAN_POINT ( 'NONE',  ( -0.5324716204974864198, 1.374768105607606206, 0.6025428183670112903 ) ) ;
#6432 = CALENDAR_DATE ( 2026, 16, 6 ) ;
#6433 = EDGE_LOOP ( 'NONE', ( #3215, #5153, #3420, #2955, #4149 ) ) ;
#6434 = CARTESIAN_POINT ( 'NONE',  ( -1.475000000000008527, -0.09035811372578358980, -1.379196918235121805 ) ) ;
#6435 = ORIENTED_EDGE ( 'NONE', *, *, #3498, .T. ) ;
#6436 = CARTESIAN_POINT ( 'NONE',  ( -0.6592475780754359915, 1.322566527444944073, 2.608363584901788546 ) ) ;
#6437 = CARTESIAN_POINT ( 'NONE',  ( -0.1031503625299907551, -1.293464506274183190, -3.581171676996809161 ) ) ;
#6438 = CARTESIAN_POINT ( 'NONE',  ( -0.8840870061374976885, 1.192755423128870840, 2.046664675211880446 ) ) ;
#6439 = CARTESIAN_POINT ( 'NONE',  ( 1.006962788129352804, 0.5813702367904166612, -1.770833333333332593 ) ) ;
#6440 = DIRECTION ( 'NONE',  ( 0.000000000000000000, 0.000000000000000000, 1.000000000000000000 ) ) ;
#6441 = CARTESIAN_POINT ( 'NONE',  ( 0.8744335254195679807, -1.514563293868264715, -0.6614583333333329263 ) ) ;
#6442 = CARTESIAN_POINT ( 'NONE',  ( -1.348753460210675437, 0.6388952525692714879, -1.910792235217104285 ) ) ;
#6443 = CARTESIAN_POINT ( 'NONE',  ( -1.342617050839136628, 2.100662233955227642E-17, -3.125000000000000000 ) ) ;
#6444 = ORIENTED_EDGE ( 'NONE', *, *, #6144, .T. ) ;
#6445 = CARTESIAN_POINT ( 'NONE',  ( -1.423946399209847682E-16, -1.162740473580835987, 4.062500000000000888 ) ) ;
#6446 = CARTESIAN_POINT ( 'NONE',  ( -1.348776801269685910, 0.6388452785093615693, -1.848289569215787242 ) ) ;
#6447 = CARTESIAN_POINT ( 'NONE',  ( 1.748867050839136850, -5.584308906228670401E-16, -0.6093750000000009992 ) ) ;
#6448 = EDGE_CURVE ( 'NONE', #3830, #6232, #3731, .T. ) ;
#6449 = FACE_OUTER_BOUND ( 'NONE', #488, .T. ) ;
#6450 = CARTESIAN_POINT ( 'NONE',  ( 0.000000000000000000, 1.162740473580835321, -2.250000000000000444 ) ) ;
#6451 = CARTESIAN_POINT ( 'NONE',  ( -0.6713085254195686469, -1.162740473580835765, 0.4583333333333332038 ) ) ;
#6452 = B_SPLINE_CURVE_WITH_KNOTS ( 'NONE', 3,
 ( #6781, #2333, #85, #5028, #1717, #117, #1317, #2922, #5596, #1859 ),
 .UNSPECIFIED., .F., .F.,
 ( 4, 2, 2, 2, 4 ),
 ( 0.000000000000000000, 0.0004068535042414620504, 0.0008137070084829241007, 0.001220560512724386260, 0.001627414016965848201 ),
 .UNSPECIFIED. ) ;
#6453 = EDGE_LOOP ( 'NONE', ( #1156, #5464, #4663, #6771 ) ) ;
#6454 = PRODUCT_DEFINITION_SHAPE ( 'NONE', 'NONE',  #5712 ) ;
#6455 = CARTESIAN_POINT ( 'NONE',  ( -1.006962788129352360, 0.5813702367904176604, -2.604166666666666075 ) ) ;
#6456 = CARTESIAN_POINT ( 'NONE',  ( 1.475000000000007860, -0.09007440577179379182, -0.1393651265707218645 ) ) ;
#6457 = CARTESIAN_POINT ( 'NONE',  ( 0.6713085254195677587, -1.162740473580835765, -1.895833333333332593 ) ) ;
#6458 = CARTESIAN_POINT ( 'NONE',  ( 1.444434089079066563, 0.2873655222767143025, -2.120043577269705271 ) ) ;
#6459 = EDGE_LOOP ( 'NONE', ( #690, #6728, #4552, #7028 ) ) ;
#6460 = CARTESIAN_POINT ( 'NONE',  ( 1.227676249187600099, 0.8486071336999758685, -1.577458901883770803 ) ) ;
#6461 = EDGE_CURVE ( 'NONE', #3074, #4303, #2424, .T. ) ;
#6462 = CARTESIAN_POINT ( 'NONE',  ( 0.9807738445987307374, 1.118337879647048227, 1.007375491981503002 ) ) ;
#6463 = VERTEX_POINT ( 'NONE', #2727 ) ;
#6464 = CARTESIAN_POINT ( 'NONE',  ( 0.8157524219245784192, -1.232208413719159346, 1.787469748431544048 ) ) ;
#6465 = CARTESIAN_POINT ( 'NONE',  ( 0.8843080402127000417, 1.192627809046052034, -0.05578088772998484463 ) ) ;
#6466 = CARTESIAN_POINT ( 'NONE',  ( 0.8843080402127023731, 1.192627809046050480, 1.444219112270016092 ) ) ;
#6467 = DIRECTION ( 'NONE',  ( 0.000000000000000000, 0.000000000000000000, 1.000000000000000000 ) ) ;
#6468 = DIRECTION ( 'NONE',  ( 0.000000000000000000, 0.000000000000000000, 1.000000000000000000 ) ) ;
#6469 = CARTESIAN_POINT ( 'NONE',  ( 0.1072203189436805038, -1.323041598672625607, -3.339075284312204683 ) ) ;
#6470 = ORIENTED_EDGE ( 'NONE', *, *, #439, .T. ) ;
#6471 = CARTESIAN_POINT ( 'NONE',  ( -0.8155067236291656529, -1.232350267696155743, 1.193968206762611617 ) ) ;
#6472 = EDGE_CURVE ( 'NONE', #2523, #2286, #2173, .T. ) ;
#6473 = ORIENTED_EDGE ( 'NONE', *, *, #5291, .T. ) ;
#6474 = DIRECTION ( 'NONE',  ( 1.000000000000000000, 0.000000000000000000, 0.000000000000000000 ) ) ;
#6475 = DIRECTION ( 'NONE',  ( 0.1045284632676537068, 0.000000000000000000, -0.9945218953682734009 ) ) ;
#6476 = DIRECTION ( 'NONE',  ( 0.000000000000000000, 0.000000000000000000, 1.000000000000000000 ) ) ;
#6477 = CARTESIAN_POINT ( 'NONE',  ( 1.006962788129352804, 0.5813702367904165502, 0.7291666666666670737 ) ) ;
#6478 = CARTESIAN_POINT ( 'NONE',  ( 1.325824185858875293, 0.04665063509461363223, -3.214939509040530385 ) ) ;
#6479 = CARTESIAN_POINT ( 'NONE',  ( -1.311650288129352804, -0.7572816469341320245, 0.7135416666666669627 ) ) ;
#6480 = DIRECTION ( 'NONE',  ( 0.000000000000000000, 0.000000000000000000, 1.000000000000000000 ) ) ;
#6481 = CARTESIAN_POINT ( 'NONE',  ( -0.6713085254195682028, 1.162740473580835321, -0.2083333333333338144 ) ) ;
#6482 = ORIENTED_EDGE ( 'NONE', *, *, #4561, .F. ) ;
#6483 = CARTESIAN_POINT ( 'NONE',  ( -1.160968254304364455, -0.8237311621875682555, -2.367003720763353414 ) ) ;
#6484 = CARTESIAN_POINT ( 'NONE',  ( -0.1360432288665837097, 1.462428290740636516, 0.4922842708752405705 ) ) ;
#6485 = CARTESIAN_POINT ( 'NONE',  ( 1.311650288129353248, 0.7572816469341308032, -1.067708333333334592 ) ) ;
#6486 = DIRECTION ( 'NONE',  ( 0.000000000000000000, 0.000000000000000000, 1.000000000000000000 ) ) ;
#6487 = CARTESIAN_POINT ( 'NONE',  ( -1.006962788129352582, 0.5813702367904177715, -2.166666666666666963 ) ) ;
#6488 = CARTESIAN_POINT ( 'NONE',  ( -1.006962788129352582, 0.5813702367904174384, 1.333333333333333037 ) ) ;
#6489 = EDGE_CURVE ( 'NONE', #1376, #36, #1120, .T. ) ;
#6490 = CARTESIAN_POINT ( 'NONE',  ( -1.006962788129352582, -0.5813702367904175494, -3.020833333333333037 ) ) ;
#6491 = DIRECTION ( 'NONE',  ( 1.000000000000000000, 0.000000000000000000, 0.000000000000000000 ) ) ;
#6492 = CARTESIAN_POINT ( 'NONE',  ( -1.006962788129352582, -0.5813702367904176604, -0.5208333333333328152 ) ) ;
#6493 = B_SPLINE_CURVE_WITH_KNOTS ( 'NONE', 3,
 ( #756, #214, #5254, #1958, #3484, #1300, #3553, #4171, #4100, #5833 ),
 .UNSPECIFIED., .F., .F.,
 ( 4, 2, 2, 2, 4 ),
 ( 1.219727444046192488E-19, 0.0003092908362172230581, 0.0006185816724344460078, 0.0009278725086516690116, 0.001237163344868892016 ),
 .UNSPECIFIED. ) ;
#6494 = DIRECTION ( 'NONE',  ( 0.000000000000000000, 0.000000000000000000, 1.000000000000000000 ) ) ;
#6495 = ORIENTED_EDGE ( 'NONE', *, *, #4925, .F. ) ;
#6496 = DIRECTION ( 'NONE',  ( 0.000000000000000000, 0.000000000000000000, -1.000000000000000000 ) ) ;
#6497 = EDGE_CURVE ( 'NONE', #3594, #2573, #6650, .T. ) ;
#6498 = CARTESIAN_POINT ( 'NONE',  ( -1.475000000000008082, 0.1692640949063657363, 2.182501991454784296 ) ) ;
#6499 = ORIENTED_EDGE ( 'NONE', *, *, #4598, .F. ) ;
#6500 = CARTESIAN_POINT ( 'NONE',  ( -9.144455000759798487E-16, -0.09330127018922626525, -4.000000000000000000 ) ) ;
#6501 = CARTESIAN_POINT ( 'NONE',  ( 1.348753460210677657, 0.6388952525692658257, 1.473292235217104507 ) ) ;
#6502 = CARTESIAN_POINT ( 'NONE',  ( -9.144455000759798487E-16, -0.09330127018922626525, -4.000000000000000000 ) ) ;
#6503 = CARTESIAN_POINT ( 'NONE',  ( 0.2715616379965447025, 1.444556979311147682, 0.9722830902337564751 ) ) ;
#6504 = CARTESIAN_POINT ( 'NONE',  ( 1.115481102915919731, -0.9573318031974858977, -0.6043186761362160375 ) ) ;
#6505 = CARTESIAN_POINT ( 'NONE',  ( -1.475000000000007638, 0.04665063509461100932, -4.000000000000000000 ) ) ;
#6506 = ORIENTED_EDGE ( 'NONE', *, *, #6412, .F. ) ;
#6507 = CARTESIAN_POINT ( 'NONE',  ( 0.1211321603579906953, -1.487497613189343815, -1.681622902549119614 ) ) ;
#6508 = ORIENTED_EDGE ( 'NONE', *, *, #6106, .T. ) ;
#6509 = CARTESIAN_POINT ( 'NONE',  ( -1.474999999999663691, -0.06798364069784561259, 3.119949239171250888 ) ) ;
#6510 = EDGE_CURVE ( 'NONE', #4056, #3248, #2079, .T. ) ;
#6511 = CARTESIAN_POINT ( 'NONE',  ( 0.7779006350946136017, 1.254062153034748217, 2.948907960989587185 ) ) ;
#6512 = EDGE_LOOP ( 'NONE', ( #5109, #6997, #2678, #1449 ) ) ;
#6513 = CARTESIAN_POINT ( 'NONE',  ( -0.6713085254195685359, -1.162740473580835765, 1.520833333333334147 ) ) ;
#6514 = CARTESIAN_POINT ( 'NONE',  ( -1.748867050839136850, -3.596006084964385639E-16, 2.671875000000000000 ) ) ;
#6515 = CARTESIAN_POINT ( 'NONE',  ( 0.000000000000000000, 0.000000000000000000, 4.000000000000000000 ) ) ;
#6516 = B_SPLINE_CURVE_WITH_KNOTS ( 'NONE', 3,
 ( #598, #2305, #5536, #5096, #1753, #2790 ),
 .UNSPECIFIED., .F., .F.,
 ( 4, 2, 4 ),
 ( 5.421010862427522170E-20, 0.0004326439807389258056, 0.0008652879614778515027 ),
 .UNSPECIFIED. ) ;
#6517 = CARTESIAN_POINT ( 'NONE',  ( 1.006962788129353026, 0.5813702367904167723, -1.833333333333333481 ) ) ;
#6518 = CYLINDRICAL_SURFACE ( 'NONE', #1643, 1.555801270189232755 ) ;
#6519 = CARTESIAN_POINT ( 'NONE',  ( 0.5324716204974864198, 1.374768105607605539, 0.4599571816329878771 ) ) ;
#6520 = CARTESIAN_POINT ( 'NONE',  ( -0.8744335254195688689, -1.514563293868264049, 3.723958333333331705 ) ) ;
#6521 = CARTESIAN_POINT ( 'NONE',  ( 0.6970993649053929264, -1.300712788129358088, -4.000000000000000000 ) ) ;
#6522 = CARTESIAN_POINT ( 'NONE',  ( 1.006962788129352360, -0.5813702367904185486, -0.9166666666666671848 ) ) ;
#6523 = CARTESIAN_POINT ( 'NONE',  ( 1.006962788129353026, 0.5813702367904166612, -0.3333333333333339255 ) ) ;
#6524 = AXIS2_PLACEMENT_3D ( 'NONE', #1238, #592, #661 ) ;
#6525 = DIRECTION ( 'NONE',  ( 0.000000000000000000, 0.000000000000000000, 1.000000000000000000 ) ) ;
#6526 = CARTESIAN_POINT ( 'NONE',  ( 0.09869216703919843348, -1.173350339806535914, -3.999999999999999112 ) ) ;
#6527 = CARTESIAN_POINT ( 'NONE',  ( -1.423946399209847682E-16, -1.162740473580835543, -1.437499999999999556 ) ) ;
#6528 = AXIS2_PLACEMENT_3D ( 'NONE', #2772, #3419, #5613 ) ;
#6529 = CARTESIAN_POINT ( 'NONE',  ( 0.8797750621116821046, 1.186733688141207388, -2.060031549837202380 ) ) ;
#6530 = VERTEX_POINT ( 'NONE', #4653 ) ;
#6531 = CARTESIAN_POINT ( 'NONE',  ( -1.279008244201977673, -0.4495961644012830272, -2.926731812313424719 ) ) ;
#6532 = CARTESIAN_POINT ( 'NONE',  ( 1.227644640911699669, 0.8486523346799739187, 0.9850437641175469050 ) ) ;
#6533 = ORIENTED_EDGE ( 'NONE', *, *, #2824, .T. ) ;
#6534 = CARTESIAN_POINT ( 'NONE',  ( -0.08080127018922669824, 0.04665063509461348651, -2.000000000000000000 ) ) ;
#6535 = CARTESIAN_POINT ( 'NONE',  ( -0.5324716204974864198, 1.374768105607605984, -1.897457181632988821 ) ) ;
#6536 = CARTESIAN_POINT ( 'NONE',  ( -1.456819914017538187, -0.2262501026587140363, -1.873376151700345327 ) ) ;
#6537 = DIRECTION ( 'NONE',  ( -0.000000000000000000, -0.000000000000000000, 1.000000000000000000 ) ) ;
#6538 = CARTESIAN_POINT ( 'NONE',  ( 0.7779006350946136017, 1.254062153034748217, 2.024990081922747098 ) ) ;
#6539 = CARTESIAN_POINT ( 'NONE',  ( 0.6166163791711026798, -1.161312167692726494, -3.310962634755588940 ) ) ;
#6540 = ORIENTED_EDGE ( 'NONE', *, *, #7104, .F. ) ;
#6541 = CARTESIAN_POINT ( 'NONE',  ( -9.144455000759798487E-16, -0.09330127018922626525, -4.000000000000000000 ) ) ;
#6542 = ORIENTED_EDGE ( 'NONE', *, *, #215, .F. ) ;
#6543 = CARTESIAN_POINT ( 'NONE',  ( -1.260848045261875994, 0.5964234494404553333, -2.792092642561521565 ) ) ;
#6544 = FACE_OUTER_BOUND ( 'NONE', #699, .T. ) ;
#6545 = CARTESIAN_POINT ( 'NONE',  ( 0.000000000000000000, 0.000000000000000000, -19.05000000000000071 ) ) ;
#6546 = CARTESIAN_POINT ( 'NONE',  ( 1.006962788129352804, 0.5813702367904164392, 1.729166666666666963 ) ) ;
#6547 = CARTESIAN_POINT ( 'NONE',  ( -0.8744335254195688689, -1.514563293868264049, 1.255208333333333925 ) ) ;
#6548 = CARTESIAN_POINT ( 'NONE',  ( 0.7506624053238617478, 1.206884155163569172, -2.443675158675561399 ) ) ;
#6549 = EDGE_CURVE ( 'NONE', #2013, #2515, #2409, .T. ) ;
#6550 = CARTESIAN_POINT ( 'NONE',  ( 1.342617050839136628, -5.351724260042795251E-16, 0.1249999999999992506 ) ) ;
#6551 = DIRECTION ( 'NONE',  ( 0.000000000000000000, 0.000000000000000000, 1.000000000000000000 ) ) ;
#6552 = CARTESIAN_POINT ( 'NONE',  ( 1.468915691876008234, 0.04665063509461363223, -2.049552713136391535 ) ) ;
#6553 = CARTESIAN_POINT ( 'NONE',  ( 0.8744335254195692020, 1.514563293868262939, 3.973958333333331705 ) ) ;
#6554 = DIRECTION ( 'NONE',  ( 1.000000000000000000, 0.000000000000000000, 0.000000000000000000 ) ) ;
#6555 = CARTESIAN_POINT ( 'NONE',  ( -1.342617050839136628, -1.888389594318356709E-16, -0.1250000000000001110 ) ) ;
#6556 = CARTESIAN_POINT ( 'NONE',  ( -1.423946399209847929E-16, -1.162740473580835987, 2.999999999999999112 ) ) ;
#6557 = EDGE_CURVE ( 'NONE', #292, #2559, #3380, .T. ) ;
#6558 = B_SPLINE_CURVE_WITH_KNOTS ( 'NONE', 3,
 ( #1676, #6121, #4402, #3254 ),
 .UNSPECIFIED., .F., .F.,
 ( 4, 4 ),
 ( 0.001096223576753625230, 0.001455292041339356591 ),
 .UNSPECIFIED. ) ;
#6559 = DIRECTION ( 'NONE',  ( 0.000000000000000000, 0.000000000000000000, 1.000000000000000000 ) ) ;
#6560 = CARTESIAN_POINT ( 'NONE',  ( 0.6713085254195677587, -1.162740473580835765, -1.395833333333332593 ) ) ;
#6561 = DIRECTION ( 'NONE',  ( -0.000000000000000000, -1.000000000000000000, -0.000000000000000000 ) ) ;
#6562 = ORIENTED_EDGE ( 'NONE', *, *, #5491, .T. ) ;
#6563 = CARTESIAN_POINT ( 'NONE',  ( -0.7270937342388452684, 1.166062019377440695, -2.827578003002292117 ) ) ;
#6564 = CARTESIAN_POINT ( 'NONE',  ( -1.152562564150563684, 0.9466126766718959695, 2.134178715903499501 ) ) ;
#6565 = ORIENTED_EDGE ( 'NONE', *, *, #5435, .T. ) ;
#6566 = DIRECTION ( 'NONE',  ( 1.000000000000000000, 0.000000000000000000, 0.000000000000000000 ) ) ;
#6567 = CARTESIAN_POINT ( 'NONE',  ( 0.5344704030327324107, 1.374150139869401599, 1.044733251310642652 ) ) ;
#6568 = DIRECTION ( 'NONE',  ( 1.000000000000000000, 0.000000000000000000, 0.000000000000000000 ) ) ;
#6569 = CARTESIAN_POINT ( 'NONE',  ( -0.7779006350946149340, 1.254062153034747551, -0.8864079609895877399 ) ) ;
#6570 = CARTESIAN_POINT ( 'NONE',  ( 1.163198028991724531, -0.4028559723888139876, -3.938695927219643789 ) ) ;
#6571 = LINE ( 'NONE', #1640, #4779 ) ;
#6572 = ORIENTED_EDGE ( 'NONE', *, *, #766, .T. ) ;
#6573 = CARTESIAN_POINT ( 'NONE',  ( 0.6594932763708403201, 1.322424673467951672, -0.4648015400959460974 ) ) ;
#6574 = EDGE_CURVE ( 'NONE', #5031, #6607, #5969, .T. ) ;
#6575 = ORIENTED_EDGE ( 'NONE', *, *, #2960, .T. ) ;
#6576 = FACE_OUTER_BOUND ( 'NONE', #2441, .T. ) ;
#6577 = CARTESIAN_POINT ( 'NONE',  ( 0.6316319212228705959, -1.187319849429575358, -3.066379082208753992 ) ) ;
#6578 = CARTESIAN_POINT ( 'NONE',  ( 0.9243482935200518780, -1.148518002948891725, -0.7067094850336792522 ) ) ;
#6579 = CARTESIAN_POINT ( 'NONE',  ( 0.6713085254195687579, 1.162740473580834433, 2.270833333333333481 ) ) ;
#6580 = CARTESIAN_POINT ( 'NONE',  ( 0.8744335254195679807, -1.514563293868264937, 2.338541666666666519 ) ) ;
#6581 = CARTESIAN_POINT ( 'NONE',  ( 0.6713085254195678697, -1.162740473580835987, -1.458333333333333703 ) ) ;
#6582 = CARTESIAN_POINT ( 'NONE',  ( -1.475000000000007860, -0.09035811372578361755, -0.3791969182351221934 ) ) ;
#6583 = EDGE_LOOP ( 'NONE', ( #6125, #3571, #6178, #5259 ) ) ;
#6584 = CARTESIAN_POINT ( 'NONE',  ( -0.1806920524772112346, 0.4362292037035071512, 4.899999999999999467 ) ) ;
#6585 = CARTESIAN_POINT ( 'NONE',  ( -1.854805089941841679E-16, -1.514563293868264271, 1.765624999999998890 ) ) ;
#6586 = CARTESIAN_POINT ( 'NONE',  ( -0.7779006350946147119, 1.254062153034748439, -2.000000000000000000 ) ) ;
#6587 = CARTESIAN_POINT ( 'NONE',  ( 0.6713085254195678697, -1.162740473580835987, 0.04166666666666641455 ) ) ;
#6588 = B_SPLINE_CURVE_WITH_KNOTS ( 'NONE', 3,
 ( #1155, #3320, #6632, #6019 ),
 .UNSPECIFIED., .F., .F.,
 ( 4, 4 ),
 ( 0.003633378778187810673, 0.004975574600634408498 ),
 .UNSPECIFIED. ) ;
#6589 = CARTESIAN_POINT ( 'NONE',  ( -1.342617050839136628, -4.686330684603529792E-16, 3.874999999999999556 ) ) ;
#6590 = CARTESIAN_POINT ( 'NONE',  ( -1.342617050839136406, -1.232622151282769930E-16, -1.062499999999999556 ) ) ;
#6591 = EDGE_CURVE ( 'NONE', #2771, #1829, #1650, .T. ) ;
#6592 = CARTESIAN_POINT ( 'NONE',  ( 0.4880887653811167293, -1.120915199462591660, -3.999999999999999112 ) ) ;
#6593 = CARTESIAN_POINT ( 'NONE',  ( 1.006962788129352138, -0.5813702367904187707, 3.145833333333333925 ) ) ;
#6594 = EDGE_CURVE ( 'NONE', #3955, #73, #1902, .T. ) ;
#6595 = CARTESIAN_POINT ( 'NONE',  ( -1.152121818957297261, 0.9470596902539569761, 1.570478190449158040 ) ) ;
#6596 = VERTEX_POINT ( 'NONE', #3566 ) ;
#6597 = CARTESIAN_POINT ( 'NONE',  ( 0.9804069721108334967, 1.118711047843709894, -1.560827666609678754 ) ) ;
#6598 = CARTESIAN_POINT ( 'NONE',  ( 0.9807738445987358444, 1.118337879647043343, -0.4926245080184974978 ) ) ;
#6599 = ORIENTED_EDGE ( 'NONE', *, *, #5883, .F. ) ;
#6600 = CARTESIAN_POINT ( 'NONE',  ( -0.4786287008715525704, -1.408412867817216307, 1.289994333276344829 ) ) ;
#6601 = LINE ( 'NONE', #5015, #3781 ) ;
#6602 = CARTESIAN_POINT ( 'NONE',  ( -1.854805089941841679E-16, -1.514563293868264271, -2.234375000000001332 ) ) ;
#6603 = CARTESIAN_POINT ( 'NONE',  ( 1.475000000000007416, 0.04665063509461379876, 0.8708432514105854949 ) ) ;
#6604 = CARTESIAN_POINT ( 'NONE',  ( 0.9791604258076480605, -0.2664333618311696683, 6.314688136532695673 ) ) ;
#6605 = ORIENTED_EDGE ( 'NONE', *, *, #111, .T. ) ;
#6606 = CARTESIAN_POINT ( 'NONE',  ( 0.7779006350946156001, 1.254062153034747107, -0.4750099180772531793 ) ) ;
#6607 = VERTEX_POINT ( 'NONE', #4113 ) ;
#6608 = CARTESIAN_POINT ( 'NONE',  ( 0.2435093434669513557, -1.471454798341269798, 0.2616546174298307048 ) ) ;
#6609 = CARTESIAN_POINT ( 'NONE',  ( 0.000000000000000000, 4.336808689942017736E-16, 5.785601311043761186 ) ) ;
#6610 = FACE_OUTER_BOUND ( 'NONE', #1817, .T. ) ;
#6611 = CARTESIAN_POINT ( 'NONE',  ( -0.6713085254195685359, -1.162740473580835765, 3.020833333333333481 ) ) ;
#6612 = VERTEX_POINT ( 'NONE', #802 ) ;
#6613 = CARTESIAN_POINT ( 'NONE',  ( -1.748867050839136850, -2.546778176107447088E-16, 1.171875000000000000 ) ) ;
#6614 = CARTESIAN_POINT ( 'NONE',  ( -1.006962788129352582, 0.5813702367904176604, -1.666666666666666963 ) ) ;
#6615 = DIRECTION ( 'NONE',  ( -1.000000000000000000, -3.392991567548722468E-15, 0.000000000000000000 ) ) ;
#6616 = ORIENTED_EDGE ( 'NONE', *, *, #3455, .T. ) ;
#6617 = CIRCLE ( 'NONE', #2581, 1.565079678693066301 ) ;
#6618 = CARTESIAN_POINT ( 'NONE',  ( -1.311650288129352804, -0.7572816469341321355, 3.682291666666665186 ) ) ;
#6619 = CARTESIAN_POINT ( 'NONE',  ( -0.7473496767568542642, 1.201146340973827220, -2.497635176818679970 ) ) ;
#6620 = CARTESIAN_POINT ( 'NONE',  ( 1.342617050839136628, -6.750694805185382285E-16, 2.124999999999999112 ) ) ;
#6621 = CARTESIAN_POINT ( 'NONE',  ( -0.6713085254195686469, -1.162740473580835987, 3.958333333333332593 ) ) ;
#6622 = CONICAL_SURFACE ( 'NONE', #6390, 1.555801270189233199, 0.1221730476396033355 ) ;
#6623 = AXIS2_PLACEMENT_3D ( 'NONE', #5317, #316, #4739 ) ;
#6624 = CARTESIAN_POINT ( 'NONE',  ( -1.006962788129352360, 0.5813702367904174384, -0.1041666666666664631 ) ) ;
#6625 = CARTESIAN_POINT ( 'NONE',  ( 0.7082663463332781184, -1.078228149913262435, -3.523757193552496947 ) ) ;
#6626 = CARTESIAN_POINT ( 'NONE',  ( 0.6713085254195677587, -1.162740473580835987, 2.104166666666667407 ) ) ;
#6627 = CARTESIAN_POINT ( 'NONE',  ( 1.336696264392556177, -0.2026911359055303397, -2.993444271850283389 ) ) ;
#6628 = VECTOR ( 'NONE', #6809, 1000.000000000000000 ) ;
#6629 = ORIENTED_EDGE ( 'NONE', *, *, #1350, .F. ) ;
#6630 = EDGE_CURVE ( 'NONE', #5548, #3425, #2698, .T. ) ;
#6631 = EDGE_CURVE ( 'NONE', #2156, #1641, #418, .T. ) ;
#6632 = CARTESIAN_POINT ( 'NONE',  ( -1.434537303156614874, 0.2084632626475566575, 5.763139485452333233 ) ) ;
#6633 = ORIENTED_EDGE ( 'NONE', *, *, #5007, .F. ) ;
#6634 = CARTESIAN_POINT ( 'NONE',  ( 1.456819914017537299, -0.2262501026587140085, 1.935876151700344439 ) ) ;
#6635 = CONICAL_SURFACE ( 'NONE', #1775, 1.555801270189232977, 0.1221730476396033355 ) ;
#6636 = CARTESIAN_POINT ( 'NONE',  ( 0.1343981099702046544, 1.462571274368297480, -0.5210705748088668710 ) ) ;
#6637 = CARTESIAN_POINT ( 'NONE',  ( 1.748867050839136850, -4.884823633657376390E-16, -1.609375000000000888 ) ) ;
#6638 = CARTESIAN_POINT ( 'NONE',  ( 1.475000000000007638, 0.04665063509461170321, -4.000000000000000000 ) ) ;
#6639 = CARTESIAN_POINT ( 'NONE',  ( 0.5344704030327204203, 1.374150139869406040, 2.044733251310644651 ) ) ;
#6640 = ORIENTED_EDGE ( 'NONE', *, *, #2129, .F. ) ;
#6641 = CARTESIAN_POINT ( 'NONE',  ( -1.475000000000007860, 0.04665063509460937174, 0.6916567485894139500 ) ) ;
#6642 = ADVANCED_FACE ( 'NONE', ( #1499 ), #3289, .T. ) ;
#6643 = VERTEX_POINT ( 'NONE', #7113 ) ;
#6644 = CARTESIAN_POINT ( 'NONE',  ( -0.1211321603579911255, -1.487497613189342704, 0.2441229025491181703 ) ) ;
#6645 = DIRECTION ( 'NONE',  ( -0.9238795325112857393, 0.3826834323650922243, 0.000000000000000000 ) ) ;
#6646 = CARTESIAN_POINT ( 'NONE',  ( 1.115242222299293706, -0.9574577668538922781, -0.6943835764329112648 ) ) ;
#6647 = CARTESIAN_POINT ( 'NONE',  ( 1.006962788129352138, -0.5813702367904187707, 3.645833333333333481 ) ) ;
#6648 = ORIENTED_EDGE ( 'NONE', *, *, #2044, .F. ) ;
#6649 = CARTESIAN_POINT ( 'NONE',  ( 1.311650288129352582, -0.7572816469341331347, 3.380208333333333037 ) ) ;
#6650 = B_SPLINE_CURVE_WITH_KNOTS ( 'NONE', 3,
 ( #5660, #694, #2918, #6312, #192, #6348, #1855, #5161, #2995, #1425 ),
 .UNSPECIFIED., .F., .F.,
 ( 4, 2, 2, 2, 4 ),
 ( 0.000000000000000000, 0.0003638230103348395815, 0.0007276460206696791630, 0.001091469031004518690, 0.001455292041339358326 ),
 .UNSPECIFIED. ) ;
#6651 = CARTESIAN_POINT ( 'NONE',  ( -1.342617050839136628, -2.238132230604002728E-16, 0.3749999999999994449 ) ) ;
#6652 = VECTOR ( 'NONE', #1004, 1000.000000000000000 ) ;
#6653 = CARTESIAN_POINT ( 'NONE',  ( 0.2441168411814954309, -1.471296608598333444, 2.825355142884174775 ) ) ;
#6654 = VERTEX_POINT ( 'NONE', #4807 ) ;
#6655 = CARTESIAN_POINT ( 'NONE',  ( 0.000000000000000000, 1.514563293868263605, 3.015624999999999112 ) ) ;
#6656 = CARTESIAN_POINT ( 'NONE',  ( 1.342617050839136628, -6.051209532614089261E-16, 1.124999999999999334 ) ) ;
#6657 = CARTESIAN_POINT ( 'NONE',  ( 1.342617050839136628, -7.799922714042321328E-16, 3.624999999999999556 ) ) ;
#6658 = EDGE_CURVE ( 'NONE', #5812, #701, #4784, .T. ) ;
#6659 = CARTESIAN_POINT ( 'NONE',  ( -0.6713085254195680918, 1.162740473580835099, -1.145833333333332815 ) ) ;
#6660 = CARTESIAN_POINT ( 'NONE',  ( 1.458895936088131950, 0.2902061249663188125, 2.388457841351831146 ) ) ;
#6661 = CARTESIAN_POINT ( 'NONE',  ( 0.6713085254195677587, -1.162740473580835987, 1.604166666666666741 ) ) ;
#6662 = DIRECTION ( 'NONE',  ( 0.000000000000000000, -0.1045284632676539011, 0.9945218953682734009 ) ) ;
#6663 = VERTEX_POINT ( 'NONE', #6538 ) ;
#6664 = LOCAL_TIME ( 13, 46, 17.00000000000000000, #4730 ) ;
#6665 = CARTESIAN_POINT ( 'NONE',  ( 1.354280597994049984, 0.04665063509461363223, -2.983180630514448151 ) ) ;
#6666 = VERTEX_POINT ( 'NONE', #1639 ) ;
#6667 = CARTESIAN_POINT ( 'NONE',  ( 0.4781220914894073193, -1.408544004613354383, 1.340708825314836927 ) ) ;
#6668 = CARTESIAN_POINT ( 'NONE',  ( 1.340687792784502008, 0.2694180765158747382, -2.974116642924910181 ) ) ;
#6669 = CARTESIAN_POINT ( 'NONE',  ( 1.386814212877748753, -0.4873690709679227573, 0.8334853428028828892 ) ) ;
#6670 = DIRECTION ( 'NONE',  ( -1.000000000000000000, 0.000000000000000000, 0.000000000000000000 ) ) ;
#6671 = ADVANCED_FACE ( 'NONE', ( #5451 ), #5489, .T. ) ;
#6672 = EDGE_LOOP ( 'NONE', ( #2601, #4213, #4799, #2970 ) ) ;
#6673 = CARTESIAN_POINT ( 'NONE',  ( 0.6970993649053937036, -1.300712788129357866, 0.2822412943229200000 ) ) ;
#6674 = ORIENTED_EDGE ( 'NONE', *, *, #7171, .F. ) ;
#6675 = LINE ( 'NONE', #3393, #1431 ) ;
#6676 = CARTESIAN_POINT ( 'NONE',  ( -1.438592090007884572, 0.1658531177882326679, -2.296518631694367318 ) ) ;
#6677 = DIRECTION ( 'NONE',  ( 0.000000000000000000, 0.000000000000000000, 1.000000000000000000 ) ) ;
#6678 = EDGE_CURVE ( 'NONE', #4397, #4734, #5184, .T. ) ;
#6679 = ORIENTED_EDGE ( 'NONE', *, *, #2759, .F. ) ;
#6680 = DIRECTION ( 'NONE',  ( 1.000000000000000000, 0.000000000000000000, 0.000000000000000000 ) ) ;
#6681 = CARTESIAN_POINT ( 'NONE',  ( -1.006962788129352804, -0.5813702367904178825, 0.9166666666666662966 ) ) ;
#6682 = CARTESIAN_POINT ( 'NONE',  ( 1.253801319904916722, -0.5748348890967192037, -2.725750936866784269 ) ) ;
#6683 = ORIENTED_EDGE ( 'NONE', *, *, #2796, .T. ) ;
#6684 = CC_DESIGN_PERSON_AND_ORGANIZATION_ASSIGNMENT ( #1936, #4148, ( #3673 ) ) ;
#6685 = CARTESIAN_POINT ( 'NONE',  ( -0.6713085254195680918, 1.162740473580835543, -3.145833333333333037 ) ) ;
#6686 = CARTESIAN_POINT ( 'NONE',  ( -1.342617050839136628, -2.587874866889649733E-16, 0.8749999999999998890 ) ) ;
#6687 = CARTESIAN_POINT ( 'NONE',  ( -1.311650288129352582, 0.7572816469341321355, -2.869791666666666519 ) ) ;
#6688 = CARTESIAN_POINT ( 'NONE',  ( 0.6713085254195687579, 1.162740473580834877, 0.2708333333333338699 ) ) ;
#6689 = CARTESIAN_POINT ( 'NONE',  ( 1.199424823463227652, -0.8476778146389541968, -1.187737241475533390 ) ) ;
#6690 = CARTESIAN_POINT ( 'NONE',  ( -0.6713085254195680918, 1.162740473580835099, 1.354166666666666741 ) ) ;
#6691 = CARTESIAN_POINT ( 'NONE',  ( 0.6713085254195689799, 1.162740473580835321, -3.791666666666666963 ) ) ;
#6692 = AXIS2_PLACEMENT_3D ( 'NONE', #96, #1802, #6793 ) ;
#6693 = B_SPLINE_CURVE_WITH_KNOTS ( 'NONE', 3,
 ( #6606, #6573, #7042, #5962, #3328, #2089, #3260, #4407, #2750, #4956 ),
 .UNSPECIFIED., .F., .F.,
 ( 4, 2, 2, 2, 4 ),
 ( 0.000000000000000000, 0.0004068535042414632430, 0.0008137070084829264860, 0.001220560512724389946, 0.001627414016965853406 ),
 .UNSPECIFIED. ) ;
#6694 = EDGE_CURVE ( 'NONE', #826, #2405, #5271, .T. ) ;
#6695 = ORIENTED_EDGE ( 'NONE', *, *, #1595, .T. ) ;
#6696 = CARTESIAN_POINT ( 'NONE',  ( 0.08080127018922518556, 0.04665063509461363223, -4.000000000000000000 ) ) ;
#6697 = EDGE_LOOP ( 'NONE', ( #7105, #5231, #5617, #3820 ) ) ;
#6698 = CARTESIAN_POINT ( 'NONE',  ( -0.1210772110230782239, -1.487502386269244914, -0.1933744314495629280 ) ) ;
#6699 = CARTESIAN_POINT ( 'NONE',  ( 1.386803860295836133, -0.4870992124572584570, -0.07644975690042361827 ) ) ;
#6700 = CARTESIAN_POINT ( 'NONE',  ( -0.7779006350946131576, 1.254062153034748661, 1.113592039010412149 ) ) ;
#6701 = CARTESIAN_POINT ( 'NONE',  ( -0.6592475780754361026, 1.322566527444944295, 2.108363584901787657 ) ) ;
#6702 = EDGE_CURVE ( 'NONE', #6018, #1644, #3223, .T. ) ;
#6703 = VERTEX_POINT ( 'NONE', #453 ) ;
#6704 = CARTESIAN_POINT ( 'NONE',  ( -1.459035672982377907, 0.2897018199735129640, 1.105839000056987320 ) ) ;
#6705 = ORIENTED_EDGE ( 'NONE', *, *, #211, .T. ) ;
#6706 = CARTESIAN_POINT ( 'NONE',  ( 1.475000000000007860, -0.09007440577179398611, 0.3606348734292783020 ) ) ;
#6707 = CARTESIAN_POINT ( 'NONE',  ( 0.1343981099701963833, 1.462571274368298813, 2.478929425191133351 ) ) ;
#6708 = CARTESIAN_POINT ( 'NONE',  ( 0.000000000000000000, -1.463672932855430986E-15, 4.899999999999999467 ) ) ;
#6709 = CARTESIAN_POINT ( 'NONE',  ( 1.333822933433424396, -0.6148934597293456150, 2.416903908142198798 ) ) ;
#6710 = PERSON_AND_ORGANIZATION ( #4244, #1182 ) ;
#6711 = EDGE_LOOP ( 'NONE', ( #3000, #6363, #2359, #188 ) ) ;
#6712 = CARTESIAN_POINT ( 'NONE',  ( 1.311650288129353248, 0.7572816469341304702, 3.963541666666666519 ) ) ;
#6713 = EDGE_CURVE ( 'NONE', #1671, #5075, #4404, .T. ) ;
#6714 = ADVANCED_FACE ( 'NONE', ( #2676 ), #4879, .T. ) ;
#6715 = CARTESIAN_POINT ( 'NONE',  ( -1.342617050839136628, -2.937617503175296245E-16, 1.374999999999999556 ) ) ;
#6716 = LINE ( 'NONE', #4997, #4538 ) ;
#6717 = ORIENTED_EDGE ( 'NONE', *, *, #6020, .F. ) ;
#6718 = CARTESIAN_POINT ( 'NONE',  ( 0.6713085254195677587, -1.162740473580835765, -2.895833333333332593 ) ) ;
#6719 = CARTESIAN_POINT ( 'NONE',  ( 0.000000000000000000, 1.162740473580835099, 1.249999999999999334 ) ) ;
#6720 = CARTESIAN_POINT ( 'NONE',  ( -1.854805089941841679E-16, -1.514563293868264049, -3.203124999999999556 ) ) ;
#6721 = CARTESIAN_POINT ( 'NONE',  ( 1.152121818957297705, 0.9470596902539564210, -0.007978190449159058492 ) ) ;
#6722 = CARTESIAN_POINT ( 'NONE',  ( -1.006962788129352582, -0.5813702367904176604, -1.520833333333332815 ) ) ;
#6723 = B_SPLINE_CURVE_WITH_KNOTS ( 'NONE', 3,
 ( #5529, #593, #3395, #2234, #2819, #5026, #1615, #4483, #49, #3835 ),
 .UNSPECIFIED., .F., .F.,
 ( 4, 2, 2, 2, 4 ),
 ( 3.066586833366748373E-19, 0.0003638230103348401778, 0.0007276460206696797051, 0.001091469031004519124, 0.001455292041339358760 ),
 .UNSPECIFIED. ) ;
#6724 = LINE ( 'NONE', #3985, #1181 ) ;
#6725 = CARTESIAN_POINT ( 'NONE',  ( -1.342617050839136406, -4.030563241567941780E-16, 2.937499999999999556 ) ) ;
#6726 = CARTESIAN_POINT ( 'NONE',  ( 0.6713085254195689799, 1.162740473580835321, -3.291666666666666963 ) ) ;
#6727 = CONICAL_SURFACE ( 'NONE', #3615, 1.108613885844307756, 0.7853981633974502774 ) ;
#6728 = ORIENTED_EDGE ( 'NONE', *, *, #5615, .T. ) ;
#6729 = CARTESIAN_POINT ( 'NONE',  ( 1.342617050839136628, -3.253268442328916671E-16, -2.875000000000000888 ) ) ;
#6730 = ORIENTED_EDGE ( 'NONE', *, *, #5817, .T. ) ;
#6731 = CARTESIAN_POINT ( 'NONE',  ( -0.7779006350946149340, 1.254062153034747551, -0.4624900819227476534 ) ) ;
#6732 = CARTESIAN_POINT ( 'NONE',  ( -1.475000000000007638, 0.04665063509460933011, 1.191656748589413617 ) ) ;
#6733 = CARTESIAN_POINT ( 'NONE',  ( 0.1177436471014954716, -1.212372092318231731, 4.899999999999999467 ) ) ;
#6734 = AXIS2_PLACEMENT_3D ( 'NONE', #5059, #1242, #3463 ) ;
#6735 = DIRECTION ( 'NONE',  ( 0.000000000000000000, 0.000000000000000000, 1.000000000000000000 ) ) ;
#6736 = ORIENTED_EDGE ( 'NONE', *, *, #2866, .F. ) ;
#6737 = CYLINDRICAL_SURFACE ( 'NONE', #6277, 1.394198729810780968 ) ;
#6738 = AXIS2_PLACEMENT_3D ( 'NONE', #3399, #2413, #2303 ) ;
#6739 = ORIENTED_EDGE ( 'NONE', *, *, #1713, .F. ) ;
#6740 = CARTESIAN_POINT ( 'NONE',  ( -1.475000000000007416, -0.09007440577179919028, 1.201865126570720754 ) ) ;
#6741 = FACE_OUTER_BOUND ( 'NONE', #1861, .T. ) ;
#6742 = DIRECTION ( 'NONE',  ( -0.000000000000000000, -0.000000000000000000, 1.000000000000000000 ) ) ;
#6743 = CARTESIAN_POINT ( 'NONE',  ( 1.190620487148222884, -0.8409250722685731594, -2.089961873019204219 ) ) ;
#6744 = CARTESIAN_POINT ( 'NONE',  ( 0.7779006350946136017, 1.254062153034748217, -0.5510920390104129263 ) ) ;
#6745 = EDGE_LOOP ( 'NONE', ( #3933, #1234, #4480, #2036 ) ) ;
#6746 = CARTESIAN_POINT ( 'NONE',  ( 1.348753460210678989, 0.6388952525692660478, 2.973292235217103840 ) ) ;
#6747 = VECTOR ( 'NONE', #5218, 1000.000000000000000 ) ;
#6748 = ORIENTED_EDGE ( 'NONE', *, *, #6658, .F. ) ;
#6749 = CARTESIAN_POINT ( 'NONE',  ( -1.006962788129352804, -0.5813702367904179935, 1.916666666666666297 ) ) ;
#6750 = DIRECTION ( 'NONE',  ( 0.02078751127481450606, 0.1045058763748857172, 0.9943069954385902465 ) ) ;
#6751 = EDGE_LOOP ( 'NONE', ( #5686, #5083, #1694, #6280 ) ) ;
#6752 = CARTESIAN_POINT ( 'NONE',  ( -0.6713085254195685359, -1.162740473580835543, -2.479166666666665630 ) ) ;
#6753 = CARTESIAN_POINT ( 'NONE',  ( 1.006962788129352360, -0.5813702367904188817, 3.583333333333332593 ) ) ;
#6754 = EDGE_CURVE ( 'NONE', #3318, #4170, #2121, .T. ) ;
#6755 = CARTESIAN_POINT ( 'NONE',  ( 1.748867050839136850, -4.556939912139585096E-16, -2.078124999999999556 ) ) ;
#6756 = CARTESIAN_POINT ( 'NONE',  ( 1.475000000000007638, 0.04665063509461381958, -0.05307462765625430012 ) ) ;
#6757 = AXIS2_PLACEMENT_3D ( 'NONE', #4219, #1532, #5266 ) ;
#6758 = CARTESIAN_POINT ( 'NONE',  ( -1.006962788129352360, 0.5813702367904172164, 3.395833333333333925 ) ) ;
#6759 = CARTESIAN_POINT ( 'NONE',  ( -0.8744335254195683138, 1.514563293868264049, -3.442708333333333925 ) ) ;
#6760 = CARTESIAN_POINT ( 'NONE',  ( 1.096992945793088925, -0.9393013341948086570, -2.209116535603747433 ) ) ;
#6761 = CARTESIAN_POINT ( 'NONE',  ( 1.342617050839136628, -2.903525806043269666E-16, -3.375000000000000444 ) ) ;
#6762 = EDGE_CURVE ( 'NONE', #1491, #3398, #3974, .T. ) ;
#6763 = CARTESIAN_POINT ( 'NONE',  ( 0.000000000000000000, 1.162740473580835321, -1.750000000000000222 ) ) ;
#6764 = CARTESIAN_POINT ( 'NONE',  ( -1.423946399209847929E-16, -1.162740473580835543, -3.500000000000000444 ) ) ;
#6765 = EDGE_LOOP ( 'NONE', ( #6315, #5765, #5495, #4217 ) ) ;
#6766 = CARTESIAN_POINT ( 'NONE',  ( 1.084043132516365082, 0.7497722796139137946, -3.414644841182973511 ) ) ;
#6767 = CARTESIAN_POINT ( 'NONE',  ( 1.333822933433432389, -0.6148934597293305160, -0.08309609185780003626 ) ) ;
#6768 = CIRCLE ( 'NONE', #6692, 6.067063046836890905 ) ;
#6769 = CARTESIAN_POINT ( 'NONE',  ( -0.9804069721108378266, 1.118711047843707229, 1.123327666609678532 ) ) ;
#6770 = DIRECTION ( 'NONE',  ( 1.000000000000000000, 0.000000000000000000, 0.000000000000000000 ) ) ;
#6771 = ORIENTED_EDGE ( 'NONE', *, *, #76, .T. ) ;
#6772 = CARTESIAN_POINT ( 'NONE',  ( -0.4790027492810138843, -0.4790027492810132737, 6.362131038465223654 ) ) ;
#6773 = CARTESIAN_POINT ( 'NONE',  ( -0.9807738445987302933, 1.118337879647048894, 2.555124508018495444 ) ) ;
#6774 = ORIENTED_EDGE ( 'NONE', *, *, #6591, .F. ) ;
#6775 = CARTESIAN_POINT ( 'NONE',  ( -9.144455000759798487E-16, -0.09330127018922626525, -2.000000000000000000 ) ) ;
#6776 = CARTESIAN_POINT ( 'NONE',  ( 1.239649470263600284, 0.04665063509461363223, -3.916776246180633247 ) ) ;
#6777 = CARTESIAN_POINT ( 'NONE',  ( -0.8157524219245722019, -1.232208413719164009, 1.775030251568456174 ) ) ;
#6778 = CARTESIAN_POINT ( 'NONE',  ( 1.450047142783959186, -0.2227308426381956197, -2.059773344545499540 ) ) ;
#6779 = CARTESIAN_POINT ( 'NONE',  ( -0.5909129938625028444, -1.362019518035239463, 1.713331341878548519 ) ) ;
#6780 = ORIENTED_EDGE ( 'NONE', *, *, #596, .F. ) ;
#6781 = CARTESIAN_POINT ( 'NONE',  ( -1.475000000000007638, 0.04665063509460931623, 2.191656748589413617 ) ) ;
#6782 = EDGE_CURVE ( 'NONE', #5757, #4188, #86, .T. ) ;
#6783 = VERTEX_POINT ( 'NONE', #6733 ) ;
#6784 = CARTESIAN_POINT ( 'NONE',  ( -1.006962788129352804, -0.5813702367904179935, 2.416666666666666075 ) ) ;
#6785 = CARTESIAN_POINT ( 'NONE',  ( 0.1360432288665840150, 1.462428290740636294, -1.429784270875241514 ) ) ;
#6786 = ORIENTED_EDGE ( 'NONE', *, *, #2279, .T. ) ;
#6787 = CARTESIAN_POINT ( 'NONE',  ( 1.342617050839136406, -2.947243635578975665E-16, -3.312499999999999556 ) ) ;
#6788 = CARTESIAN_POINT ( 'NONE',  ( 0.6713085254195689799, 1.162740473580834877, 2.708333333333332149 ) ) ;
#6789 = CARTESIAN_POINT ( 'NONE',  ( 1.311650288129353248, 0.7572816469341310253, -4.036458333333333037 ) ) ;
#6790 = CARTESIAN_POINT ( 'NONE',  ( 0.8840870061374981326, 1.192755423128870396, 0.01583532478811778069 ) ) ;
#6791 = CARTESIAN_POINT ( 'NONE',  ( 1.006962788129352804, 0.5813702367904163282, 3.229166666666666519 ) ) ;
#6792 = CARTESIAN_POINT ( 'NONE',  ( 1.311650288129353248, 0.7572816469341309142, -3.067708333333334370 ) ) ;
#6793 = DIRECTION ( 'NONE',  ( 1.243449787580175010E-14, -0.1045284632676537762, 0.9945218953682732899 ) ) ;
#6794 = CARTESIAN_POINT ( 'NONE',  ( -1.342617050839136406, -4.730048514139237270E-16, 3.937500000000000888 ) ) ;
#6795 = CARTESIAN_POINT ( 'NONE',  ( 1.006962788129352360, -0.5813702367904185486, -1.916666666666667185 ) ) ;
#6796 = CARTESIAN_POINT ( 'NONE',  ( 0.1210772110230696474, -1.487502386269244026, -0.2441255685504390149 ) ) ;
#6797 = ADVANCED_FACE ( 'NONE', ( #4983 ), #3451, .T. ) ;
#6798 = EDGE_CURVE ( 'NONE', #4957, #1851, #2227, .T. ) ;
#6799 = ORIENTED_EDGE ( 'NONE', *, *, #6189, .T. ) ;
#6800 = CARTESIAN_POINT ( 'NONE',  ( 0.6933181305638075331, 1.107560957755965081, -3.377738437289245610 ) ) ;
#6801 = CARTESIAN_POINT ( 'NONE',  ( 1.115481102915923950, -0.9573318031974811237, -0.1043186761362156906 ) ) ;
#6802 = CARTESIAN_POINT ( 'NONE',  ( -0.6713085254195685359, -1.162740473580835321, -3.479166666666666075 ) ) ;
#6803 = FACE_OUTER_BOUND ( 'NONE', #4744, .T. ) ;
#6804 = ORIENTED_EDGE ( 'NONE', *, *, #2951, .F. ) ;
#6805 = CARTESIAN_POINT ( 'NONE',  ( 1.199424823463227652, -0.8476778146389543078, 2.312262758524465944 ) ) ;
#6806 = DIRECTION ( 'NONE',  ( 1.000000000000000000, 0.000000000000000000, 0.000000000000000000 ) ) ;
#6807 = EDGE_LOOP ( 'NONE', ( #3651, #107, #6804, #3765, #1025, #3342, #342, #3259 ) ) ;
#6808 = CARTESIAN_POINT ( 'NONE',  ( -0.2084632626475620421, -1.434537303156614207, 5.763139485452331456 ) ) ;
#6809 = DIRECTION ( 'NONE',  ( -1.089011069768265255E-16, -1.000000000000000000, 0.000000000000000000 ) ) ;
#6810 = CARTESIAN_POINT ( 'NONE',  ( 0.4534703196442533280, -1.336784831473852408, -2.615652329729373005 ) ) ;
#6811 = CARTESIAN_POINT ( 'NONE',  ( -0.2025952119435866783, -1.241233333511959191, -3.897115104872693525 ) ) ;
#6812 = CARTESIAN_POINT ( 'NONE',  ( -9.144455000759798487E-16, -0.09330127018922626525, -4.000000000000000000 ) ) ;
#6813 = COORDINATED_UNIVERSAL_TIME_OFFSET ( 6, 0, .BEHIND. ) ;
#6814 = ORIENTED_EDGE ( 'NONE', *, *, #538, .F. ) ;
#6815 = CARTESIAN_POINT ( 'NONE',  ( 1.475000000000007638, 0.04665063509460950358, 2.946925372343745853 ) ) ;
#6816 = ORIENTED_EDGE ( 'NONE', *, *, #4464, .T. ) ;
#6817 = CARTESIAN_POINT ( 'NONE',  ( 0.9424114216969402547, -1.002873745843210651, 3.241376935027968198 ) ) ;
#6818 = CARTESIAN_POINT ( 'NONE',  ( -1.342096135629558207, 0.2693799382225978700, -2.962544103322790612 ) ) ;
#6819 = ORIENTED_EDGE ( 'NONE', *, *, #6782, .F. ) ;
#6820 = CARTESIAN_POINT ( 'NONE',  ( -1.342617050839136406, -1.232622151282769930E-16, -1.062499999999999556 ) ) ;
#6821 = CARTESIAN_POINT ( 'NONE',  ( -1.458895936088131284, 0.2902061249663132059, -0.8259578413518304796 ) ) ;
#6822 = CARTESIAN_POINT ( 'NONE',  ( -1.311650288129352804, -0.7572816469341319134, -1.786458333333333037 ) ) ;
#6823 = DIRECTION ( 'NONE',  ( 0.9238795325112849621, 0.3826834323650940561, 0.000000000000000000 ) ) ;
#6824 = CARTESIAN_POINT ( 'NONE',  ( 1.259771325798722641, 0.04665063509461363223, -3.752896883928938276 ) ) ;
#6825 = CARTESIAN_POINT ( 'NONE',  ( 0.6713085254195677587, -1.162740473580835987, 2.604166666666666963 ) ) ;
#6826 = B_SPLINE_CURVE_WITH_KNOTS ( 'NONE', 3,
 ( #1089, #1124, #4470, #5483, #4399, #4978, #1, #1056, #101, #3353 ),
 .UNSPECIFIED., .F., .F.,
 ( 4, 2, 2, 2, 4 ),
 ( 0.000000000000000000, 0.0003638230103348395273, 0.0007276460206696790545, 0.001091469031004518690, 0.001455292041339358109 ),
 .UNSPECIFIED. ) ;
#6827 = CARTESIAN_POINT ( 'NONE',  ( -1.311650288129352582, 0.7572816469341321355, -1.901041666666667629 ) ) ;
#6828 = CARTESIAN_POINT ( 'NONE',  ( 0.8157524219245784192, -1.232208413719159124, -1.212530251568455286 ) ) ;
#6829 = CARTESIAN_POINT ( 'NONE',  ( -0.6713085254195682028, 1.162740473580835765, -3.708333333333333481 ) ) ;
#6830 = CARTESIAN_POINT ( 'NONE',  ( 1.342617050839136628, -2.903525806043269666E-16, -3.375000000000000444 ) ) ;
#6831 = ORIENTED_EDGE ( 'NONE', *, *, #2279, .F. ) ;
#6832 = CARTESIAN_POINT ( 'NONE',  ( 0.2435093434669512169, -1.471454798341270243, 0.7616546174298307603 ) ) ;
#6833 = DIRECTION ( 'NONE',  ( -0.000000000000000000, -0.000000000000000000, 1.000000000000000000 ) ) ;
#6834 = CARTESIAN_POINT ( 'NONE',  ( -0.6713085254195685359, -1.162740473580835321, -2.979166666666666075 ) ) ;
#6835 = AXIS2_PLACEMENT_3D ( 'NONE', #4778, #854, #4855 ) ;
#6836 = CARTESIAN_POINT ( 'NONE',  ( -0.1177436471014860764, 0.9495842026457561591, 4.899999999999999467 ) ) ;
#6837 = EDGE_LOOP ( 'NONE', ( #5837, #1711, #5913, #3097 ) ) ;
#6838 = CARTESIAN_POINT ( 'NONE',  ( -0.7779006350946131576, 1.254062153034748661, -1.462490081922748431 ) ) ;
#6839 = EDGE_CURVE ( 'NONE', #1644, #842, #252, .T. ) ;
#6840 = DIRECTION ( 'NONE',  ( 0.1045284632676538039, 0.000000000000000000, -0.9945218953682734009 ) ) ;
#6841 = VERTEX_POINT ( 'NONE', #5583 ) ;
#6842 = CARTESIAN_POINT ( 'NONE',  ( 0.6889753357071431994, -1.286641556795815822, -2.132329816363057073 ) ) ;
#6843 = AXIS2_PLACEMENT_3D ( 'NONE', #4866, #6525, #5904 ) ;
#6844 = CARTESIAN_POINT ( 'NONE',  ( 0.7527504613425282098, 1.005834790062680284, -3.853215807028155471 ) ) ;
#6845 = CARTESIAN_POINT ( 'NONE',  ( -0.9243482935200552086, -1.148518002948890171, 1.769209485033678364 ) ) ;
#6846 = CARTESIAN_POINT ( 'NONE',  ( -1.252171381519876059, 0.2523254320967620590, -3.705282005817161828 ) ) ;
#6847 = CARTESIAN_POINT ( 'NONE',  ( -0.9807738445987337350, 1.118337879647046895, -0.9448754919815033348 ) ) ;
#6848 = COORDINATED_UNIVERSAL_TIME_OFFSET ( 6, 0, .BEHIND. ) ;
#6849 = AXIS2_PLACEMENT_3D ( 'NONE', #5008, #1701, #2220 ) ;
#6850 = EDGE_LOOP ( 'NONE', ( #5566, #5524, #3362, #919 ) ) ;
#6851 = CARTESIAN_POINT ( 'NONE',  ( -9.144455000759798487E-16, -0.09330127018922626525, -4.000000000000000000 ) ) ;
#6852 = EDGE_CURVE ( 'NONE', #5589, #4715, #4496, .T. ) ;
#6853 = VECTOR ( 'NONE', #1951, 1000.000000000000000 ) ;
#6854 = ORIENTED_EDGE ( 'NONE', *, *, #3782, .T. ) ;
#6855 = CARTESIAN_POINT ( 'NONE',  ( -0.5250579835605065915, -1.333304101123151675, 3.184246313357207647 ) ) ;
#6856 = DIRECTION ( 'NONE',  ( -0.000000000000000000, -0.000000000000000000, -1.000000000000000000 ) ) ;
#6857 = ORIENTED_EDGE ( 'NONE', *, *, #2090, .F. ) ;
#6858 = CARTESIAN_POINT ( 'NONE',  ( 0.6713085254195677587, -1.162740473580835765, -0.3958333333333327042 ) ) ;
#6859 = CARTESIAN_POINT ( 'NONE',  ( -0.2435093434669656498, -1.471454798341268022, 0.8008453825701670192 ) ) ;
#6860 = CARTESIAN_POINT ( 'NONE',  ( 1.311650288129352582, -0.7572816469341328016, -1.119791666666666519 ) ) ;
#6861 = CARTESIAN_POINT ( 'NONE',  ( -0.6970993649053939256, -1.300712788129358533, -0.7958234152560814678 ) ) ;
#6862 = CIRCLE ( 'NONE', #3770, 1.565079678693066301 ) ;
#6863 = CARTESIAN_POINT ( 'NONE',  ( 0.6713085254195687579, 1.162740473580834211, 4.270833333333333925 ) ) ;
#6864 = CARTESIAN_POINT ( 'NONE',  ( 0.6713085254195687579, 1.162740473580834433, 2.770833333333333481 ) ) ;
#6865 = CARTESIAN_POINT ( 'NONE',  ( 1.311650288129352582, -0.7572816469341328016, -0.6510416666666678509 ) ) ;
#6866 = CARTESIAN_POINT ( 'NONE',  ( 0.8901183821921768713, 1.010665630240418000, -3.141957179809148126 ) ) ;
#6867 = CARTESIAN_POINT ( 'NONE',  ( -0.6713085254195682028, 1.162740473580835765, -3.208333333333333481 ) ) ;
#6868 = CARTESIAN_POINT ( 'NONE',  ( 0.6713085254195678697, -1.162740473580835987, -0.9583333333333337034 ) ) ;
#6869 = AXIS2_PLACEMENT_3D ( 'NONE', #4727, #5993, #5416 ) ;
#6870 = EDGE_CURVE ( 'NONE', #6133, #1154, #3958, .T. ) ;
#6871 = ORIENTED_EDGE ( 'NONE', *, *, #6144, .F. ) ;
#6872 = CARTESIAN_POINT ( 'NONE',  ( -0.6115025155010485047, -1.152454695993214706, -3.394260789384285992 ) ) ;
#6873 = AXIS2_PLACEMENT_3D ( 'NONE', #3323, #6090, #2705 ) ;
#6874 = DIRECTION ( 'NONE',  ( 0.9238795325112822976, 0.3826834323651005509, -0.000000000000000000 ) ) ;
#6875 = CARTESIAN_POINT ( 'NONE',  ( 0.6713085254195677587, -1.162740473580835765, -2.895833333333332593 ) ) ;
#6876 = CARTESIAN_POINT ( 'NONE',  ( 1.185485274165858360, 0.8999805761426249440, -2.010427394187217498 ) ) ;
#6877 = VERTEX_POINT ( 'NONE', #5620 ) ;
#6878 = CYLINDRICAL_SURFACE ( 'NONE', #4206, 1.555801270189233199 ) ;
#6879 = CARTESIAN_POINT ( 'NONE',  ( 1.227676249187600765, 0.8486071336999762016, 0.9225410981162289747 ) ) ;
#6880 = ORIENTED_EDGE ( 'NONE', *, *, #2301, .F. ) ;
#6881 = CARTESIAN_POINT ( 'NONE',  ( -0.08080127018922518556, 0.04665063509461363223, -4.000000000000000000 ) ) ;
#6882 = ADVANCED_FACE ( 'NONE', ( #654 ), #5080, .T. ) ;
#6883 = CARTESIAN_POINT ( 'NONE',  ( 0.8322699351710549642, 0.9435551285963783563, -3.860946717448249910 ) ) ;
#6884 = CARTESIAN_POINT ( 'NONE',  ( 0.6603039374033128350, -1.236981238209538203, -2.599349417084727332 ) ) ;
#6885 = CARTESIAN_POINT ( 'NONE',  ( -0.9883262887290327203, 0.8082650042440501226, -3.742163266616764794 ) ) ;
#6886 = CARTESIAN_POINT ( 'NONE',  ( 1.468915691876008234, 0.04665063509461363223, -2.049552713136391535 ) ) ;
#6887 = ORIENTED_EDGE ( 'NONE', *, *, #6870, .T. ) ;
#6888 = CARTESIAN_POINT ( 'NONE',  ( -1.333822933433424618, -0.6148934597293449489, 1.145596091857800758 ) ) ;
#6889 = B_SPLINE_CURVE_WITH_KNOTS ( 'NONE', 3,
 ( #837, #6465, #1381, #3599, #5801, #2673, #2083, #337, #6383, #4725 ),
 .UNSPECIFIED., .F., .F.,
 ( 4, 2, 2, 2, 4 ),
 ( 3.069580086234906922E-19, 0.0003638230103348392020, 0.0007276460206696784040, 0.001091469031004517389, 0.001455292041339356374 ),
 .UNSPECIFIED. ) ;
#6890 = ORIENTED_EDGE ( 'NONE', *, *, #3628, .F. ) ;
#6891 = FACE_OUTER_BOUND ( 'NONE', #6278, .T. ) ;
#6892 = EDGE_CURVE ( 'NONE', #3135, #3041, #2334, .T. ) ;
#6893 = CARTESIAN_POINT ( 'NONE',  ( -0.7779006350946131576, 1.254062153034748661, -1.886407960989587851 ) ) ;
#6894 = VERTEX_POINT ( 'NONE', #253 ) ;
#6895 = EDGE_CURVE ( 'NONE', #4121, #4175, #4683, .T. ) ;
#6896 = EDGE_CURVE ( 'NONE', #2163, #4408, #5682, .T. ) ;
#6897 = CARTESIAN_POINT ( 'NONE',  ( 0.000000000000000000, 1.162740473580835099, 0.3125000000000002776 ) ) ;
#6898 = CARTESIAN_POINT ( 'NONE',  ( -0.6713085254195682028, 1.162740473580835099, 3.791666666666665186 ) ) ;
#6899 = CARTESIAN_POINT ( 'NONE',  ( -1.854805089941841679E-16, -1.514563293868264271, 0.2968750000000002776 ) ) ;
#6900 = CARTESIAN_POINT ( 'NONE',  ( -0.6405059803378918559, 1.281546783949053303, -2.365639934392372190 ) ) ;
#6901 = CARTESIAN_POINT ( 'NONE',  ( 0.6713085254195677587, -1.162740473580836209, 4.104166666666666963 ) ) ;
#6902 = CARTESIAN_POINT ( 'NONE',  ( -1.423946399209847682E-16, -1.162740473580835765, 3.062500000000000000 ) ) ;
#6903 = CARTESIAN_POINT ( 'NONE',  ( 1.311650288129352582, -0.7572816469341328016, -0.1510416666666678231 ) ) ;
#6904 = CARTESIAN_POINT ( 'NONE',  ( 1.043090376260283225, 0.8558292999675596313, -3.153487576941300219 ) ) ;
#6905 = CARTESIAN_POINT ( 'NONE',  ( 0.6713085254195678697, -1.162740473580835765, -2.958333333333333481 ) ) ;
#6906 = CARTESIAN_POINT ( 'NONE',  ( 0.6713085254195678697, -1.162740473580835987, -0.4583333333333336479 ) ) ;
#6907 = ORIENTED_EDGE ( 'NONE', *, *, #5922, .T. ) ;
#6908 = CARTESIAN_POINT ( 'NONE',  ( -9.144455000759798487E-16, -0.09330127018922626525, -4.000000000000000000 ) ) ;
#6909 = DIRECTION ( 'NONE',  ( 0.000000000000000000, 0.000000000000000000, 1.000000000000000000 ) ) ;
#6910 = CARTESIAN_POINT ( 'NONE',  ( 0.6713085254195687579, 1.162740473580835099, -2.729166666666666519 ) ) ;
#6911 = DIRECTION ( 'NONE',  ( 0.000000000000000000, 0.000000000000000000, 1.000000000000000000 ) ) ;
#6912 = EDGE_LOOP ( 'NONE', ( #5719, #4456, #1468, #5852, #3330, #1035, #4751, #1791, #1716 ) ) ;
#6913 = CARTESIAN_POINT ( 'NONE',  ( -1.348753460210673438, 0.6388952525692744855, -1.410792235217105173 ) ) ;
#6914 = CARTESIAN_POINT ( 'NONE',  ( -0.9243482935200512118, -1.148518002948892391, 2.769209485033679918 ) ) ;
#6915 = ORIENTED_EDGE ( 'NONE', *, *, #1667, .F. ) ;
#6916 = CARTESIAN_POINT ( 'NONE',  ( 0.5906919597873090400, -1.362147132118054049, -1.222447554396652203 ) ) ;
#6917 = CARTESIAN_POINT ( 'NONE',  ( 1.459035672982378573, 0.2897018199735127419, 1.456660999943012236 ) ) ;
#6918 = CARTESIAN_POINT ( 'NONE',  ( -0.08080127018922518556, 0.04665063509461363223, -2.000000000000000000 ) ) ;
#6919 = DIRECTION ( 'NONE',  ( 0.000000000000000000, 0.000000000000000000, 1.000000000000000000 ) ) ;
#6920 = CARTESIAN_POINT ( 'NONE',  ( -1.156855823905075242, -0.1168332640969447223, 3.445873412263921409 ) ) ;
#6921 = DIRECTION ( 'NONE',  ( 0.1045284632676537762, 0.000000000000000000, 0.9945218953682732899 ) ) ;
#6922 = ORIENTED_EDGE ( 'NONE', *, *, #3340, .F. ) ;
#6923 = CARTESIAN_POINT ( 'NONE',  ( 0.8783707397575618581, -1.093694678222359329, -2.580714333704966279 ) ) ;
#6924 = ORIENTED_EDGE ( 'NONE', *, *, #4432, .T. ) ;
#6925 = CARTESIAN_POINT ( 'NONE',  ( -0.8971067812024744459, -0.7716464223044097182, 3.430303715649746898 ) ) ;
#6926 = CARTESIAN_POINT ( 'NONE',  ( -0.2732689804942698975, -0.9805201148984263870, 6.379724703763425708 ) ) ;
#6927 = VERTEX_POINT ( 'NONE', #5256 ) ;
#6928 = CARTESIAN_POINT ( 'NONE',  ( -1.342617050839136406, -8.828795149971236646E-17, -1.562499999999999556 ) ) ;
#6929 = CARTESIAN_POINT ( 'NONE',  ( 1.193730457516563037, -0.5467254611530850683, -3.263868125525849262 ) ) ;
#6930 = CARTESIAN_POINT ( 'NONE',  ( 1.311650288129352582, -0.7572816469341329126, 0.8802083333333334814 ) ) ;
#6931 = CARTESIAN_POINT ( 'NONE',  ( -1.475000000000007638, 0.04665063509461057911, -1.884425372343746519 ) ) ;
#6932 = EDGE_CURVE ( 'NONE', #4408, #2751, #3019, .T. ) ;
#6933 = ADVANCED_FACE ( 'NONE', ( #2949 ), #4828, .T. ) ;
#6934 = B_SPLINE_CURVE_WITH_KNOTS ( 'NONE', 3,
 ( #796, #3098, #3525, #5334, #6913, #4646, #4757, #1963, #256, #6838 ),
 .UNSPECIFIED., .F., .F.,
 ( 4, 2, 2, 2, 4 ),
 ( 8.131516293641283255E-20, 0.0003638230103348405031, 0.0007276460206696810061, 0.001091469031004521292, 0.001455292041339361795 ),
 .UNSPECIFIED. ) ;
#6935 = B_SPLINE_CURVE_WITH_KNOTS ( 'NONE', 3,
 ( #2619, #2069, #1333, #786, #3012, #244, #2764, #2212, #3778, #6009 ),
 .UNSPECIFIED., .F., .F.,
 ( 4, 2, 2, 2, 4 ),
 ( 0.000000000000000000, 0.0003638230103348408825, 0.0007276460206696817650, 0.001091469031004522593, 0.001455292041339363530 ),
 .UNSPECIFIED. ) ;
#6936 = CARTESIAN_POINT ( 'NONE',  ( -0.6713085254195686469, -1.162740473580835321, -3.541666666666666963 ) ) ;
#6937 = CARTESIAN_POINT ( 'NONE',  ( 1.412135910708236297, 0.1644111823844480180, -2.511986921071309276 ) ) ;
#6938 = CARTESIAN_POINT ( 'NONE',  ( -1.475000000000007638, 0.1692640949063744515, 0.1825019914547842959 ) ) ;
#6939 = CARTESIAN_POINT ( 'NONE',  ( 0.000000000000000000, 1.514563293868263827, -0.9843750000000008882 ) ) ;
#6940 = CARTESIAN_POINT ( 'NONE',  ( 0.7779006350946143789, 1.254062153034747995, -2.000000000000000000 ) ) ;
#6941 = CARTESIAN_POINT ( 'NONE',  ( -1.423946399209847929E-16, -1.162740473580835765, -1.500000000000000444 ) ) ;
#6942 = CARTESIAN_POINT ( 'NONE',  ( 1.006962788129352360, -0.5813702367904186596, 1.083333333333332815 ) ) ;
#6943 = EDGE_CURVE ( 'NONE', #1641, #4835, #3641, .T. ) ;
#6944 = ORIENTED_EDGE ( 'NONE', *, *, #1054, .T. ) ;
#6945 = CARTESIAN_POINT ( 'NONE',  ( 0.000000000000000000, 1.162740473580835099, -2.187499999999999556 ) ) ;
#6946 = CARTESIAN_POINT ( 'NONE',  ( 0.6496624212979271729, -1.218549591645447627, -2.772685804446990865 ) ) ;
#6947 = CARTESIAN_POINT ( 'NONE',  ( -1.423946399209847682E-16, -1.162740473580835321, -3.437499999999999556 ) ) ;
#6948 = B_SPLINE_CURVE_WITH_KNOTS ( 'NONE', 3,
 ( #5761, #4609, #2987, #759, #4575, #1233, #686, #1923, #2950, #2401 ),
 .UNSPECIFIED., .F., .F.,
 ( 4, 2, 2, 2, 4 ),
 ( 0.000000000000000000, 0.0004068535042414628093, 0.0008137070084829256186, 0.001220560512724388428, 0.001627414016965850804 ),
 .UNSPECIFIED. ) ;
#6949 = CARTESIAN_POINT ( 'NONE',  ( 1.219002145033382334, 0.8430744555073683699, -2.083346289519136807 ) ) ;
#6950 = ORIENTED_EDGE ( 'NONE', *, *, #5606, .T. ) ;
#6951 = CARTESIAN_POINT ( 'NONE',  ( -9.144455000759798487E-16, -0.09330127018922626525, -4.000000000000000000 ) ) ;
#6952 = CARTESIAN_POINT ( 'NONE',  ( 1.272500117417192822, 0.1421438538851733935, 5.132152460098430069 ) ) ;
#6953 = AXIS2_PLACEMENT_3D ( 'NONE', #539, #3807, #3878 ) ;
#6954 = ORIENTED_EDGE ( 'NONE', *, *, #6932, .F. ) ;
#6955 = CARTESIAN_POINT ( 'NONE',  ( -0.6970993649053939256, -1.300712788129358755, -0.7197412943229213322 ) ) ;
#6956 = CARTESIAN_POINT ( 'NONE',  ( 1.396071907617525643, 0.5248421216693835989, 1.467512049236834537 ) ) ;
#6957 = CARTESIAN_POINT ( 'NONE',  ( 0.7779006350946172654, 1.254062153034745997, 1.448907960989586741 ) ) ;
#6958 = CARTESIAN_POINT ( 'NONE',  ( -0.7779006350946149340, 1.254062153034747551, -0.4624900819227476534 ) ) ;
#6959 = CARTESIAN_POINT ( 'NONE',  ( -1.156591256109429811, 0.5476718363912874699, -3.725921666712033176 ) ) ;
#6960 = CARTESIAN_POINT ( 'NONE',  ( -1.475000000000007638, 0.1692640949063659306, -0.3174980085452154821 ) ) ;
#6961 = ORIENTED_EDGE ( 'NONE', *, *, #2349, .T. ) ;
#6962 = CARTESIAN_POINT ( 'NONE',  ( 0.6603039374033128350, -1.236981238209538203, -2.599349417084727332 ) ) ;
#6963 = VECTOR ( 'NONE', #3796, 1000.000000000000000 ) ;
#6964 = VECTOR ( 'NONE', #377, 1000.000000000000000 ) ;
#6965 = EDGE_CURVE ( 'NONE', #902, #56, #684, .T. ) ;
#6966 = ORIENTED_EDGE ( 'NONE', *, *, #58, .T. ) ;
#6967 = CARTESIAN_POINT ( 'NONE',  ( -1.006962788129352804, -0.5813702367904181045, 3.416666666666666075 ) ) ;
#6968 = DIRECTION ( 'NONE',  ( -0.000000000000000000, -0.000000000000000000, 1.000000000000000000 ) ) ;
#6969 = CARTESIAN_POINT ( 'NONE',  ( 5.817485971272340271E-16, -1.480677281330262385E-16, 6.195034570514509120 ) ) ;
#6970 = CARTESIAN_POINT ( 'NONE',  ( -1.342617050839136406, -2.281850060139709713E-16, 0.4375000000000003886 ) ) ;
#6971 = CARTESIAN_POINT ( 'NONE',  ( -0.08080127018922518556, 0.04665063509461363223, -4.000000000000000000 ) ) ;
#6972 = CIRCLE ( 'NONE', #1657, 6.077811624702201598 ) ;
#6973 = CARTESIAN_POINT ( 'NONE',  ( 0.000000000000000000, 1.514563293868263827, -0.9531249999999995559 ) ) ;
#6974 = CYLINDRICAL_SURFACE ( 'NONE', #5929, 1.555801270189232755 ) ;
#6975 = AXIS2_PLACEMENT_3D ( 'NONE', #3595, #221, #870 ) ;
#6976 = CARTESIAN_POINT ( 'NONE',  ( -1.006962788129352804, -0.5813702367904176604, -3.083333333333333925 ) ) ;
#6977 = VECTOR ( 'NONE', #3149, 1000.000000000000000 ) ;
#6978 = ORIENTED_EDGE ( 'NONE', *, *, #3243, .F. ) ;
#6979 = CARTESIAN_POINT ( 'NONE',  ( 0.9441963590366949655, -0.8117511232527527820, -3.823723796198180036 ) ) ;
#6980 = CARTESIAN_POINT ( 'NONE',  ( -1.458895936088135059, 0.2902061249663026588, 2.674042158648169298 ) ) ;
#6981 = CARTESIAN_POINT ( 'NONE',  ( 1.311650288129353248, 0.7572816469341306922, 0.9322916666666655194 ) ) ;
#6982 = EDGE_CURVE ( 'NONE', #4839, #5773, #4945, .T. ) ;
#6983 = CARTESIAN_POINT ( 'NONE',  ( -1.475000000000007638, 0.04665063509461100932, -4.000000000000000000 ) ) ;
#6984 = CARTESIAN_POINT ( 'NONE',  ( 0.6713085254195678697, -1.162740473580835987, -2.458333333333333481 ) ) ;
#6985 = CARTESIAN_POINT ( 'NONE',  ( 1.006962788129352360, -0.5813702367904185486, -0.4166666666666671848 ) ) ;
#6986 = AXIS2_PLACEMENT_3D ( 'NONE', #6908, #6373, #6224 ) ;
#6987 = ORIENTED_EDGE ( 'NONE', *, *, #1458, .T. ) ;
#6988 = CARTESIAN_POINT ( 'NONE',  ( -1.423946399209847682E-16, -1.162740473580835321, -2.937499999999999112 ) ) ;
#6989 = EDGE_CURVE ( 'NONE', #6206, #1943, #6307, .T. ) ;
#6990 = CARTESIAN_POINT ( 'NONE',  ( 6.080911704025835499E-17, 1.957402334920955190E-16, 6.399999999999999467 ) ) ;
#6991 = CARTESIAN_POINT ( 'NONE',  ( -1.006962788129352360, 0.5813702367904174384, -0.1041666666666664631 ) ) ;
#6992 = FACE_OUTER_BOUND ( 'NONE', #5480, .T. ) ;
#6993 = ORIENTED_EDGE ( 'NONE', *, *, #2738, .F. ) ;
#6994 = CARTESIAN_POINT ( 'NONE',  ( 0.7779006350946156001, 1.254062153034747329, -1.975009918077252902 ) ) ;
#6995 = CIRCLE ( 'NONE', #6297, 6.077811624702200710 ) ;
#6996 = CARTESIAN_POINT ( 'NONE',  ( 1.152121818957299926, 0.9470596902539527573, 0.9920218095508410716 ) ) ;
#6997 = ORIENTED_EDGE ( 'NONE', *, *, #5426, .F. ) ;
#6998 = CARTESIAN_POINT ( 'NONE',  ( -0.1210772110230698279, -1.487502386269245136, -0.6933744314495620120 ) ) ;
#6999 = DIRECTION ( 'NONE',  ( -1.000000000000000000, 0.000000000000000000, 0.000000000000000000 ) ) ;
#7000 = CARTESIAN_POINT ( 'NONE',  ( -0.4698611186798845041, -1.385867773119863866, -2.196055689781191589 ) ) ;
#7001 = DIRECTION ( 'NONE',  ( 0.000000000000000000, 0.000000000000000000, 1.000000000000000000 ) ) ;
#7002 = CARTESIAN_POINT ( 'NONE',  ( -0.6970993649053917052, -1.300712788129359643, -4.000000000000000000 ) ) ;
#7003 = CARTESIAN_POINT ( 'NONE',  ( -1.386814212877747199, -0.4873690709679278643, -1.770985342802883444 ) ) ;
#7004 = VERTEX_POINT ( 'NONE', #6358 ) ;
#7005 = CARTESIAN_POINT ( 'NONE',  ( 0.5088014154748912166, 1.307263121541106576, -2.581372627000056763 ) ) ;
#7006 = EDGE_LOOP ( 'NONE', ( #1470, #2448, #3723, #4183 ) ) ;
#7007 = CARTESIAN_POINT ( 'NONE',  ( 0.7779006350946148229, 1.254062153034747551, -4.000000000000000000 ) ) ;
#7008 = DIRECTION ( 'NONE',  ( 0.000000000000000000, -0.1045284632676537068, -0.9945218953682734009 ) ) ;
#7009 = CARTESIAN_POINT ( 'NONE',  ( 1.386814212877746755, -0.4873690709679284194, -0.6665146571971175549 ) ) ;
#7010 = CARTESIAN_POINT ( 'NONE',  ( 0.000000000000000000, 1.162740473580834877, 1.312500000000000222 ) ) ;
#7011 = CARTESIAN_POINT ( 'NONE',  ( -0.1516758255428112268, -1.162740473580835321, -4.000000000000000888 ) ) ;
#7012 = EDGE_CURVE ( 'NONE', #5579, #1486, #3081, .T. ) ;
#7013 = CARTESIAN_POINT ( 'NONE',  ( -0.8744335254195688689, -1.514563293868264049, 0.7552083333333333703 ) ) ;
#7014 = CARTESIAN_POINT ( 'NONE',  ( 1.475000000000007638, 0.04665063509461170321, -4.000000000000000000 ) ) ;
#7015 = CARTESIAN_POINT ( 'NONE',  ( -1.006962788129352804, -0.5813702367904177715, -1.583333333333333703 ) ) ;
#7016 = ORIENTED_EDGE ( 'NONE', *, *, #5693, .T. ) ;
#7017 = CARTESIAN_POINT ( 'NONE',  ( -1.456819914017537521, -0.2262501026587152853, -0.3733761517003451602 ) ) ;
#7018 = CARTESIAN_POINT ( 'NONE',  ( -1.458895936088131728, 0.2902061249663130393, -1.825957841351830258 ) ) ;
#7019 = CARTESIAN_POINT ( 'NONE',  ( 1.748867050839136850, -6.983279451371256449E-16, 1.390624999999998446 ) ) ;
#7020 = CARTESIAN_POINT ( 'NONE',  ( 0.7084330826941344084, 1.133740822799662595, -3.131535624505976667 ) ) ;
#7021 = CARTESIAN_POINT ( 'NONE',  ( -1.423946399209847929E-16, -1.162740473580835765, -1.000000000000000444 ) ) ;
#7022 = EDGE_CURVE ( 'NONE', #8, #6117, #5692, .T. ) ;
#7023 = CARTESIAN_POINT ( 'NONE',  ( 0.6713085254195678697, -1.162740473580836209, 0.5416666666666659635 ) ) ;
#7024 = CARTESIAN_POINT ( 'NONE',  ( 0.6713085254195687579, 1.162740473580834877, -3.229166666666666519 ) ) ;
#7025 = CARTESIAN_POINT ( 'NONE',  ( -1.199424823463223655, -0.8476778146389606361, -0.2497627585244667492 ) ) ;
#7026 = CARTESIAN_POINT ( 'NONE',  ( -0.6713085254195685359, -1.162740473580835543, 0.02083333333333364443 ) ) ;
#7027 = LINE ( 'NONE', #868, #2467 ) ;
#7028 = ORIENTED_EDGE ( 'NONE', *, *, #5172, .F. ) ;
#7029 = CARTESIAN_POINT ( 'NONE',  ( 0.7779006350946136017, 1.254062153034748217, 2.524990081922746654 ) ) ;
#7030 = EDGE_CURVE ( 'NONE', #2326, #6643, #1981, .T. ) ;
#7031 = ADVANCED_FACE ( 'NONE', ( #4271 ), #3733, .T. ) ;
#7032 = B_SPLINE_CURVE_WITH_KNOTS ( 'NONE', 3,
 ( #642, #5950, #4251, #2154, #4947, #5375, #7141, #2189, #2667, #6143 ),
 .UNSPECIFIED., .F., .F.,
 ( 4, 2, 2, 2, 4 ),
 ( 0.000000000000000000, 0.0003638230103348404488, 0.0007276460206696808977, 0.001091469031004521292, 0.001455292041339361795 ),
 .UNSPECIFIED. ) ;
#7033 = CARTESIAN_POINT ( 'NONE',  ( 1.212372092318233507, 0.1177436471014822877, 4.899999999999999467 ) ) ;
#7034 = VERTEX_POINT ( 'NONE', #2610 ) ;
#7035 = CARTESIAN_POINT ( 'NONE',  ( 1.334521665427736981, -0.6133972531589968469, 1.825617604208573441 ) ) ;
#7036 = CARTESIAN_POINT ( 'NONE',  ( -0.6054144411117052815, 1.205260708717653229, -3.046600538100638023 ) ) ;
#7037 = CARTESIAN_POINT ( 'NONE',  ( -1.475000000000007638, 0.04665063509461057911, -1.884425372343746519 ) ) ;
#7038 = CARTESIAN_POINT ( 'NONE',  ( 0.5324716204974864198, 1.374768105607606206, 0.9599571816329881546 ) ) ;
#7039 = DIRECTION ( 'NONE',  ( 0.000000000000000000, 0.000000000000000000, -1.000000000000000000 ) ) ;
#7040 = CARTESIAN_POINT ( 'NONE',  ( -0.8157524219245756436, -1.232208413719160678, -1.724969748431544714 ) ) ;
#7041 = ORIENTED_EDGE ( 'NONE', *, *, #3497, .F. ) ;
#7042 = CARTESIAN_POINT ( 'NONE',  ( 0.5344704030327264155, 1.374150139869403375, -0.4552667486893564597 ) ) ;
#7043 = VERTEX_POINT ( 'NONE', #4232 ) ;
#7044 = CARTESIAN_POINT ( 'NONE',  ( 1.475000000000008527, -0.09035811372578914091, 2.941696918235121583 ) ) ;
#7045 = CARTESIAN_POINT ( 'NONE',  ( -0.5906919597873088179, -1.362147132118055604, 0.2849475543966507596 ) ) ;
#7046 = FACE_OUTER_BOUND ( 'NONE', #5200, .T. ) ;
#7047 = CARTESIAN_POINT ( 'NONE',  ( 0.6713085254195677587, -1.162740473580835987, 3.104166666666666963 ) ) ;
#7048 = CARTESIAN_POINT ( 'NONE',  ( -0.6970993649053917052, -1.300712788129359643, -4.000000000000000000 ) ) ;
#7049 = B_SPLINE_CURVE_WITH_KNOTS ( 'NONE', 3,
 ( #3764, #3226, #1034, #4375, #2642, #6507, #7075, #4339, #3188, #2230 ),
 .UNSPECIFIED., .F., .F.,
 ( 4, 2, 2, 2, 4 ),
 ( 0.000000000000000000, 0.0003638230103348402320, 0.0007276460206696804640, 0.001091469031004520642, 0.001455292041339360928 ),
 .UNSPECIFIED. ) ;
#7050 = CARTESIAN_POINT ( 'NONE',  ( 1.311650288129352582, -0.7572816469341330237, 2.380208333333333037 ) ) ;
#7051 = DIRECTION ( 'NONE',  ( 1.000000000000000000, 0.000000000000000000, 0.000000000000000000 ) ) ;
#7052 = CARTESIAN_POINT ( 'NONE',  ( 1.006962788129353026, 0.5813702367904167723, -0.8333333333333339255 ) ) ;
#7053 = CARTESIAN_POINT ( 'NONE',  ( 1.059917418020481339, 0.7627562275249035739, 3.312992717845358648 ) ) ;
#7054 = CARTESIAN_POINT ( 'NONE',  ( -0.9804069721108272795, 1.118711047843715445, 2.623327666609677866 ) ) ;
#7055 = CARTESIAN_POINT ( 'NONE',  ( 1.311650288129352582, -0.7572816469341330237, 2.348958333333332149 ) ) ;
#7056 = DIRECTION ( 'NONE',  ( -0.9945218953682732899, -3.462000337453037324E-15, -0.1045284632676537900 ) ) ;
#7057 = CARTESIAN_POINT ( 'NONE',  ( 1.006962788129353026, 0.5813702367904167723, -1.333333333333333925 ) ) ;
#7058 = CARTESIAN_POINT ( 'NONE',  ( -1.342617050839136628, -2.587874866889649733E-16, 0.8749999999999998890 ) ) ;
#7059 = CARTESIAN_POINT ( 'NONE',  ( 1.006962788129352804, 0.5813702367904168833, -3.770833333333332593 ) ) ;
#7060 = CARTESIAN_POINT ( 'NONE',  ( 0.8843080402126989314, 1.192627809046052922, 2.444219112270015426 ) ) ;
#7061 = CARTESIAN_POINT ( 'NONE',  ( 0.000000000000000000, 1.162740473580835099, 0.3125000000000002776 ) ) ;
#7062 = DIRECTION ( 'NONE',  ( 1.000000000000000000, 0.000000000000000000, 0.000000000000000000 ) ) ;
#7063 = ORIENTED_EDGE ( 'NONE', *, *, #2300, .F. ) ;
#7064 = CARTESIAN_POINT ( 'NONE',  ( 1.393089286882422062, 0.1624253451661513137, -2.667109223792059947 ) ) ;
#7065 = CARTESIAN_POINT ( 'NONE',  ( 0.7779006350946172654, 1.254062153034745997, 1.024990081922747098 ) ) ;
#7066 = VERTEX_POINT ( 'NONE', #2532 ) ;
#7067 = CARTESIAN_POINT ( 'NONE',  ( 1.386814212877750307, -0.4873690709679173727, 1.833485342802881890 ) ) ;
#7068 = CARTESIAN_POINT ( 'NONE',  ( 0.6970993649053929264, -1.300712788129358088, -4.000000000000000000 ) ) ;
#7069 = CARTESIAN_POINT ( 'NONE',  ( -0.1806920524772096248, -0.4362292037035086500, 4.899999999999999467 ) ) ;
#7070 = CARTESIAN_POINT ( 'NONE',  ( -0.1360432288665838485, 1.462428290740636516, 0.9922842708752412921 ) ) ;
#7071 = CARTESIAN_POINT ( 'NONE',  ( -0.08080127018922669824, 0.04665063509461348651, -4.000000000000000000 ) ) ;
#7072 = CARTESIAN_POINT ( 'NONE',  ( -0.7779006350946133796, 1.254062153034748661, 0.6135920390104117050 ) ) ;
#7073 = ADVANCED_FACE ( 'NONE', ( #1393 ), #965, .T. ) ;
#7074 = ORIENTED_EDGE ( 'NONE', *, *, #4761, .F. ) ;
#7075 = CARTESIAN_POINT ( 'NONE',  ( 0.2441168411814909067, -1.471296608598334332, -1.674644857115825669 ) ) ;
#7076 = ORIENTED_EDGE ( 'NONE', *, *, #3446, .F. ) ;
#7077 = CYLINDRICAL_SURFACE ( 'NONE', #2943, 1.555801270189233199 ) ;
#7078 = B_SPLINE_CURVE_WITH_KNOTS ( 'NONE', 3,
 ( #2019, #4229, #3692, #7009, #3365, #1136, #6646, #6578, #4447, #3904 ),
 .UNSPECIFIED., .F., .F.,
 ( 4, 2, 2, 2, 4 ),
 ( 7.115076756936122848E-19, 0.0004068535042414638935, 0.0008137070084829271365, 0.001220560512724390163, 0.001627414016965853406 ),
 .UNSPECIFIED. ) ;
#7079 = CARTESIAN_POINT ( 'NONE',  ( 1.475000000000007638, 0.04665063509461363223, -2.000000000000000000 ) ) ;
#7080 = DIRECTION ( 'NONE',  ( 0.3826834323650825653, 0.9238795325112897361, -0.000000000000000000 ) ) ;
#7081 = CARTESIAN_POINT ( 'NONE',  ( 0.6713085254195677587, -1.162740473580835987, 2.604166666666666519 ) ) ;
#7082 = EDGE_CURVE ( 'NONE', #1271, #6783, #4666, .T. ) ;
#7083 = CIRCLE ( 'NONE', #4191, 6.067063046836890905 ) ;
#7084 = CARTESIAN_POINT ( 'NONE',  ( 1.748867050839136850, -7.005138366139111174E-16, 1.421875000000000444 ) ) ;
#7085 = CARTESIAN_POINT ( 'NONE',  ( -1.333822933433428171, -0.6148934597293371773, -0.3544039081422001303 ) ) ;
#7086 = AXIS2_PLACEMENT_3D ( 'NONE', #3862, #557, #72 ) ;
#7087 = CARTESIAN_POINT ( 'NONE',  ( -0.6713085254195682028, 1.162740473580835321, -0.7083333333333338144 ) ) ;
#7088 = VECTOR ( 'NONE', #2663, 1000.000000000000000 ) ;
#7089 = CARTESIAN_POINT ( 'NONE',  ( -1.028865745073869409, 0.6309986992613741963, 3.412654195504988053 ) ) ;
#7090 = CC_DESIGN_DATE_AND_TIME_ASSIGNMENT ( #1857, #6274, ( #5712 ) ) ;
#7091 = CARTESIAN_POINT ( 'NONE',  ( 0.8155067236291653199, -1.232350267696155965, 2.368531793237388605 ) ) ;
#7092 = AXIS2_PLACEMENT_3D ( 'NONE', #2195, #5918, #3761 ) ;
#7093 = CARTESIAN_POINT ( 'NONE',  ( -1.311650288129352582, 0.7572816469341316914, 3.598958333333332593 ) ) ;
#7094 = CARTESIAN_POINT ( 'NONE',  ( -9.144455000759798487E-16, -0.09330127018922626525, -4.000000000000000000 ) ) ;
#7095 = CARTESIAN_POINT ( 'NONE',  ( 0.6713085254195689799, 1.162740473580835099, -2.291666666666667407 ) ) ;
#7096 = CARTESIAN_POINT ( 'NONE',  ( -0.6713085254195682028, 1.162740473580835321, 2.791666666666666075 ) ) ;
#7097 = CIRCLE ( 'NONE', #3973, 1.565079678693066301 ) ;
#7098 = VECTOR ( 'NONE', #731, 1000.000000000000000 ) ;
#7099 = B_SPLINE_CURVE_WITH_KNOTS ( 'NONE', 3,
 ( #187, #261, #5689, #1270, #2479, #4688, #4722, #6914, #1929, #3490 ),
 .UNSPECIFIED., .F., .F.,
 ( 4, 2, 2, 2, 4 ),
 ( 0.000000000000000000, 0.0004068535042414619962, 0.0008137070084829239923, 0.001220560512724386043, 0.001627414016965847985 ),
 .UNSPECIFIED. ) ;
#7100 = CARTESIAN_POINT ( 'NONE',  ( -0.4754233376225003305, -1.162740473580835099, -3.967008497187473726 ) ) ;
#7101 = CARTESIAN_POINT ( 'NONE',  ( 1.396238660138791499, 0.5242369183443926772, 2.403811523782493520 ) ) ;
#7102 = CARTESIAN_POINT ( 'NONE',  ( 0.6713085254195677587, -1.162740473580835765, 0.1041666666666673374 ) ) ;
#7103 = CARTESIAN_POINT ( 'NONE',  ( 0.8411697433101211763, -1.049787206628459479, -3.047712767807034151 ) ) ;
#7104 = EDGE_CURVE ( 'NONE', #3468, #873, #5392, .T. ) ;
#7105 = ORIENTED_EDGE ( 'NONE', *, *, #2976, .T. ) ;
#7106 = DIRECTION ( 'NONE',  ( 0.000000000000000000, 0.000000000000000000, 1.000000000000000000 ) ) ;
#7107 = CARTESIAN_POINT ( 'NONE',  ( -1.221148486765632146, 0.4603382813591293532, -3.512285742780143938 ) ) ;
#7108 = VERTEX_POINT ( 'NONE', #1475 ) ;
#7109 = CARTESIAN_POINT ( 'NONE',  ( -1.475000000000007416, -0.09035811372578815559, 2.120803081764877529 ) ) ;
#7110 = DIRECTION ( 'NONE',  ( 0.000000000000000000, 0.000000000000000000, 1.000000000000000000 ) ) ;
#7111 = CARTESIAN_POINT ( 'NONE',  ( 0.000000000000000000, 1.514563293868264049, -3.984375000000000888 ) ) ;
#7112 = CARTESIAN_POINT ( 'NONE',  ( 0.1360432288665757161, 1.462428290740636960, -0.9297842708752408480 ) ) ;
#7113 = CARTESIAN_POINT ( 'NONE',  ( -0.6970993649053939256, -1.300712788129358533, 2.280258705677079334 ) ) ;
#7114 = CARTESIAN_POINT ( 'NONE',  ( -1.268791684353625548, -0.07257460919801857202, -3.679431958953268023 ) ) ;
#7115 = ORIENTED_EDGE ( 'NONE', *, *, #2386, .T. ) ;
#7116 = CARTESIAN_POINT ( 'NONE',  ( -1.324950132883070841, 0.04665063509461363223, -3.222058099271885023 ) ) ;
#7117 = AXIS2_PLACEMENT_3D ( 'NONE', #3256, #6537, #3682 ) ;
#7118 = ADVANCED_FACE ( 'NONE', ( #3694 ), #26, .T. ) ;
#7119 = ORIENTED_EDGE ( 'NONE', *, *, #3782, .F. ) ;
#7120 = FACE_OUTER_BOUND ( 'NONE', #2270, .T. ) ;
#7121 = DIRECTION ( 'NONE',  ( -0.3805870524817762668, 0.9188184237650748321, 0.1045284632676538594 ) ) ;
#7122 = CARTESIAN_POINT ( 'NONE',  ( -1.152121818957297261, 0.9470596902539570872, 2.070478190449157818 ) ) ;
#7123 = CARTESIAN_POINT ( 'NONE',  ( -1.006962788129352582, -0.5813702367904178825, 1.979166666666667185 ) ) ;
#7124 = CARTESIAN_POINT ( 'NONE',  ( 1.311650288129353248, 0.7572816469341305812, 1.463541666666666741 ) ) ;
#7125 = EDGE_CURVE ( 'NONE', #5181, #5964, #427, .T. ) ;
#7126 = ADVANCED_FACE ( 'NONE', ( #2097 ), #3611, .T. ) ;
#7127 = CARTESIAN_POINT ( 'NONE',  ( -0.6713085254195686469, -1.162740473580835765, -0.04166666666666727498 ) ) ;
#7128 = B_SPLINE_CURVE_WITH_KNOTS ( 'NONE', 3,
 ( #2880, #1710, #1162, #6162, #2325, #5554, #4477, #5052, #74, #3361 ),
 .UNSPECIFIED., .F., .F.,
 ( 4, 2, 2, 2, 4 ),
 ( 0.000000000000000000, 0.0004068535042414630804, 0.0008137070084829261607, 0.001220560512724389295, 0.001627414016965851888 ),
 .UNSPECIFIED. ) ;
#7129 = CARTESIAN_POINT ( 'NONE',  ( -9.144455000759798487E-16, -0.09330127018922626525, -4.000000000000000000 ) ) ;
#7130 = ORIENTED_EDGE ( 'NONE', *, *, #2571, .T. ) ;
#7131 = CARTESIAN_POINT ( 'NONE',  ( 0.6970993649053899288, -1.300712788129360087, 2.358323415256081024 ) ) ;
#7132 = CARTESIAN_POINT ( 'NONE',  ( 1.311650288129352582, -0.7572816469341331347, 3.348958333333332149 ) ) ;
#7133 = CARTESIAN_POINT ( 'NONE',  ( -0.6970993649053902619, -1.300712788129360753, 0.7802587056770791119 ) ) ;
#7134 = CARTESIAN_POINT ( 'NONE',  ( -1.006962788129352804, -0.5813702367904179935, 2.416666666666666075 ) ) ;
#7135 = CARTESIAN_POINT ( 'NONE',  ( -0.6713085254195686469, -1.162740473580835765, 2.458333333333333037 ) ) ;
#7136 = CARTESIAN_POINT ( 'NONE',  ( -0.6713085254195680918, 1.162740473580835099, 0.3541666666666675733 ) ) ;
#7137 = CARTESIAN_POINT ( 'NONE',  ( 0.7779006350946136017, 1.254062153034748217, 2.448907960989587629 ) ) ;
#7138 = CARTESIAN_POINT ( 'NONE',  ( 1.342617050839136406, -5.045699453292854737E-16, -0.3124999999999994449 ) ) ;
#7139 = CARTESIAN_POINT ( 'NONE',  ( -1.474300434062846943, 4.439603604042590227E-16, 3.134313451781461701 ) ) ;
#7140 = ORIENTED_EDGE ( 'NONE', *, *, #6630, .T. ) ;
#7141 = CARTESIAN_POINT ( 'NONE',  ( -1.396238660138792387, 0.5242369183443866820, -1.341311523782492632 ) ) ;
#7142 = CARTESIAN_POINT ( 'NONE',  ( 1.219555861691502963E-15, -0.3594338027113263556, 0.3599598331444172072 ) ) ;
#7143 = ORIENTED_EDGE ( 'NONE', *, *, #169, .T. ) ;
#7144 = CARTESIAN_POINT ( 'NONE',  ( 0.7779006350946156001, 1.254062153034747329, -1.475009918077252458 ) ) ;
#7145 = CARTESIAN_POINT ( 'NONE',  ( 0.08080127018922518556, 0.04665063509461363223, -4.000000000000000000 ) ) ;
#7146 = CARTESIAN_POINT ( 'NONE',  ( -1.311650288129352582, 0.7572816469341321355, -3.901041666666667851 ) ) ;
#7147 = DIRECTION ( 'NONE',  ( 1.000000000000000000, 0.000000000000000000, 0.000000000000000000 ) ) ;
#7148 = LINE ( 'NONE', #5552, #259 ) ;
#7149 = ORIENTED_EDGE ( 'NONE', *, *, #4987, .F. ) ;
#7150 = CARTESIAN_POINT ( 'NONE',  ( 0.6970993649053918162, -1.300712788129358977, -1.141676584743918976 ) ) ;
#7151 = VERTEX_POINT ( 'NONE', #2854 ) ;
#7152 = CARTESIAN_POINT ( 'NONE',  ( 0.5906919597873091510, -1.362147132118053605, 0.2775524456033481302 ) ) ;
#7153 = CARTESIAN_POINT ( 'NONE',  ( -0.7143217940608879157, 1.143940370077988211, -3.035616213735596425 ) ) ;
#7154 = CARTESIAN_POINT ( 'NONE',  ( 1.475000000000007638, 0.04665063509460954522, 2.870843251410584607 ) ) ;
#7155 = CARTESIAN_POINT ( 'NONE',  ( -1.006962788129352582, -0.5813702367904178825, 2.479166666666666963 ) ) ;
#7156 = ORIENTED_EDGE ( 'NONE', *, *, #4862, .F. ) ;
#7157 = CARTESIAN_POINT ( 'NONE',  ( -1.854805089941841679E-16, -1.514563293868264271, 2.796875000000000000 ) ) ;
#7158 = CARTESIAN_POINT ( 'NONE',  ( 0.6713085254195689799, 1.162740473580834877, -0.7916666666666670737 ) ) ;
#7159 = CARTESIAN_POINT ( 'NONE',  ( -1.475000000000007638, 0.04665063509461157831, -0.3844253723437463521 ) ) ;
#7160 = ORIENTED_EDGE ( 'NONE', *, *, #2349, .F. ) ;
#7161 = CARTESIAN_POINT ( 'NONE',  ( -1.748867050839136850, -3.224404533910885881E-16, 2.140624999999998668 ) ) ;
#7162 = CARTESIAN_POINT ( 'NONE',  ( -0.2441168411814914896, -1.471296608598334998, -0.7628551428841746640 ) ) ;
#7163 = CARTESIAN_POINT ( 'NONE',  ( -0.6713085254195686469, -1.162740473580835765, 0.4583333333333332038 ) ) ;
#7164 = EDGE_CURVE ( 'NONE', #335, #3763, #1896, .T. ) ;
#7165 = CARTESIAN_POINT ( 'NONE',  ( 1.342617050839136628, -7.100437441471028304E-16, 2.625000000000000000 ) ) ;
#7166 = EDGE_CURVE ( 'NONE', #5579, #455, #4620, .T. ) ;
#7167 = CARTESIAN_POINT ( 'NONE',  ( 0.6713085254195677587, -1.162740473580835765, -0.3958333333333326487 ) ) ;
#7168 = CARTESIAN_POINT ( 'NONE',  ( -0.1204025500966704465, 1.263058544473443456, -3.622556197485072627 ) ) ;
#7169 = CARTESIAN_POINT ( 'NONE',  ( 0.000000000000000000, 1.162740473580834877, 0.8125000000000006661 ) ) ;
#7170 = CARTESIAN_POINT ( 'NONE',  ( 0.4811470761692772657, 0.4811470761692752118, 6.388787415248819102 ) ) ;
#7171 = EDGE_CURVE ( 'NONE', #5181, #2910, #1763, .T. ) ;
#7172 = EDGE_LOOP ( 'NONE', ( #6774, #1281, #2529, #845 ) ) ;
ENDSEC;
END-ISO-10303-21;
