ISO-10303-21;
HEADER;
FILE_DESCRIPTION(('Open CASCADE Model'),'2;1');
FILE_NAME('Open CASCADE Shape Model','2026-07-26T02:26:22',('Author'),(
    'Open CASCADE'),'Open CASCADE STEP processor 7.9','Open CASCADE 7.9'
  ,'Unknown');
FILE_SCHEMA(('AUTOMOTIVE_DESIGN { 1 0 10303 214 1 1 1 1 }'));
ENDSEC;
DATA;
#1 = APPLICATION_PROTOCOL_DEFINITION('international standard',
  'automotive_design',2000,#2);
#2 = APPLICATION_CONTEXT(
  'core data for automotive mechanical design processes');
#3 = SHAPE_DEFINITION_REPRESENTATION(#4,#10);
#4 = PRODUCT_DEFINITION_SHAPE('','',#5);
#5 = PRODUCT_DEFINITION('design','',#6,#9);
#6 = PRODUCT_DEFINITION_FORMATION('','',#7);
#7 = PRODUCT('Open CASCADE STEP translator 7.9 1',
  'Open CASCADE STEP translator 7.9 1','',(#8));
#8 = PRODUCT_CONTEXT('',#2,'mechanical');
#9 = PRODUCT_DEFINITION_CONTEXT('part definition',#2,'design');
#10 = ADVANCED_BREP_SHAPE_REPRESENTATION('',(#11,#15),#4344);
#11 = AXIS2_PLACEMENT_3D('',#12,#13,#14);
#12 = CARTESIAN_POINT('',(0.,0.,0.));
#13 = DIRECTION('',(0.,0.,1.));
#14 = DIRECTION('',(1.,0.,-0.));
#15 = MANIFOLD_SOLID_BREP('',#16);
#16 = CLOSED_SHELL('',(#17,#133,#1628,#1675,#2880,#2907,#2933,#2980,
    #3007,#3034,#3061,#3088,#3115,#3142,#3169,#3196,#3223,#3250,#3277,
    #3304,#3331,#3358,#3385,#3412,#3439,#3466,#3493,#3520,#3547,#3574,
    #3601,#3628,#3655,#3682,#3709,#3736,#3763,#3790,#3817,#3844,#3871,
    #3898,#3925,#3952,#3979,#3986,#4013,#4040,#4067,#4094,#4121,#4148,
    #4175,#4202,#4229,#4256,#4283,#4310,#4337));
#17 = ADVANCED_FACE('',(#18),#32,.T.);
#18 = FACE_BOUND('',#19,.T.);
#19 = EDGE_LOOP('',(#20,#53,#81,#107));
#20 = ORIENTED_EDGE('',*,*,#21,.F.);
#21 = EDGE_CURVE('',#22,#24,#26,.T.);
#22 = VERTEX_POINT('',#23);
#23 = CARTESIAN_POINT('',(4.7,3.318986495112,0.236472842556));
#24 = VERTEX_POINT('',#25);
#25 = CARTESIAN_POINT('',(4.7,4.099910838526,0.414713727933));
#26 = SURFACE_CURVE('',#27,(#31,#42),.PCURVE_S1.);
#27 = LINE('',#28,#29);
#28 = CARTESIAN_POINT('',(4.7,-3.537404801014,-1.32845372865));
#29 = VECTOR('',#30,1.);
#30 = DIRECTION('',(0.,0.974927912182,0.222520933956));
#31 = PCURVE('',#32,#37);
#32 = PLANE('',#33);
#33 = AXIS2_PLACEMENT_3D('',#34,#35,#36);
#34 = CARTESIAN_POINT('',(-17.39423167868,3.318986495112,0.236472842556)
  );
#35 = DIRECTION('',(-1.013155611628E-17,-0.222520933956,0.974927912182)
  );
#36 = DIRECTION('',(0.,-0.974927912182,-0.222520933956));
#37 = DEFINITIONAL_REPRESENTATION('',(#38),#41);
#38 = B_SPLINE_CURVE_WITH_KNOTS('',1,(#39,#40),.UNSPECIFIED.,.F.,.F.,(2,
    2),(7.032716173631,7.833723441612),.PIECEWISE_BEZIER_KNOTS.);
#39 = CARTESIAN_POINT('',(8.881784197001E-16,22.094231678685));
#40 = CARTESIAN_POINT('',(-0.80100726798,22.094231678685));
#41 = ( GEOMETRIC_REPRESENTATION_CONTEXT(2) 
PARAMETRIC_REPRESENTATION_CONTEXT() REPRESENTATION_CONTEXT('2D SPACE',''
  ) );
#42 = PCURVE('',#43,#48);
#43 = PLANE('',#44);
#44 = AXIS2_PLACEMENT_3D('',#45,#46,#47);
#45 = CARTESIAN_POINT('',(4.7,-9.,-9.));
#46 = DIRECTION('',(1.,0.,-0.));
#47 = DIRECTION('',(0.,0.,1.));
#48 = DEFINITIONAL_REPRESENTATION('',(#49),#52);
#49 = B_SPLINE_CURVE_WITH_KNOTS('',1,(#50,#51),.UNSPECIFIED.,.F.,.F.,(2,
    2),(7.032716173631,7.833723441612),.PIECEWISE_BEZIER_KNOTS.);
#50 = CARTESIAN_POINT('',(9.236472842556,-12.31898649511));
#51 = CARTESIAN_POINT('',(9.414713727933,-13.09991083852));
#52 = ( GEOMETRIC_REPRESENTATION_CONTEXT(2) 
PARAMETRIC_REPRESENTATION_CONTEXT() REPRESENTATION_CONTEXT('2D SPACE',''
  ) );
#53 = ORIENTED_EDGE('',*,*,#54,.T.);
#54 = EDGE_CURVE('',#22,#55,#57,.T.);
#55 = VERTEX_POINT('',#56);
#56 = CARTESIAN_POINT('',(5.33,3.318986495112,0.236472842556));
#57 = SURFACE_CURVE('',#58,(#62,#69),.PCURVE_S1.);
#58 = LINE('',#59,#60);
#59 = CARTESIAN_POINT('',(-17.39423167868,3.318986495112,0.236472842556)
  );
#60 = VECTOR('',#61,1.);
#61 = DIRECTION('',(1.,-4.55307998944E-17,0.));
#62 = PCURVE('',#32,#63);
#63 = DEFINITIONAL_REPRESENTATION('',(#64),#68);
#64 = LINE('',#65,#66);
#65 = CARTESIAN_POINT('',(0.,0.));
#66 = VECTOR('',#67,1.);
#67 = DIRECTION('',(4.438924768102E-17,1.));
#68 = ( GEOMETRIC_REPRESENTATION_CONTEXT(2) 
PARAMETRIC_REPRESENTATION_CONTEXT() REPRESENTATION_CONTEXT('2D SPACE',''
  ) );
#69 = PCURVE('',#70,#75);
#70 = CYLINDRICAL_SURFACE('',#71,3.3274);
#71 = AXIS2_PLACEMENT_3D('',#72,#73,#74);
#72 = CARTESIAN_POINT('',(5.334,3.353798720222E-16,-2.168404344971E-16)
  );
#73 = DIRECTION('',(1.,-4.55307998944E-17,-0.));
#74 = DIRECTION('',(-4.55307998944E-17,-1.,0.));
#75 = DEFINITIONAL_REPRESENTATION('',(#76),#80);
#76 = LINE('',#77,#78);
#77 = CARTESIAN_POINT('',(3.212720968694,-22.72823167868));
#78 = VECTOR('',#79,1.);
#79 = DIRECTION('',(0.,1.));
#80 = ( GEOMETRIC_REPRESENTATION_CONTEXT(2) 
PARAMETRIC_REPRESENTATION_CONTEXT() REPRESENTATION_CONTEXT('2D SPACE',''
  ) );
#81 = ORIENTED_EDGE('',*,*,#82,.T.);
#82 = EDGE_CURVE('',#55,#83,#85,.T.);
#83 = VERTEX_POINT('',#84);
#84 = CARTESIAN_POINT('',(5.33,4.099910838526,0.414713727933));
#85 = SURFACE_CURVE('',#86,(#90,#96),.PCURVE_S1.);
#86 = LINE('',#87,#88);
#87 = CARTESIAN_POINT('',(5.33,-3.537404801014,-1.32845372865));
#88 = VECTOR('',#89,1.);
#89 = DIRECTION('',(0.,0.974927912182,0.222520933956));
#90 = PCURVE('',#32,#91);
#91 = DEFINITIONAL_REPRESENTATION('',(#92),#95);
#92 = B_SPLINE_CURVE_WITH_KNOTS('',1,(#93,#94),.UNSPECIFIED.,.F.,.F.,(2,
    2),(7.032716173631,7.833723441612),.PIECEWISE_BEZIER_KNOTS.);
#93 = CARTESIAN_POINT('',(8.881784197001E-16,22.724231678685));
#94 = CARTESIAN_POINT('',(-0.80100726798,22.724231678685));
#95 = ( GEOMETRIC_REPRESENTATION_CONTEXT(2) 
PARAMETRIC_REPRESENTATION_CONTEXT() REPRESENTATION_CONTEXT('2D SPACE',''
  ) );
#96 = PCURVE('',#97,#102);
#97 = PLANE('',#98);
#98 = AXIS2_PLACEMENT_3D('',#99,#100,#101);
#99 = CARTESIAN_POINT('',(5.33,-9.,-9.));
#100 = DIRECTION('',(1.,0.,-0.));
#101 = DIRECTION('',(0.,0.,1.));
#102 = DEFINITIONAL_REPRESENTATION('',(#103),#106);
#103 = B_SPLINE_CURVE_WITH_KNOTS('',1,(#104,#105),.UNSPECIFIED.,.F.,.F.,
  (2,2),(7.032716173631,7.833723441612),.PIECEWISE_BEZIER_KNOTS.);
#104 = CARTESIAN_POINT('',(9.236472842556,-12.31898649511));
#105 = CARTESIAN_POINT('',(9.414713727933,-13.09991083852));
#106 = ( GEOMETRIC_REPRESENTATION_CONTEXT(2) 
PARAMETRIC_REPRESENTATION_CONTEXT() REPRESENTATION_CONTEXT('2D SPACE',''
  ) );
#107 = ORIENTED_EDGE('',*,*,#108,.F.);
#108 = EDGE_CURVE('',#24,#83,#109,.T.);
#109 = SURFACE_CURVE('',#110,(#114,#121),.PCURVE_S1.);
#110 = LINE('',#111,#112);
#111 = CARTESIAN_POINT('',(-17.39423167868,4.099910838526,0.414713727933
    ));
#112 = VECTOR('',#113,1.);
#113 = DIRECTION('',(1.,-4.55307998944E-17,0.));
#114 = PCURVE('',#32,#115);
#115 = DEFINITIONAL_REPRESENTATION('',(#116),#120);
#116 = LINE('',#117,#118);
#117 = CARTESIAN_POINT('',(-0.80100726798,3.851859888774E-34));
#118 = VECTOR('',#119,1.);
#119 = DIRECTION('',(4.438924768102E-17,1.));
#120 = ( GEOMETRIC_REPRESENTATION_CONTEXT(2) 
PARAMETRIC_REPRESENTATION_CONTEXT() REPRESENTATION_CONTEXT('2D SPACE',''
  ) );
#121 = PCURVE('',#122,#127);
#122 = PLANE('',#123);
#123 = AXIS2_PLACEMENT_3D('',#124,#125,#126);
#124 = CARTESIAN_POINT('',(-17.39423167868,3.873829569627,1.405240486709
    ));
#125 = DIRECTION('',(-4.438924768102E-17,-0.974927912182,-0.222520933956
    ));
#126 = DIRECTION('',(0.,0.222520933956,-0.974927912182));
#127 = DEFINITIONAL_REPRESENTATION('',(#128),#132);
#128 = LINE('',#129,#130);
#129 = CARTESIAN_POINT('',(1.016,0.));
#130 = VECTOR('',#131,1.);
#131 = DIRECTION('',(-1.013155611628E-17,1.));
#132 = ( GEOMETRIC_REPRESENTATION_CONTEXT(2) 
PARAMETRIC_REPRESENTATION_CONTEXT() REPRESENTATION_CONTEXT('2D SPACE',''
  ) );
#133 = ADVANCED_FACE('',(#134,#165),#43,.F.);
#134 = FACE_BOUND('',#135,.F.);
#135 = EDGE_LOOP('',(#136));
#136 = ORIENTED_EDGE('',*,*,#137,.T.);
#137 = EDGE_CURVE('',#138,#138,#140,.T.);
#138 = VERTEX_POINT('',#139);
#139 = CARTESIAN_POINT('',(4.7,5.1054,-2.092533965007E-15));
#140 = SURFACE_CURVE('',#141,(#146,#153),.PCURVE_S1.);
#141 = CIRCLE('',#142,5.1054);
#142 = AXIS2_PLACEMENT_3D('',#143,#144,#145);
#143 = CARTESIAN_POINT('',(4.7,3.642463991552E-16,-2.168404344971E-16));
#144 = DIRECTION('',(1.,-4.55307998944E-17,-0.));
#145 = DIRECTION('',(-4.55307998944E-17,-1.,0.));
#146 = PCURVE('',#43,#147);
#147 = DEFINITIONAL_REPRESENTATION('',(#148),#152);
#148 = CIRCLE('',#149,5.1054);
#149 = AXIS2_PLACEMENT_2D('',#150,#151);
#150 = CARTESIAN_POINT('',(9.,-9.));
#151 = DIRECTION('',(0.,1.));
#152 = ( GEOMETRIC_REPRESENTATION_CONTEXT(2) 
PARAMETRIC_REPRESENTATION_CONTEXT() REPRESENTATION_CONTEXT('2D SPACE',''
  ) );
#153 = PCURVE('',#154,#159);
#154 = CYLINDRICAL_SURFACE('',#155,5.1054);
#155 = AXIS2_PLACEMENT_3D('',#156,#157,#158);
#156 = CARTESIAN_POINT('',(5.334,3.353798720222E-16,-2.168404344971E-16)
  );
#157 = DIRECTION('',(1.,-4.55307998944E-17,-0.));
#158 = DIRECTION('',(-4.55307998944E-17,-1.,0.));
#159 = DEFINITIONAL_REPRESENTATION('',(#160),#164);
#160 = LINE('',#161,#162);
#161 = CARTESIAN_POINT('',(0.,-0.634));
#162 = VECTOR('',#163,1.);
#163 = DIRECTION('',(1.,0.));
#164 = ( GEOMETRIC_REPRESENTATION_CONTEXT(2) 
PARAMETRIC_REPRESENTATION_CONTEXT() REPRESENTATION_CONTEXT('2D SPACE',''
  ) );
#165 = FACE_BOUND('',#166,.F.);
#166 = EDGE_LOOP('',(#167,#195,#224,#250,#276,#302,#331,#357,#383,#409,
    #438,#464,#490,#516,#545,#571,#590,#591,#615,#641,#667,#693,#722,
    #748,#774,#800,#829,#855,#881,#907,#936,#962,#988,#1014,#1043,#1069,
    #1095,#1121,#1150,#1176,#1202,#1228,#1257,#1283,#1309,#1335,#1364,
    #1390,#1416,#1442,#1471,#1497,#1523,#1549,#1578,#1604));
#167 = ORIENTED_EDGE('',*,*,#168,.F.);
#168 = EDGE_CURVE('',#169,#171,#173,.T.);
#169 = VERTEX_POINT('',#170);
#170 = CARTESIAN_POINT('',(4.7,-0.969087949361,3.183152416458));
#171 = VERTEX_POINT('',#172);
#172 = CARTESIAN_POINT('',(4.7,-1.316631977853,3.904835027872));
#173 = SURFACE_CURVE('',#174,(#178,#184),.PCURVE_S1.);
#174 = LINE('',#175,#176);
#175 = CARTESIAN_POINT('',(4.7,0.656275007502,-0.191948540664));
#176 = VECTOR('',#177,1.);
#177 = DIRECTION('',(0.,-0.433883739118,0.900968867902));
#178 = PCURVE('',#43,#179);
#179 = DEFINITIONAL_REPRESENTATION('',(#180),#183);
#180 = B_SPLINE_CURVE_WITH_KNOTS('',1,(#181,#182),.UNSPECIFIED.,.F.,.F.,
  (2,2),(3.746079445542,4.547086713522),.PIECEWISE_BEZIER_KNOTS.);
#181 = CARTESIAN_POINT('',(12.183152416458,-8.030912050639));
#182 = CARTESIAN_POINT('',(12.904835027872,-7.683368022147));
#183 = ( GEOMETRIC_REPRESENTATION_CONTEXT(2) 
PARAMETRIC_REPRESENTATION_CONTEXT() REPRESENTATION_CONTEXT('2D SPACE',''
  ) );
#184 = PCURVE('',#185,#190);
#185 = PLANE('',#186);
#186 = AXIS2_PLACEMENT_3D('',#187,#188,#189);
#187 = CARTESIAN_POINT('',(-17.39423167868,-0.969087949361,
    3.183152416458));
#188 = DIRECTION('',(-4.102183323555E-17,-0.900968867902,-0.433883739118
    ));
#189 = DIRECTION('',(0.,0.433883739118,-0.900968867902));
#190 = DEFINITIONAL_REPRESENTATION('',(#191),#194);
#191 = B_SPLINE_CURVE_WITH_KNOTS('',1,(#192,#193),.UNSPECIFIED.,.F.,.F.,
  (2,2),(3.746079445542,4.547086713522),.PIECEWISE_BEZIER_KNOTS.);
#192 = CARTESIAN_POINT('',(-4.440892098501E-16,22.094231678686));
#193 = CARTESIAN_POINT('',(-0.80100726798,22.094231678686));
#194 = ( GEOMETRIC_REPRESENTATION_CONTEXT(2) 
PARAMETRIC_REPRESENTATION_CONTEXT() REPRESENTATION_CONTEXT('2D SPACE',''
  ) );
#195 = ORIENTED_EDGE('',*,*,#196,.F.);
#196 = EDGE_CURVE('',#197,#169,#199,.T.);
#197 = VERTEX_POINT('',#198);
#198 = CARTESIAN_POINT('',(4.7,-0.508,3.28839273202));
#199 = SURFACE_CURVE('',#200,(#205,#212),.PCURVE_S1.);
#200 = CIRCLE('',#201,3.3274);
#201 = AXIS2_PLACEMENT_3D('',#202,#203,#204);
#202 = CARTESIAN_POINT('',(4.7,3.642463991552E-16,-2.168404344971E-16));
#203 = DIRECTION('',(1.,-4.55307998944E-17,-0.));
#204 = DIRECTION('',(-4.55307998944E-17,-1.,0.));
#205 = PCURVE('',#43,#206);
#206 = DEFINITIONAL_REPRESENTATION('',(#207),#211);
#207 = CIRCLE('',#208,3.3274);
#208 = AXIS2_PLACEMENT_2D('',#209,#210);
#209 = CARTESIAN_POINT('',(9.,-9.));
#210 = DIRECTION('',(0.,1.));
#211 = ( GEOMETRIC_REPRESENTATION_CONTEXT(2) 
PARAMETRIC_REPRESENTATION_CONTEXT() REPRESENTATION_CONTEXT('2D SPACE',''
  ) );
#212 = PCURVE('',#213,#218);
#213 = CYLINDRICAL_SURFACE('',#214,3.3274);
#214 = AXIS2_PLACEMENT_3D('',#215,#216,#217);
#215 = CARTESIAN_POINT('',(5.334,3.353798720222E-16,-2.168404344971E-16)
  );
#216 = DIRECTION('',(1.,-4.55307998944E-17,-0.));
#217 = DIRECTION('',(-4.55307998944E-17,-1.,0.));
#218 = DEFINITIONAL_REPRESENTATION('',(#219),#223);
#219 = LINE('',#220,#221);
#220 = CARTESIAN_POINT('',(0.,-0.634));
#221 = VECTOR('',#222,1.);
#222 = DIRECTION('',(1.,0.));
#223 = ( GEOMETRIC_REPRESENTATION_CONTEXT(2) 
PARAMETRIC_REPRESENTATION_CONTEXT() REPRESENTATION_CONTEXT('2D SPACE',''
  ) );
#224 = ORIENTED_EDGE('',*,*,#225,.F.);
#225 = EDGE_CURVE('',#226,#197,#228,.T.);
#226 = VERTEX_POINT('',#227);
#227 = CARTESIAN_POINT('',(4.7,-0.508,4.0894));
#228 = SURFACE_CURVE('',#229,(#233,#239),.PCURVE_S1.);
#229 = LINE('',#230,#231);
#230 = CARTESIAN_POINT('',(4.7,-0.508,-2.85580363399));
#231 = VECTOR('',#232,1.);
#232 = DIRECTION('',(-0.,0.,-1.));
#233 = PCURVE('',#43,#234);
#234 = DEFINITIONAL_REPRESENTATION('',(#235),#238);
#235 = B_SPLINE_CURVE_WITH_KNOTS('',1,(#236,#237),.UNSPECIFIED.,.F.,.F.,
  (2,2),(-6.94520363399,-6.14419636601),.PIECEWISE_BEZIER_KNOTS.);
#236 = CARTESIAN_POINT('',(13.0894,-8.492));
#237 = CARTESIAN_POINT('',(12.28839273202,-8.492));
#238 = ( GEOMETRIC_REPRESENTATION_CONTEXT(2) 
PARAMETRIC_REPRESENTATION_CONTEXT() REPRESENTATION_CONTEXT('2D SPACE',''
  ) );
#239 = PCURVE('',#240,#245);
#240 = PLANE('',#241);
#241 = AXIS2_PLACEMENT_3D('',#242,#243,#244);
#242 = CARTESIAN_POINT('',(-17.39423167868,-0.508,3.28839273202));
#243 = DIRECTION('',(4.55307998944E-17,1.,0.));
#244 = DIRECTION('',(-1.,4.55307998944E-17,0.));
#245 = DEFINITIONAL_REPRESENTATION('',(#246),#249);
#246 = B_SPLINE_CURVE_WITH_KNOTS('',1,(#247,#248),.UNSPECIFIED.,.F.,.F.,
  (2,2),(-6.94520363399,-6.14419636601),.PIECEWISE_BEZIER_KNOTS.);
#247 = CARTESIAN_POINT('',(-22.09423167868,0.80100726798));
#248 = CARTESIAN_POINT('',(-22.09423167868,0.));
#249 = ( GEOMETRIC_REPRESENTATION_CONTEXT(2) 
PARAMETRIC_REPRESENTATION_CONTEXT() REPRESENTATION_CONTEXT('2D SPACE',''
  ) );
#250 = ORIENTED_EDGE('',*,*,#251,.F.);
#251 = EDGE_CURVE('',#252,#226,#254,.T.);
#252 = VERTEX_POINT('',#253);
#253 = CARTESIAN_POINT('',(4.7,0.508,4.0894));
#254 = SURFACE_CURVE('',#255,(#259,#265),.PCURVE_S1.);
#255 = LINE('',#256,#257);
#256 = CARTESIAN_POINT('',(4.7,-4.754,4.0894));
#257 = VECTOR('',#258,1.);
#258 = DIRECTION('',(0.,-1.,0.));
#259 = PCURVE('',#43,#260);
#260 = DEFINITIONAL_REPRESENTATION('',(#261),#264);
#261 = B_SPLINE_CURVE_WITH_KNOTS('',1,(#262,#263),.UNSPECIFIED.,.F.,.F.,
  (2,2),(-5.262,-4.246),.PIECEWISE_BEZIER_KNOTS.);
#262 = CARTESIAN_POINT('',(13.0894,-9.508));
#263 = CARTESIAN_POINT('',(13.0894,-8.492));
#264 = ( GEOMETRIC_REPRESENTATION_CONTEXT(2) 
PARAMETRIC_REPRESENTATION_CONTEXT() REPRESENTATION_CONTEXT('2D SPACE',''
  ) );
#265 = PCURVE('',#266,#271);
#266 = PLANE('',#267);
#267 = AXIS2_PLACEMENT_3D('',#268,#269,#270);
#268 = CARTESIAN_POINT('',(-17.39423167868,-0.508,4.0894));
#269 = DIRECTION('',(0.,0.,-1.));
#270 = DIRECTION('',(-1.,0.,0.));
#271 = DEFINITIONAL_REPRESENTATION('',(#272),#275);
#272 = B_SPLINE_CURVE_WITH_KNOTS('',1,(#273,#274),.UNSPECIFIED.,.F.,.F.,
  (2,2),(-5.262,-4.246),.PIECEWISE_BEZIER_KNOTS.);
#273 = CARTESIAN_POINT('',(-22.09423167868,1.016));
#274 = CARTESIAN_POINT('',(-22.09423167868,-8.881784197001E-16));
#275 = ( GEOMETRIC_REPRESENTATION_CONTEXT(2) 
PARAMETRIC_REPRESENTATION_CONTEXT() REPRESENTATION_CONTEXT('2D SPACE',''
  ) );
#276 = ORIENTED_EDGE('',*,*,#277,.F.);
#277 = EDGE_CURVE('',#278,#252,#280,.T.);
#278 = VERTEX_POINT('',#279);
#279 = CARTESIAN_POINT('',(4.7,0.508,3.28839273202));
#280 = SURFACE_CURVE('',#281,(#285,#291),.PCURVE_S1.);
#281 = LINE('',#282,#283);
#282 = CARTESIAN_POINT('',(4.7,0.508,-2.85580363399));
#283 = VECTOR('',#284,1.);
#284 = DIRECTION('',(0.,0.,1.));
#285 = PCURVE('',#43,#286);
#286 = DEFINITIONAL_REPRESENTATION('',(#287),#290);
#287 = B_SPLINE_CURVE_WITH_KNOTS('',1,(#288,#289),.UNSPECIFIED.,.F.,.F.,
  (2,2),(6.14419636601,6.94520363399),.PIECEWISE_BEZIER_KNOTS.);
#288 = CARTESIAN_POINT('',(12.28839273202,-9.508));
#289 = CARTESIAN_POINT('',(13.0894,-9.508));
#290 = ( GEOMETRIC_REPRESENTATION_CONTEXT(2) 
PARAMETRIC_REPRESENTATION_CONTEXT() REPRESENTATION_CONTEXT('2D SPACE',''
  ) );
#291 = PCURVE('',#292,#297);
#292 = PLANE('',#293);
#293 = AXIS2_PLACEMENT_3D('',#294,#295,#296);
#294 = CARTESIAN_POINT('',(-17.39423167868,0.508,3.28839273202));
#295 = DIRECTION('',(-4.55307998944E-17,-1.,0.));
#296 = DIRECTION('',(1.,-4.55307998944E-17,0.));
#297 = DEFINITIONAL_REPRESENTATION('',(#298),#301);
#298 = B_SPLINE_CURVE_WITH_KNOTS('',1,(#299,#300),.UNSPECIFIED.,.F.,.F.,
  (2,2),(6.14419636601,6.94520363399),.PIECEWISE_BEZIER_KNOTS.);
#299 = CARTESIAN_POINT('',(22.094231678685,0.));
#300 = CARTESIAN_POINT('',(22.094231678685,0.80100726798));
#301 = ( GEOMETRIC_REPRESENTATION_CONTEXT(2) 
PARAMETRIC_REPRESENTATION_CONTEXT() REPRESENTATION_CONTEXT('2D SPACE',''
  ) );
#302 = ORIENTED_EDGE('',*,*,#303,.F.);
#303 = EDGE_CURVE('',#304,#278,#306,.T.);
#304 = VERTEX_POINT('',#305);
#305 = CARTESIAN_POINT('',(4.7,0.969087949361,3.183152416458));
#306 = SURFACE_CURVE('',#307,(#312,#319),.PCURVE_S1.);
#307 = CIRCLE('',#308,3.3274);
#308 = AXIS2_PLACEMENT_3D('',#309,#310,#311);
#309 = CARTESIAN_POINT('',(4.7,3.642463991552E-16,-2.168404344971E-16));
#310 = DIRECTION('',(1.,-4.55307998944E-17,-0.));
#311 = DIRECTION('',(-4.55307998944E-17,-1.,0.));
#312 = PCURVE('',#43,#313);
#313 = DEFINITIONAL_REPRESENTATION('',(#314),#318);
#314 = CIRCLE('',#315,3.3274);
#315 = AXIS2_PLACEMENT_2D('',#316,#317);
#316 = CARTESIAN_POINT('',(9.,-9.));
#317 = DIRECTION('',(0.,1.));
#318 = ( GEOMETRIC_REPRESENTATION_CONTEXT(2) 
PARAMETRIC_REPRESENTATION_CONTEXT() REPRESENTATION_CONTEXT('2D SPACE',''
  ) );
#319 = PCURVE('',#320,#325);
#320 = CYLINDRICAL_SURFACE('',#321,3.3274);
#321 = AXIS2_PLACEMENT_3D('',#322,#323,#324);
#322 = CARTESIAN_POINT('',(5.334,3.353798720222E-16,-2.168404344971E-16)
  );
#323 = DIRECTION('',(1.,-4.55307998944E-17,-0.));
#324 = DIRECTION('',(-4.55307998944E-17,-1.,0.));
#325 = DEFINITIONAL_REPRESENTATION('',(#326),#330);
#326 = LINE('',#327,#328);
#327 = CARTESIAN_POINT('',(0.,-0.634));
#328 = VECTOR('',#329,1.);
#329 = DIRECTION('',(1.,0.));
#330 = ( GEOMETRIC_REPRESENTATION_CONTEXT(2) 
PARAMETRIC_REPRESENTATION_CONTEXT() REPRESENTATION_CONTEXT('2D SPACE',''
  ) );
#331 = ORIENTED_EDGE('',*,*,#332,.F.);
#332 = EDGE_CURVE('',#333,#304,#335,.T.);
#333 = VERTEX_POINT('',#334);
#334 = CARTESIAN_POINT('',(4.7,1.316631977853,3.904835027872));
#335 = SURFACE_CURVE('',#336,(#340,#346),.PCURVE_S1.);
#336 = LINE('',#337,#338);
#337 = CARTESIAN_POINT('',(4.7,-2.350570899137,-3.71019021177));
#338 = VECTOR('',#339,1.);
#339 = DIRECTION('',(0.,-0.433883739118,-0.900968867902));
#340 = PCURVE('',#43,#341);
#341 = DEFINITIONAL_REPRESENTATION('',(#342),#345);
#342 = B_SPLINE_CURVE_WITH_KNOTS('',1,(#343,#344),.UNSPECIFIED.,.F.,.F.,
  (2,2),(-8.45204036558,-7.6510330976),.PIECEWISE_BEZIER_KNOTS.);
#343 = CARTESIAN_POINT('',(12.904835027872,-10.31663197785));
#344 = CARTESIAN_POINT('',(12.183152416458,-9.969087949361));
#345 = ( GEOMETRIC_REPRESENTATION_CONTEXT(2) 
PARAMETRIC_REPRESENTATION_CONTEXT() REPRESENTATION_CONTEXT('2D SPACE',''
  ) );
#346 = PCURVE('',#347,#352);
#347 = PLANE('',#348);
#348 = AXIS2_PLACEMENT_3D('',#349,#350,#351);
#349 = CARTESIAN_POINT('',(-17.39423167868,0.969087949361,3.183152416458
    ));
#350 = DIRECTION('',(4.102183323555E-17,0.900968867902,-0.433883739118)
  );
#351 = DIRECTION('',(0.,0.433883739118,0.900968867902));
#352 = DEFINITIONAL_REPRESENTATION('',(#353),#356);
#353 = B_SPLINE_CURVE_WITH_KNOTS('',1,(#354,#355),.UNSPECIFIED.,.F.,.F.,
  (2,2),(-8.45204036558,-7.6510330976),.PIECEWISE_BEZIER_KNOTS.);
#354 = CARTESIAN_POINT('',(0.80100726798,22.094231678686));
#355 = CARTESIAN_POINT('',(-8.881784197001E-16,22.094231678686));
#356 = ( GEOMETRIC_REPRESENTATION_CONTEXT(2) 
PARAMETRIC_REPRESENTATION_CONTEXT() REPRESENTATION_CONTEXT('2D SPACE',''
  ) );
#357 = ORIENTED_EDGE('',*,*,#358,.F.);
#358 = EDGE_CURVE('',#359,#333,#361,.T.);
#359 = VERTEX_POINT('',#360);
#360 = CARTESIAN_POINT('',(4.7,2.232016347642,3.464009148928));
#361 = SURFACE_CURVE('',#362,(#366,#372),.PCURVE_S1.);
#362 = LINE('',#363,#364);
#363 = CARTESIAN_POINT('',(4.7,-0.348253148329,4.706601447871));
#364 = VECTOR('',#365,1.);
#365 = DIRECTION('',(0.,-0.900968867902,0.433883739118));
#366 = PCURVE('',#43,#367);
#367 = DEFINITIONAL_REPRESENTATION('',(#368),#371);
#368 = B_SPLINE_CURVE_WITH_KNOTS('',1,(#369,#370),.UNSPECIFIED.,.F.,.F.,
  (2,2),(-2.863883079532,-1.847883079532),.PIECEWISE_BEZIER_KNOTS.);
#369 = CARTESIAN_POINT('',(12.464009148928,-11.23201634764));
#370 = CARTESIAN_POINT('',(12.904835027872,-10.31663197785));
#371 = ( GEOMETRIC_REPRESENTATION_CONTEXT(2) 
PARAMETRIC_REPRESENTATION_CONTEXT() REPRESENTATION_CONTEXT('2D SPACE',''
  ) );
#372 = PCURVE('',#373,#378);
#373 = PLANE('',#374);
#374 = AXIS2_PLACEMENT_3D('',#375,#376,#377);
#375 = CARTESIAN_POINT('',(-17.39423167868,1.316631977853,3.904835027872
    ));
#376 = DIRECTION('',(-1.97550737032E-17,-0.433883739118,-0.900968867902)
  );
#377 = DIRECTION('',(-1.54074395551E-33,0.900968867902,-0.433883739118)
  );
#378 = DEFINITIONAL_REPRESENTATION('',(#379),#382);
#379 = B_SPLINE_CURVE_WITH_KNOTS('',1,(#380,#381),.UNSPECIFIED.,.F.,.F.,
  (2,2),(-2.863883079532,-1.847883079532),.PIECEWISE_BEZIER_KNOTS.);
#380 = CARTESIAN_POINT('',(1.016,22.094231678686));
#381 = CARTESIAN_POINT('',(-9.992007221626E-15,22.094231678686));
#382 = ( GEOMETRIC_REPRESENTATION_CONTEXT(2) 
PARAMETRIC_REPRESENTATION_CONTEXT() REPRESENTATION_CONTEXT('2D SPACE',''
  ) );
#383 = ORIENTED_EDGE('',*,*,#384,.F.);
#384 = EDGE_CURVE('',#385,#359,#387,.T.);
#385 = VERTEX_POINT('',#386);
#386 = CARTESIAN_POINT('',(4.7,1.88447231915,2.742326537515));
#387 = SURFACE_CURVE('',#388,(#392,#398),.PCURVE_S1.);
#388 = LINE('',#389,#390);
#389 = CARTESIAN_POINT('',(4.7,-1.435186529349,-4.151016090714));
#390 = VECTOR('',#391,1.);
#391 = DIRECTION('',(0.,0.433883739118,0.900968867902));
#392 = PCURVE('',#43,#393);
#393 = DEFINITIONAL_REPRESENTATION('',(#394),#397);
#394 = B_SPLINE_CURVE_WITH_KNOTS('',1,(#395,#396),.UNSPECIFIED.,.F.,.F.,
  (2,2),(7.6510330976,8.45204036558),.PIECEWISE_BEZIER_KNOTS.);
#395 = CARTESIAN_POINT('',(11.742326537515,-10.88447231915));
#396 = CARTESIAN_POINT('',(12.464009148928,-11.23201634764));
#397 = ( GEOMETRIC_REPRESENTATION_CONTEXT(2) 
PARAMETRIC_REPRESENTATION_CONTEXT() REPRESENTATION_CONTEXT('2D SPACE',''
  ) );
#398 = PCURVE('',#399,#404);
#399 = PLANE('',#400);
#400 = AXIS2_PLACEMENT_3D('',#401,#402,#403);
#401 = CARTESIAN_POINT('',(-17.39423167868,1.88447231915,2.742326537515)
  );
#402 = DIRECTION('',(-4.102183323555E-17,-0.900968867902,0.433883739118)
  );
#403 = DIRECTION('',(0.,-0.433883739118,-0.900968867902));
#404 = DEFINITIONAL_REPRESENTATION('',(#405),#408);
#405 = B_SPLINE_CURVE_WITH_KNOTS('',1,(#406,#407),.UNSPECIFIED.,.F.,.F.,
  (2,2),(7.6510330976,8.45204036558),.PIECEWISE_BEZIER_KNOTS.);
#406 = CARTESIAN_POINT('',(8.881784197001E-16,22.094231678686));
#407 = CARTESIAN_POINT('',(-0.80100726798,22.094231678686));
#408 = ( GEOMETRIC_REPRESENTATION_CONTEXT(2) 
PARAMETRIC_REPRESENTATION_CONTEXT() REPRESENTATION_CONTEXT('2D SPACE',''
  ) );
#409 = ORIENTED_EDGE('',*,*,#410,.F.);
#410 = EDGE_CURVE('',#411,#385,#413,.T.);
#411 = VERTEX_POINT('',#412);
#412 = CARTESIAN_POINT('',(4.7,2.254236145268,2.447449726014));
#413 = SURFACE_CURVE('',#414,(#419,#426),.PCURVE_S1.);
#414 = CIRCLE('',#415,3.3274);
#415 = AXIS2_PLACEMENT_3D('',#416,#417,#418);
#416 = CARTESIAN_POINT('',(4.7,3.642463991552E-16,-2.168404344971E-16));
#417 = DIRECTION('',(1.,-4.55307998944E-17,-0.));
#418 = DIRECTION('',(-4.55307998944E-17,-1.,0.));
#419 = PCURVE('',#43,#420);
#420 = DEFINITIONAL_REPRESENTATION('',(#421),#425);
#421 = CIRCLE('',#422,3.3274);
#422 = AXIS2_PLACEMENT_2D('',#423,#424);
#423 = CARTESIAN_POINT('',(9.,-9.));
#424 = DIRECTION('',(0.,1.));
#425 = ( GEOMETRIC_REPRESENTATION_CONTEXT(2) 
PARAMETRIC_REPRESENTATION_CONTEXT() REPRESENTATION_CONTEXT('2D SPACE',''
  ) );
#426 = PCURVE('',#427,#432);
#427 = CYLINDRICAL_SURFACE('',#428,3.3274);
#428 = AXIS2_PLACEMENT_3D('',#429,#430,#431);
#429 = CARTESIAN_POINT('',(5.334,3.353798720222E-16,-2.168404344971E-16)
  );
#430 = DIRECTION('',(1.,-4.55307998944E-17,-0.));
#431 = DIRECTION('',(-4.55307998944E-17,-1.,0.));
#432 = DEFINITIONAL_REPRESENTATION('',(#433),#437);
#433 = LINE('',#434,#435);
#434 = CARTESIAN_POINT('',(0.,-0.634));
#435 = VECTOR('',#436,1.);
#436 = DIRECTION('',(1.,0.));
#437 = ( GEOMETRIC_REPRESENTATION_CONTEXT(2) 
PARAMETRIC_REPRESENTATION_CONTEXT() REPRESENTATION_CONTEXT('2D SPACE',''
  ) );
#438 = ORIENTED_EDGE('',*,*,#439,.F.);
#439 = EDGE_CURVE('',#440,#411,#442,.T.);
#440 = VERTEX_POINT('',#441);
#441 = CARTESIAN_POINT('',(4.7,2.880488845061,2.946869588815));
#442 = SURFACE_CURVE('',#443,(#447,#453),.PCURVE_S1.);
#443 = LINE('',#444,#445);
#444 = CARTESIAN_POINT('',(4.7,-3.975508240849,-2.520605641453));
#445 = VECTOR('',#446,1.);
#446 = DIRECTION('',(0.,-0.781831482468,-0.623489801859));
#447 = PCURVE('',#43,#448);
#448 = DEFINITIONAL_REPRESENTATION('',(#449),#452);
#449 = B_SPLINE_CURVE_WITH_KNOTS('',1,(#450,#451),.UNSPECIFIED.,.F.,.F.,
  (2,2),(-8.769149413461,-7.96814214548),.PIECEWISE_BEZIER_KNOTS.);
#450 = CARTESIAN_POINT('',(11.946869588815,-11.88048884506));
#451 = CARTESIAN_POINT('',(11.447449726014,-11.25423614526));
#452 = ( GEOMETRIC_REPRESENTATION_CONTEXT(2) 
PARAMETRIC_REPRESENTATION_CONTEXT() REPRESENTATION_CONTEXT('2D SPACE',''
  ) );
#453 = PCURVE('',#454,#459);
#454 = PLANE('',#455);
#455 = AXIS2_PLACEMENT_3D('',#456,#457,#458);
#456 = CARTESIAN_POINT('',(-17.39423167868,2.254236145268,2.447449726014
    ));
#457 = DIRECTION('',(2.838798940463E-17,0.623489801859,-0.781831482468)
  );
#458 = DIRECTION('',(1.54074395551E-33,0.781831482468,0.623489801859));
#459 = DEFINITIONAL_REPRESENTATION('',(#460),#463);
#460 = B_SPLINE_CURVE_WITH_KNOTS('',1,(#461,#462),.UNSPECIFIED.,.F.,.F.,
  (2,2),(-8.769149413461,-7.96814214548),.PIECEWISE_BEZIER_KNOTS.);
#461 = CARTESIAN_POINT('',(0.80100726798,22.094231678686));
#462 = CARTESIAN_POINT('',(-7.993605777301E-15,22.094231678686));
#463 = ( GEOMETRIC_REPRESENTATION_CONTEXT(2) 
PARAMETRIC_REPRESENTATION_CONTEXT() REPRESENTATION_CONTEXT('2D SPACE',''
  ) );
#464 = ORIENTED_EDGE('',*,*,#465,.F.);
#465 = EDGE_CURVE('',#466,#440,#468,.T.);
#466 = VERTEX_POINT('',#467);
#467 = CARTESIAN_POINT('',(4.7,3.513954483749,2.152528802627));
#468 = SURFACE_CURVE('',#469,(#473,#479),.PCURVE_S1.);
#469 = LINE('',#470,#471);
#470 = CARTESIAN_POINT('',(4.7,3.483115158543,2.191200093275));
#471 = VECTOR('',#472,1.);
#472 = DIRECTION('',(0.,-0.623489801859,0.781831482468));
#473 = PCURVE('',#43,#474);
#474 = DEFINITIONAL_REPRESENTATION('',(#475),#478);
#475 = B_SPLINE_CURVE_WITH_KNOTS('',1,(#476,#477),.UNSPECIFIED.,.F.,.F.,
  (2,2),(-4.946243725816E-02,0.966537562742),.PIECEWISE_BEZIER_KNOTS.);
#476 = CARTESIAN_POINT('',(11.152528802627,-12.51395448374));
#477 = CARTESIAN_POINT('',(11.946869588815,-11.88048884506));
#478 = ( GEOMETRIC_REPRESENTATION_CONTEXT(2) 
PARAMETRIC_REPRESENTATION_CONTEXT() REPRESENTATION_CONTEXT('2D SPACE',''
  ) );
#479 = PCURVE('',#480,#485);
#480 = PLANE('',#481);
#481 = AXIS2_PLACEMENT_3D('',#482,#483,#484);
#482 = CARTESIAN_POINT('',(-17.39423167868,2.880488845061,2.946869588815
    ));
#483 = DIRECTION('',(-3.55974127794E-17,-0.781831482468,-0.623489801859)
  );
#484 = DIRECTION('',(0.,0.623489801859,-0.781831482468));
#485 = DEFINITIONAL_REPRESENTATION('',(#486),#489);
#486 = B_SPLINE_CURVE_WITH_KNOTS('',1,(#487,#488),.UNSPECIFIED.,.F.,.F.,
  (2,2),(-4.946243725816E-02,0.966537562742),.PIECEWISE_BEZIER_KNOTS.);
#487 = CARTESIAN_POINT('',(1.016,22.094231678686));
#488 = CARTESIAN_POINT('',(-6.661338147751E-16,22.094231678686));
#489 = ( GEOMETRIC_REPRESENTATION_CONTEXT(2) 
PARAMETRIC_REPRESENTATION_CONTEXT() REPRESENTATION_CONTEXT('2D SPACE',''
  ) );
#490 = ORIENTED_EDGE('',*,*,#491,.F.);
#491 = EDGE_CURVE('',#492,#466,#494,.T.);
#492 = VERTEX_POINT('',#493);
#493 = CARTESIAN_POINT('',(4.7,2.887701783956,1.653108939827));
#494 = SURFACE_CURVE('',#495,(#499,#505),.PCURVE_S1.);
#495 = LINE('',#496,#497);
#496 = CARTESIAN_POINT('',(4.7,-3.342042602161,-3.314946427641));
#497 = VECTOR('',#498,1.);
#498 = DIRECTION('',(0.,0.781831482468,0.623489801859));
#499 = PCURVE('',#43,#500);
#500 = DEFINITIONAL_REPRESENTATION('',(#501),#504);
#501 = B_SPLINE_CURVE_WITH_KNOTS('',1,(#502,#503),.UNSPECIFIED.,.F.,.F.,
  (2,2),(7.96814214548,8.769149413461),.PIECEWISE_BEZIER_KNOTS.);
#502 = CARTESIAN_POINT('',(10.653108939827,-11.88770178395));
#503 = CARTESIAN_POINT('',(11.152528802627,-12.51395448374));
#504 = ( GEOMETRIC_REPRESENTATION_CONTEXT(2) 
PARAMETRIC_REPRESENTATION_CONTEXT() REPRESENTATION_CONTEXT('2D SPACE',''
  ) );
#505 = PCURVE('',#506,#511);
#506 = PLANE('',#507);
#507 = AXIS2_PLACEMENT_3D('',#508,#509,#510);
#508 = CARTESIAN_POINT('',(-17.39423167868,2.887701783956,1.653108939827
    ));
#509 = DIRECTION('',(-2.838798940463E-17,-0.623489801859,0.781831482468)
  );
#510 = DIRECTION('',(-1.54074395551E-33,-0.781831482468,-0.623489801859)
  );
#511 = DEFINITIONAL_REPRESENTATION('',(#512),#515);
#512 = B_SPLINE_CURVE_WITH_KNOTS('',1,(#513,#514),.UNSPECIFIED.,.F.,.F.,
  (2,2),(7.96814214548,8.769149413461),.PIECEWISE_BEZIER_KNOTS.);
#513 = CARTESIAN_POINT('',(8.881784197001E-16,22.094231678686));
#514 = CARTESIAN_POINT('',(-0.80100726798,22.094231678686));
#515 = ( GEOMETRIC_REPRESENTATION_CONTEXT(2) 
PARAMETRIC_REPRESENTATION_CONTEXT() REPRESENTATION_CONTEXT('2D SPACE',''
  ) );
#516 = ORIENTED_EDGE('',*,*,#517,.F.);
#517 = EDGE_CURVE('',#518,#492,#520,.T.);
#518 = VERTEX_POINT('',#519);
#519 = CARTESIAN_POINT('',(4.7,3.092905226212,1.226999601333));
#520 = SURFACE_CURVE('',#521,(#526,#533),.PCURVE_S1.);
#521 = CIRCLE('',#522,3.3274);
#522 = AXIS2_PLACEMENT_3D('',#523,#524,#525);
#523 = CARTESIAN_POINT('',(4.7,3.642463991552E-16,-2.168404344971E-16));
#524 = DIRECTION('',(1.,-4.55307998944E-17,-0.));
#525 = DIRECTION('',(-4.55307998944E-17,-1.,0.));
#526 = PCURVE('',#43,#527);
#527 = DEFINITIONAL_REPRESENTATION('',(#528),#532);
#528 = CIRCLE('',#529,3.3274);
#529 = AXIS2_PLACEMENT_2D('',#530,#531);
#530 = CARTESIAN_POINT('',(9.,-9.));
#531 = DIRECTION('',(0.,1.));
#532 = ( GEOMETRIC_REPRESENTATION_CONTEXT(2) 
PARAMETRIC_REPRESENTATION_CONTEXT() REPRESENTATION_CONTEXT('2D SPACE',''
  ) );
#533 = PCURVE('',#534,#539);
#534 = CYLINDRICAL_SURFACE('',#535,3.3274);
#535 = AXIS2_PLACEMENT_3D('',#536,#537,#538);
#536 = CARTESIAN_POINT('',(5.334,3.353798720222E-16,-2.168404344971E-16)
  );
#537 = DIRECTION('',(1.,-4.55307998944E-17,-0.));
#538 = DIRECTION('',(-4.55307998944E-17,-1.,0.));
#539 = DEFINITIONAL_REPRESENTATION('',(#540),#544);
#540 = LINE('',#541,#542);
#541 = CARTESIAN_POINT('',(0.,-0.634));
#542 = VECTOR('',#543,1.);
#543 = DIRECTION('',(1.,0.));
#544 = ( GEOMETRIC_REPRESENTATION_CONTEXT(2) 
PARAMETRIC_REPRESENTATION_CONTEXT() REPRESENTATION_CONTEXT('2D SPACE',''
  ) );
#545 = ORIENTED_EDGE('',*,*,#546,.F.);
#546 = EDGE_CURVE('',#547,#518,#549,.T.);
#547 = VERTEX_POINT('',#548);
#548 = CARTESIAN_POINT('',(4.7,3.873829569627,1.405240486709));
#549 = SURFACE_CURVE('',#550,(#554,#560),.PCURVE_S1.);
#550 = LINE('',#551,#552);
#551 = CARTESIAN_POINT('',(4.7,-3.763486069914,-0.337926969874));
#552 = VECTOR('',#553,1.);
#553 = DIRECTION('',(0.,-0.974927912182,-0.222520933956));
#554 = PCURVE('',#43,#555);
#555 = DEFINITIONAL_REPRESENTATION('',(#556),#559);
#556 = B_SPLINE_CURVE_WITH_KNOTS('',1,(#557,#558),.UNSPECIFIED.,.F.,.F.,
  (2,2),(-7.833723441612,-7.032716173631),.PIECEWISE_BEZIER_KNOTS.);
#557 = CARTESIAN_POINT('',(10.405240486709,-12.87382956962));
#558 = CARTESIAN_POINT('',(10.226999601333,-12.09290522621));
#559 = ( GEOMETRIC_REPRESENTATION_CONTEXT(2) 
PARAMETRIC_REPRESENTATION_CONTEXT() REPRESENTATION_CONTEXT('2D SPACE',''
  ) );
#560 = PCURVE('',#561,#566);
#561 = PLANE('',#562);
#562 = AXIS2_PLACEMENT_3D('',#563,#564,#565);
#563 = CARTESIAN_POINT('',(-17.39423167868,3.092905226212,1.226999601333
    ));
#564 = DIRECTION('',(1.013155611628E-17,0.222520933956,-0.974927912182)
  );
#565 = DIRECTION('',(0.,0.974927912182,0.222520933956));
#566 = DEFINITIONAL_REPRESENTATION('',(#567),#570);
#567 = B_SPLINE_CURVE_WITH_KNOTS('',1,(#568,#569),.UNSPECIFIED.,.F.,.F.,
  (2,2),(-7.833723441612,-7.032716173631),.PIECEWISE_BEZIER_KNOTS.);
#568 = CARTESIAN_POINT('',(0.80100726798,22.094231678685));
#569 = CARTESIAN_POINT('',(-8.881784197001E-16,22.094231678685));
#570 = ( GEOMETRIC_REPRESENTATION_CONTEXT(2) 
PARAMETRIC_REPRESENTATION_CONTEXT() REPRESENTATION_CONTEXT('2D SPACE',''
  ) );
#571 = ORIENTED_EDGE('',*,*,#572,.F.);
#572 = EDGE_CURVE('',#24,#547,#573,.T.);
#573 = SURFACE_CURVE('',#574,(#578,#584),.PCURVE_S1.);
#574 = LINE('',#575,#576);
#575 = CARTESIAN_POINT('',(4.7,4.683768252646,-2.143332742751));
#576 = VECTOR('',#577,1.);
#577 = DIRECTION('',(0.,-0.222520933956,0.974927912182));
#578 = PCURVE('',#43,#579);
#579 = DEFINITIONAL_REPRESENTATION('',(#580),#583);
#580 = B_SPLINE_CURVE_WITH_KNOTS('',1,(#581,#582),.UNSPECIFIED.,.F.,.F.,
  (2,2),(2.623831402015,3.639831402015),.PIECEWISE_BEZIER_KNOTS.);
#581 = CARTESIAN_POINT('',(9.414713727933,-13.09991083852));
#582 = CARTESIAN_POINT('',(10.405240486709,-12.87382956962));
#583 = ( GEOMETRIC_REPRESENTATION_CONTEXT(2) 
PARAMETRIC_REPRESENTATION_CONTEXT() REPRESENTATION_CONTEXT('2D SPACE',''
  ) );
#584 = PCURVE('',#122,#585);
#585 = DEFINITIONAL_REPRESENTATION('',(#586),#589);
#586 = B_SPLINE_CURVE_WITH_KNOTS('',1,(#587,#588),.UNSPECIFIED.,.F.,.F.,
  (2,2),(2.623831402015,3.639831402015),.PIECEWISE_BEZIER_KNOTS.);
#587 = CARTESIAN_POINT('',(1.016,22.094231678685));
#588 = CARTESIAN_POINT('',(-4.440892098501E-16,22.094231678685));
#589 = ( GEOMETRIC_REPRESENTATION_CONTEXT(2) 
PARAMETRIC_REPRESENTATION_CONTEXT() REPRESENTATION_CONTEXT('2D SPACE',''
  ) );
#590 = ORIENTED_EDGE('',*,*,#21,.F.);
#591 = ORIENTED_EDGE('',*,*,#592,.F.);
#592 = EDGE_CURVE('',#593,#22,#595,.T.);
#593 = VERTEX_POINT('',#594);
#594 = CARTESIAN_POINT('',(4.7,3.318986495112,-0.236472842556));
#595 = SURFACE_CURVE('',#596,(#601,#608),.PCURVE_S1.);
#596 = CIRCLE('',#597,3.3274);
#597 = AXIS2_PLACEMENT_3D('',#598,#599,#600);
#598 = CARTESIAN_POINT('',(4.7,3.642463991552E-16,-2.168404344971E-16));
#599 = DIRECTION('',(1.,-4.55307998944E-17,-0.));
#600 = DIRECTION('',(-4.55307998944E-17,-1.,0.));
#601 = PCURVE('',#43,#602);
#602 = DEFINITIONAL_REPRESENTATION('',(#603),#607);
#603 = CIRCLE('',#604,3.3274);
#604 = AXIS2_PLACEMENT_2D('',#605,#606);
#605 = CARTESIAN_POINT('',(9.,-9.));
#606 = DIRECTION('',(0.,1.));
#607 = ( GEOMETRIC_REPRESENTATION_CONTEXT(2) 
PARAMETRIC_REPRESENTATION_CONTEXT() REPRESENTATION_CONTEXT('2D SPACE',''
  ) );
#608 = PCURVE('',#70,#609);
#609 = DEFINITIONAL_REPRESENTATION('',(#610),#614);
#610 = LINE('',#611,#612);
#611 = CARTESIAN_POINT('',(0.,-0.634));
#612 = VECTOR('',#613,1.);
#613 = DIRECTION('',(1.,0.));
#614 = ( GEOMETRIC_REPRESENTATION_CONTEXT(2) 
PARAMETRIC_REPRESENTATION_CONTEXT() REPRESENTATION_CONTEXT('2D SPACE',''
  ) );
#615 = ORIENTED_EDGE('',*,*,#616,.F.);
#616 = EDGE_CURVE('',#617,#593,#619,.T.);
#617 = VERTEX_POINT('',#618);
#618 = CARTESIAN_POINT('',(4.7,4.099910838526,-0.414713727933));
#619 = SURFACE_CURVE('',#620,(#624,#630),.PCURVE_S1.);
#620 = LINE('',#621,#622);
#621 = CARTESIAN_POINT('',(4.7,-1.584927974985,0.882813634211));
#622 = VECTOR('',#623,1.);
#623 = DIRECTION('',(0.,-0.974927912182,0.222520933956));
#624 = PCURVE('',#43,#625);
#625 = DEFINITIONAL_REPRESENTATION('',(#626),#629);
#626 = B_SPLINE_CURVE_WITH_KNOTS('',1,(#627,#628),.UNSPECIFIED.,.F.,.F.,
  (2,2),(-5.831035036005,-5.030027768025),.PIECEWISE_BEZIER_KNOTS.);
#627 = CARTESIAN_POINT('',(8.585286272067,-13.09991083852));
#628 = CARTESIAN_POINT('',(8.763527157444,-12.31898649511));
#629 = ( GEOMETRIC_REPRESENTATION_CONTEXT(2) 
PARAMETRIC_REPRESENTATION_CONTEXT() REPRESENTATION_CONTEXT('2D SPACE',''
  ) );
#630 = PCURVE('',#631,#636);
#631 = PLANE('',#632);
#632 = AXIS2_PLACEMENT_3D('',#633,#634,#635);
#633 = CARTESIAN_POINT('',(-17.39423167868,3.318986495112,
    -0.236472842556));
#634 = DIRECTION('',(-1.013155611628E-17,-0.222520933956,-0.974927912182
    ));
#635 = DIRECTION('',(0.,0.974927912182,-0.222520933956));
#636 = DEFINITIONAL_REPRESENTATION('',(#637),#640);
#637 = B_SPLINE_CURVE_WITH_KNOTS('',1,(#638,#639),.UNSPECIFIED.,.F.,.F.,
  (2,2),(-5.831035036005,-5.030027768025),.PIECEWISE_BEZIER_KNOTS.);
#638 = CARTESIAN_POINT('',(0.80100726798,22.094231678685));
#639 = CARTESIAN_POINT('',(-8.881784197001E-16,22.094231678685));
#640 = ( GEOMETRIC_REPRESENTATION_CONTEXT(2) 
PARAMETRIC_REPRESENTATION_CONTEXT() REPRESENTATION_CONTEXT('2D SPACE',''
  ) );
#641 = ORIENTED_EDGE('',*,*,#642,.F.);
#642 = EDGE_CURVE('',#643,#617,#645,.T.);
#643 = VERTEX_POINT('',#644);
#644 = CARTESIAN_POINT('',(4.7,3.873829569627,-1.405240486709));
#645 = SURFACE_CURVE('',#646,(#650,#656),.PCURVE_S1.);
#646 = LINE('',#647,#648);
#647 = CARTESIAN_POINT('',(4.7,2.844332061067,-5.915763783422));
#648 = VECTOR('',#649,1.);
#649 = DIRECTION('',(0.,0.222520933956,0.974927912182));
#650 = PCURVE('',#43,#651);
#651 = DEFINITIONAL_REPRESENTATION('',(#652),#655);
#652 = B_SPLINE_CURVE_WITH_KNOTS('',1,(#653,#654),.UNSPECIFIED.,.F.,.F.,
  (2,2),(4.626519807622,5.642519807622),.PIECEWISE_BEZIER_KNOTS.);
#653 = CARTESIAN_POINT('',(7.594759513291,-12.87382956962));
#654 = CARTESIAN_POINT('',(8.585286272067,-13.09991083852));
#655 = ( GEOMETRIC_REPRESENTATION_CONTEXT(2) 
PARAMETRIC_REPRESENTATION_CONTEXT() REPRESENTATION_CONTEXT('2D SPACE',''
  ) );
#656 = PCURVE('',#657,#662);
#657 = PLANE('',#658);
#658 = AXIS2_PLACEMENT_3D('',#659,#660,#661);
#659 = CARTESIAN_POINT('',(-17.39423167868,4.099910838526,
    -0.414713727933));
#660 = DIRECTION('',(-4.438924768102E-17,-0.974927912182,0.222520933956)
  );
#661 = DIRECTION('',(0.,-0.222520933956,-0.974927912182));
#662 = DEFINITIONAL_REPRESENTATION('',(#663),#666);
#663 = B_SPLINE_CURVE_WITH_KNOTS('',1,(#664,#665),.UNSPECIFIED.,.F.,.F.,
  (2,2),(4.626519807622,5.642519807622),.PIECEWISE_BEZIER_KNOTS.);
#664 = CARTESIAN_POINT('',(1.016,22.094231678685));
#665 = CARTESIAN_POINT('',(0.,22.094231678685));
#666 = ( GEOMETRIC_REPRESENTATION_CONTEXT(2) 
PARAMETRIC_REPRESENTATION_CONTEXT() REPRESENTATION_CONTEXT('2D SPACE',''
  ) );
#667 = ORIENTED_EDGE('',*,*,#668,.F.);
#668 = EDGE_CURVE('',#669,#643,#671,.T.);
#669 = VERTEX_POINT('',#670);
#670 = CARTESIAN_POINT('',(4.7,3.092905226212,-1.226999601333));
#671 = SURFACE_CURVE('',#672,(#676,#682),.PCURVE_S1.);
#672 = LINE('',#673,#674);
#673 = CARTESIAN_POINT('',(4.7,-1.811009243885,-0.107713124566));
#674 = VECTOR('',#675,1.);
#675 = DIRECTION('',(-0.,0.974927912182,-0.222520933956));
#676 = PCURVE('',#43,#677);
#677 = DEFINITIONAL_REPRESENTATION('',(#678),#681);
#678 = B_SPLINE_CURVE_WITH_KNOTS('',1,(#679,#680),.UNSPECIFIED.,.F.,.F.,
  (2,2),(5.030027768025,5.831035036005),.PIECEWISE_BEZIER_KNOTS.);
#679 = CARTESIAN_POINT('',(7.773000398667,-12.09290522621));
#680 = CARTESIAN_POINT('',(7.594759513291,-12.87382956962));
#681 = ( GEOMETRIC_REPRESENTATION_CONTEXT(2) 
PARAMETRIC_REPRESENTATION_CONTEXT() REPRESENTATION_CONTEXT('2D SPACE',''
  ) );
#682 = PCURVE('',#683,#688);
#683 = PLANE('',#684);
#684 = AXIS2_PLACEMENT_3D('',#685,#686,#687);
#685 = CARTESIAN_POINT('',(-17.39423167868,3.092905226212,
    -1.226999601333));
#686 = DIRECTION('',(1.013155611628E-17,0.222520933956,0.974927912182));
#687 = DIRECTION('',(0.,-0.974927912182,0.222520933956));
#688 = DEFINITIONAL_REPRESENTATION('',(#689),#692);
#689 = B_SPLINE_CURVE_WITH_KNOTS('',1,(#690,#691),.UNSPECIFIED.,.F.,.F.,
  (2,2),(5.030027768025,5.831035036005),.PIECEWISE_BEZIER_KNOTS.);
#690 = CARTESIAN_POINT('',(8.881784197001E-16,22.094231678685));
#691 = CARTESIAN_POINT('',(-0.80100726798,22.094231678685));
#692 = ( GEOMETRIC_REPRESENTATION_CONTEXT(2) 
PARAMETRIC_REPRESENTATION_CONTEXT() REPRESENTATION_CONTEXT('2D SPACE',''
  ) );
#693 = ORIENTED_EDGE('',*,*,#694,.F.);
#694 = EDGE_CURVE('',#695,#669,#697,.T.);
#695 = VERTEX_POINT('',#696);
#696 = CARTESIAN_POINT('',(4.7,2.887701783956,-1.653108939827));
#697 = SURFACE_CURVE('',#698,(#703,#710),.PCURVE_S1.);
#698 = CIRCLE('',#699,3.3274);
#699 = AXIS2_PLACEMENT_3D('',#700,#701,#702);
#700 = CARTESIAN_POINT('',(4.7,3.642463991552E-16,-2.168404344971E-16));
#701 = DIRECTION('',(1.,-4.55307998944E-17,-0.));
#702 = DIRECTION('',(-4.55307998944E-17,-1.,0.));
#703 = PCURVE('',#43,#704);
#704 = DEFINITIONAL_REPRESENTATION('',(#705),#709);
#705 = CIRCLE('',#706,3.3274);
#706 = AXIS2_PLACEMENT_2D('',#707,#708);
#707 = CARTESIAN_POINT('',(9.,-9.));
#708 = DIRECTION('',(0.,1.));
#709 = ( GEOMETRIC_REPRESENTATION_CONTEXT(2) 
PARAMETRIC_REPRESENTATION_CONTEXT() REPRESENTATION_CONTEXT('2D SPACE',''
  ) );
#710 = PCURVE('',#711,#716);
#711 = CYLINDRICAL_SURFACE('',#712,3.3274);
#712 = AXIS2_PLACEMENT_3D('',#713,#714,#715);
#713 = CARTESIAN_POINT('',(5.334,3.353798720222E-16,-2.168404344971E-16)
  );
#714 = DIRECTION('',(1.,-4.55307998944E-17,-0.));
#715 = DIRECTION('',(-4.55307998944E-17,-1.,0.));
#716 = DEFINITIONAL_REPRESENTATION('',(#717),#721);
#717 = LINE('',#718,#719);
#718 = CARTESIAN_POINT('',(0.,-0.634));
#719 = VECTOR('',#720,1.);
#720 = DIRECTION('',(1.,0.));
#721 = ( GEOMETRIC_REPRESENTATION_CONTEXT(2) 
PARAMETRIC_REPRESENTATION_CONTEXT() REPRESENTATION_CONTEXT('2D SPACE',''
  ) );
#722 = ORIENTED_EDGE('',*,*,#723,.F.);
#723 = EDGE_CURVE('',#724,#695,#726,.T.);
#724 = VERTEX_POINT('',#725);
#725 = CARTESIAN_POINT('',(4.7,3.513954483749,-2.152528802627));
#726 = SURFACE_CURVE('',#727,(#731,#737),.PCURVE_S1.);
#727 = LINE('',#728,#729);
#728 = CARTESIAN_POINT('',(4.7,1.045133002658,-0.183709369556));
#729 = VECTOR('',#730,1.);
#730 = DIRECTION('',(0.,-0.781831482468,0.623489801859));
#731 = PCURVE('',#43,#732);
#732 = DEFINITIONAL_REPRESENTATION('',(#733),#736);
#733 = B_SPLINE_CURVE_WITH_KNOTS('',1,(#734,#735),.UNSPECIFIED.,.F.,.F.,
  (2,2),(-3.157741196732,-2.356733928752),.PIECEWISE_BEZIER_KNOTS.);
#734 = CARTESIAN_POINT('',(6.847471197373,-12.51395448374));
#735 = CARTESIAN_POINT('',(7.346891060173,-11.88770178395));
#736 = ( GEOMETRIC_REPRESENTATION_CONTEXT(2) 
PARAMETRIC_REPRESENTATION_CONTEXT() REPRESENTATION_CONTEXT('2D SPACE',''
  ) );
#737 = PCURVE('',#738,#743);
#738 = PLANE('',#739);
#739 = AXIS2_PLACEMENT_3D('',#740,#741,#742);
#740 = CARTESIAN_POINT('',(-17.39423167868,2.887701783956,
    -1.653108939827));
#741 = DIRECTION('',(-2.838798940463E-17,-0.623489801859,-0.781831482468
    ));
#742 = DIRECTION('',(0.,0.781831482468,-0.623489801859));
#743 = DEFINITIONAL_REPRESENTATION('',(#744),#747);
#744 = B_SPLINE_CURVE_WITH_KNOTS('',1,(#745,#746),.UNSPECIFIED.,.F.,.F.,
  (2,2),(-3.157741196732,-2.356733928752),.PIECEWISE_BEZIER_KNOTS.);
#745 = CARTESIAN_POINT('',(0.80100726798,22.094231678686));
#746 = CARTESIAN_POINT('',(-8.881784197001E-16,22.094231678686));
#747 = ( GEOMETRIC_REPRESENTATION_CONTEXT(2) 
PARAMETRIC_REPRESENTATION_CONTEXT() REPRESENTATION_CONTEXT('2D SPACE',''
  ) );
#748 = ORIENTED_EDGE('',*,*,#749,.F.);
#749 = EDGE_CURVE('',#750,#724,#752,.T.);
#750 = VERTEX_POINT('',#751);
#751 = CARTESIAN_POINT('',(4.7,2.880488845061,-2.946869588815));
#752 = SURFACE_CURVE('',#753,(#757,#763),.PCURVE_S1.);
#753 = LINE('',#754,#755);
#754 = CARTESIAN_POINT('',(4.7,-0.587327626931,-7.295373902985));
#755 = VECTOR('',#756,1.);
#756 = DIRECTION('',(0.,0.623489801859,0.781831482468));
#757 = PCURVE('',#43,#758);
#758 = DEFINITIONAL_REPRESENTATION('',(#759),#762);
#759 = B_SPLINE_CURVE_WITH_KNOTS('',1,(#760,#761),.UNSPECIFIED.,.F.,.F.,
  (2,2),(5.56194577947,6.57794577947),.PIECEWISE_BEZIER_KNOTS.);
#760 = CARTESIAN_POINT('',(6.053130411185,-11.88048884506));
#761 = CARTESIAN_POINT('',(6.847471197373,-12.51395448374));
#762 = ( GEOMETRIC_REPRESENTATION_CONTEXT(2) 
PARAMETRIC_REPRESENTATION_CONTEXT() REPRESENTATION_CONTEXT('2D SPACE',''
  ) );
#763 = PCURVE('',#764,#769);
#764 = PLANE('',#765);
#765 = AXIS2_PLACEMENT_3D('',#766,#767,#768);
#766 = CARTESIAN_POINT('',(-17.39423167868,3.513954483749,
    -2.152528802627));
#767 = DIRECTION('',(-3.55974127794E-17,-0.781831482468,0.623489801859)
  );
#768 = DIRECTION('',(6.162975822039E-33,-0.623489801859,-0.781831482468)
  );
#769 = DEFINITIONAL_REPRESENTATION('',(#770),#773);
#770 = B_SPLINE_CURVE_WITH_KNOTS('',1,(#771,#772),.UNSPECIFIED.,.F.,.F.,
  (2,2),(5.56194577947,6.57794577947),.PIECEWISE_BEZIER_KNOTS.);
#771 = CARTESIAN_POINT('',(1.016,22.094231678686));
#772 = CARTESIAN_POINT('',(0.,22.094231678686));
#773 = ( GEOMETRIC_REPRESENTATION_CONTEXT(2) 
PARAMETRIC_REPRESENTATION_CONTEXT() REPRESENTATION_CONTEXT('2D SPACE',''
  ) );
#774 = ORIENTED_EDGE('',*,*,#775,.F.);
#775 = EDGE_CURVE('',#776,#750,#778,.T.);
#776 = VERTEX_POINT('',#777);
#777 = CARTESIAN_POINT('',(4.7,2.254236145268,-2.447449726014));
#778 = SURFACE_CURVE('',#779,(#783,#789),.PCURVE_S1.);
#779 = LINE('',#780,#781);
#780 = CARTESIAN_POINT('',(4.7,0.411667363969,-0.978050155743));
#781 = VECTOR('',#782,1.);
#782 = DIRECTION('',(-0.,0.781831482468,-0.623489801859));
#783 = PCURVE('',#43,#784);
#784 = DEFINITIONAL_REPRESENTATION('',(#785),#788);
#785 = B_SPLINE_CURVE_WITH_KNOTS('',1,(#786,#787),.UNSPECIFIED.,.F.,.F.,
  (2,2),(2.356733928752,3.157741196732),.PIECEWISE_BEZIER_KNOTS.);
#786 = CARTESIAN_POINT('',(6.552550273986,-11.25423614526));
#787 = CARTESIAN_POINT('',(6.053130411185,-11.88048884506));
#788 = ( GEOMETRIC_REPRESENTATION_CONTEXT(2) 
PARAMETRIC_REPRESENTATION_CONTEXT() REPRESENTATION_CONTEXT('2D SPACE',''
  ) );
#789 = PCURVE('',#790,#795);
#790 = PLANE('',#791);
#791 = AXIS2_PLACEMENT_3D('',#792,#793,#794);
#792 = CARTESIAN_POINT('',(-17.39423167868,2.254236145268,
    -2.447449726014));
#793 = DIRECTION('',(2.838798940463E-17,0.623489801859,0.781831482468));
#794 = DIRECTION('',(0.,-0.781831482468,0.623489801859));
#795 = DEFINITIONAL_REPRESENTATION('',(#796),#799);
#796 = B_SPLINE_CURVE_WITH_KNOTS('',1,(#797,#798),.UNSPECIFIED.,.F.,.F.,
  (2,2),(2.356733928752,3.157741196732),.PIECEWISE_BEZIER_KNOTS.);
#797 = CARTESIAN_POINT('',(8.881784197001E-16,22.094231678686));
#798 = CARTESIAN_POINT('',(-0.80100726798,22.094231678686));
#799 = ( GEOMETRIC_REPRESENTATION_CONTEXT(2) 
PARAMETRIC_REPRESENTATION_CONTEXT() REPRESENTATION_CONTEXT('2D SPACE',''
  ) );
#800 = ORIENTED_EDGE('',*,*,#801,.F.);
#801 = EDGE_CURVE('',#802,#776,#804,.T.);
#802 = VERTEX_POINT('',#803);
#803 = CARTESIAN_POINT('',(4.7,1.88447231915,-2.742326537515));
#804 = SURFACE_CURVE('',#805,(#810,#817),.PCURVE_S1.);
#805 = CIRCLE('',#806,3.3274);
#806 = AXIS2_PLACEMENT_3D('',#807,#808,#809);
#807 = CARTESIAN_POINT('',(4.7,3.642463991552E-16,-2.168404344971E-16));
#808 = DIRECTION('',(1.,-4.55307998944E-17,-0.));
#809 = DIRECTION('',(-4.55307998944E-17,-1.,0.));
#810 = PCURVE('',#43,#811);
#811 = DEFINITIONAL_REPRESENTATION('',(#812),#816);
#812 = CIRCLE('',#813,3.3274);
#813 = AXIS2_PLACEMENT_2D('',#814,#815);
#814 = CARTESIAN_POINT('',(9.,-9.));
#815 = DIRECTION('',(0.,1.));
#816 = ( GEOMETRIC_REPRESENTATION_CONTEXT(2) 
PARAMETRIC_REPRESENTATION_CONTEXT() REPRESENTATION_CONTEXT('2D SPACE',''
  ) );
#817 = PCURVE('',#818,#823);
#818 = CYLINDRICAL_SURFACE('',#819,3.3274);
#819 = AXIS2_PLACEMENT_3D('',#820,#821,#822);
#820 = CARTESIAN_POINT('',(5.334,3.353798720222E-16,-2.168404344971E-16)
  );
#821 = DIRECTION('',(1.,-4.55307998944E-17,-0.));
#822 = DIRECTION('',(-4.55307998944E-17,-1.,0.));
#823 = DEFINITIONAL_REPRESENTATION('',(#824),#828);
#824 = LINE('',#825,#826);
#825 = CARTESIAN_POINT('',(0.,-0.634));
#826 = VECTOR('',#827,1.);
#827 = DIRECTION('',(1.,0.));
#828 = ( GEOMETRIC_REPRESENTATION_CONTEXT(2) 
PARAMETRIC_REPRESENTATION_CONTEXT() REPRESENTATION_CONTEXT('2D SPACE',''
  ) );
#829 = ORIENTED_EDGE('',*,*,#830,.F.);
#830 = EDGE_CURVE('',#831,#802,#833,.T.);
#831 = VERTEX_POINT('',#832);
#832 = CARTESIAN_POINT('',(4.7,2.232016347642,-3.464009148928));
#833 = SURFACE_CURVE('',#834,(#838,#844),.PCURVE_S1.);
#834 = LINE('',#835,#836);
#835 = CARTESIAN_POINT('',(4.7,2.083055141758,-3.154688017651));
#836 = VECTOR('',#837,1.);
#837 = DIRECTION('',(0.,-0.433883739118,0.900968867902));
#838 = PCURVE('',#43,#839);
#839 = DEFINITIONAL_REPRESENTATION('',(#840),#843);
#840 = B_SPLINE_CURVE_WITH_KNOTS('',1,(#841,#842),.UNSPECIFIED.,.F.,.F.,
  (2,2),(-0.343320554458,0.457686713522),.PIECEWISE_BEZIER_KNOTS.);
#841 = CARTESIAN_POINT('',(5.535990851072,-11.23201634764));
#842 = CARTESIAN_POINT('',(6.257673462485,-10.88447231915));
#843 = ( GEOMETRIC_REPRESENTATION_CONTEXT(2) 
PARAMETRIC_REPRESENTATION_CONTEXT() REPRESENTATION_CONTEXT('2D SPACE',''
  ) );
#844 = PCURVE('',#845,#850);
#845 = PLANE('',#846);
#846 = AXIS2_PLACEMENT_3D('',#847,#848,#849);
#847 = CARTESIAN_POINT('',(-17.39423167868,1.88447231915,-2.742326537515
    ));
#848 = DIRECTION('',(-4.102183323555E-17,-0.900968867902,-0.433883739118
    ));
#849 = DIRECTION('',(6.162975822039E-33,0.433883739118,-0.900968867902)
  );
#850 = DEFINITIONAL_REPRESENTATION('',(#851),#854);
#851 = B_SPLINE_CURVE_WITH_KNOTS('',1,(#852,#853),.UNSPECIFIED.,.F.,.F.,
  (2,2),(-0.343320554458,0.457686713522),.PIECEWISE_BEZIER_KNOTS.);
#852 = CARTESIAN_POINT('',(0.80100726798,22.094231678685));
#853 = CARTESIAN_POINT('',(-4.440892098501E-16,22.094231678685));
#854 = ( GEOMETRIC_REPRESENTATION_CONTEXT(2) 
PARAMETRIC_REPRESENTATION_CONTEXT() REPRESENTATION_CONTEXT('2D SPACE',''
  ) );
#855 = ORIENTED_EDGE('',*,*,#856,.F.);
#856 = EDGE_CURVE('',#857,#831,#859,.T.);
#857 = VERTEX_POINT('',#858);
#858 = CARTESIAN_POINT('',(4.7,1.316631977853,-3.904835027872));
#859 = SURFACE_CURVE('',#860,(#864,#870),.PCURVE_S1.);
#860 = LINE('',#861,#862);
#861 = CARTESIAN_POINT('',(4.7,-3.408802634541,-6.180484400035));
#862 = VECTOR('',#863,1.);
#863 = DIRECTION('',(0.,0.900968867902,0.433883739118));
#864 = PCURVE('',#43,#865);
#865 = DEFINITIONAL_REPRESENTATION('',(#866),#869);
#866 = B_SPLINE_CURVE_WITH_KNOTS('',1,(#867,#868),.UNSPECIFIED.,.F.,.F.,
  (2,2),(5.24483673159,6.26083673159),.PIECEWISE_BEZIER_KNOTS.);
#867 = CARTESIAN_POINT('',(5.095164972128,-10.31663197785));
#868 = CARTESIAN_POINT('',(5.535990851072,-11.23201634764));
#869 = ( GEOMETRIC_REPRESENTATION_CONTEXT(2) 
PARAMETRIC_REPRESENTATION_CONTEXT() REPRESENTATION_CONTEXT('2D SPACE',''
  ) );
#870 = PCURVE('',#871,#876);
#871 = PLANE('',#872);
#872 = AXIS2_PLACEMENT_3D('',#873,#874,#875);
#873 = CARTESIAN_POINT('',(-17.39423167868,2.232016347642,
    -3.464009148928));
#874 = DIRECTION('',(-1.97550737032E-17,-0.433883739118,0.900968867902)
  );
#875 = DIRECTION('',(0.,-0.900968867902,-0.433883739118));
#876 = DEFINITIONAL_REPRESENTATION('',(#877),#880);
#877 = B_SPLINE_CURVE_WITH_KNOTS('',1,(#878,#879),.UNSPECIFIED.,.F.,.F.,
  (2,2),(5.24483673159,6.26083673159),.PIECEWISE_BEZIER_KNOTS.);
#878 = CARTESIAN_POINT('',(1.016,22.094231678685));
#879 = CARTESIAN_POINT('',(0.,22.094231678685));
#880 = ( GEOMETRIC_REPRESENTATION_CONTEXT(2) 
PARAMETRIC_REPRESENTATION_CONTEXT() REPRESENTATION_CONTEXT('2D SPACE',''
  ) );
#881 = ORIENTED_EDGE('',*,*,#882,.F.);
#882 = EDGE_CURVE('',#883,#857,#885,.T.);
#883 = VERTEX_POINT('',#884);
#884 = CARTESIAN_POINT('',(4.7,0.969087949361,-3.183152416458));
#885 = SURFACE_CURVE('',#886,(#890,#896),.PCURVE_S1.);
#886 = LINE('',#887,#888);
#887 = CARTESIAN_POINT('',(4.7,1.167670771969,-3.595513896594));
#888 = VECTOR('',#889,1.);
#889 = DIRECTION('',(-0.,0.433883739118,-0.900968867902));
#890 = PCURVE('',#43,#891);
#891 = DEFINITIONAL_REPRESENTATION('',(#892),#895);
#892 = B_SPLINE_CURVE_WITH_KNOTS('',1,(#893,#894),.UNSPECIFIED.,.F.,.F.,
  (2,2),(-0.457686713522,0.343320554458),.PIECEWISE_BEZIER_KNOTS.);
#893 = CARTESIAN_POINT('',(5.816847583542,-9.969087949361));
#894 = CARTESIAN_POINT('',(5.095164972128,-10.31663197785));
#895 = ( GEOMETRIC_REPRESENTATION_CONTEXT(2) 
PARAMETRIC_REPRESENTATION_CONTEXT() REPRESENTATION_CONTEXT('2D SPACE',''
  ) );
#896 = PCURVE('',#897,#902);
#897 = PLANE('',#898);
#898 = AXIS2_PLACEMENT_3D('',#899,#900,#901);
#899 = CARTESIAN_POINT('',(-17.39423167868,0.969087949361,
    -3.183152416458));
#900 = DIRECTION('',(4.102183323555E-17,0.900968867902,0.433883739118));
#901 = DIRECTION('',(-6.162975822039E-33,-0.433883739118,0.900968867902)
  );
#902 = DEFINITIONAL_REPRESENTATION('',(#903),#906);
#903 = B_SPLINE_CURVE_WITH_KNOTS('',1,(#904,#905),.UNSPECIFIED.,.F.,.F.,
  (2,2),(-0.457686713522,0.343320554458),.PIECEWISE_BEZIER_KNOTS.);
#904 = CARTESIAN_POINT('',(4.440892098501E-16,22.094231678685));
#905 = CARTESIAN_POINT('',(-0.80100726798,22.094231678685));
#906 = ( GEOMETRIC_REPRESENTATION_CONTEXT(2) 
PARAMETRIC_REPRESENTATION_CONTEXT() REPRESENTATION_CONTEXT('2D SPACE',''
  ) );
#907 = ORIENTED_EDGE('',*,*,#908,.F.);
#908 = EDGE_CURVE('',#909,#883,#911,.T.);
#909 = VERTEX_POINT('',#910);
#910 = CARTESIAN_POINT('',(4.7,0.508,-3.28839273202));
#911 = SURFACE_CURVE('',#912,(#917,#924),.PCURVE_S1.);
#912 = CIRCLE('',#913,3.3274);
#913 = AXIS2_PLACEMENT_3D('',#914,#915,#916);
#914 = CARTESIAN_POINT('',(4.7,3.642463991552E-16,-2.168404344971E-16));
#915 = DIRECTION('',(1.,-4.55307998944E-17,-0.));
#916 = DIRECTION('',(-4.55307998944E-17,-1.,0.));
#917 = PCURVE('',#43,#918);
#918 = DEFINITIONAL_REPRESENTATION('',(#919),#923);
#919 = CIRCLE('',#920,3.3274);
#920 = AXIS2_PLACEMENT_2D('',#921,#922);
#921 = CARTESIAN_POINT('',(9.,-9.));
#922 = DIRECTION('',(0.,1.));
#923 = ( GEOMETRIC_REPRESENTATION_CONTEXT(2) 
PARAMETRIC_REPRESENTATION_CONTEXT() REPRESENTATION_CONTEXT('2D SPACE',''
  ) );
#924 = PCURVE('',#925,#930);
#925 = CYLINDRICAL_SURFACE('',#926,3.3274);
#926 = AXIS2_PLACEMENT_3D('',#927,#928,#929);
#927 = CARTESIAN_POINT('',(5.334,3.353798720222E-16,-2.168404344971E-16)
  );
#928 = DIRECTION('',(1.,-4.55307998944E-17,-0.));
#929 = DIRECTION('',(-4.55307998944E-17,-1.,0.));
#930 = DEFINITIONAL_REPRESENTATION('',(#931),#935);
#931 = LINE('',#932,#933);
#932 = CARTESIAN_POINT('',(0.,-0.634));
#933 = VECTOR('',#934,1.);
#934 = DIRECTION('',(1.,0.));
#935 = ( GEOMETRIC_REPRESENTATION_CONTEXT(2) 
PARAMETRIC_REPRESENTATION_CONTEXT() REPRESENTATION_CONTEXT('2D SPACE',''
  ) );
#936 = ORIENTED_EDGE('',*,*,#937,.F.);
#937 = EDGE_CURVE('',#938,#909,#940,.T.);
#938 = VERTEX_POINT('',#939);
#939 = CARTESIAN_POINT('',(4.7,0.508,-4.0894));
#940 = SURFACE_CURVE('',#941,(#945,#951),.PCURVE_S1.);
#941 = LINE('',#942,#943);
#942 = CARTESIAN_POINT('',(4.7,0.508,-6.14419636601));
#943 = VECTOR('',#944,1.);
#944 = DIRECTION('',(0.,1.224646799147E-16,1.));
#945 = PCURVE('',#43,#946);
#946 = DEFINITIONAL_REPRESENTATION('',(#947),#950);
#947 = B_SPLINE_CURVE_WITH_KNOTS('',1,(#948,#949),.UNSPECIFIED.,.F.,.F.,
  (2,2),(2.05479636601,2.85580363399),.PIECEWISE_BEZIER_KNOTS.);
#948 = CARTESIAN_POINT('',(4.9106,-9.508));
#949 = CARTESIAN_POINT('',(5.71160726798,-9.508));
#950 = ( GEOMETRIC_REPRESENTATION_CONTEXT(2) 
PARAMETRIC_REPRESENTATION_CONTEXT() REPRESENTATION_CONTEXT('2D SPACE',''
  ) );
#951 = PCURVE('',#952,#957);
#952 = PLANE('',#953);
#953 = AXIS2_PLACEMENT_3D('',#954,#955,#956);
#954 = CARTESIAN_POINT('',(-17.39423167868,0.508,-3.28839273202));
#955 = DIRECTION('',(-4.55307998944E-17,-1.,1.224646799147E-16));
#956 = DIRECTION('',(0.,-1.224646799147E-16,-1.));
#957 = DEFINITIONAL_REPRESENTATION('',(#958),#961);
#958 = B_SPLINE_CURVE_WITH_KNOTS('',1,(#959,#960),.UNSPECIFIED.,.F.,.F.,
  (2,2),(2.05479636601,2.85580363399),.PIECEWISE_BEZIER_KNOTS.);
#959 = CARTESIAN_POINT('',(0.80100726798,22.094231678685));
#960 = CARTESIAN_POINT('',(0.,22.094231678685));
#961 = ( GEOMETRIC_REPRESENTATION_CONTEXT(2) 
PARAMETRIC_REPRESENTATION_CONTEXT() REPRESENTATION_CONTEXT('2D SPACE',''
  ) );
#962 = ORIENTED_EDGE('',*,*,#963,.F.);
#963 = EDGE_CURVE('',#964,#938,#966,.T.);
#964 = VERTEX_POINT('',#965);
#965 = CARTESIAN_POINT('',(4.7,-0.508,-4.0894));
#966 = SURFACE_CURVE('',#967,(#971,#977),.PCURVE_S1.);
#967 = LINE('',#968,#969);
#968 = CARTESIAN_POINT('',(4.7,-4.246,-4.0894));
#969 = VECTOR('',#970,1.);
#970 = DIRECTION('',(-0.,1.,-1.224646799147E-16));
#971 = PCURVE('',#43,#972);
#972 = DEFINITIONAL_REPRESENTATION('',(#973),#976);
#973 = B_SPLINE_CURVE_WITH_KNOTS('',1,(#974,#975),.UNSPECIFIED.,.F.,.F.,
  (2,2),(3.738,4.754),.PIECEWISE_BEZIER_KNOTS.);
#974 = CARTESIAN_POINT('',(4.9106,-8.492));
#975 = CARTESIAN_POINT('',(4.9106,-9.508));
#976 = ( GEOMETRIC_REPRESENTATION_CONTEXT(2) 
PARAMETRIC_REPRESENTATION_CONTEXT() REPRESENTATION_CONTEXT('2D SPACE',''
  ) );
#977 = PCURVE('',#978,#983);
#978 = PLANE('',#979);
#979 = AXIS2_PLACEMENT_3D('',#980,#981,#982);
#980 = CARTESIAN_POINT('',(-17.39423167868,0.508,-4.0894));
#981 = DIRECTION('',(5.57591483533E-33,1.224646799147E-16,1.));
#982 = DIRECTION('',(0.,-1.,1.224646799147E-16));
#983 = DEFINITIONAL_REPRESENTATION('',(#984),#987);
#984 = B_SPLINE_CURVE_WITH_KNOTS('',1,(#985,#986),.UNSPECIFIED.,.F.,.F.,
  (2,2),(3.738,4.754),.PIECEWISE_BEZIER_KNOTS.);
#985 = CARTESIAN_POINT('',(1.016,22.094231678685));
#986 = CARTESIAN_POINT('',(0.,22.094231678685));
#987 = ( GEOMETRIC_REPRESENTATION_CONTEXT(2) 
PARAMETRIC_REPRESENTATION_CONTEXT() REPRESENTATION_CONTEXT('2D SPACE',''
  ) );
#988 = ORIENTED_EDGE('',*,*,#989,.F.);
#989 = EDGE_CURVE('',#990,#964,#992,.T.);
#990 = VERTEX_POINT('',#991);
#991 = CARTESIAN_POINT('',(4.7,-0.508,-3.28839273202));
#992 = SURFACE_CURVE('',#993,(#997,#1003),.PCURVE_S1.);
#993 = LINE('',#994,#995);
#994 = CARTESIAN_POINT('',(4.7,-0.508,-6.14419636601));
#995 = VECTOR('',#996,1.);
#996 = DIRECTION('',(0.,-1.224646799147E-16,-1.));
#997 = PCURVE('',#43,#998);
#998 = DEFINITIONAL_REPRESENTATION('',(#999),#1002);
#999 = B_SPLINE_CURVE_WITH_KNOTS('',1,(#1000,#1001),.UNSPECIFIED.,.F.,
  .F.,(2,2),(-2.85580363399,-2.05479636601),.PIECEWISE_BEZIER_KNOTS.);
#1000 = CARTESIAN_POINT('',(5.71160726798,-8.492));
#1001 = CARTESIAN_POINT('',(4.9106,-8.492));
#1002 = ( GEOMETRIC_REPRESENTATION_CONTEXT(2) 
PARAMETRIC_REPRESENTATION_CONTEXT() REPRESENTATION_CONTEXT('2D SPACE',''
  ) );
#1003 = PCURVE('',#1004,#1009);
#1004 = PLANE('',#1005);
#1005 = AXIS2_PLACEMENT_3D('',#1006,#1007,#1008);
#1006 = CARTESIAN_POINT('',(-17.39423167868,-0.508,-3.28839273202));
#1007 = DIRECTION('',(4.55307998944E-17,1.,-1.224646799147E-16));
#1008 = DIRECTION('',(0.,1.224646799147E-16,1.));
#1009 = DEFINITIONAL_REPRESENTATION('',(#1010),#1013);
#1010 = B_SPLINE_CURVE_WITH_KNOTS('',1,(#1011,#1012),.UNSPECIFIED.,.F.,
  .F.,(2,2),(-2.85580363399,-2.05479636601),.PIECEWISE_BEZIER_KNOTS.);
#1011 = CARTESIAN_POINT('',(0.,22.094231678685));
#1012 = CARTESIAN_POINT('',(-0.80100726798,22.094231678685));
#1013 = ( GEOMETRIC_REPRESENTATION_CONTEXT(2) 
PARAMETRIC_REPRESENTATION_CONTEXT() REPRESENTATION_CONTEXT('2D SPACE',''
  ) );
#1014 = ORIENTED_EDGE('',*,*,#1015,.F.);
#1015 = EDGE_CURVE('',#1016,#990,#1018,.T.);
#1016 = VERTEX_POINT('',#1017);
#1017 = CARTESIAN_POINT('',(4.7,-0.969087949361,-3.183152416458));
#1018 = SURFACE_CURVE('',#1019,(#1024,#1031),.PCURVE_S1.);
#1019 = CIRCLE('',#1020,3.3274);
#1020 = AXIS2_PLACEMENT_3D('',#1021,#1022,#1023);
#1021 = CARTESIAN_POINT('',(4.7,3.642463991552E-16,-2.168404344971E-16)
  );
#1022 = DIRECTION('',(1.,-4.55307998944E-17,-0.));
#1023 = DIRECTION('',(-4.55307998944E-17,-1.,0.));
#1024 = PCURVE('',#43,#1025);
#1025 = DEFINITIONAL_REPRESENTATION('',(#1026),#1030);
#1026 = CIRCLE('',#1027,3.3274);
#1027 = AXIS2_PLACEMENT_2D('',#1028,#1029);
#1028 = CARTESIAN_POINT('',(9.,-9.));
#1029 = DIRECTION('',(0.,1.));
#1030 = ( GEOMETRIC_REPRESENTATION_CONTEXT(2) 
PARAMETRIC_REPRESENTATION_CONTEXT() REPRESENTATION_CONTEXT('2D SPACE',''
  ) );
#1031 = PCURVE('',#1032,#1037);
#1032 = CYLINDRICAL_SURFACE('',#1033,3.3274);
#1033 = AXIS2_PLACEMENT_3D('',#1034,#1035,#1036);
#1034 = CARTESIAN_POINT('',(5.334,3.353798720222E-16,-2.168404344971E-16
    ));
#1035 = DIRECTION('',(1.,-4.55307998944E-17,-0.));
#1036 = DIRECTION('',(-4.55307998944E-17,-1.,0.));
#1037 = DEFINITIONAL_REPRESENTATION('',(#1038),#1042);
#1038 = LINE('',#1039,#1040);
#1039 = CARTESIAN_POINT('',(0.,-0.634));
#1040 = VECTOR('',#1041,1.);
#1041 = DIRECTION('',(1.,0.));
#1042 = ( GEOMETRIC_REPRESENTATION_CONTEXT(2) 
PARAMETRIC_REPRESENTATION_CONTEXT() REPRESENTATION_CONTEXT('2D SPACE',''
  ) );
#1043 = ORIENTED_EDGE('',*,*,#1044,.F.);
#1044 = EDGE_CURVE('',#1045,#1016,#1047,.T.);
#1045 = VERTEX_POINT('',#1046);
#1046 = CARTESIAN_POINT('',(4.7,-1.316631977853,-3.904835027872));
#1047 = SURFACE_CURVE('',#1048,(#1052,#1058),.PCURVE_S1.);
#1048 = LINE('',#1049,#1050);
#1049 = CARTESIAN_POINT('',(4.7,-2.861966663604,-7.1137555677));
#1050 = VECTOR('',#1051,1.);
#1051 = DIRECTION('',(0.,0.433883739118,0.900968867902));
#1052 = PCURVE('',#43,#1053);
#1053 = DEFINITIONAL_REPRESENTATION('',(#1054),#1057);
#1054 = B_SPLINE_CURVE_WITH_KNOTS('',1,(#1055,#1056),.UNSPECIFIED.,.F.,
  .F.,(2,2),(3.5616330976,4.36264036558),.PIECEWISE_BEZIER_KNOTS.);
#1055 = CARTESIAN_POINT('',(5.095164972128,-7.683368022147));
#1056 = CARTESIAN_POINT('',(5.816847583542,-8.030912050639));
#1057 = ( GEOMETRIC_REPRESENTATION_CONTEXT(2) 
PARAMETRIC_REPRESENTATION_CONTEXT() REPRESENTATION_CONTEXT('2D SPACE',''
  ) );
#1058 = PCURVE('',#1059,#1064);
#1059 = PLANE('',#1060);
#1060 = AXIS2_PLACEMENT_3D('',#1061,#1062,#1063);
#1061 = CARTESIAN_POINT('',(-17.39423167868,-0.969087949361,
    -3.183152416458));
#1062 = DIRECTION('',(-4.102183323555E-17,-0.900968867902,0.433883739118
    ));
#1063 = DIRECTION('',(0.,-0.433883739118,-0.900968867902));
#1064 = DEFINITIONAL_REPRESENTATION('',(#1065),#1068);
#1065 = B_SPLINE_CURVE_WITH_KNOTS('',1,(#1066,#1067),.UNSPECIFIED.,.F.,
  .F.,(2,2),(3.5616330976,4.36264036558),.PIECEWISE_BEZIER_KNOTS.);
#1066 = CARTESIAN_POINT('',(0.80100726798,22.094231678686));
#1067 = CARTESIAN_POINT('',(0.,22.094231678686));
#1068 = ( GEOMETRIC_REPRESENTATION_CONTEXT(2) 
PARAMETRIC_REPRESENTATION_CONTEXT() REPRESENTATION_CONTEXT('2D SPACE',''
  ) );
#1069 = ORIENTED_EDGE('',*,*,#1070,.F.);
#1070 = EDGE_CURVE('',#1071,#1045,#1073,.T.);
#1071 = VERTEX_POINT('',#1072);
#1072 = CARTESIAN_POINT('',(4.7,-2.232016347642,-3.464009148928));
#1073 = SURFACE_CURVE('',#1074,(#1078,#1084),.PCURVE_S1.);
#1074 = LINE('',#1075,#1076);
#1075 = CARTESIAN_POINT('',(4.7,-3.439209288929,-2.882655668401));
#1076 = VECTOR('',#1077,1.);
#1077 = DIRECTION('',(-0.,0.900968867902,-0.433883739118));
#1078 = PCURVE('',#43,#1079);
#1079 = DEFINITIONAL_REPRESENTATION('',(#1080),#1083);
#1080 = B_SPLINE_CURVE_WITH_KNOTS('',1,(#1081,#1082),.UNSPECIFIED.,.F.,
  .F.,(2,2),(1.339883079532,2.355883079532),.PIECEWISE_BEZIER_KNOTS.);
#1081 = CARTESIAN_POINT('',(5.535990851072,-6.767983652358));
#1082 = CARTESIAN_POINT('',(5.095164972128,-7.683368022147));
#1083 = ( GEOMETRIC_REPRESENTATION_CONTEXT(2) 
PARAMETRIC_REPRESENTATION_CONTEXT() REPRESENTATION_CONTEXT('2D SPACE',''
  ) );
#1084 = PCURVE('',#1085,#1090);
#1085 = PLANE('',#1086);
#1086 = AXIS2_PLACEMENT_3D('',#1087,#1088,#1089);
#1087 = CARTESIAN_POINT('',(-17.39423167868,-1.316631977853,
    -3.904835027872));
#1088 = DIRECTION('',(1.97550737032E-17,0.433883739118,0.900968867902));
#1089 = DIRECTION('',(1.54074395551E-33,-0.900968867902,0.433883739118)
  );
#1090 = DEFINITIONAL_REPRESENTATION('',(#1091),#1094);
#1091 = B_SPLINE_CURVE_WITH_KNOTS('',1,(#1092,#1093),.UNSPECIFIED.,.F.,
  .F.,(2,2),(1.339883079532,2.355883079532),.PIECEWISE_BEZIER_KNOTS.);
#1092 = CARTESIAN_POINT('',(1.016,22.094231678686));
#1093 = CARTESIAN_POINT('',(-4.440892098501E-15,22.094231678686));
#1094 = ( GEOMETRIC_REPRESENTATION_CONTEXT(2) 
PARAMETRIC_REPRESENTATION_CONTEXT() REPRESENTATION_CONTEXT('2D SPACE',''
  ) );
#1095 = ORIENTED_EDGE('',*,*,#1096,.F.);
#1096 = EDGE_CURVE('',#1097,#1071,#1099,.T.);
#1097 = VERTEX_POINT('',#1098);
#1098 = CARTESIAN_POINT('',(4.7,-1.88447231915,-2.742326537515));
#1099 = SURFACE_CURVE('',#1100,(#1104,#1110),.PCURVE_S1.);
#1100 = LINE('',#1101,#1102);
#1101 = CARTESIAN_POINT('',(4.7,-3.777351033393,-6.672929688757));
#1102 = VECTOR('',#1103,1.);
#1103 = DIRECTION('',(0.,-0.433883739118,-0.900968867902));
#1104 = PCURVE('',#43,#1105);
#1105 = DEFINITIONAL_REPRESENTATION('',(#1106),#1109);
#1106 = B_SPLINE_CURVE_WITH_KNOTS('',1,(#1107,#1108),.UNSPECIFIED.,.F.,
  .F.,(2,2),(-4.36264036558,-3.5616330976),.PIECEWISE_BEZIER_KNOTS.);
#1107 = CARTESIAN_POINT('',(6.257673462485,-7.11552768085));
#1108 = CARTESIAN_POINT('',(5.535990851072,-6.767983652358));
#1109 = ( GEOMETRIC_REPRESENTATION_CONTEXT(2) 
PARAMETRIC_REPRESENTATION_CONTEXT() REPRESENTATION_CONTEXT('2D SPACE',''
  ) );
#1110 = PCURVE('',#1111,#1116);
#1111 = PLANE('',#1112);
#1112 = AXIS2_PLACEMENT_3D('',#1113,#1114,#1115);
#1113 = CARTESIAN_POINT('',(-17.39423167868,-1.88447231915,
    -2.742326537515));
#1114 = DIRECTION('',(4.102183323555E-17,0.900968867902,-0.433883739118)
  );
#1115 = DIRECTION('',(0.,0.433883739118,0.900968867902));
#1116 = DEFINITIONAL_REPRESENTATION('',(#1117),#1120);
#1117 = B_SPLINE_CURVE_WITH_KNOTS('',1,(#1118,#1119),.UNSPECIFIED.,.F.,
  .F.,(2,2),(-4.36264036558,-3.5616330976),.PIECEWISE_BEZIER_KNOTS.);
#1118 = CARTESIAN_POINT('',(0.,22.094231678686));
#1119 = CARTESIAN_POINT('',(-0.80100726798,22.094231678686));
#1120 = ( GEOMETRIC_REPRESENTATION_CONTEXT(2) 
PARAMETRIC_REPRESENTATION_CONTEXT() REPRESENTATION_CONTEXT('2D SPACE',''
  ) );
#1121 = ORIENTED_EDGE('',*,*,#1122,.F.);
#1122 = EDGE_CURVE('',#1123,#1097,#1125,.T.);
#1123 = VERTEX_POINT('',#1124);
#1124 = CARTESIAN_POINT('',(4.7,-2.254236145268,-2.447449726014));
#1125 = SURFACE_CURVE('',#1126,(#1131,#1138),.PCURVE_S1.);
#1126 = CIRCLE('',#1127,3.3274);
#1127 = AXIS2_PLACEMENT_3D('',#1128,#1129,#1130);
#1128 = CARTESIAN_POINT('',(4.7,3.642463991552E-16,-2.168404344971E-16)
  );
#1129 = DIRECTION('',(1.,-4.55307998944E-17,-0.));
#1130 = DIRECTION('',(-4.55307998944E-17,-1.,0.));
#1131 = PCURVE('',#43,#1132);
#1132 = DEFINITIONAL_REPRESENTATION('',(#1133),#1137);
#1133 = CIRCLE('',#1134,3.3274);
#1134 = AXIS2_PLACEMENT_2D('',#1135,#1136);
#1135 = CARTESIAN_POINT('',(9.,-9.));
#1136 = DIRECTION('',(0.,1.));
#1137 = ( GEOMETRIC_REPRESENTATION_CONTEXT(2) 
PARAMETRIC_REPRESENTATION_CONTEXT() REPRESENTATION_CONTEXT('2D SPACE',''
  ) );
#1138 = PCURVE('',#1139,#1144);
#1139 = CYLINDRICAL_SURFACE('',#1140,3.3274);
#1140 = AXIS2_PLACEMENT_3D('',#1141,#1142,#1143);
#1141 = CARTESIAN_POINT('',(5.334,3.353798720222E-16,-2.168404344971E-16
    ));
#1142 = DIRECTION('',(1.,-4.55307998944E-17,-0.));
#1143 = DIRECTION('',(-4.55307998944E-17,-1.,0.));
#1144 = DEFINITIONAL_REPRESENTATION('',(#1145),#1149);
#1145 = LINE('',#1146,#1147);
#1146 = CARTESIAN_POINT('',(0.,-0.634));
#1147 = VECTOR('',#1148,1.);
#1148 = DIRECTION('',(1.,0.));
#1149 = ( GEOMETRIC_REPRESENTATION_CONTEXT(2) 
PARAMETRIC_REPRESENTATION_CONTEXT() REPRESENTATION_CONTEXT('2D SPACE',''
  ) );
#1150 = ORIENTED_EDGE('',*,*,#1151,.F.);
#1151 = EDGE_CURVE('',#1152,#1123,#1154,.T.);
#1152 = VERTEX_POINT('',#1153);
#1153 = CARTESIAN_POINT('',(4.7,-2.880488845061,-2.946869588815));
#1154 = SURFACE_CURVE('',#1155,(#1159,#1165),.PCURVE_S1.);
#1155 = LINE('',#1156,#1157);
#1156 = CARTESIAN_POINT('',(4.7,-5.913011566773,-5.365225760561));
#1157 = VECTOR('',#1158,1.);
#1158 = DIRECTION('',(0.,0.781831482468,0.623489801859));
#1159 = PCURVE('',#43,#1160);
#1160 = DEFINITIONAL_REPRESENTATION('',(#1161),#1164);
#1161 = B_SPLINE_CURVE_WITH_KNOTS('',1,(#1162,#1163),.UNSPECIFIED.,.F.,
  .F.,(2,2),(3.87874214548,4.679749413461),.PIECEWISE_BEZIER_KNOTS.);
#1162 = CARTESIAN_POINT('',(6.053130411185,-6.119511154939));
#1163 = CARTESIAN_POINT('',(6.552550273986,-6.745763854732));
#1164 = ( GEOMETRIC_REPRESENTATION_CONTEXT(2) 
PARAMETRIC_REPRESENTATION_CONTEXT() REPRESENTATION_CONTEXT('2D SPACE',''
  ) );
#1165 = PCURVE('',#1166,#1171);
#1166 = PLANE('',#1167);
#1167 = AXIS2_PLACEMENT_3D('',#1168,#1169,#1170);
#1168 = CARTESIAN_POINT('',(-17.39423167868,-2.254236145268,
    -2.447449726014));
#1169 = DIRECTION('',(-2.838798940463E-17,-0.623489801859,0.781831482468
    ));
#1170 = DIRECTION('',(0.,-0.781831482468,-0.623489801859));
#1171 = DEFINITIONAL_REPRESENTATION('',(#1172),#1175);
#1172 = B_SPLINE_CURVE_WITH_KNOTS('',1,(#1173,#1174),.UNSPECIFIED.,.F.,
  .F.,(2,2),(3.87874214548,4.679749413461),.PIECEWISE_BEZIER_KNOTS.);
#1173 = CARTESIAN_POINT('',(0.80100726798,22.094231678686));
#1174 = CARTESIAN_POINT('',(-8.881784197001E-16,22.094231678686));
#1175 = ( GEOMETRIC_REPRESENTATION_CONTEXT(2) 
PARAMETRIC_REPRESENTATION_CONTEXT() REPRESENTATION_CONTEXT('2D SPACE',''
  ) );
#1176 = ORIENTED_EDGE('',*,*,#1177,.F.);
#1177 = EDGE_CURVE('',#1178,#1152,#1180,.T.);
#1178 = VERTEX_POINT('',#1179);
#1179 = CARTESIAN_POINT('',(4.7,-3.513954483749,-2.152528802627));
#1180 = SURFACE_CURVE('',#1181,(#1185,#1191),.PCURVE_S1.);
#1181 = LINE('',#1182,#1183);
#1182 = CARTESIAN_POINT('',(4.7,-2.594595350922,-3.305368691261));
#1183 = VECTOR('',#1184,1.);
#1184 = DIRECTION('',(-0.,0.623489801859,-0.781831482468));
#1185 = PCURVE('',#43,#1186);
#1186 = DEFINITIONAL_REPRESENTATION('',(#1187),#1190);
#1187 = B_SPLINE_CURVE_WITH_KNOTS('',1,(#1188,#1189),.UNSPECIFIED.,.F.,
  .F.,(2,2),(-1.474537562742,-0.458537562742),.PIECEWISE_BEZIER_KNOTS.);
#1188 = CARTESIAN_POINT('',(6.847471197373,-5.486045516251));
#1189 = CARTESIAN_POINT('',(6.053130411185,-6.119511154939));
#1190 = ( GEOMETRIC_REPRESENTATION_CONTEXT(2) 
PARAMETRIC_REPRESENTATION_CONTEXT() REPRESENTATION_CONTEXT('2D SPACE',''
  ) );
#1191 = PCURVE('',#1192,#1197);
#1192 = PLANE('',#1193);
#1193 = AXIS2_PLACEMENT_3D('',#1194,#1195,#1196);
#1194 = CARTESIAN_POINT('',(-17.39423167868,-2.880488845061,
    -2.946869588815));
#1195 = DIRECTION('',(3.55974127794E-17,0.781831482468,0.623489801859));
#1196 = DIRECTION('',(6.162975822039E-33,-0.623489801859,0.781831482468)
  );
#1197 = DEFINITIONAL_REPRESENTATION('',(#1198),#1201);
#1198 = B_SPLINE_CURVE_WITH_KNOTS('',1,(#1199,#1200),.UNSPECIFIED.,.F.,
  .F.,(2,2),(-1.474537562742,-0.458537562742),.PIECEWISE_BEZIER_KNOTS.);
#1199 = CARTESIAN_POINT('',(1.016,22.094231678686));
#1200 = CARTESIAN_POINT('',(-5.551115123126E-17,22.094231678686));
#1201 = ( GEOMETRIC_REPRESENTATION_CONTEXT(2) 
PARAMETRIC_REPRESENTATION_CONTEXT() REPRESENTATION_CONTEXT('2D SPACE',''
  ) );
#1202 = ORIENTED_EDGE('',*,*,#1203,.F.);
#1203 = EDGE_CURVE('',#1204,#1178,#1206,.T.);
#1204 = VERTEX_POINT('',#1205);
#1205 = CARTESIAN_POINT('',(4.7,-2.887701783956,-1.653108939827));
#1206 = SURFACE_CURVE('',#1207,(#1211,#1217),.PCURVE_S1.);
#1207 = LINE('',#1208,#1209);
#1208 = CARTESIAN_POINT('',(4.7,-6.546477205461,-4.570884974374));
#1209 = VECTOR('',#1210,1.);
#1210 = DIRECTION('',(0.,-0.781831482468,-0.623489801859));
#1211 = PCURVE('',#43,#1212);
#1212 = DEFINITIONAL_REPRESENTATION('',(#1213),#1216);
#1213 = B_SPLINE_CURVE_WITH_KNOTS('',1,(#1214,#1215),.UNSPECIFIED.,.F.,
  .F.,(2,2),(-4.679749413461,-3.87874214548),.PIECEWISE_BEZIER_KNOTS.);
#1214 = CARTESIAN_POINT('',(7.346891060173,-6.112298216044));
#1215 = CARTESIAN_POINT('',(6.847471197373,-5.486045516251));
#1216 = ( GEOMETRIC_REPRESENTATION_CONTEXT(2) 
PARAMETRIC_REPRESENTATION_CONTEXT() REPRESENTATION_CONTEXT('2D SPACE',''
  ) );
#1217 = PCURVE('',#1218,#1223);
#1218 = PLANE('',#1219);
#1219 = AXIS2_PLACEMENT_3D('',#1220,#1221,#1222);
#1220 = CARTESIAN_POINT('',(-17.39423167868,-2.887701783956,
    -1.653108939827));
#1221 = DIRECTION('',(2.838798940463E-17,0.623489801859,-0.781831482468)
  );
#1222 = DIRECTION('',(0.,0.781831482468,0.623489801859));
#1223 = DEFINITIONAL_REPRESENTATION('',(#1224),#1227);
#1224 = B_SPLINE_CURVE_WITH_KNOTS('',1,(#1225,#1226),.UNSPECIFIED.,.F.,
  .F.,(2,2),(-4.679749413461,-3.87874214548),.PIECEWISE_BEZIER_KNOTS.);
#1225 = CARTESIAN_POINT('',(0.,22.094231678686));
#1226 = CARTESIAN_POINT('',(-0.80100726798,22.094231678686));
#1227 = ( GEOMETRIC_REPRESENTATION_CONTEXT(2) 
PARAMETRIC_REPRESENTATION_CONTEXT() REPRESENTATION_CONTEXT('2D SPACE',''
  ) );
#1228 = ORIENTED_EDGE('',*,*,#1229,.F.);
#1229 = EDGE_CURVE('',#1230,#1204,#1232,.T.);
#1230 = VERTEX_POINT('',#1231);
#1231 = CARTESIAN_POINT('',(4.7,-3.092905226212,-1.226999601333));
#1232 = SURFACE_CURVE('',#1233,(#1238,#1245),.PCURVE_S1.);
#1233 = CIRCLE('',#1234,3.3274);
#1234 = AXIS2_PLACEMENT_3D('',#1235,#1236,#1237);
#1235 = CARTESIAN_POINT('',(4.7,3.642463991552E-16,-2.168404344971E-16)
  );
#1236 = DIRECTION('',(1.,-4.55307998944E-17,-0.));
#1237 = DIRECTION('',(-4.55307998944E-17,-1.,0.));
#1238 = PCURVE('',#43,#1239);
#1239 = DEFINITIONAL_REPRESENTATION('',(#1240),#1244);
#1240 = CIRCLE('',#1241,3.3274);
#1241 = AXIS2_PLACEMENT_2D('',#1242,#1243);
#1242 = CARTESIAN_POINT('',(9.,-9.));
#1243 = DIRECTION('',(0.,1.));
#1244 = ( GEOMETRIC_REPRESENTATION_CONTEXT(2) 
PARAMETRIC_REPRESENTATION_CONTEXT() REPRESENTATION_CONTEXT('2D SPACE',''
  ) );
#1245 = PCURVE('',#1246,#1251);
#1246 = CYLINDRICAL_SURFACE('',#1247,3.3274);
#1247 = AXIS2_PLACEMENT_3D('',#1248,#1249,#1250);
#1248 = CARTESIAN_POINT('',(5.334,3.353798720222E-16,-2.168404344971E-16
    ));
#1249 = DIRECTION('',(1.,-4.55307998944E-17,-0.));
#1250 = DIRECTION('',(-4.55307998944E-17,-1.,0.));
#1251 = DEFINITIONAL_REPRESENTATION('',(#1252),#1256);
#1252 = LINE('',#1253,#1254);
#1253 = CARTESIAN_POINT('',(0.,-0.634));
#1254 = VECTOR('',#1255,1.);
#1255 = DIRECTION('',(1.,0.));
#1256 = ( GEOMETRIC_REPRESENTATION_CONTEXT(2) 
PARAMETRIC_REPRESENTATION_CONTEXT() REPRESENTATION_CONTEXT('2D SPACE',''
  ) );
#1257 = ORIENTED_EDGE('',*,*,#1258,.F.);
#1258 = EDGE_CURVE('',#1259,#1230,#1261,.T.);
#1259 = VERTEX_POINT('',#1260);
#1260 = CARTESIAN_POINT('',(4.7,-3.873829569627,-1.405240486709));
#1261 = SURFACE_CURVE('',#1262,(#1266,#1272),.PCURVE_S1.);
#1262 = LINE('',#1263,#1264);
#1263 = CARTESIAN_POINT('',(4.7,-6.743350661676,-2.060189950595));
#1264 = VECTOR('',#1265,1.);
#1265 = DIRECTION('',(0.,0.974927912182,0.222520933956));
#1266 = PCURVE('',#43,#1267);
#1267 = DEFINITIONAL_REPRESENTATION('',(#1268),#1271);
#1268 = B_SPLINE_CURVE_WITH_KNOTS('',1,(#1269,#1270),.UNSPECIFIED.,.F.,
  .F.,(2,2),(2.943316173631,3.744323441612),.PIECEWISE_BEZIER_KNOTS.);
#1269 = CARTESIAN_POINT('',(7.594759513291,-5.126170430373));
#1270 = CARTESIAN_POINT('',(7.773000398667,-5.907094773788));
#1271 = ( GEOMETRIC_REPRESENTATION_CONTEXT(2) 
PARAMETRIC_REPRESENTATION_CONTEXT() REPRESENTATION_CONTEXT('2D SPACE',''
  ) );
#1272 = PCURVE('',#1273,#1278);
#1273 = PLANE('',#1274);
#1274 = AXIS2_PLACEMENT_3D('',#1275,#1276,#1277);
#1275 = CARTESIAN_POINT('',(-17.39423167868,-3.092905226212,
    -1.226999601333));
#1276 = DIRECTION('',(-1.013155611628E-17,-0.222520933956,0.974927912182
    ));
#1277 = DIRECTION('',(0.,-0.974927912182,-0.222520933956));
#1278 = DEFINITIONAL_REPRESENTATION('',(#1279),#1282);
#1279 = B_SPLINE_CURVE_WITH_KNOTS('',1,(#1280,#1281),.UNSPECIFIED.,.F.,
  .F.,(2,2),(2.943316173631,3.744323441612),.PIECEWISE_BEZIER_KNOTS.);
#1280 = CARTESIAN_POINT('',(0.80100726798,22.094231678685));
#1281 = CARTESIAN_POINT('',(-8.881784197001E-16,22.094231678685));
#1282 = ( GEOMETRIC_REPRESENTATION_CONTEXT(2) 
PARAMETRIC_REPRESENTATION_CONTEXT() REPRESENTATION_CONTEXT('2D SPACE',''
  ) );
#1283 = ORIENTED_EDGE('',*,*,#1284,.F.);
#1284 = EDGE_CURVE('',#1285,#1259,#1287,.T.);
#1285 = VERTEX_POINT('',#1286);
#1286 = CARTESIAN_POINT('',(4.7,-4.099910838526,-0.414713727933));
#1287 = SURFACE_CURVE('',#1288,(#1292,#1298),.PCURVE_S1.);
#1288 = LINE('',#1289,#1290);
#1289 = CARTESIAN_POINT('',(4.7,-3.176931521056,-4.458550336781));
#1290 = VECTOR('',#1291,1.);
#1291 = DIRECTION('',(-0.,0.222520933956,-0.974927912182));
#1292 = PCURVE('',#43,#1293);
#1293 = DEFINITIONAL_REPRESENTATION('',(#1294),#1297);
#1294 = B_SPLINE_CURVE_WITH_KNOTS('',1,(#1295,#1296),.UNSPECIFIED.,.F.,
  .F.,(2,2),(-4.147831402015,-3.131831402015),.PIECEWISE_BEZIER_KNOTS.);
#1295 = CARTESIAN_POINT('',(8.585286272067,-4.900089161474));
#1296 = CARTESIAN_POINT('',(7.594759513291,-5.126170430373));
#1297 = ( GEOMETRIC_REPRESENTATION_CONTEXT(2) 
PARAMETRIC_REPRESENTATION_CONTEXT() REPRESENTATION_CONTEXT('2D SPACE',''
  ) );
#1298 = PCURVE('',#1299,#1304);
#1299 = PLANE('',#1300);
#1300 = AXIS2_PLACEMENT_3D('',#1301,#1302,#1303);
#1301 = CARTESIAN_POINT('',(-17.39423167868,-3.873829569627,
    -1.405240486709));
#1302 = DIRECTION('',(4.438924768102E-17,0.974927912182,0.222520933956)
  );
#1303 = DIRECTION('',(0.,-0.222520933956,0.974927912182));
#1304 = DEFINITIONAL_REPRESENTATION('',(#1305),#1308);
#1305 = B_SPLINE_CURVE_WITH_KNOTS('',1,(#1306,#1307),.UNSPECIFIED.,.F.,
  .F.,(2,2),(-4.147831402015,-3.131831402015),.PIECEWISE_BEZIER_KNOTS.);
#1306 = CARTESIAN_POINT('',(1.016,22.094231678685));
#1307 = CARTESIAN_POINT('',(0.,22.094231678685));
#1308 = ( GEOMETRIC_REPRESENTATION_CONTEXT(2) 
PARAMETRIC_REPRESENTATION_CONTEXT() REPRESENTATION_CONTEXT('2D SPACE',''
  ) );
#1309 = ORIENTED_EDGE('',*,*,#1310,.F.);
#1310 = EDGE_CURVE('',#1311,#1285,#1313,.T.);
#1311 = VERTEX_POINT('',#1312);
#1312 = CARTESIAN_POINT('',(4.7,-3.318986495112,-0.236472842556));
#1313 = SURFACE_CURVE('',#1314,(#1318,#1324),.PCURVE_S1.);
#1314 = LINE('',#1315,#1316);
#1315 = CARTESIAN_POINT('',(4.7,-6.969431930576,-1.069663191818));
#1316 = VECTOR('',#1317,1.);
#1317 = DIRECTION('',(0.,-0.974927912182,-0.222520933956));
#1318 = PCURVE('',#43,#1319);
#1319 = DEFINITIONAL_REPRESENTATION('',(#1320),#1323);
#1320 = B_SPLINE_CURVE_WITH_KNOTS('',1,(#1321,#1322),.UNSPECIFIED.,.F.,
  .F.,(2,2),(-3.744323441612,-2.943316173631),.PIECEWISE_BEZIER_KNOTS.);
#1321 = CARTESIAN_POINT('',(8.763527157444,-5.681013504888));
#1322 = CARTESIAN_POINT('',(8.585286272067,-4.900089161474));
#1323 = ( GEOMETRIC_REPRESENTATION_CONTEXT(2) 
PARAMETRIC_REPRESENTATION_CONTEXT() REPRESENTATION_CONTEXT('2D SPACE',''
  ) );
#1324 = PCURVE('',#1325,#1330);
#1325 = PLANE('',#1326);
#1326 = AXIS2_PLACEMENT_3D('',#1327,#1328,#1329);
#1327 = CARTESIAN_POINT('',(-17.39423167868,-3.318986495112,
    -0.236472842556));
#1328 = DIRECTION('',(1.013155611628E-17,0.222520933956,-0.974927912182)
  );
#1329 = DIRECTION('',(0.,0.974927912182,0.222520933956));
#1330 = DEFINITIONAL_REPRESENTATION('',(#1331),#1334);
#1331 = B_SPLINE_CURVE_WITH_KNOTS('',1,(#1332,#1333),.UNSPECIFIED.,.F.,
  .F.,(2,2),(-3.744323441612,-2.943316173631),.PIECEWISE_BEZIER_KNOTS.);
#1332 = CARTESIAN_POINT('',(4.440892098501E-16,22.094231678685));
#1333 = CARTESIAN_POINT('',(-0.80100726798,22.094231678685));
#1334 = ( GEOMETRIC_REPRESENTATION_CONTEXT(2) 
PARAMETRIC_REPRESENTATION_CONTEXT() REPRESENTATION_CONTEXT('2D SPACE',''
  ) );
#1335 = ORIENTED_EDGE('',*,*,#1336,.F.);
#1336 = EDGE_CURVE('',#1337,#1311,#1339,.T.);
#1337 = VERTEX_POINT('',#1338);
#1338 = CARTESIAN_POINT('',(4.7,-3.318986495112,0.236472842556));
#1339 = SURFACE_CURVE('',#1340,(#1345,#1352),.PCURVE_S1.);
#1340 = CIRCLE('',#1341,3.3274);
#1341 = AXIS2_PLACEMENT_3D('',#1342,#1343,#1344);
#1342 = CARTESIAN_POINT('',(4.7,3.642463991552E-16,-2.168404344971E-16)
  );
#1343 = DIRECTION('',(1.,-4.55307998944E-17,-0.));
#1344 = DIRECTION('',(-4.55307998944E-17,-1.,0.));
#1345 = PCURVE('',#43,#1346);
#1346 = DEFINITIONAL_REPRESENTATION('',(#1347),#1351);
#1347 = CIRCLE('',#1348,3.3274);
#1348 = AXIS2_PLACEMENT_2D('',#1349,#1350);
#1349 = CARTESIAN_POINT('',(9.,-9.));
#1350 = DIRECTION('',(0.,1.));
#1351 = ( GEOMETRIC_REPRESENTATION_CONTEXT(2) 
PARAMETRIC_REPRESENTATION_CONTEXT() REPRESENTATION_CONTEXT('2D SPACE',''
  ) );
#1352 = PCURVE('',#1353,#1358);
#1353 = CYLINDRICAL_SURFACE('',#1354,3.3274);
#1354 = AXIS2_PLACEMENT_3D('',#1355,#1356,#1357);
#1355 = CARTESIAN_POINT('',(5.334,3.353798720222E-16,-2.168404344971E-16
    ));
#1356 = DIRECTION('',(1.,-4.55307998944E-17,-0.));
#1357 = DIRECTION('',(-4.55307998944E-17,-1.,0.));
#1358 = DEFINITIONAL_REPRESENTATION('',(#1359),#1363);
#1359 = LINE('',#1360,#1361);
#1360 = CARTESIAN_POINT('',(-6.28318530718,-0.634));
#1361 = VECTOR('',#1362,1.);
#1362 = DIRECTION('',(1.,0.));
#1363 = ( GEOMETRIC_REPRESENTATION_CONTEXT(2) 
PARAMETRIC_REPRESENTATION_CONTEXT() REPRESENTATION_CONTEXT('2D SPACE',''
  ) );
#1364 = ORIENTED_EDGE('',*,*,#1365,.F.);
#1365 = EDGE_CURVE('',#1366,#1337,#1368,.T.);
#1366 = VERTEX_POINT('',#1367);
#1367 = CARTESIAN_POINT('',(4.7,-4.099910838526,0.414713727933));
#1368 = SURFACE_CURVE('',#1369,(#1373,#1379),.PCURVE_S1.);
#1369 = LINE('',#1370,#1371);
#1370 = CARTESIAN_POINT('',(4.7,-5.016955104547,0.624023097379));
#1371 = VECTOR('',#1372,1.);
#1372 = DIRECTION('',(-0.,0.974927912182,-0.222520933956));
#1373 = PCURVE('',#43,#1374);
#1374 = DEFINITIONAL_REPRESENTATION('',(#1375),#1378);
#1375 = B_SPLINE_CURVE_WITH_KNOTS('',1,(#1376,#1377),.UNSPECIFIED.,.F.,
  .F.,(2,2),(0.940627768025,1.741635036005),.PIECEWISE_BEZIER_KNOTS.);
#1376 = CARTESIAN_POINT('',(9.414713727933,-4.900089161474));
#1377 = CARTESIAN_POINT('',(9.236472842556,-5.681013504888));
#1378 = ( GEOMETRIC_REPRESENTATION_CONTEXT(2) 
PARAMETRIC_REPRESENTATION_CONTEXT() REPRESENTATION_CONTEXT('2D SPACE',''
  ) );
#1379 = PCURVE('',#1380,#1385);
#1380 = PLANE('',#1381);
#1381 = AXIS2_PLACEMENT_3D('',#1382,#1383,#1384);
#1382 = CARTESIAN_POINT('',(-17.39423167868,-3.318986495112,
    0.236472842556));
#1383 = DIRECTION('',(1.013155611628E-17,0.222520933956,0.974927912182)
  );
#1384 = DIRECTION('',(0.,-0.974927912182,0.222520933956));
#1385 = DEFINITIONAL_REPRESENTATION('',(#1386),#1389);
#1386 = B_SPLINE_CURVE_WITH_KNOTS('',1,(#1387,#1388),.UNSPECIFIED.,.F.,
  .F.,(2,2),(0.940627768025,1.741635036005),.PIECEWISE_BEZIER_KNOTS.);
#1387 = CARTESIAN_POINT('',(0.80100726798,22.094231678685));
#1388 = CARTESIAN_POINT('',(-4.440892098501E-16,22.094231678685));
#1389 = ( GEOMETRIC_REPRESENTATION_CONTEXT(2) 
PARAMETRIC_REPRESENTATION_CONTEXT() REPRESENTATION_CONTEXT('2D SPACE',''
  ) );
#1390 = ORIENTED_EDGE('',*,*,#1391,.F.);
#1391 = EDGE_CURVE('',#1392,#1366,#1394,.T.);
#1392 = VERTEX_POINT('',#1393);
#1393 = CARTESIAN_POINT('',(4.7,-3.873829569627,1.405240486709));
#1394 = SURFACE_CURVE('',#1395,(#1399,#1405),.PCURVE_S1.);
#1395 = LINE('',#1396,#1397);
#1396 = CARTESIAN_POINT('',(4.7,-5.242448981535,-4.591072948168));
#1397 = VECTOR('',#1398,1.);
#1398 = DIRECTION('',(0.,-0.222520933956,-0.974927912182));
#1399 = PCURVE('',#43,#1400);
#1400 = DEFINITIONAL_REPRESENTATION('',(#1401),#1404);
#1401 = B_SPLINE_CURVE_WITH_KNOTS('',1,(#1402,#1403),.UNSPECIFIED.,.F.,
  .F.,(2,2),(-6.150519807622,-5.134519807622),.PIECEWISE_BEZIER_KNOTS.);
#1402 = CARTESIAN_POINT('',(10.405240486709,-5.126170430373));
#1403 = CARTESIAN_POINT('',(9.414713727933,-4.900089161474));
#1404 = ( GEOMETRIC_REPRESENTATION_CONTEXT(2) 
PARAMETRIC_REPRESENTATION_CONTEXT() REPRESENTATION_CONTEXT('2D SPACE',''
  ) );
#1405 = PCURVE('',#1406,#1411);
#1406 = PLANE('',#1407);
#1407 = AXIS2_PLACEMENT_3D('',#1408,#1409,#1410);
#1408 = CARTESIAN_POINT('',(-17.39423167868,-4.099910838526,
    0.414713727933));
#1409 = DIRECTION('',(4.438924768102E-17,0.974927912182,-0.222520933956)
  );
#1410 = DIRECTION('',(0.,0.222520933956,0.974927912182));
#1411 = DEFINITIONAL_REPRESENTATION('',(#1412),#1415);
#1412 = B_SPLINE_CURVE_WITH_KNOTS('',1,(#1413,#1414),.UNSPECIFIED.,.F.,
  .F.,(2,2),(-6.150519807622,-5.134519807622),.PIECEWISE_BEZIER_KNOTS.);
#1413 = CARTESIAN_POINT('',(1.016,22.094231678685));
#1414 = CARTESIAN_POINT('',(0.,22.094231678685));
#1415 = ( GEOMETRIC_REPRESENTATION_CONTEXT(2) 
PARAMETRIC_REPRESENTATION_CONTEXT() REPRESENTATION_CONTEXT('2D SPACE',''
  ) );
#1416 = ORIENTED_EDGE('',*,*,#1417,.F.);
#1417 = EDGE_CURVE('',#1418,#1392,#1420,.T.);
#1418 = VERTEX_POINT('',#1419);
#1419 = CARTESIAN_POINT('',(4.7,-3.092905226212,1.226999601333));
#1420 = SURFACE_CURVE('',#1421,(#1425,#1431),.PCURVE_S1.);
#1421 = LINE('',#1422,#1423);
#1422 = CARTESIAN_POINT('',(4.7,-4.790873835647,1.614549856155));
#1423 = VECTOR('',#1424,1.);
#1424 = DIRECTION('',(0.,-0.974927912182,0.222520933956));
#1425 = PCURVE('',#43,#1426);
#1426 = DEFINITIONAL_REPRESENTATION('',(#1427),#1430);
#1427 = B_SPLINE_CURVE_WITH_KNOTS('',1,(#1428,#1429),.UNSPECIFIED.,.F.,
  .F.,(2,2),(-1.741635036005,-0.940627768025),.PIECEWISE_BEZIER_KNOTS.);
#1428 = CARTESIAN_POINT('',(10.226999601333,-5.907094773788));
#1429 = CARTESIAN_POINT('',(10.405240486709,-5.126170430373));
#1430 = ( GEOMETRIC_REPRESENTATION_CONTEXT(2) 
PARAMETRIC_REPRESENTATION_CONTEXT() REPRESENTATION_CONTEXT('2D SPACE',''
  ) );
#1431 = PCURVE('',#1432,#1437);
#1432 = PLANE('',#1433);
#1433 = AXIS2_PLACEMENT_3D('',#1434,#1435,#1436);
#1434 = CARTESIAN_POINT('',(-17.39423167868,-3.092905226212,
    1.226999601333));
#1435 = DIRECTION('',(-1.013155611628E-17,-0.222520933956,
    -0.974927912182));
#1436 = DIRECTION('',(0.,0.974927912182,-0.222520933956));
#1437 = DEFINITIONAL_REPRESENTATION('',(#1438),#1441);
#1438 = B_SPLINE_CURVE_WITH_KNOTS('',1,(#1439,#1440),.UNSPECIFIED.,.F.,
  .F.,(2,2),(-1.741635036005,-0.940627768025),.PIECEWISE_BEZIER_KNOTS.);
#1439 = CARTESIAN_POINT('',(4.440892098501E-16,22.094231678685));
#1440 = CARTESIAN_POINT('',(-0.80100726798,22.094231678685));
#1441 = ( GEOMETRIC_REPRESENTATION_CONTEXT(2) 
PARAMETRIC_REPRESENTATION_CONTEXT() REPRESENTATION_CONTEXT('2D SPACE',''
  ) );
#1442 = ORIENTED_EDGE('',*,*,#1443,.F.);
#1443 = EDGE_CURVE('',#1444,#1418,#1446,.T.);
#1444 = VERTEX_POINT('',#1445);
#1445 = CARTESIAN_POINT('',(4.7,-2.887701783956,1.653108939827));
#1446 = SURFACE_CURVE('',#1447,(#1452,#1459),.PCURVE_S1.);
#1447 = CIRCLE('',#1448,3.3274);
#1448 = AXIS2_PLACEMENT_3D('',#1449,#1450,#1451);
#1449 = CARTESIAN_POINT('',(4.7,3.642463991552E-16,-2.168404344971E-16)
  );
#1450 = DIRECTION('',(1.,-4.55307998944E-17,-0.));
#1451 = DIRECTION('',(-4.55307998944E-17,-1.,0.));
#1452 = PCURVE('',#43,#1453);
#1453 = DEFINITIONAL_REPRESENTATION('',(#1454),#1458);
#1454 = CIRCLE('',#1455,3.3274);
#1455 = AXIS2_PLACEMENT_2D('',#1456,#1457);
#1456 = CARTESIAN_POINT('',(9.,-9.));
#1457 = DIRECTION('',(0.,1.));
#1458 = ( GEOMETRIC_REPRESENTATION_CONTEXT(2) 
PARAMETRIC_REPRESENTATION_CONTEXT() REPRESENTATION_CONTEXT('2D SPACE',''
  ) );
#1459 = PCURVE('',#1460,#1465);
#1460 = CYLINDRICAL_SURFACE('',#1461,3.3274);
#1461 = AXIS2_PLACEMENT_3D('',#1462,#1463,#1464);
#1462 = CARTESIAN_POINT('',(5.334,3.353798720222E-16,-2.168404344971E-16
    ));
#1463 = DIRECTION('',(1.,-4.55307998944E-17,-0.));
#1464 = DIRECTION('',(-4.55307998944E-17,-1.,0.));
#1465 = DEFINITIONAL_REPRESENTATION('',(#1466),#1470);
#1466 = LINE('',#1467,#1468);
#1467 = CARTESIAN_POINT('',(0.,-0.634));
#1468 = VECTOR('',#1469,1.);
#1469 = DIRECTION('',(1.,0.));
#1470 = ( GEOMETRIC_REPRESENTATION_CONTEXT(2) 
PARAMETRIC_REPRESENTATION_CONTEXT() REPRESENTATION_CONTEXT('2D SPACE',''
  ) );
#1471 = ORIENTED_EDGE('',*,*,#1472,.F.);
#1472 = EDGE_CURVE('',#1473,#1444,#1475,.T.);
#1473 = VERTEX_POINT('',#1474);
#1474 = CARTESIAN_POINT('',(4.7,-3.513954483749,2.152528802627));
#1475 = SURFACE_CURVE('',#1476,(#1480,#1486),.PCURVE_S1.);
#1476 = LINE('',#1477,#1478);
#1477 = CARTESIAN_POINT('',(4.7,-2.159301600643,1.072229177177));
#1478 = VECTOR('',#1479,1.);
#1479 = DIRECTION('',(-0.,0.781831482468,-0.623489801859));
#1480 = PCURVE('',#43,#1481);
#1481 = DEFINITIONAL_REPRESENTATION('',(#1482),#1485);
#1482 = B_SPLINE_CURVE_WITH_KNOTS('',1,(#1483,#1484),.UNSPECIFIED.,.F.,
  .F.,(2,2),(-1.732666071248,-0.931658803268),.PIECEWISE_BEZIER_KNOTS.);
#1483 = CARTESIAN_POINT('',(11.152528802627,-5.486045516251));
#1484 = CARTESIAN_POINT('',(10.653108939827,-6.112298216044));
#1485 = ( GEOMETRIC_REPRESENTATION_CONTEXT(2) 
PARAMETRIC_REPRESENTATION_CONTEXT() REPRESENTATION_CONTEXT('2D SPACE',''
  ) );
#1486 = PCURVE('',#1487,#1492);
#1487 = PLANE('',#1488);
#1488 = AXIS2_PLACEMENT_3D('',#1489,#1490,#1491);
#1489 = CARTESIAN_POINT('',(-17.39423167868,-2.887701783956,
    1.653108939827));
#1490 = DIRECTION('',(2.838798940463E-17,0.623489801859,0.781831482468)
  );
#1491 = DIRECTION('',(-1.54074395551E-33,-0.781831482468,0.623489801859)
  );
#1492 = DEFINITIONAL_REPRESENTATION('',(#1493),#1496);
#1493 = B_SPLINE_CURVE_WITH_KNOTS('',1,(#1494,#1495),.UNSPECIFIED.,.F.,
  .F.,(2,2),(-1.732666071248,-0.931658803268),.PIECEWISE_BEZIER_KNOTS.);
#1494 = CARTESIAN_POINT('',(0.80100726798,22.094231678686));
#1495 = CARTESIAN_POINT('',(-8.881784197001E-16,22.094231678686));
#1496 = ( GEOMETRIC_REPRESENTATION_CONTEXT(2) 
PARAMETRIC_REPRESENTATION_CONTEXT() REPRESENTATION_CONTEXT('2D SPACE',''
  ) );
#1497 = ORIENTED_EDGE('',*,*,#1498,.F.);
#1498 = EDGE_CURVE('',#1499,#1473,#1501,.T.);
#1499 = VERTEX_POINT('',#1500);
#1500 = CARTESIAN_POINT('',(4.7,-2.880488845061,2.946869588815));
#1501 = SURFACE_CURVE('',#1502,(#1506,#1512),.PCURVE_S1.);
#1502 = LINE('',#1503,#1504);
#1503 = CARTESIAN_POINT('',(4.7,-7.298503775084,-2.593145904637));
#1504 = VECTOR('',#1505,1.);
#1505 = DIRECTION('',(0.,-0.623489801859,-0.781831482468));
#1506 = PCURVE('',#43,#1507);
#1507 = DEFINITIONAL_REPRESENTATION('',(#1508),#1511);
#1508 = B_SPLINE_CURVE_WITH_KNOTS('',1,(#1509,#1510),.UNSPECIFIED.,.F.,
  .F.,(2,2),(-7.08594577947,-6.06994577947),.PIECEWISE_BEZIER_KNOTS.);
#1509 = CARTESIAN_POINT('',(11.946869588815,-6.119511154939));
#1510 = CARTESIAN_POINT('',(11.152528802627,-5.486045516251));
#1511 = ( GEOMETRIC_REPRESENTATION_CONTEXT(2) 
PARAMETRIC_REPRESENTATION_CONTEXT() REPRESENTATION_CONTEXT('2D SPACE',''
  ) );
#1512 = PCURVE('',#1513,#1518);
#1513 = PLANE('',#1514);
#1514 = AXIS2_PLACEMENT_3D('',#1515,#1516,#1517);
#1515 = CARTESIAN_POINT('',(-17.39423167868,-3.513954483749,
    2.152528802627));
#1516 = DIRECTION('',(3.55974127794E-17,0.781831482468,-0.623489801859)
  );
#1517 = DIRECTION('',(0.,0.623489801859,0.781831482468));
#1518 = DEFINITIONAL_REPRESENTATION('',(#1519),#1522);
#1519 = B_SPLINE_CURVE_WITH_KNOTS('',1,(#1520,#1521),.UNSPECIFIED.,.F.,
  .F.,(2,2),(-7.08594577947,-6.06994577947),.PIECEWISE_BEZIER_KNOTS.);
#1520 = CARTESIAN_POINT('',(1.016,22.094231678686));
#1521 = CARTESIAN_POINT('',(-8.881784197001E-16,22.094231678686));
#1522 = ( GEOMETRIC_REPRESENTATION_CONTEXT(2) 
PARAMETRIC_REPRESENTATION_CONTEXT() REPRESENTATION_CONTEXT('2D SPACE',''
  ) );
#1523 = ORIENTED_EDGE('',*,*,#1524,.F.);
#1524 = EDGE_CURVE('',#1525,#1499,#1527,.T.);
#1525 = VERTEX_POINT('',#1526);
#1526 = CARTESIAN_POINT('',(4.7,-2.254236145268,2.447449726014));
#1527 = SURFACE_CURVE('',#1528,(#1532,#1538),.PCURVE_S1.);
#1528 = LINE('',#1529,#1530);
#1529 = CARTESIAN_POINT('',(4.7,-1.525835961954,1.866569963365));
#1530 = VECTOR('',#1531,1.);
#1531 = DIRECTION('',(0.,-0.781831482468,0.623489801859));
#1532 = PCURVE('',#43,#1533);
#1533 = DEFINITIONAL_REPRESENTATION('',(#1534),#1537);
#1534 = B_SPLINE_CURVE_WITH_KNOTS('',1,(#1535,#1536),.UNSPECIFIED.,.F.,
  .F.,(2,2),(0.931658803268,1.732666071248),.PIECEWISE_BEZIER_KNOTS.);
#1535 = CARTESIAN_POINT('',(11.447449726014,-6.745763854732));
#1536 = CARTESIAN_POINT('',(11.946869588815,-6.119511154939));
#1537 = ( GEOMETRIC_REPRESENTATION_CONTEXT(2) 
PARAMETRIC_REPRESENTATION_CONTEXT() REPRESENTATION_CONTEXT('2D SPACE',''
  ) );
#1538 = PCURVE('',#1539,#1544);
#1539 = PLANE('',#1540);
#1540 = AXIS2_PLACEMENT_3D('',#1541,#1542,#1543);
#1541 = CARTESIAN_POINT('',(-17.39423167868,-2.254236145268,
    2.447449726014));
#1542 = DIRECTION('',(-2.838798940463E-17,-0.623489801859,
    -0.781831482468));
#1543 = DIRECTION('',(1.54074395551E-33,0.781831482468,-0.623489801859)
  );
#1544 = DEFINITIONAL_REPRESENTATION('',(#1545),#1548);
#1545 = B_SPLINE_CURVE_WITH_KNOTS('',1,(#1546,#1547),.UNSPECIFIED.,.F.,
  .F.,(2,2),(0.931658803268,1.732666071248),.PIECEWISE_BEZIER_KNOTS.);
#1546 = CARTESIAN_POINT('',(8.881784197001E-16,22.094231678686));
#1547 = CARTESIAN_POINT('',(-0.80100726798,22.094231678686));
#1548 = ( GEOMETRIC_REPRESENTATION_CONTEXT(2) 
PARAMETRIC_REPRESENTATION_CONTEXT() REPRESENTATION_CONTEXT('2D SPACE',''
  ) );
#1549 = ORIENTED_EDGE('',*,*,#1550,.F.);
#1550 = EDGE_CURVE('',#1551,#1525,#1553,.T.);
#1551 = VERTEX_POINT('',#1552);
#1552 = CARTESIAN_POINT('',(4.7,-1.88447231915,2.742326537515));
#1553 = SURFACE_CURVE('',#1554,(#1559,#1566),.PCURVE_S1.);
#1554 = CIRCLE('',#1555,3.3274);
#1555 = AXIS2_PLACEMENT_3D('',#1556,#1557,#1558);
#1556 = CARTESIAN_POINT('',(4.7,3.642463991552E-16,-2.168404344971E-16)
  );
#1557 = DIRECTION('',(1.,-4.55307998944E-17,-0.));
#1558 = DIRECTION('',(-4.55307998944E-17,-1.,0.));
#1559 = PCURVE('',#43,#1560);
#1560 = DEFINITIONAL_REPRESENTATION('',(#1561),#1565);
#1561 = CIRCLE('',#1562,3.3274);
#1562 = AXIS2_PLACEMENT_2D('',#1563,#1564);
#1563 = CARTESIAN_POINT('',(9.,-9.));
#1564 = DIRECTION('',(0.,1.));
#1565 = ( GEOMETRIC_REPRESENTATION_CONTEXT(2) 
PARAMETRIC_REPRESENTATION_CONTEXT() REPRESENTATION_CONTEXT('2D SPACE',''
  ) );
#1566 = PCURVE('',#1567,#1572);
#1567 = CYLINDRICAL_SURFACE('',#1568,3.3274);
#1568 = AXIS2_PLACEMENT_3D('',#1569,#1570,#1571);
#1569 = CARTESIAN_POINT('',(5.334,3.353798720222E-16,-2.168404344971E-16
    ));
#1570 = DIRECTION('',(1.,-4.55307998944E-17,-0.));
#1571 = DIRECTION('',(-4.55307998944E-17,-1.,0.));
#1572 = DEFINITIONAL_REPRESENTATION('',(#1573),#1577);
#1573 = LINE('',#1574,#1575);
#1574 = CARTESIAN_POINT('',(0.,-0.634));
#1575 = VECTOR('',#1576,1.);
#1576 = DIRECTION('',(1.,0.));
#1577 = ( GEOMETRIC_REPRESENTATION_CONTEXT(2) 
PARAMETRIC_REPRESENTATION_CONTEXT() REPRESENTATION_CONTEXT('2D SPACE',''
  ) );
#1578 = ORIENTED_EDGE('',*,*,#1579,.F.);
#1579 = EDGE_CURVE('',#1580,#1551,#1582,.T.);
#1580 = VERTEX_POINT('',#1581);
#1581 = CARTESIAN_POINT('',(4.7,-2.232016347642,3.464009148928));
#1582 = SURFACE_CURVE('',#1583,(#1587,#1593),.PCURVE_S1.);
#1583 = LINE('',#1584,#1585);
#1584 = CARTESIAN_POINT('',(4.7,-0.259109362287,-0.632774419608));
#1585 = VECTOR('',#1586,1.);
#1586 = DIRECTION('',(-0.,0.433883739118,-0.900968867902));
#1587 = PCURVE('',#43,#1588);
#1588 = DEFINITIONAL_REPRESENTATION('',(#1589),#1592);
#1589 = B_SPLINE_CURVE_WITH_KNOTS('',1,(#1590,#1591),.UNSPECIFIED.,.F.,
  .F.,(2,2),(-4.547086713522,-3.746079445542),.PIECEWISE_BEZIER_KNOTS.);
#1590 = CARTESIAN_POINT('',(12.464009148928,-6.767983652358));
#1591 = CARTESIAN_POINT('',(11.742326537515,-7.11552768085));
#1592 = ( GEOMETRIC_REPRESENTATION_CONTEXT(2) 
PARAMETRIC_REPRESENTATION_CONTEXT() REPRESENTATION_CONTEXT('2D SPACE',''
  ) );
#1593 = PCURVE('',#1594,#1599);
#1594 = PLANE('',#1595);
#1595 = AXIS2_PLACEMENT_3D('',#1596,#1597,#1598);
#1596 = CARTESIAN_POINT('',(-17.39423167868,-1.88447231915,
    2.742326537515));
#1597 = DIRECTION('',(4.102183323555E-17,0.900968867902,0.433883739118)
  );
#1598 = DIRECTION('',(0.,-0.433883739118,0.900968867902));
#1599 = DEFINITIONAL_REPRESENTATION('',(#1600),#1603);
#1600 = B_SPLINE_CURVE_WITH_KNOTS('',1,(#1601,#1602),.UNSPECIFIED.,.F.,
  .F.,(2,2),(-4.547086713522,-3.746079445542),.PIECEWISE_BEZIER_KNOTS.);
#1601 = CARTESIAN_POINT('',(0.80100726798,22.094231678686));
#1602 = CARTESIAN_POINT('',(0.,22.094231678686));
#1603 = ( GEOMETRIC_REPRESENTATION_CONTEXT(2) 
PARAMETRIC_REPRESENTATION_CONTEXT() REPRESENTATION_CONTEXT('2D SPACE',''
  ) );
#1604 = ORIENTED_EDGE('',*,*,#1605,.F.);
#1605 = EDGE_CURVE('',#171,#1580,#1606,.T.);
#1606 = SURFACE_CURVE('',#1607,(#1611,#1617),.PCURVE_S1.);
#1607 = LINE('',#1608,#1609);
#1608 = CARTESIAN_POINT('',(4.7,-7.41514314493,0.967946837293));
#1609 = VECTOR('',#1610,1.);
#1610 = DIRECTION('',(0.,-0.900968867902,-0.433883739118));
#1611 = PCURVE('',#43,#1612);
#1612 = DEFINITIONAL_REPRESENTATION('',(#1613),#1616);
#1613 = B_SPLINE_CURVE_WITH_KNOTS('',1,(#1614,#1615),.UNSPECIFIED.,.F.,
  .F.,(2,2),(-6.76883673159,-5.75283673159),.PIECEWISE_BEZIER_KNOTS.);
#1614 = CARTESIAN_POINT('',(12.904835027872,-7.683368022147));
#1615 = CARTESIAN_POINT('',(12.464009148928,-6.767983652358));
#1616 = ( GEOMETRIC_REPRESENTATION_CONTEXT(2) 
PARAMETRIC_REPRESENTATION_CONTEXT() REPRESENTATION_CONTEXT('2D SPACE',''
  ) );
#1617 = PCURVE('',#1618,#1623);
#1618 = PLANE('',#1619);
#1619 = AXIS2_PLACEMENT_3D('',#1620,#1621,#1622);
#1620 = CARTESIAN_POINT('',(-17.39423167868,-2.232016347642,
    3.464009148928));
#1621 = DIRECTION('',(1.97550737032E-17,0.433883739118,-0.900968867902)
  );
#1622 = DIRECTION('',(-1.54074395551E-33,0.900968867902,0.433883739118)
  );
#1623 = DEFINITIONAL_REPRESENTATION('',(#1624),#1627);
#1624 = B_SPLINE_CURVE_WITH_KNOTS('',1,(#1625,#1626),.UNSPECIFIED.,.F.,
  .F.,(2,2),(-6.76883673159,-5.75283673159),.PIECEWISE_BEZIER_KNOTS.);
#1625 = CARTESIAN_POINT('',(1.016,22.094231678686));
#1626 = CARTESIAN_POINT('',(-8.881784197001E-16,22.094231678686));
#1627 = ( GEOMETRIC_REPRESENTATION_CONTEXT(2) 
PARAMETRIC_REPRESENTATION_CONTEXT() REPRESENTATION_CONTEXT('2D SPACE',''
  ) );
#1628 = ADVANCED_FACE('',(#1629),#122,.T.);
#1629 = FACE_BOUND('',#1630,.T.);
#1630 = EDGE_LOOP('',(#1631,#1632,#1633,#1654));
#1631 = ORIENTED_EDGE('',*,*,#572,.F.);
#1632 = ORIENTED_EDGE('',*,*,#108,.T.);
#1633 = ORIENTED_EDGE('',*,*,#1634,.T.);
#1634 = EDGE_CURVE('',#83,#1635,#1637,.T.);
#1635 = VERTEX_POINT('',#1636);
#1636 = CARTESIAN_POINT('',(5.33,3.873829569627,1.405240486709));
#1637 = SURFACE_CURVE('',#1638,(#1642,#1648),.PCURVE_S1.);
#1638 = LINE('',#1639,#1640);
#1639 = CARTESIAN_POINT('',(5.33,4.683768252646,-2.143332742751));
#1640 = VECTOR('',#1641,1.);
#1641 = DIRECTION('',(0.,-0.222520933956,0.974927912182));
#1642 = PCURVE('',#122,#1643);
#1643 = DEFINITIONAL_REPRESENTATION('',(#1644),#1647);
#1644 = B_SPLINE_CURVE_WITH_KNOTS('',1,(#1645,#1646),.UNSPECIFIED.,.F.,
  .F.,(2,2),(2.623831402015,3.639831402015),.PIECEWISE_BEZIER_KNOTS.);
#1645 = CARTESIAN_POINT('',(1.016,22.724231678685));
#1646 = CARTESIAN_POINT('',(-4.440892098501E-16,22.724231678685));
#1647 = ( GEOMETRIC_REPRESENTATION_CONTEXT(2) 
PARAMETRIC_REPRESENTATION_CONTEXT() REPRESENTATION_CONTEXT('2D SPACE',''
  ) );
#1648 = PCURVE('',#97,#1649);
#1649 = DEFINITIONAL_REPRESENTATION('',(#1650),#1653);
#1650 = B_SPLINE_CURVE_WITH_KNOTS('',1,(#1651,#1652),.UNSPECIFIED.,.F.,
  .F.,(2,2),(2.623831402015,3.639831402015),.PIECEWISE_BEZIER_KNOTS.);
#1651 = CARTESIAN_POINT('',(9.414713727933,-13.09991083852));
#1652 = CARTESIAN_POINT('',(10.405240486709,-12.87382956962));
#1653 = ( GEOMETRIC_REPRESENTATION_CONTEXT(2) 
PARAMETRIC_REPRESENTATION_CONTEXT() REPRESENTATION_CONTEXT('2D SPACE',''
  ) );
#1654 = ORIENTED_EDGE('',*,*,#1655,.F.);
#1655 = EDGE_CURVE('',#547,#1635,#1656,.T.);
#1656 = SURFACE_CURVE('',#1657,(#1661,#1668),.PCURVE_S1.);
#1657 = LINE('',#1658,#1659);
#1658 = CARTESIAN_POINT('',(-17.39423167868,3.873829569627,
    1.405240486709));
#1659 = VECTOR('',#1660,1.);
#1660 = DIRECTION('',(1.,-4.55307998944E-17,0.));
#1661 = PCURVE('',#122,#1662);
#1662 = DEFINITIONAL_REPRESENTATION('',(#1663),#1667);
#1663 = LINE('',#1664,#1665);
#1664 = CARTESIAN_POINT('',(0.,0.));
#1665 = VECTOR('',#1666,1.);
#1666 = DIRECTION('',(-1.013155611628E-17,1.));
#1667 = ( GEOMETRIC_REPRESENTATION_CONTEXT(2) 
PARAMETRIC_REPRESENTATION_CONTEXT() REPRESENTATION_CONTEXT('2D SPACE',''
  ) );
#1668 = PCURVE('',#561,#1669);
#1669 = DEFINITIONAL_REPRESENTATION('',(#1670),#1674);
#1670 = LINE('',#1671,#1672);
#1671 = CARTESIAN_POINT('',(0.80100726798,0.));
#1672 = VECTOR('',#1673,1.);
#1673 = DIRECTION('',(-4.438924768102E-17,1.));
#1674 = ( GEOMETRIC_REPRESENTATION_CONTEXT(2) 
PARAMETRIC_REPRESENTATION_CONTEXT() REPRESENTATION_CONTEXT('2D SPACE',''
  ) );
#1675 = ADVANCED_FACE('',(#1676,#1702),#97,.T.);
#1676 = FACE_BOUND('',#1677,.T.);
#1677 = EDGE_LOOP('',(#1678));
#1678 = ORIENTED_EDGE('',*,*,#1679,.T.);
#1679 = EDGE_CURVE('',#1680,#1680,#1682,.T.);
#1680 = VERTEX_POINT('',#1681);
#1681 = CARTESIAN_POINT('',(5.33,5.1054,-2.092533965007E-15));
#1682 = SURFACE_CURVE('',#1683,(#1688,#1695),.PCURVE_S1.);
#1683 = CIRCLE('',#1684,5.1054);
#1684 = AXIS2_PLACEMENT_3D('',#1685,#1686,#1687);
#1685 = CARTESIAN_POINT('',(5.33,3.355619952218E-16,-2.168404344971E-16)
  );
#1686 = DIRECTION('',(1.,-4.55307998944E-17,-0.));
#1687 = DIRECTION('',(-4.55307998944E-17,-1.,0.));
#1688 = PCURVE('',#97,#1689);
#1689 = DEFINITIONAL_REPRESENTATION('',(#1690),#1694);
#1690 = CIRCLE('',#1691,5.1054);
#1691 = AXIS2_PLACEMENT_2D('',#1692,#1693);
#1692 = CARTESIAN_POINT('',(9.,-9.));
#1693 = DIRECTION('',(0.,1.));
#1694 = ( GEOMETRIC_REPRESENTATION_CONTEXT(2) 
PARAMETRIC_REPRESENTATION_CONTEXT() REPRESENTATION_CONTEXT('2D SPACE',''
  ) );
#1695 = PCURVE('',#154,#1696);
#1696 = DEFINITIONAL_REPRESENTATION('',(#1697),#1701);
#1697 = LINE('',#1698,#1699);
#1698 = CARTESIAN_POINT('',(0.,-4.E-03));
#1699 = VECTOR('',#1700,1.);
#1700 = DIRECTION('',(1.,0.));
#1701 = ( GEOMETRIC_REPRESENTATION_CONTEXT(2) 
PARAMETRIC_REPRESENTATION_CONTEXT() REPRESENTATION_CONTEXT('2D SPACE',''
  ) );
#1702 = FACE_BOUND('',#1703,.T.);
#1703 = EDGE_LOOP('',(#1704,#1727,#1751,#1772,#1793,#1814,#1838,#1859,
    #1880,#1901,#1925,#1946,#1967,#1988,#2012,#2031,#2032,#2033,#2057,
    #2078,#2099,#2120,#2144,#2165,#2186,#2207,#2231,#2252,#2273,#2294,
    #2318,#2339,#2360,#2381,#2405,#2426,#2447,#2468,#2492,#2513,#2534,
    #2555,#2579,#2600,#2621,#2642,#2666,#2687,#2708,#2729,#2753,#2774,
    #2795,#2816,#2840,#2861));
#1704 = ORIENTED_EDGE('',*,*,#1705,.F.);
#1705 = EDGE_CURVE('',#1706,#1708,#1710,.T.);
#1706 = VERTEX_POINT('',#1707);
#1707 = CARTESIAN_POINT('',(5.33,-0.969087949361,3.183152416458));
#1708 = VERTEX_POINT('',#1709);
#1709 = CARTESIAN_POINT('',(5.33,-1.316631977853,3.904835027872));
#1710 = SURFACE_CURVE('',#1711,(#1715,#1721),.PCURVE_S1.);
#1711 = LINE('',#1712,#1713);
#1712 = CARTESIAN_POINT('',(5.33,0.656275007502,-0.191948540664));
#1713 = VECTOR('',#1714,1.);
#1714 = DIRECTION('',(0.,-0.433883739118,0.900968867902));
#1715 = PCURVE('',#97,#1716);
#1716 = DEFINITIONAL_REPRESENTATION('',(#1717),#1720);
#1717 = B_SPLINE_CURVE_WITH_KNOTS('',1,(#1718,#1719),.UNSPECIFIED.,.F.,
  .F.,(2,2),(3.746079445542,4.547086713522),.PIECEWISE_BEZIER_KNOTS.);
#1718 = CARTESIAN_POINT('',(12.183152416458,-8.030912050639));
#1719 = CARTESIAN_POINT('',(12.904835027872,-7.683368022147));
#1720 = ( GEOMETRIC_REPRESENTATION_CONTEXT(2) 
PARAMETRIC_REPRESENTATION_CONTEXT() REPRESENTATION_CONTEXT('2D SPACE',''
  ) );
#1721 = PCURVE('',#185,#1722);
#1722 = DEFINITIONAL_REPRESENTATION('',(#1723),#1726);
#1723 = B_SPLINE_CURVE_WITH_KNOTS('',1,(#1724,#1725),.UNSPECIFIED.,.F.,
  .F.,(2,2),(3.746079445542,4.547086713522),.PIECEWISE_BEZIER_KNOTS.);
#1724 = CARTESIAN_POINT('',(-4.440892098501E-16,22.724231678686));
#1725 = CARTESIAN_POINT('',(-0.80100726798,22.724231678686));
#1726 = ( GEOMETRIC_REPRESENTATION_CONTEXT(2) 
PARAMETRIC_REPRESENTATION_CONTEXT() REPRESENTATION_CONTEXT('2D SPACE',''
  ) );
#1727 = ORIENTED_EDGE('',*,*,#1728,.F.);
#1728 = EDGE_CURVE('',#1729,#1706,#1731,.T.);
#1729 = VERTEX_POINT('',#1730);
#1730 = CARTESIAN_POINT('',(5.33,-0.508,3.28839273202));
#1731 = SURFACE_CURVE('',#1732,(#1737,#1744),.PCURVE_S1.);
#1732 = CIRCLE('',#1733,3.3274);
#1733 = AXIS2_PLACEMENT_3D('',#1734,#1735,#1736);
#1734 = CARTESIAN_POINT('',(5.33,3.355619952218E-16,-2.168404344971E-16)
  );
#1735 = DIRECTION('',(1.,-4.55307998944E-17,-0.));
#1736 = DIRECTION('',(-4.55307998944E-17,-1.,0.));
#1737 = PCURVE('',#97,#1738);
#1738 = DEFINITIONAL_REPRESENTATION('',(#1739),#1743);
#1739 = CIRCLE('',#1740,3.3274);
#1740 = AXIS2_PLACEMENT_2D('',#1741,#1742);
#1741 = CARTESIAN_POINT('',(9.,-9.));
#1742 = DIRECTION('',(0.,1.));
#1743 = ( GEOMETRIC_REPRESENTATION_CONTEXT(2) 
PARAMETRIC_REPRESENTATION_CONTEXT() REPRESENTATION_CONTEXT('2D SPACE',''
  ) );
#1744 = PCURVE('',#213,#1745);
#1745 = DEFINITIONAL_REPRESENTATION('',(#1746),#1750);
#1746 = LINE('',#1747,#1748);
#1747 = CARTESIAN_POINT('',(0.,-4.E-03));
#1748 = VECTOR('',#1749,1.);
#1749 = DIRECTION('',(1.,0.));
#1750 = ( GEOMETRIC_REPRESENTATION_CONTEXT(2) 
PARAMETRIC_REPRESENTATION_CONTEXT() REPRESENTATION_CONTEXT('2D SPACE',''
  ) );
#1751 = ORIENTED_EDGE('',*,*,#1752,.F.);
#1752 = EDGE_CURVE('',#1753,#1729,#1755,.T.);
#1753 = VERTEX_POINT('',#1754);
#1754 = CARTESIAN_POINT('',(5.33,-0.508,4.0894));
#1755 = SURFACE_CURVE('',#1756,(#1760,#1766),.PCURVE_S1.);
#1756 = LINE('',#1757,#1758);
#1757 = CARTESIAN_POINT('',(5.33,-0.508,-2.85580363399));
#1758 = VECTOR('',#1759,1.);
#1759 = DIRECTION('',(-0.,0.,-1.));
#1760 = PCURVE('',#97,#1761);
#1761 = DEFINITIONAL_REPRESENTATION('',(#1762),#1765);
#1762 = B_SPLINE_CURVE_WITH_KNOTS('',1,(#1763,#1764),.UNSPECIFIED.,.F.,
  .F.,(2,2),(-6.94520363399,-6.14419636601),.PIECEWISE_BEZIER_KNOTS.);
#1763 = CARTESIAN_POINT('',(13.0894,-8.492));
#1764 = CARTESIAN_POINT('',(12.28839273202,-8.492));
#1765 = ( GEOMETRIC_REPRESENTATION_CONTEXT(2) 
PARAMETRIC_REPRESENTATION_CONTEXT() REPRESENTATION_CONTEXT('2D SPACE',''
  ) );
#1766 = PCURVE('',#240,#1767);
#1767 = DEFINITIONAL_REPRESENTATION('',(#1768),#1771);
#1768 = B_SPLINE_CURVE_WITH_KNOTS('',1,(#1769,#1770),.UNSPECIFIED.,.F.,
  .F.,(2,2),(-6.94520363399,-6.14419636601),.PIECEWISE_BEZIER_KNOTS.);
#1769 = CARTESIAN_POINT('',(-22.72423167868,0.80100726798));
#1770 = CARTESIAN_POINT('',(-22.72423167868,0.));
#1771 = ( GEOMETRIC_REPRESENTATION_CONTEXT(2) 
PARAMETRIC_REPRESENTATION_CONTEXT() REPRESENTATION_CONTEXT('2D SPACE',''
  ) );
#1772 = ORIENTED_EDGE('',*,*,#1773,.F.);
#1773 = EDGE_CURVE('',#1774,#1753,#1776,.T.);
#1774 = VERTEX_POINT('',#1775);
#1775 = CARTESIAN_POINT('',(5.33,0.508,4.0894));
#1776 = SURFACE_CURVE('',#1777,(#1781,#1787),.PCURVE_S1.);
#1777 = LINE('',#1778,#1779);
#1778 = CARTESIAN_POINT('',(5.33,-4.754,4.0894));
#1779 = VECTOR('',#1780,1.);
#1780 = DIRECTION('',(0.,-1.,0.));
#1781 = PCURVE('',#97,#1782);
#1782 = DEFINITIONAL_REPRESENTATION('',(#1783),#1786);
#1783 = B_SPLINE_CURVE_WITH_KNOTS('',1,(#1784,#1785),.UNSPECIFIED.,.F.,
  .F.,(2,2),(-5.262,-4.246),.PIECEWISE_BEZIER_KNOTS.);
#1784 = CARTESIAN_POINT('',(13.0894,-9.508));
#1785 = CARTESIAN_POINT('',(13.0894,-8.492));
#1786 = ( GEOMETRIC_REPRESENTATION_CONTEXT(2) 
PARAMETRIC_REPRESENTATION_CONTEXT() REPRESENTATION_CONTEXT('2D SPACE',''
  ) );
#1787 = PCURVE('',#266,#1788);
#1788 = DEFINITIONAL_REPRESENTATION('',(#1789),#1792);
#1789 = B_SPLINE_CURVE_WITH_KNOTS('',1,(#1790,#1791),.UNSPECIFIED.,.F.,
  .F.,(2,2),(-5.262,-4.246),.PIECEWISE_BEZIER_KNOTS.);
#1790 = CARTESIAN_POINT('',(-22.72423167868,1.016));
#1791 = CARTESIAN_POINT('',(-22.72423167868,-8.881784197001E-16));
#1792 = ( GEOMETRIC_REPRESENTATION_CONTEXT(2) 
PARAMETRIC_REPRESENTATION_CONTEXT() REPRESENTATION_CONTEXT('2D SPACE',''
  ) );
#1793 = ORIENTED_EDGE('',*,*,#1794,.F.);
#1794 = EDGE_CURVE('',#1795,#1774,#1797,.T.);
#1795 = VERTEX_POINT('',#1796);
#1796 = CARTESIAN_POINT('',(5.33,0.508,3.28839273202));
#1797 = SURFACE_CURVE('',#1798,(#1802,#1808),.PCURVE_S1.);
#1798 = LINE('',#1799,#1800);
#1799 = CARTESIAN_POINT('',(5.33,0.508,-2.85580363399));
#1800 = VECTOR('',#1801,1.);
#1801 = DIRECTION('',(0.,0.,1.));
#1802 = PCURVE('',#97,#1803);
#1803 = DEFINITIONAL_REPRESENTATION('',(#1804),#1807);
#1804 = B_SPLINE_CURVE_WITH_KNOTS('',1,(#1805,#1806),.UNSPECIFIED.,.F.,
  .F.,(2,2),(6.14419636601,6.94520363399),.PIECEWISE_BEZIER_KNOTS.);
#1805 = CARTESIAN_POINT('',(12.28839273202,-9.508));
#1806 = CARTESIAN_POINT('',(13.0894,-9.508));
#1807 = ( GEOMETRIC_REPRESENTATION_CONTEXT(2) 
PARAMETRIC_REPRESENTATION_CONTEXT() REPRESENTATION_CONTEXT('2D SPACE',''
  ) );
#1808 = PCURVE('',#292,#1809);
#1809 = DEFINITIONAL_REPRESENTATION('',(#1810),#1813);
#1810 = B_SPLINE_CURVE_WITH_KNOTS('',1,(#1811,#1812),.UNSPECIFIED.,.F.,
  .F.,(2,2),(6.14419636601,6.94520363399),.PIECEWISE_BEZIER_KNOTS.);
#1811 = CARTESIAN_POINT('',(22.724231678685,0.));
#1812 = CARTESIAN_POINT('',(22.724231678685,0.80100726798));
#1813 = ( GEOMETRIC_REPRESENTATION_CONTEXT(2) 
PARAMETRIC_REPRESENTATION_CONTEXT() REPRESENTATION_CONTEXT('2D SPACE',''
  ) );
#1814 = ORIENTED_EDGE('',*,*,#1815,.F.);
#1815 = EDGE_CURVE('',#1816,#1795,#1818,.T.);
#1816 = VERTEX_POINT('',#1817);
#1817 = CARTESIAN_POINT('',(5.33,0.969087949361,3.183152416458));
#1818 = SURFACE_CURVE('',#1819,(#1824,#1831),.PCURVE_S1.);
#1819 = CIRCLE('',#1820,3.3274);
#1820 = AXIS2_PLACEMENT_3D('',#1821,#1822,#1823);
#1821 = CARTESIAN_POINT('',(5.33,3.355619952218E-16,-2.168404344971E-16)
  );
#1822 = DIRECTION('',(1.,-4.55307998944E-17,-0.));
#1823 = DIRECTION('',(-4.55307998944E-17,-1.,0.));
#1824 = PCURVE('',#97,#1825);
#1825 = DEFINITIONAL_REPRESENTATION('',(#1826),#1830);
#1826 = CIRCLE('',#1827,3.3274);
#1827 = AXIS2_PLACEMENT_2D('',#1828,#1829);
#1828 = CARTESIAN_POINT('',(9.,-9.));
#1829 = DIRECTION('',(0.,1.));
#1830 = ( GEOMETRIC_REPRESENTATION_CONTEXT(2) 
PARAMETRIC_REPRESENTATION_CONTEXT() REPRESENTATION_CONTEXT('2D SPACE',''
  ) );
#1831 = PCURVE('',#320,#1832);
#1832 = DEFINITIONAL_REPRESENTATION('',(#1833),#1837);
#1833 = LINE('',#1834,#1835);
#1834 = CARTESIAN_POINT('',(0.,-4.E-03));
#1835 = VECTOR('',#1836,1.);
#1836 = DIRECTION('',(1.,0.));
#1837 = ( GEOMETRIC_REPRESENTATION_CONTEXT(2) 
PARAMETRIC_REPRESENTATION_CONTEXT() REPRESENTATION_CONTEXT('2D SPACE',''
  ) );
#1838 = ORIENTED_EDGE('',*,*,#1839,.F.);
#1839 = EDGE_CURVE('',#1840,#1816,#1842,.T.);
#1840 = VERTEX_POINT('',#1841);
#1841 = CARTESIAN_POINT('',(5.33,1.316631977853,3.904835027872));
#1842 = SURFACE_CURVE('',#1843,(#1847,#1853),.PCURVE_S1.);
#1843 = LINE('',#1844,#1845);
#1844 = CARTESIAN_POINT('',(5.33,-2.350570899137,-3.71019021177));
#1845 = VECTOR('',#1846,1.);
#1846 = DIRECTION('',(0.,-0.433883739118,-0.900968867902));
#1847 = PCURVE('',#97,#1848);
#1848 = DEFINITIONAL_REPRESENTATION('',(#1849),#1852);
#1849 = B_SPLINE_CURVE_WITH_KNOTS('',1,(#1850,#1851),.UNSPECIFIED.,.F.,
  .F.,(2,2),(-8.45204036558,-7.6510330976),.PIECEWISE_BEZIER_KNOTS.);
#1850 = CARTESIAN_POINT('',(12.904835027872,-10.31663197785));
#1851 = CARTESIAN_POINT('',(12.183152416458,-9.969087949361));
#1852 = ( GEOMETRIC_REPRESENTATION_CONTEXT(2) 
PARAMETRIC_REPRESENTATION_CONTEXT() REPRESENTATION_CONTEXT('2D SPACE',''
  ) );
#1853 = PCURVE('',#347,#1854);
#1854 = DEFINITIONAL_REPRESENTATION('',(#1855),#1858);
#1855 = B_SPLINE_CURVE_WITH_KNOTS('',1,(#1856,#1857),.UNSPECIFIED.,.F.,
  .F.,(2,2),(-8.45204036558,-7.6510330976),.PIECEWISE_BEZIER_KNOTS.);
#1856 = CARTESIAN_POINT('',(0.80100726798,22.724231678686));
#1857 = CARTESIAN_POINT('',(-8.881784197001E-16,22.724231678686));
#1858 = ( GEOMETRIC_REPRESENTATION_CONTEXT(2) 
PARAMETRIC_REPRESENTATION_CONTEXT() REPRESENTATION_CONTEXT('2D SPACE',''
  ) );
#1859 = ORIENTED_EDGE('',*,*,#1860,.F.);
#1860 = EDGE_CURVE('',#1861,#1840,#1863,.T.);
#1861 = VERTEX_POINT('',#1862);
#1862 = CARTESIAN_POINT('',(5.33,2.232016347642,3.464009148928));
#1863 = SURFACE_CURVE('',#1864,(#1868,#1874),.PCURVE_S1.);
#1864 = LINE('',#1865,#1866);
#1865 = CARTESIAN_POINT('',(5.33,-0.348253148329,4.706601447871));
#1866 = VECTOR('',#1867,1.);
#1867 = DIRECTION('',(0.,-0.900968867902,0.433883739118));
#1868 = PCURVE('',#97,#1869);
#1869 = DEFINITIONAL_REPRESENTATION('',(#1870),#1873);
#1870 = B_SPLINE_CURVE_WITH_KNOTS('',1,(#1871,#1872),.UNSPECIFIED.,.F.,
  .F.,(2,2),(-2.863883079532,-1.847883079532),.PIECEWISE_BEZIER_KNOTS.);
#1871 = CARTESIAN_POINT('',(12.464009148928,-11.23201634764));
#1872 = CARTESIAN_POINT('',(12.904835027872,-10.31663197785));
#1873 = ( GEOMETRIC_REPRESENTATION_CONTEXT(2) 
PARAMETRIC_REPRESENTATION_CONTEXT() REPRESENTATION_CONTEXT('2D SPACE',''
  ) );
#1874 = PCURVE('',#373,#1875);
#1875 = DEFINITIONAL_REPRESENTATION('',(#1876),#1879);
#1876 = B_SPLINE_CURVE_WITH_KNOTS('',1,(#1877,#1878),.UNSPECIFIED.,.F.,
  .F.,(2,2),(-2.863883079532,-1.847883079532),.PIECEWISE_BEZIER_KNOTS.);
#1877 = CARTESIAN_POINT('',(1.016,22.724231678686));
#1878 = CARTESIAN_POINT('',(-9.992007221626E-15,22.724231678686));
#1879 = ( GEOMETRIC_REPRESENTATION_CONTEXT(2) 
PARAMETRIC_REPRESENTATION_CONTEXT() REPRESENTATION_CONTEXT('2D SPACE',''
  ) );
#1880 = ORIENTED_EDGE('',*,*,#1881,.F.);
#1881 = EDGE_CURVE('',#1882,#1861,#1884,.T.);
#1882 = VERTEX_POINT('',#1883);
#1883 = CARTESIAN_POINT('',(5.33,1.88447231915,2.742326537515));
#1884 = SURFACE_CURVE('',#1885,(#1889,#1895),.PCURVE_S1.);
#1885 = LINE('',#1886,#1887);
#1886 = CARTESIAN_POINT('',(5.33,-1.435186529349,-4.151016090714));
#1887 = VECTOR('',#1888,1.);
#1888 = DIRECTION('',(0.,0.433883739118,0.900968867902));
#1889 = PCURVE('',#97,#1890);
#1890 = DEFINITIONAL_REPRESENTATION('',(#1891),#1894);
#1891 = B_SPLINE_CURVE_WITH_KNOTS('',1,(#1892,#1893),.UNSPECIFIED.,.F.,
  .F.,(2,2),(7.6510330976,8.45204036558),.PIECEWISE_BEZIER_KNOTS.);
#1892 = CARTESIAN_POINT('',(11.742326537515,-10.88447231915));
#1893 = CARTESIAN_POINT('',(12.464009148928,-11.23201634764));
#1894 = ( GEOMETRIC_REPRESENTATION_CONTEXT(2) 
PARAMETRIC_REPRESENTATION_CONTEXT() REPRESENTATION_CONTEXT('2D SPACE',''
  ) );
#1895 = PCURVE('',#399,#1896);
#1896 = DEFINITIONAL_REPRESENTATION('',(#1897),#1900);
#1897 = B_SPLINE_CURVE_WITH_KNOTS('',1,(#1898,#1899),.UNSPECIFIED.,.F.,
  .F.,(2,2),(7.6510330976,8.45204036558),.PIECEWISE_BEZIER_KNOTS.);
#1898 = CARTESIAN_POINT('',(8.881784197001E-16,22.724231678686));
#1899 = CARTESIAN_POINT('',(-0.80100726798,22.724231678686));
#1900 = ( GEOMETRIC_REPRESENTATION_CONTEXT(2) 
PARAMETRIC_REPRESENTATION_CONTEXT() REPRESENTATION_CONTEXT('2D SPACE',''
  ) );
#1901 = ORIENTED_EDGE('',*,*,#1902,.F.);
#1902 = EDGE_CURVE('',#1903,#1882,#1905,.T.);
#1903 = VERTEX_POINT('',#1904);
#1904 = CARTESIAN_POINT('',(5.33,2.254236145268,2.447449726014));
#1905 = SURFACE_CURVE('',#1906,(#1911,#1918),.PCURVE_S1.);
#1906 = CIRCLE('',#1907,3.3274);
#1907 = AXIS2_PLACEMENT_3D('',#1908,#1909,#1910);
#1908 = CARTESIAN_POINT('',(5.33,3.355619952218E-16,-2.168404344971E-16)
  );
#1909 = DIRECTION('',(1.,-4.55307998944E-17,-0.));
#1910 = DIRECTION('',(-4.55307998944E-17,-1.,0.));
#1911 = PCURVE('',#97,#1912);
#1912 = DEFINITIONAL_REPRESENTATION('',(#1913),#1917);
#1913 = CIRCLE('',#1914,3.3274);
#1914 = AXIS2_PLACEMENT_2D('',#1915,#1916);
#1915 = CARTESIAN_POINT('',(9.,-9.));
#1916 = DIRECTION('',(0.,1.));
#1917 = ( GEOMETRIC_REPRESENTATION_CONTEXT(2) 
PARAMETRIC_REPRESENTATION_CONTEXT() REPRESENTATION_CONTEXT('2D SPACE',''
  ) );
#1918 = PCURVE('',#427,#1919);
#1919 = DEFINITIONAL_REPRESENTATION('',(#1920),#1924);
#1920 = LINE('',#1921,#1922);
#1921 = CARTESIAN_POINT('',(0.,-4.E-03));
#1922 = VECTOR('',#1923,1.);
#1923 = DIRECTION('',(1.,0.));
#1924 = ( GEOMETRIC_REPRESENTATION_CONTEXT(2) 
PARAMETRIC_REPRESENTATION_CONTEXT() REPRESENTATION_CONTEXT('2D SPACE',''
  ) );
#1925 = ORIENTED_EDGE('',*,*,#1926,.F.);
#1926 = EDGE_CURVE('',#1927,#1903,#1929,.T.);
#1927 = VERTEX_POINT('',#1928);
#1928 = CARTESIAN_POINT('',(5.33,2.880488845061,2.946869588815));
#1929 = SURFACE_CURVE('',#1930,(#1934,#1940),.PCURVE_S1.);
#1930 = LINE('',#1931,#1932);
#1931 = CARTESIAN_POINT('',(5.33,-3.975508240849,-2.520605641453));
#1932 = VECTOR('',#1933,1.);
#1933 = DIRECTION('',(0.,-0.781831482468,-0.623489801859));
#1934 = PCURVE('',#97,#1935);
#1935 = DEFINITIONAL_REPRESENTATION('',(#1936),#1939);
#1936 = B_SPLINE_CURVE_WITH_KNOTS('',1,(#1937,#1938),.UNSPECIFIED.,.F.,
  .F.,(2,2),(-8.769149413461,-7.96814214548),.PIECEWISE_BEZIER_KNOTS.);
#1937 = CARTESIAN_POINT('',(11.946869588815,-11.88048884506));
#1938 = CARTESIAN_POINT('',(11.447449726014,-11.25423614526));
#1939 = ( GEOMETRIC_REPRESENTATION_CONTEXT(2) 
PARAMETRIC_REPRESENTATION_CONTEXT() REPRESENTATION_CONTEXT('2D SPACE',''
  ) );
#1940 = PCURVE('',#454,#1941);
#1941 = DEFINITIONAL_REPRESENTATION('',(#1942),#1945);
#1942 = B_SPLINE_CURVE_WITH_KNOTS('',1,(#1943,#1944),.UNSPECIFIED.,.F.,
  .F.,(2,2),(-8.769149413461,-7.96814214548),.PIECEWISE_BEZIER_KNOTS.);
#1943 = CARTESIAN_POINT('',(0.80100726798,22.724231678686));
#1944 = CARTESIAN_POINT('',(-7.993605777301E-15,22.724231678686));
#1945 = ( GEOMETRIC_REPRESENTATION_CONTEXT(2) 
PARAMETRIC_REPRESENTATION_CONTEXT() REPRESENTATION_CONTEXT('2D SPACE',''
  ) );
#1946 = ORIENTED_EDGE('',*,*,#1947,.F.);
#1947 = EDGE_CURVE('',#1948,#1927,#1950,.T.);
#1948 = VERTEX_POINT('',#1949);
#1949 = CARTESIAN_POINT('',(5.33,3.513954483749,2.152528802627));
#1950 = SURFACE_CURVE('',#1951,(#1955,#1961),.PCURVE_S1.);
#1951 = LINE('',#1952,#1953);
#1952 = CARTESIAN_POINT('',(5.33,3.483115158543,2.191200093275));
#1953 = VECTOR('',#1954,1.);
#1954 = DIRECTION('',(0.,-0.623489801859,0.781831482468));
#1955 = PCURVE('',#97,#1956);
#1956 = DEFINITIONAL_REPRESENTATION('',(#1957),#1960);
#1957 = B_SPLINE_CURVE_WITH_KNOTS('',1,(#1958,#1959),.UNSPECIFIED.,.F.,
  .F.,(2,2),(-4.946243725816E-02,0.966537562742),
  .PIECEWISE_BEZIER_KNOTS.);
#1958 = CARTESIAN_POINT('',(11.152528802627,-12.51395448374));
#1959 = CARTESIAN_POINT('',(11.946869588815,-11.88048884506));
#1960 = ( GEOMETRIC_REPRESENTATION_CONTEXT(2) 
PARAMETRIC_REPRESENTATION_CONTEXT() REPRESENTATION_CONTEXT('2D SPACE',''
  ) );
#1961 = PCURVE('',#480,#1962);
#1962 = DEFINITIONAL_REPRESENTATION('',(#1963),#1966);
#1963 = B_SPLINE_CURVE_WITH_KNOTS('',1,(#1964,#1965),.UNSPECIFIED.,.F.,
  .F.,(2,2),(-4.946243725816E-02,0.966537562742),
  .PIECEWISE_BEZIER_KNOTS.);
#1964 = CARTESIAN_POINT('',(1.016,22.724231678686));
#1965 = CARTESIAN_POINT('',(-6.661338147751E-16,22.724231678686));
#1966 = ( GEOMETRIC_REPRESENTATION_CONTEXT(2) 
PARAMETRIC_REPRESENTATION_CONTEXT() REPRESENTATION_CONTEXT('2D SPACE',''
  ) );
#1967 = ORIENTED_EDGE('',*,*,#1968,.F.);
#1968 = EDGE_CURVE('',#1969,#1948,#1971,.T.);
#1969 = VERTEX_POINT('',#1970);
#1970 = CARTESIAN_POINT('',(5.33,2.887701783956,1.653108939827));
#1971 = SURFACE_CURVE('',#1972,(#1976,#1982),.PCURVE_S1.);
#1972 = LINE('',#1973,#1974);
#1973 = CARTESIAN_POINT('',(5.33,-3.342042602161,-3.314946427641));
#1974 = VECTOR('',#1975,1.);
#1975 = DIRECTION('',(0.,0.781831482468,0.623489801859));
#1976 = PCURVE('',#97,#1977);
#1977 = DEFINITIONAL_REPRESENTATION('',(#1978),#1981);
#1978 = B_SPLINE_CURVE_WITH_KNOTS('',1,(#1979,#1980),.UNSPECIFIED.,.F.,
  .F.,(2,2),(7.96814214548,8.769149413461),.PIECEWISE_BEZIER_KNOTS.);
#1979 = CARTESIAN_POINT('',(10.653108939827,-11.88770178395));
#1980 = CARTESIAN_POINT('',(11.152528802627,-12.51395448374));
#1981 = ( GEOMETRIC_REPRESENTATION_CONTEXT(2) 
PARAMETRIC_REPRESENTATION_CONTEXT() REPRESENTATION_CONTEXT('2D SPACE',''
  ) );
#1982 = PCURVE('',#506,#1983);
#1983 = DEFINITIONAL_REPRESENTATION('',(#1984),#1987);
#1984 = B_SPLINE_CURVE_WITH_KNOTS('',1,(#1985,#1986),.UNSPECIFIED.,.F.,
  .F.,(2,2),(7.96814214548,8.769149413461),.PIECEWISE_BEZIER_KNOTS.);
#1985 = CARTESIAN_POINT('',(8.881784197001E-16,22.724231678686));
#1986 = CARTESIAN_POINT('',(-0.80100726798,22.724231678686));
#1987 = ( GEOMETRIC_REPRESENTATION_CONTEXT(2) 
PARAMETRIC_REPRESENTATION_CONTEXT() REPRESENTATION_CONTEXT('2D SPACE',''
  ) );
#1988 = ORIENTED_EDGE('',*,*,#1989,.F.);
#1989 = EDGE_CURVE('',#1990,#1969,#1992,.T.);
#1990 = VERTEX_POINT('',#1991);
#1991 = CARTESIAN_POINT('',(5.33,3.092905226212,1.226999601333));
#1992 = SURFACE_CURVE('',#1993,(#1998,#2005),.PCURVE_S1.);
#1993 = CIRCLE('',#1994,3.3274);
#1994 = AXIS2_PLACEMENT_3D('',#1995,#1996,#1997);
#1995 = CARTESIAN_POINT('',(5.33,3.355619952218E-16,-2.168404344971E-16)
  );
#1996 = DIRECTION('',(1.,-4.55307998944E-17,-0.));
#1997 = DIRECTION('',(-4.55307998944E-17,-1.,0.));
#1998 = PCURVE('',#97,#1999);
#1999 = DEFINITIONAL_REPRESENTATION('',(#2000),#2004);
#2000 = CIRCLE('',#2001,3.3274);
#2001 = AXIS2_PLACEMENT_2D('',#2002,#2003);
#2002 = CARTESIAN_POINT('',(9.,-9.));
#2003 = DIRECTION('',(0.,1.));
#2004 = ( GEOMETRIC_REPRESENTATION_CONTEXT(2) 
PARAMETRIC_REPRESENTATION_CONTEXT() REPRESENTATION_CONTEXT('2D SPACE',''
  ) );
#2005 = PCURVE('',#534,#2006);
#2006 = DEFINITIONAL_REPRESENTATION('',(#2007),#2011);
#2007 = LINE('',#2008,#2009);
#2008 = CARTESIAN_POINT('',(0.,-4.E-03));
#2009 = VECTOR('',#2010,1.);
#2010 = DIRECTION('',(1.,0.));
#2011 = ( GEOMETRIC_REPRESENTATION_CONTEXT(2) 
PARAMETRIC_REPRESENTATION_CONTEXT() REPRESENTATION_CONTEXT('2D SPACE',''
  ) );
#2012 = ORIENTED_EDGE('',*,*,#2013,.F.);
#2013 = EDGE_CURVE('',#1635,#1990,#2014,.T.);
#2014 = SURFACE_CURVE('',#2015,(#2019,#2025),.PCURVE_S1.);
#2015 = LINE('',#2016,#2017);
#2016 = CARTESIAN_POINT('',(5.33,-3.763486069914,-0.337926969874));
#2017 = VECTOR('',#2018,1.);
#2018 = DIRECTION('',(0.,-0.974927912182,-0.222520933956));
#2019 = PCURVE('',#97,#2020);
#2020 = DEFINITIONAL_REPRESENTATION('',(#2021),#2024);
#2021 = B_SPLINE_CURVE_WITH_KNOTS('',1,(#2022,#2023),.UNSPECIFIED.,.F.,
  .F.,(2,2),(-7.833723441612,-7.032716173631),.PIECEWISE_BEZIER_KNOTS.);
#2022 = CARTESIAN_POINT('',(10.405240486709,-12.87382956962));
#2023 = CARTESIAN_POINT('',(10.226999601333,-12.09290522621));
#2024 = ( GEOMETRIC_REPRESENTATION_CONTEXT(2) 
PARAMETRIC_REPRESENTATION_CONTEXT() REPRESENTATION_CONTEXT('2D SPACE',''
  ) );
#2025 = PCURVE('',#561,#2026);
#2026 = DEFINITIONAL_REPRESENTATION('',(#2027),#2030);
#2027 = B_SPLINE_CURVE_WITH_KNOTS('',1,(#2028,#2029),.UNSPECIFIED.,.F.,
  .F.,(2,2),(-7.833723441612,-7.032716173631),.PIECEWISE_BEZIER_KNOTS.);
#2028 = CARTESIAN_POINT('',(0.80100726798,22.724231678685));
#2029 = CARTESIAN_POINT('',(-8.881784197001E-16,22.724231678685));
#2030 = ( GEOMETRIC_REPRESENTATION_CONTEXT(2) 
PARAMETRIC_REPRESENTATION_CONTEXT() REPRESENTATION_CONTEXT('2D SPACE',''
  ) );
#2031 = ORIENTED_EDGE('',*,*,#1634,.F.);
#2032 = ORIENTED_EDGE('',*,*,#82,.F.);
#2033 = ORIENTED_EDGE('',*,*,#2034,.F.);
#2034 = EDGE_CURVE('',#2035,#55,#2037,.T.);
#2035 = VERTEX_POINT('',#2036);
#2036 = CARTESIAN_POINT('',(5.33,3.318986495112,-0.236472842556));
#2037 = SURFACE_CURVE('',#2038,(#2043,#2050),.PCURVE_S1.);
#2038 = CIRCLE('',#2039,3.3274);
#2039 = AXIS2_PLACEMENT_3D('',#2040,#2041,#2042);
#2040 = CARTESIAN_POINT('',(5.33,3.355619952218E-16,-2.168404344971E-16)
  );
#2041 = DIRECTION('',(1.,-4.55307998944E-17,-0.));
#2042 = DIRECTION('',(-4.55307998944E-17,-1.,0.));
#2043 = PCURVE('',#97,#2044);
#2044 = DEFINITIONAL_REPRESENTATION('',(#2045),#2049);
#2045 = CIRCLE('',#2046,3.3274);
#2046 = AXIS2_PLACEMENT_2D('',#2047,#2048);
#2047 = CARTESIAN_POINT('',(9.,-9.));
#2048 = DIRECTION('',(0.,1.));
#2049 = ( GEOMETRIC_REPRESENTATION_CONTEXT(2) 
PARAMETRIC_REPRESENTATION_CONTEXT() REPRESENTATION_CONTEXT('2D SPACE',''
  ) );
#2050 = PCURVE('',#70,#2051);
#2051 = DEFINITIONAL_REPRESENTATION('',(#2052),#2056);
#2052 = LINE('',#2053,#2054);
#2053 = CARTESIAN_POINT('',(0.,-4.E-03));
#2054 = VECTOR('',#2055,1.);
#2055 = DIRECTION('',(1.,0.));
#2056 = ( GEOMETRIC_REPRESENTATION_CONTEXT(2) 
PARAMETRIC_REPRESENTATION_CONTEXT() REPRESENTATION_CONTEXT('2D SPACE',''
  ) );
#2057 = ORIENTED_EDGE('',*,*,#2058,.F.);
#2058 = EDGE_CURVE('',#2059,#2035,#2061,.T.);
#2059 = VERTEX_POINT('',#2060);
#2060 = CARTESIAN_POINT('',(5.33,4.099910838526,-0.414713727933));
#2061 = SURFACE_CURVE('',#2062,(#2066,#2072),.PCURVE_S1.);
#2062 = LINE('',#2063,#2064);
#2063 = CARTESIAN_POINT('',(5.33,-1.584927974985,0.882813634211));
#2064 = VECTOR('',#2065,1.);
#2065 = DIRECTION('',(0.,-0.974927912182,0.222520933956));
#2066 = PCURVE('',#97,#2067);
#2067 = DEFINITIONAL_REPRESENTATION('',(#2068),#2071);
#2068 = B_SPLINE_CURVE_WITH_KNOTS('',1,(#2069,#2070),.UNSPECIFIED.,.F.,
  .F.,(2,2),(-5.831035036005,-5.030027768025),.PIECEWISE_BEZIER_KNOTS.);
#2069 = CARTESIAN_POINT('',(8.585286272067,-13.09991083852));
#2070 = CARTESIAN_POINT('',(8.763527157444,-12.31898649511));
#2071 = ( GEOMETRIC_REPRESENTATION_CONTEXT(2) 
PARAMETRIC_REPRESENTATION_CONTEXT() REPRESENTATION_CONTEXT('2D SPACE',''
  ) );
#2072 = PCURVE('',#631,#2073);
#2073 = DEFINITIONAL_REPRESENTATION('',(#2074),#2077);
#2074 = B_SPLINE_CURVE_WITH_KNOTS('',1,(#2075,#2076),.UNSPECIFIED.,.F.,
  .F.,(2,2),(-5.831035036005,-5.030027768025),.PIECEWISE_BEZIER_KNOTS.);
#2075 = CARTESIAN_POINT('',(0.80100726798,22.724231678685));
#2076 = CARTESIAN_POINT('',(-8.881784197001E-16,22.724231678685));
#2077 = ( GEOMETRIC_REPRESENTATION_CONTEXT(2) 
PARAMETRIC_REPRESENTATION_CONTEXT() REPRESENTATION_CONTEXT('2D SPACE',''
  ) );
#2078 = ORIENTED_EDGE('',*,*,#2079,.F.);
#2079 = EDGE_CURVE('',#2080,#2059,#2082,.T.);
#2080 = VERTEX_POINT('',#2081);
#2081 = CARTESIAN_POINT('',(5.33,3.873829569627,-1.405240486709));
#2082 = SURFACE_CURVE('',#2083,(#2087,#2093),.PCURVE_S1.);
#2083 = LINE('',#2084,#2085);
#2084 = CARTESIAN_POINT('',(5.33,2.844332061067,-5.915763783422));
#2085 = VECTOR('',#2086,1.);
#2086 = DIRECTION('',(0.,0.222520933956,0.974927912182));
#2087 = PCURVE('',#97,#2088);
#2088 = DEFINITIONAL_REPRESENTATION('',(#2089),#2092);
#2089 = B_SPLINE_CURVE_WITH_KNOTS('',1,(#2090,#2091),.UNSPECIFIED.,.F.,
  .F.,(2,2),(4.626519807622,5.642519807622),.PIECEWISE_BEZIER_KNOTS.);
#2090 = CARTESIAN_POINT('',(7.594759513291,-12.87382956962));
#2091 = CARTESIAN_POINT('',(8.585286272067,-13.09991083852));
#2092 = ( GEOMETRIC_REPRESENTATION_CONTEXT(2) 
PARAMETRIC_REPRESENTATION_CONTEXT() REPRESENTATION_CONTEXT('2D SPACE',''
  ) );
#2093 = PCURVE('',#657,#2094);
#2094 = DEFINITIONAL_REPRESENTATION('',(#2095),#2098);
#2095 = B_SPLINE_CURVE_WITH_KNOTS('',1,(#2096,#2097),.UNSPECIFIED.,.F.,
  .F.,(2,2),(4.626519807622,5.642519807622),.PIECEWISE_BEZIER_KNOTS.);
#2096 = CARTESIAN_POINT('',(1.016,22.724231678685));
#2097 = CARTESIAN_POINT('',(0.,22.724231678685));
#2098 = ( GEOMETRIC_REPRESENTATION_CONTEXT(2) 
PARAMETRIC_REPRESENTATION_CONTEXT() REPRESENTATION_CONTEXT('2D SPACE',''
  ) );
#2099 = ORIENTED_EDGE('',*,*,#2100,.F.);
#2100 = EDGE_CURVE('',#2101,#2080,#2103,.T.);
#2101 = VERTEX_POINT('',#2102);
#2102 = CARTESIAN_POINT('',(5.33,3.092905226212,-1.226999601333));
#2103 = SURFACE_CURVE('',#2104,(#2108,#2114),.PCURVE_S1.);
#2104 = LINE('',#2105,#2106);
#2105 = CARTESIAN_POINT('',(5.33,-1.811009243885,-0.107713124566));
#2106 = VECTOR('',#2107,1.);
#2107 = DIRECTION('',(-0.,0.974927912182,-0.222520933956));
#2108 = PCURVE('',#97,#2109);
#2109 = DEFINITIONAL_REPRESENTATION('',(#2110),#2113);
#2110 = B_SPLINE_CURVE_WITH_KNOTS('',1,(#2111,#2112),.UNSPECIFIED.,.F.,
  .F.,(2,2),(5.030027768025,5.831035036005),.PIECEWISE_BEZIER_KNOTS.);
#2111 = CARTESIAN_POINT('',(7.773000398667,-12.09290522621));
#2112 = CARTESIAN_POINT('',(7.594759513291,-12.87382956962));
#2113 = ( GEOMETRIC_REPRESENTATION_CONTEXT(2) 
PARAMETRIC_REPRESENTATION_CONTEXT() REPRESENTATION_CONTEXT('2D SPACE',''
  ) );
#2114 = PCURVE('',#683,#2115);
#2115 = DEFINITIONAL_REPRESENTATION('',(#2116),#2119);
#2116 = B_SPLINE_CURVE_WITH_KNOTS('',1,(#2117,#2118),.UNSPECIFIED.,.F.,
  .F.,(2,2),(5.030027768025,5.831035036005),.PIECEWISE_BEZIER_KNOTS.);
#2117 = CARTESIAN_POINT('',(8.881784197001E-16,22.724231678685));
#2118 = CARTESIAN_POINT('',(-0.80100726798,22.724231678685));
#2119 = ( GEOMETRIC_REPRESENTATION_CONTEXT(2) 
PARAMETRIC_REPRESENTATION_CONTEXT() REPRESENTATION_CONTEXT('2D SPACE',''
  ) );
#2120 = ORIENTED_EDGE('',*,*,#2121,.F.);
#2121 = EDGE_CURVE('',#2122,#2101,#2124,.T.);
#2122 = VERTEX_POINT('',#2123);
#2123 = CARTESIAN_POINT('',(5.33,2.887701783956,-1.653108939827));
#2124 = SURFACE_CURVE('',#2125,(#2130,#2137),.PCURVE_S1.);
#2125 = CIRCLE('',#2126,3.3274);
#2126 = AXIS2_PLACEMENT_3D('',#2127,#2128,#2129);
#2127 = CARTESIAN_POINT('',(5.33,3.355619952218E-16,-2.168404344971E-16)
  );
#2128 = DIRECTION('',(1.,-4.55307998944E-17,-0.));
#2129 = DIRECTION('',(-4.55307998944E-17,-1.,0.));
#2130 = PCURVE('',#97,#2131);
#2131 = DEFINITIONAL_REPRESENTATION('',(#2132),#2136);
#2132 = CIRCLE('',#2133,3.3274);
#2133 = AXIS2_PLACEMENT_2D('',#2134,#2135);
#2134 = CARTESIAN_POINT('',(9.,-9.));
#2135 = DIRECTION('',(0.,1.));
#2136 = ( GEOMETRIC_REPRESENTATION_CONTEXT(2) 
PARAMETRIC_REPRESENTATION_CONTEXT() REPRESENTATION_CONTEXT('2D SPACE',''
  ) );
#2137 = PCURVE('',#711,#2138);
#2138 = DEFINITIONAL_REPRESENTATION('',(#2139),#2143);
#2139 = LINE('',#2140,#2141);
#2140 = CARTESIAN_POINT('',(0.,-4.E-03));
#2141 = VECTOR('',#2142,1.);
#2142 = DIRECTION('',(1.,0.));
#2143 = ( GEOMETRIC_REPRESENTATION_CONTEXT(2) 
PARAMETRIC_REPRESENTATION_CONTEXT() REPRESENTATION_CONTEXT('2D SPACE',''
  ) );
#2144 = ORIENTED_EDGE('',*,*,#2145,.F.);
#2145 = EDGE_CURVE('',#2146,#2122,#2148,.T.);
#2146 = VERTEX_POINT('',#2147);
#2147 = CARTESIAN_POINT('',(5.33,3.513954483749,-2.152528802627));
#2148 = SURFACE_CURVE('',#2149,(#2153,#2159),.PCURVE_S1.);
#2149 = LINE('',#2150,#2151);
#2150 = CARTESIAN_POINT('',(5.33,1.045133002658,-0.183709369556));
#2151 = VECTOR('',#2152,1.);
#2152 = DIRECTION('',(0.,-0.781831482468,0.623489801859));
#2153 = PCURVE('',#97,#2154);
#2154 = DEFINITIONAL_REPRESENTATION('',(#2155),#2158);
#2155 = B_SPLINE_CURVE_WITH_KNOTS('',1,(#2156,#2157),.UNSPECIFIED.,.F.,
  .F.,(2,2),(-3.157741196732,-2.356733928752),.PIECEWISE_BEZIER_KNOTS.);
#2156 = CARTESIAN_POINT('',(6.847471197373,-12.51395448374));
#2157 = CARTESIAN_POINT('',(7.346891060173,-11.88770178395));
#2158 = ( GEOMETRIC_REPRESENTATION_CONTEXT(2) 
PARAMETRIC_REPRESENTATION_CONTEXT() REPRESENTATION_CONTEXT('2D SPACE',''
  ) );
#2159 = PCURVE('',#738,#2160);
#2160 = DEFINITIONAL_REPRESENTATION('',(#2161),#2164);
#2161 = B_SPLINE_CURVE_WITH_KNOTS('',1,(#2162,#2163),.UNSPECIFIED.,.F.,
  .F.,(2,2),(-3.157741196732,-2.356733928752),.PIECEWISE_BEZIER_KNOTS.);
#2162 = CARTESIAN_POINT('',(0.80100726798,22.724231678686));
#2163 = CARTESIAN_POINT('',(-8.881784197001E-16,22.724231678686));
#2164 = ( GEOMETRIC_REPRESENTATION_CONTEXT(2) 
PARAMETRIC_REPRESENTATION_CONTEXT() REPRESENTATION_CONTEXT('2D SPACE',''
  ) );
#2165 = ORIENTED_EDGE('',*,*,#2166,.F.);
#2166 = EDGE_CURVE('',#2167,#2146,#2169,.T.);
#2167 = VERTEX_POINT('',#2168);
#2168 = CARTESIAN_POINT('',(5.33,2.880488845061,-2.946869588815));
#2169 = SURFACE_CURVE('',#2170,(#2174,#2180),.PCURVE_S1.);
#2170 = LINE('',#2171,#2172);
#2171 = CARTESIAN_POINT('',(5.33,-0.587327626931,-7.295373902985));
#2172 = VECTOR('',#2173,1.);
#2173 = DIRECTION('',(0.,0.623489801859,0.781831482468));
#2174 = PCURVE('',#97,#2175);
#2175 = DEFINITIONAL_REPRESENTATION('',(#2176),#2179);
#2176 = B_SPLINE_CURVE_WITH_KNOTS('',1,(#2177,#2178),.UNSPECIFIED.,.F.,
  .F.,(2,2),(5.56194577947,6.57794577947),.PIECEWISE_BEZIER_KNOTS.);
#2177 = CARTESIAN_POINT('',(6.053130411185,-11.88048884506));
#2178 = CARTESIAN_POINT('',(6.847471197373,-12.51395448374));
#2179 = ( GEOMETRIC_REPRESENTATION_CONTEXT(2) 
PARAMETRIC_REPRESENTATION_CONTEXT() REPRESENTATION_CONTEXT('2D SPACE',''
  ) );
#2180 = PCURVE('',#764,#2181);
#2181 = DEFINITIONAL_REPRESENTATION('',(#2182),#2185);
#2182 = B_SPLINE_CURVE_WITH_KNOTS('',1,(#2183,#2184),.UNSPECIFIED.,.F.,
  .F.,(2,2),(5.56194577947,6.57794577947),.PIECEWISE_BEZIER_KNOTS.);
#2183 = CARTESIAN_POINT('',(1.016,22.724231678686));
#2184 = CARTESIAN_POINT('',(0.,22.724231678686));
#2185 = ( GEOMETRIC_REPRESENTATION_CONTEXT(2) 
PARAMETRIC_REPRESENTATION_CONTEXT() REPRESENTATION_CONTEXT('2D SPACE',''
  ) );
#2186 = ORIENTED_EDGE('',*,*,#2187,.F.);
#2187 = EDGE_CURVE('',#2188,#2167,#2190,.T.);
#2188 = VERTEX_POINT('',#2189);
#2189 = CARTESIAN_POINT('',(5.33,2.254236145268,-2.447449726014));
#2190 = SURFACE_CURVE('',#2191,(#2195,#2201),.PCURVE_S1.);
#2191 = LINE('',#2192,#2193);
#2192 = CARTESIAN_POINT('',(5.33,0.411667363969,-0.978050155743));
#2193 = VECTOR('',#2194,1.);
#2194 = DIRECTION('',(-0.,0.781831482468,-0.623489801859));
#2195 = PCURVE('',#97,#2196);
#2196 = DEFINITIONAL_REPRESENTATION('',(#2197),#2200);
#2197 = B_SPLINE_CURVE_WITH_KNOTS('',1,(#2198,#2199),.UNSPECIFIED.,.F.,
  .F.,(2,2),(2.356733928752,3.157741196732),.PIECEWISE_BEZIER_KNOTS.);
#2198 = CARTESIAN_POINT('',(6.552550273986,-11.25423614526));
#2199 = CARTESIAN_POINT('',(6.053130411185,-11.88048884506));
#2200 = ( GEOMETRIC_REPRESENTATION_CONTEXT(2) 
PARAMETRIC_REPRESENTATION_CONTEXT() REPRESENTATION_CONTEXT('2D SPACE',''
  ) );
#2201 = PCURVE('',#790,#2202);
#2202 = DEFINITIONAL_REPRESENTATION('',(#2203),#2206);
#2203 = B_SPLINE_CURVE_WITH_KNOTS('',1,(#2204,#2205),.UNSPECIFIED.,.F.,
  .F.,(2,2),(2.356733928752,3.157741196732),.PIECEWISE_BEZIER_KNOTS.);
#2204 = CARTESIAN_POINT('',(8.881784197001E-16,22.724231678686));
#2205 = CARTESIAN_POINT('',(-0.80100726798,22.724231678686));
#2206 = ( GEOMETRIC_REPRESENTATION_CONTEXT(2) 
PARAMETRIC_REPRESENTATION_CONTEXT() REPRESENTATION_CONTEXT('2D SPACE',''
  ) );
#2207 = ORIENTED_EDGE('',*,*,#2208,.F.);
#2208 = EDGE_CURVE('',#2209,#2188,#2211,.T.);
#2209 = VERTEX_POINT('',#2210);
#2210 = CARTESIAN_POINT('',(5.33,1.88447231915,-2.742326537515));
#2211 = SURFACE_CURVE('',#2212,(#2217,#2224),.PCURVE_S1.);
#2212 = CIRCLE('',#2213,3.3274);
#2213 = AXIS2_PLACEMENT_3D('',#2214,#2215,#2216);
#2214 = CARTESIAN_POINT('',(5.33,3.355619952218E-16,-2.168404344971E-16)
  );
#2215 = DIRECTION('',(1.,-4.55307998944E-17,-0.));
#2216 = DIRECTION('',(-4.55307998944E-17,-1.,0.));
#2217 = PCURVE('',#97,#2218);
#2218 = DEFINITIONAL_REPRESENTATION('',(#2219),#2223);
#2219 = CIRCLE('',#2220,3.3274);
#2220 = AXIS2_PLACEMENT_2D('',#2221,#2222);
#2221 = CARTESIAN_POINT('',(9.,-9.));
#2222 = DIRECTION('',(0.,1.));
#2223 = ( GEOMETRIC_REPRESENTATION_CONTEXT(2) 
PARAMETRIC_REPRESENTATION_CONTEXT() REPRESENTATION_CONTEXT('2D SPACE',''
  ) );
#2224 = PCURVE('',#818,#2225);
#2225 = DEFINITIONAL_REPRESENTATION('',(#2226),#2230);
#2226 = LINE('',#2227,#2228);
#2227 = CARTESIAN_POINT('',(0.,-4.E-03));
#2228 = VECTOR('',#2229,1.);
#2229 = DIRECTION('',(1.,0.));
#2230 = ( GEOMETRIC_REPRESENTATION_CONTEXT(2) 
PARAMETRIC_REPRESENTATION_CONTEXT() REPRESENTATION_CONTEXT('2D SPACE',''
  ) );
#2231 = ORIENTED_EDGE('',*,*,#2232,.F.);
#2232 = EDGE_CURVE('',#2233,#2209,#2235,.T.);
#2233 = VERTEX_POINT('',#2234);
#2234 = CARTESIAN_POINT('',(5.33,2.232016347642,-3.464009148928));
#2235 = SURFACE_CURVE('',#2236,(#2240,#2246),.PCURVE_S1.);
#2236 = LINE('',#2237,#2238);
#2237 = CARTESIAN_POINT('',(5.33,2.083055141758,-3.154688017651));
#2238 = VECTOR('',#2239,1.);
#2239 = DIRECTION('',(0.,-0.433883739118,0.900968867902));
#2240 = PCURVE('',#97,#2241);
#2241 = DEFINITIONAL_REPRESENTATION('',(#2242),#2245);
#2242 = B_SPLINE_CURVE_WITH_KNOTS('',1,(#2243,#2244),.UNSPECIFIED.,.F.,
  .F.,(2,2),(-0.343320554458,0.457686713522),.PIECEWISE_BEZIER_KNOTS.);
#2243 = CARTESIAN_POINT('',(5.535990851072,-11.23201634764));
#2244 = CARTESIAN_POINT('',(6.257673462485,-10.88447231915));
#2245 = ( GEOMETRIC_REPRESENTATION_CONTEXT(2) 
PARAMETRIC_REPRESENTATION_CONTEXT() REPRESENTATION_CONTEXT('2D SPACE',''
  ) );
#2246 = PCURVE('',#845,#2247);
#2247 = DEFINITIONAL_REPRESENTATION('',(#2248),#2251);
#2248 = B_SPLINE_CURVE_WITH_KNOTS('',1,(#2249,#2250),.UNSPECIFIED.,.F.,
  .F.,(2,2),(-0.343320554458,0.457686713522),.PIECEWISE_BEZIER_KNOTS.);
#2249 = CARTESIAN_POINT('',(0.80100726798,22.724231678685));
#2250 = CARTESIAN_POINT('',(-4.440892098501E-16,22.724231678685));
#2251 = ( GEOMETRIC_REPRESENTATION_CONTEXT(2) 
PARAMETRIC_REPRESENTATION_CONTEXT() REPRESENTATION_CONTEXT('2D SPACE',''
  ) );
#2252 = ORIENTED_EDGE('',*,*,#2253,.F.);
#2253 = EDGE_CURVE('',#2254,#2233,#2256,.T.);
#2254 = VERTEX_POINT('',#2255);
#2255 = CARTESIAN_POINT('',(5.33,1.316631977853,-3.904835027872));
#2256 = SURFACE_CURVE('',#2257,(#2261,#2267),.PCURVE_S1.);
#2257 = LINE('',#2258,#2259);
#2258 = CARTESIAN_POINT('',(5.33,-3.408802634541,-6.180484400035));
#2259 = VECTOR('',#2260,1.);
#2260 = DIRECTION('',(0.,0.900968867902,0.433883739118));
#2261 = PCURVE('',#97,#2262);
#2262 = DEFINITIONAL_REPRESENTATION('',(#2263),#2266);
#2263 = B_SPLINE_CURVE_WITH_KNOTS('',1,(#2264,#2265),.UNSPECIFIED.,.F.,
  .F.,(2,2),(5.24483673159,6.26083673159),.PIECEWISE_BEZIER_KNOTS.);
#2264 = CARTESIAN_POINT('',(5.095164972128,-10.31663197785));
#2265 = CARTESIAN_POINT('',(5.535990851072,-11.23201634764));
#2266 = ( GEOMETRIC_REPRESENTATION_CONTEXT(2) 
PARAMETRIC_REPRESENTATION_CONTEXT() REPRESENTATION_CONTEXT('2D SPACE',''
  ) );
#2267 = PCURVE('',#871,#2268);
#2268 = DEFINITIONAL_REPRESENTATION('',(#2269),#2272);
#2269 = B_SPLINE_CURVE_WITH_KNOTS('',1,(#2270,#2271),.UNSPECIFIED.,.F.,
  .F.,(2,2),(5.24483673159,6.26083673159),.PIECEWISE_BEZIER_KNOTS.);
#2270 = CARTESIAN_POINT('',(1.016,22.724231678685));
#2271 = CARTESIAN_POINT('',(0.,22.724231678685));
#2272 = ( GEOMETRIC_REPRESENTATION_CONTEXT(2) 
PARAMETRIC_REPRESENTATION_CONTEXT() REPRESENTATION_CONTEXT('2D SPACE',''
  ) );
#2273 = ORIENTED_EDGE('',*,*,#2274,.F.);
#2274 = EDGE_CURVE('',#2275,#2254,#2277,.T.);
#2275 = VERTEX_POINT('',#2276);
#2276 = CARTESIAN_POINT('',(5.33,0.969087949361,-3.183152416458));
#2277 = SURFACE_CURVE('',#2278,(#2282,#2288),.PCURVE_S1.);
#2278 = LINE('',#2279,#2280);
#2279 = CARTESIAN_POINT('',(5.33,1.167670771969,-3.595513896594));
#2280 = VECTOR('',#2281,1.);
#2281 = DIRECTION('',(-0.,0.433883739118,-0.900968867902));
#2282 = PCURVE('',#97,#2283);
#2283 = DEFINITIONAL_REPRESENTATION('',(#2284),#2287);
#2284 = B_SPLINE_CURVE_WITH_KNOTS('',1,(#2285,#2286),.UNSPECIFIED.,.F.,
  .F.,(2,2),(-0.457686713522,0.343320554458),.PIECEWISE_BEZIER_KNOTS.);
#2285 = CARTESIAN_POINT('',(5.816847583542,-9.969087949361));
#2286 = CARTESIAN_POINT('',(5.095164972128,-10.31663197785));
#2287 = ( GEOMETRIC_REPRESENTATION_CONTEXT(2) 
PARAMETRIC_REPRESENTATION_CONTEXT() REPRESENTATION_CONTEXT('2D SPACE',''
  ) );
#2288 = PCURVE('',#897,#2289);
#2289 = DEFINITIONAL_REPRESENTATION('',(#2290),#2293);
#2290 = B_SPLINE_CURVE_WITH_KNOTS('',1,(#2291,#2292),.UNSPECIFIED.,.F.,
  .F.,(2,2),(-0.457686713522,0.343320554458),.PIECEWISE_BEZIER_KNOTS.);
#2291 = CARTESIAN_POINT('',(4.440892098501E-16,22.724231678685));
#2292 = CARTESIAN_POINT('',(-0.80100726798,22.724231678685));
#2293 = ( GEOMETRIC_REPRESENTATION_CONTEXT(2) 
PARAMETRIC_REPRESENTATION_CONTEXT() REPRESENTATION_CONTEXT('2D SPACE',''
  ) );
#2294 = ORIENTED_EDGE('',*,*,#2295,.F.);
#2295 = EDGE_CURVE('',#2296,#2275,#2298,.T.);
#2296 = VERTEX_POINT('',#2297);
#2297 = CARTESIAN_POINT('',(5.33,0.508,-3.28839273202));
#2298 = SURFACE_CURVE('',#2299,(#2304,#2311),.PCURVE_S1.);
#2299 = CIRCLE('',#2300,3.3274);
#2300 = AXIS2_PLACEMENT_3D('',#2301,#2302,#2303);
#2301 = CARTESIAN_POINT('',(5.33,3.355619952218E-16,-2.168404344971E-16)
  );
#2302 = DIRECTION('',(1.,-4.55307998944E-17,-0.));
#2303 = DIRECTION('',(-4.55307998944E-17,-1.,0.));
#2304 = PCURVE('',#97,#2305);
#2305 = DEFINITIONAL_REPRESENTATION('',(#2306),#2310);
#2306 = CIRCLE('',#2307,3.3274);
#2307 = AXIS2_PLACEMENT_2D('',#2308,#2309);
#2308 = CARTESIAN_POINT('',(9.,-9.));
#2309 = DIRECTION('',(0.,1.));
#2310 = ( GEOMETRIC_REPRESENTATION_CONTEXT(2) 
PARAMETRIC_REPRESENTATION_CONTEXT() REPRESENTATION_CONTEXT('2D SPACE',''
  ) );
#2311 = PCURVE('',#925,#2312);
#2312 = DEFINITIONAL_REPRESENTATION('',(#2313),#2317);
#2313 = LINE('',#2314,#2315);
#2314 = CARTESIAN_POINT('',(0.,-4.E-03));
#2315 = VECTOR('',#2316,1.);
#2316 = DIRECTION('',(1.,0.));
#2317 = ( GEOMETRIC_REPRESENTATION_CONTEXT(2) 
PARAMETRIC_REPRESENTATION_CONTEXT() REPRESENTATION_CONTEXT('2D SPACE',''
  ) );
#2318 = ORIENTED_EDGE('',*,*,#2319,.F.);
#2319 = EDGE_CURVE('',#2320,#2296,#2322,.T.);
#2320 = VERTEX_POINT('',#2321);
#2321 = CARTESIAN_POINT('',(5.33,0.508,-4.0894));
#2322 = SURFACE_CURVE('',#2323,(#2327,#2333),.PCURVE_S1.);
#2323 = LINE('',#2324,#2325);
#2324 = CARTESIAN_POINT('',(5.33,0.508,-6.14419636601));
#2325 = VECTOR('',#2326,1.);
#2326 = DIRECTION('',(0.,1.224646799147E-16,1.));
#2327 = PCURVE('',#97,#2328);
#2328 = DEFINITIONAL_REPRESENTATION('',(#2329),#2332);
#2329 = B_SPLINE_CURVE_WITH_KNOTS('',1,(#2330,#2331),.UNSPECIFIED.,.F.,
  .F.,(2,2),(2.05479636601,2.85580363399),.PIECEWISE_BEZIER_KNOTS.);
#2330 = CARTESIAN_POINT('',(4.9106,-9.508));
#2331 = CARTESIAN_POINT('',(5.71160726798,-9.508));
#2332 = ( GEOMETRIC_REPRESENTATION_CONTEXT(2) 
PARAMETRIC_REPRESENTATION_CONTEXT() REPRESENTATION_CONTEXT('2D SPACE',''
  ) );
#2333 = PCURVE('',#952,#2334);
#2334 = DEFINITIONAL_REPRESENTATION('',(#2335),#2338);
#2335 = B_SPLINE_CURVE_WITH_KNOTS('',1,(#2336,#2337),.UNSPECIFIED.,.F.,
  .F.,(2,2),(2.05479636601,2.85580363399),.PIECEWISE_BEZIER_KNOTS.);
#2336 = CARTESIAN_POINT('',(0.80100726798,22.724231678685));
#2337 = CARTESIAN_POINT('',(0.,22.724231678685));
#2338 = ( GEOMETRIC_REPRESENTATION_CONTEXT(2) 
PARAMETRIC_REPRESENTATION_CONTEXT() REPRESENTATION_CONTEXT('2D SPACE',''
  ) );
#2339 = ORIENTED_EDGE('',*,*,#2340,.F.);
#2340 = EDGE_CURVE('',#2341,#2320,#2343,.T.);
#2341 = VERTEX_POINT('',#2342);
#2342 = CARTESIAN_POINT('',(5.33,-0.508,-4.0894));
#2343 = SURFACE_CURVE('',#2344,(#2348,#2354),.PCURVE_S1.);
#2344 = LINE('',#2345,#2346);
#2345 = CARTESIAN_POINT('',(5.33,-4.246,-4.0894));
#2346 = VECTOR('',#2347,1.);
#2347 = DIRECTION('',(-0.,1.,-1.224646799147E-16));
#2348 = PCURVE('',#97,#2349);
#2349 = DEFINITIONAL_REPRESENTATION('',(#2350),#2353);
#2350 = B_SPLINE_CURVE_WITH_KNOTS('',1,(#2351,#2352),.UNSPECIFIED.,.F.,
  .F.,(2,2),(3.738,4.754),.PIECEWISE_BEZIER_KNOTS.);
#2351 = CARTESIAN_POINT('',(4.9106,-8.492));
#2352 = CARTESIAN_POINT('',(4.9106,-9.508));
#2353 = ( GEOMETRIC_REPRESENTATION_CONTEXT(2) 
PARAMETRIC_REPRESENTATION_CONTEXT() REPRESENTATION_CONTEXT('2D SPACE',''
  ) );
#2354 = PCURVE('',#978,#2355);
#2355 = DEFINITIONAL_REPRESENTATION('',(#2356),#2359);
#2356 = B_SPLINE_CURVE_WITH_KNOTS('',1,(#2357,#2358),.UNSPECIFIED.,.F.,
  .F.,(2,2),(3.738,4.754),.PIECEWISE_BEZIER_KNOTS.);
#2357 = CARTESIAN_POINT('',(1.016,22.724231678685));
#2358 = CARTESIAN_POINT('',(0.,22.724231678685));
#2359 = ( GEOMETRIC_REPRESENTATION_CONTEXT(2) 
PARAMETRIC_REPRESENTATION_CONTEXT() REPRESENTATION_CONTEXT('2D SPACE',''
  ) );
#2360 = ORIENTED_EDGE('',*,*,#2361,.F.);
#2361 = EDGE_CURVE('',#2362,#2341,#2364,.T.);
#2362 = VERTEX_POINT('',#2363);
#2363 = CARTESIAN_POINT('',(5.33,-0.508,-3.28839273202));
#2364 = SURFACE_CURVE('',#2365,(#2369,#2375),.PCURVE_S1.);
#2365 = LINE('',#2366,#2367);
#2366 = CARTESIAN_POINT('',(5.33,-0.508,-6.14419636601));
#2367 = VECTOR('',#2368,1.);
#2368 = DIRECTION('',(0.,-1.224646799147E-16,-1.));
#2369 = PCURVE('',#97,#2370);
#2370 = DEFINITIONAL_REPRESENTATION('',(#2371),#2374);
#2371 = B_SPLINE_CURVE_WITH_KNOTS('',1,(#2372,#2373),.UNSPECIFIED.,.F.,
  .F.,(2,2),(-2.85580363399,-2.05479636601),.PIECEWISE_BEZIER_KNOTS.);
#2372 = CARTESIAN_POINT('',(5.71160726798,-8.492));
#2373 = CARTESIAN_POINT('',(4.9106,-8.492));
#2374 = ( GEOMETRIC_REPRESENTATION_CONTEXT(2) 
PARAMETRIC_REPRESENTATION_CONTEXT() REPRESENTATION_CONTEXT('2D SPACE',''
  ) );
#2375 = PCURVE('',#1004,#2376);
#2376 = DEFINITIONAL_REPRESENTATION('',(#2377),#2380);
#2377 = B_SPLINE_CURVE_WITH_KNOTS('',1,(#2378,#2379),.UNSPECIFIED.,.F.,
  .F.,(2,2),(-2.85580363399,-2.05479636601),.PIECEWISE_BEZIER_KNOTS.);
#2378 = CARTESIAN_POINT('',(0.,22.724231678685));
#2379 = CARTESIAN_POINT('',(-0.80100726798,22.724231678685));
#2380 = ( GEOMETRIC_REPRESENTATION_CONTEXT(2) 
PARAMETRIC_REPRESENTATION_CONTEXT() REPRESENTATION_CONTEXT('2D SPACE',''
  ) );
#2381 = ORIENTED_EDGE('',*,*,#2382,.F.);
#2382 = EDGE_CURVE('',#2383,#2362,#2385,.T.);
#2383 = VERTEX_POINT('',#2384);
#2384 = CARTESIAN_POINT('',(5.33,-0.969087949361,-3.183152416458));
#2385 = SURFACE_CURVE('',#2386,(#2391,#2398),.PCURVE_S1.);
#2386 = CIRCLE('',#2387,3.3274);
#2387 = AXIS2_PLACEMENT_3D('',#2388,#2389,#2390);
#2388 = CARTESIAN_POINT('',(5.33,3.355619952218E-16,-2.168404344971E-16)
  );
#2389 = DIRECTION('',(1.,-4.55307998944E-17,-0.));
#2390 = DIRECTION('',(-4.55307998944E-17,-1.,0.));
#2391 = PCURVE('',#97,#2392);
#2392 = DEFINITIONAL_REPRESENTATION('',(#2393),#2397);
#2393 = CIRCLE('',#2394,3.3274);
#2394 = AXIS2_PLACEMENT_2D('',#2395,#2396);
#2395 = CARTESIAN_POINT('',(9.,-9.));
#2396 = DIRECTION('',(0.,1.));
#2397 = ( GEOMETRIC_REPRESENTATION_CONTEXT(2) 
PARAMETRIC_REPRESENTATION_CONTEXT() REPRESENTATION_CONTEXT('2D SPACE',''
  ) );
#2398 = PCURVE('',#1032,#2399);
#2399 = DEFINITIONAL_REPRESENTATION('',(#2400),#2404);
#2400 = LINE('',#2401,#2402);
#2401 = CARTESIAN_POINT('',(0.,-4.E-03));
#2402 = VECTOR('',#2403,1.);
#2403 = DIRECTION('',(1.,0.));
#2404 = ( GEOMETRIC_REPRESENTATION_CONTEXT(2) 
PARAMETRIC_REPRESENTATION_CONTEXT() REPRESENTATION_CONTEXT('2D SPACE',''
  ) );
#2405 = ORIENTED_EDGE('',*,*,#2406,.F.);
#2406 = EDGE_CURVE('',#2407,#2383,#2409,.T.);
#2407 = VERTEX_POINT('',#2408);
#2408 = CARTESIAN_POINT('',(5.33,-1.316631977853,-3.904835027872));
#2409 = SURFACE_CURVE('',#2410,(#2414,#2420),.PCURVE_S1.);
#2410 = LINE('',#2411,#2412);
#2411 = CARTESIAN_POINT('',(5.33,-2.861966663604,-7.1137555677));
#2412 = VECTOR('',#2413,1.);
#2413 = DIRECTION('',(0.,0.433883739118,0.900968867902));
#2414 = PCURVE('',#97,#2415);
#2415 = DEFINITIONAL_REPRESENTATION('',(#2416),#2419);
#2416 = B_SPLINE_CURVE_WITH_KNOTS('',1,(#2417,#2418),.UNSPECIFIED.,.F.,
  .F.,(2,2),(3.5616330976,4.36264036558),.PIECEWISE_BEZIER_KNOTS.);
#2417 = CARTESIAN_POINT('',(5.095164972128,-7.683368022147));
#2418 = CARTESIAN_POINT('',(5.816847583542,-8.030912050639));
#2419 = ( GEOMETRIC_REPRESENTATION_CONTEXT(2) 
PARAMETRIC_REPRESENTATION_CONTEXT() REPRESENTATION_CONTEXT('2D SPACE',''
  ) );
#2420 = PCURVE('',#1059,#2421);
#2421 = DEFINITIONAL_REPRESENTATION('',(#2422),#2425);
#2422 = B_SPLINE_CURVE_WITH_KNOTS('',1,(#2423,#2424),.UNSPECIFIED.,.F.,
  .F.,(2,2),(3.5616330976,4.36264036558),.PIECEWISE_BEZIER_KNOTS.);
#2423 = CARTESIAN_POINT('',(0.80100726798,22.724231678686));
#2424 = CARTESIAN_POINT('',(0.,22.724231678686));
#2425 = ( GEOMETRIC_REPRESENTATION_CONTEXT(2) 
PARAMETRIC_REPRESENTATION_CONTEXT() REPRESENTATION_CONTEXT('2D SPACE',''
  ) );
#2426 = ORIENTED_EDGE('',*,*,#2427,.F.);
#2427 = EDGE_CURVE('',#2428,#2407,#2430,.T.);
#2428 = VERTEX_POINT('',#2429);
#2429 = CARTESIAN_POINT('',(5.33,-2.232016347642,-3.464009148928));
#2430 = SURFACE_CURVE('',#2431,(#2435,#2441),.PCURVE_S1.);
#2431 = LINE('',#2432,#2433);
#2432 = CARTESIAN_POINT('',(5.33,-3.439209288929,-2.882655668401));
#2433 = VECTOR('',#2434,1.);
#2434 = DIRECTION('',(-0.,0.900968867902,-0.433883739118));
#2435 = PCURVE('',#97,#2436);
#2436 = DEFINITIONAL_REPRESENTATION('',(#2437),#2440);
#2437 = B_SPLINE_CURVE_WITH_KNOTS('',1,(#2438,#2439),.UNSPECIFIED.,.F.,
  .F.,(2,2),(1.339883079532,2.355883079532),.PIECEWISE_BEZIER_KNOTS.);
#2438 = CARTESIAN_POINT('',(5.535990851072,-6.767983652358));
#2439 = CARTESIAN_POINT('',(5.095164972128,-7.683368022147));
#2440 = ( GEOMETRIC_REPRESENTATION_CONTEXT(2) 
PARAMETRIC_REPRESENTATION_CONTEXT() REPRESENTATION_CONTEXT('2D SPACE',''
  ) );
#2441 = PCURVE('',#1085,#2442);
#2442 = DEFINITIONAL_REPRESENTATION('',(#2443),#2446);
#2443 = B_SPLINE_CURVE_WITH_KNOTS('',1,(#2444,#2445),.UNSPECIFIED.,.F.,
  .F.,(2,2),(1.339883079532,2.355883079532),.PIECEWISE_BEZIER_KNOTS.);
#2444 = CARTESIAN_POINT('',(1.016,22.724231678686));
#2445 = CARTESIAN_POINT('',(-4.440892098501E-15,22.724231678686));
#2446 = ( GEOMETRIC_REPRESENTATION_CONTEXT(2) 
PARAMETRIC_REPRESENTATION_CONTEXT() REPRESENTATION_CONTEXT('2D SPACE',''
  ) );
#2447 = ORIENTED_EDGE('',*,*,#2448,.F.);
#2448 = EDGE_CURVE('',#2449,#2428,#2451,.T.);
#2449 = VERTEX_POINT('',#2450);
#2450 = CARTESIAN_POINT('',(5.33,-1.88447231915,-2.742326537515));
#2451 = SURFACE_CURVE('',#2452,(#2456,#2462),.PCURVE_S1.);
#2452 = LINE('',#2453,#2454);
#2453 = CARTESIAN_POINT('',(5.33,-3.777351033393,-6.672929688757));
#2454 = VECTOR('',#2455,1.);
#2455 = DIRECTION('',(0.,-0.433883739118,-0.900968867902));
#2456 = PCURVE('',#97,#2457);
#2457 = DEFINITIONAL_REPRESENTATION('',(#2458),#2461);
#2458 = B_SPLINE_CURVE_WITH_KNOTS('',1,(#2459,#2460),.UNSPECIFIED.,.F.,
  .F.,(2,2),(-4.36264036558,-3.5616330976),.PIECEWISE_BEZIER_KNOTS.);
#2459 = CARTESIAN_POINT('',(6.257673462485,-7.11552768085));
#2460 = CARTESIAN_POINT('',(5.535990851072,-6.767983652358));
#2461 = ( GEOMETRIC_REPRESENTATION_CONTEXT(2) 
PARAMETRIC_REPRESENTATION_CONTEXT() REPRESENTATION_CONTEXT('2D SPACE',''
  ) );
#2462 = PCURVE('',#1111,#2463);
#2463 = DEFINITIONAL_REPRESENTATION('',(#2464),#2467);
#2464 = B_SPLINE_CURVE_WITH_KNOTS('',1,(#2465,#2466),.UNSPECIFIED.,.F.,
  .F.,(2,2),(-4.36264036558,-3.5616330976),.PIECEWISE_BEZIER_KNOTS.);
#2465 = CARTESIAN_POINT('',(0.,22.724231678686));
#2466 = CARTESIAN_POINT('',(-0.80100726798,22.724231678686));
#2467 = ( GEOMETRIC_REPRESENTATION_CONTEXT(2) 
PARAMETRIC_REPRESENTATION_CONTEXT() REPRESENTATION_CONTEXT('2D SPACE',''
  ) );
#2468 = ORIENTED_EDGE('',*,*,#2469,.F.);
#2469 = EDGE_CURVE('',#2470,#2449,#2472,.T.);
#2470 = VERTEX_POINT('',#2471);
#2471 = CARTESIAN_POINT('',(5.33,-2.254236145268,-2.447449726014));
#2472 = SURFACE_CURVE('',#2473,(#2478,#2485),.PCURVE_S1.);
#2473 = CIRCLE('',#2474,3.3274);
#2474 = AXIS2_PLACEMENT_3D('',#2475,#2476,#2477);
#2475 = CARTESIAN_POINT('',(5.33,3.355619952218E-16,-2.168404344971E-16)
  );
#2476 = DIRECTION('',(1.,-4.55307998944E-17,-0.));
#2477 = DIRECTION('',(-4.55307998944E-17,-1.,0.));
#2478 = PCURVE('',#97,#2479);
#2479 = DEFINITIONAL_REPRESENTATION('',(#2480),#2484);
#2480 = CIRCLE('',#2481,3.3274);
#2481 = AXIS2_PLACEMENT_2D('',#2482,#2483);
#2482 = CARTESIAN_POINT('',(9.,-9.));
#2483 = DIRECTION('',(0.,1.));
#2484 = ( GEOMETRIC_REPRESENTATION_CONTEXT(2) 
PARAMETRIC_REPRESENTATION_CONTEXT() REPRESENTATION_CONTEXT('2D SPACE',''
  ) );
#2485 = PCURVE('',#1139,#2486);
#2486 = DEFINITIONAL_REPRESENTATION('',(#2487),#2491);
#2487 = LINE('',#2488,#2489);
#2488 = CARTESIAN_POINT('',(0.,-4.E-03));
#2489 = VECTOR('',#2490,1.);
#2490 = DIRECTION('',(1.,0.));
#2491 = ( GEOMETRIC_REPRESENTATION_CONTEXT(2) 
PARAMETRIC_REPRESENTATION_CONTEXT() REPRESENTATION_CONTEXT('2D SPACE',''
  ) );
#2492 = ORIENTED_EDGE('',*,*,#2493,.F.);
#2493 = EDGE_CURVE('',#2494,#2470,#2496,.T.);
#2494 = VERTEX_POINT('',#2495);
#2495 = CARTESIAN_POINT('',(5.33,-2.880488845061,-2.946869588815));
#2496 = SURFACE_CURVE('',#2497,(#2501,#2507),.PCURVE_S1.);
#2497 = LINE('',#2498,#2499);
#2498 = CARTESIAN_POINT('',(5.33,-5.913011566773,-5.365225760561));
#2499 = VECTOR('',#2500,1.);
#2500 = DIRECTION('',(0.,0.781831482468,0.623489801859));
#2501 = PCURVE('',#97,#2502);
#2502 = DEFINITIONAL_REPRESENTATION('',(#2503),#2506);
#2503 = B_SPLINE_CURVE_WITH_KNOTS('',1,(#2504,#2505),.UNSPECIFIED.,.F.,
  .F.,(2,2),(3.87874214548,4.679749413461),.PIECEWISE_BEZIER_KNOTS.);
#2504 = CARTESIAN_POINT('',(6.053130411185,-6.119511154939));
#2505 = CARTESIAN_POINT('',(6.552550273986,-6.745763854732));
#2506 = ( GEOMETRIC_REPRESENTATION_CONTEXT(2) 
PARAMETRIC_REPRESENTATION_CONTEXT() REPRESENTATION_CONTEXT('2D SPACE',''
  ) );
#2507 = PCURVE('',#1166,#2508);
#2508 = DEFINITIONAL_REPRESENTATION('',(#2509),#2512);
#2509 = B_SPLINE_CURVE_WITH_KNOTS('',1,(#2510,#2511),.UNSPECIFIED.,.F.,
  .F.,(2,2),(3.87874214548,4.679749413461),.PIECEWISE_BEZIER_KNOTS.);
#2510 = CARTESIAN_POINT('',(0.80100726798,22.724231678686));
#2511 = CARTESIAN_POINT('',(-8.881784197001E-16,22.724231678686));
#2512 = ( GEOMETRIC_REPRESENTATION_CONTEXT(2) 
PARAMETRIC_REPRESENTATION_CONTEXT() REPRESENTATION_CONTEXT('2D SPACE',''
  ) );
#2513 = ORIENTED_EDGE('',*,*,#2514,.F.);
#2514 = EDGE_CURVE('',#2515,#2494,#2517,.T.);
#2515 = VERTEX_POINT('',#2516);
#2516 = CARTESIAN_POINT('',(5.33,-3.513954483749,-2.152528802627));
#2517 = SURFACE_CURVE('',#2518,(#2522,#2528),.PCURVE_S1.);
#2518 = LINE('',#2519,#2520);
#2519 = CARTESIAN_POINT('',(5.33,-2.594595350922,-3.305368691261));
#2520 = VECTOR('',#2521,1.);
#2521 = DIRECTION('',(-0.,0.623489801859,-0.781831482468));
#2522 = PCURVE('',#97,#2523);
#2523 = DEFINITIONAL_REPRESENTATION('',(#2524),#2527);
#2524 = B_SPLINE_CURVE_WITH_KNOTS('',1,(#2525,#2526),.UNSPECIFIED.,.F.,
  .F.,(2,2),(-1.474537562742,-0.458537562742),.PIECEWISE_BEZIER_KNOTS.);
#2525 = CARTESIAN_POINT('',(6.847471197373,-5.486045516251));
#2526 = CARTESIAN_POINT('',(6.053130411185,-6.119511154939));
#2527 = ( GEOMETRIC_REPRESENTATION_CONTEXT(2) 
PARAMETRIC_REPRESENTATION_CONTEXT() REPRESENTATION_CONTEXT('2D SPACE',''
  ) );
#2528 = PCURVE('',#1192,#2529);
#2529 = DEFINITIONAL_REPRESENTATION('',(#2530),#2533);
#2530 = B_SPLINE_CURVE_WITH_KNOTS('',1,(#2531,#2532),.UNSPECIFIED.,.F.,
  .F.,(2,2),(-1.474537562742,-0.458537562742),.PIECEWISE_BEZIER_KNOTS.);
#2531 = CARTESIAN_POINT('',(1.016,22.724231678686));
#2532 = CARTESIAN_POINT('',(-5.551115123126E-17,22.724231678686));
#2533 = ( GEOMETRIC_REPRESENTATION_CONTEXT(2) 
PARAMETRIC_REPRESENTATION_CONTEXT() REPRESENTATION_CONTEXT('2D SPACE',''
  ) );
#2534 = ORIENTED_EDGE('',*,*,#2535,.F.);
#2535 = EDGE_CURVE('',#2536,#2515,#2538,.T.);
#2536 = VERTEX_POINT('',#2537);
#2537 = CARTESIAN_POINT('',(5.33,-2.887701783956,-1.653108939827));
#2538 = SURFACE_CURVE('',#2539,(#2543,#2549),.PCURVE_S1.);
#2539 = LINE('',#2540,#2541);
#2540 = CARTESIAN_POINT('',(5.33,-6.546477205461,-4.570884974374));
#2541 = VECTOR('',#2542,1.);
#2542 = DIRECTION('',(0.,-0.781831482468,-0.623489801859));
#2543 = PCURVE('',#97,#2544);
#2544 = DEFINITIONAL_REPRESENTATION('',(#2545),#2548);
#2545 = B_SPLINE_CURVE_WITH_KNOTS('',1,(#2546,#2547),.UNSPECIFIED.,.F.,
  .F.,(2,2),(-4.679749413461,-3.87874214548),.PIECEWISE_BEZIER_KNOTS.);
#2546 = CARTESIAN_POINT('',(7.346891060173,-6.112298216044));
#2547 = CARTESIAN_POINT('',(6.847471197373,-5.486045516251));
#2548 = ( GEOMETRIC_REPRESENTATION_CONTEXT(2) 
PARAMETRIC_REPRESENTATION_CONTEXT() REPRESENTATION_CONTEXT('2D SPACE',''
  ) );
#2549 = PCURVE('',#1218,#2550);
#2550 = DEFINITIONAL_REPRESENTATION('',(#2551),#2554);
#2551 = B_SPLINE_CURVE_WITH_KNOTS('',1,(#2552,#2553),.UNSPECIFIED.,.F.,
  .F.,(2,2),(-4.679749413461,-3.87874214548),.PIECEWISE_BEZIER_KNOTS.);
#2552 = CARTESIAN_POINT('',(0.,22.724231678686));
#2553 = CARTESIAN_POINT('',(-0.80100726798,22.724231678686));
#2554 = ( GEOMETRIC_REPRESENTATION_CONTEXT(2) 
PARAMETRIC_REPRESENTATION_CONTEXT() REPRESENTATION_CONTEXT('2D SPACE',''
  ) );
#2555 = ORIENTED_EDGE('',*,*,#2556,.F.);
#2556 = EDGE_CURVE('',#2557,#2536,#2559,.T.);
#2557 = VERTEX_POINT('',#2558);
#2558 = CARTESIAN_POINT('',(5.33,-3.092905226212,-1.226999601333));
#2559 = SURFACE_CURVE('',#2560,(#2565,#2572),.PCURVE_S1.);
#2560 = CIRCLE('',#2561,3.3274);
#2561 = AXIS2_PLACEMENT_3D('',#2562,#2563,#2564);
#2562 = CARTESIAN_POINT('',(5.33,3.355619952218E-16,-2.168404344971E-16)
  );
#2563 = DIRECTION('',(1.,-4.55307998944E-17,-0.));
#2564 = DIRECTION('',(-4.55307998944E-17,-1.,0.));
#2565 = PCURVE('',#97,#2566);
#2566 = DEFINITIONAL_REPRESENTATION('',(#2567),#2571);
#2567 = CIRCLE('',#2568,3.3274);
#2568 = AXIS2_PLACEMENT_2D('',#2569,#2570);
#2569 = CARTESIAN_POINT('',(9.,-9.));
#2570 = DIRECTION('',(0.,1.));
#2571 = ( GEOMETRIC_REPRESENTATION_CONTEXT(2) 
PARAMETRIC_REPRESENTATION_CONTEXT() REPRESENTATION_CONTEXT('2D SPACE',''
  ) );
#2572 = PCURVE('',#1246,#2573);
#2573 = DEFINITIONAL_REPRESENTATION('',(#2574),#2578);
#2574 = LINE('',#2575,#2576);
#2575 = CARTESIAN_POINT('',(0.,-4.E-03));
#2576 = VECTOR('',#2577,1.);
#2577 = DIRECTION('',(1.,0.));
#2578 = ( GEOMETRIC_REPRESENTATION_CONTEXT(2) 
PARAMETRIC_REPRESENTATION_CONTEXT() REPRESENTATION_CONTEXT('2D SPACE',''
  ) );
#2579 = ORIENTED_EDGE('',*,*,#2580,.F.);
#2580 = EDGE_CURVE('',#2581,#2557,#2583,.T.);
#2581 = VERTEX_POINT('',#2582);
#2582 = CARTESIAN_POINT('',(5.33,-3.873829569627,-1.405240486709));
#2583 = SURFACE_CURVE('',#2584,(#2588,#2594),.PCURVE_S1.);
#2584 = LINE('',#2585,#2586);
#2585 = CARTESIAN_POINT('',(5.33,-6.743350661676,-2.060189950595));
#2586 = VECTOR('',#2587,1.);
#2587 = DIRECTION('',(0.,0.974927912182,0.222520933956));
#2588 = PCURVE('',#97,#2589);
#2589 = DEFINITIONAL_REPRESENTATION('',(#2590),#2593);
#2590 = B_SPLINE_CURVE_WITH_KNOTS('',1,(#2591,#2592),.UNSPECIFIED.,.F.,
  .F.,(2,2),(2.943316173631,3.744323441612),.PIECEWISE_BEZIER_KNOTS.);
#2591 = CARTESIAN_POINT('',(7.594759513291,-5.126170430373));
#2592 = CARTESIAN_POINT('',(7.773000398667,-5.907094773788));
#2593 = ( GEOMETRIC_REPRESENTATION_CONTEXT(2) 
PARAMETRIC_REPRESENTATION_CONTEXT() REPRESENTATION_CONTEXT('2D SPACE',''
  ) );
#2594 = PCURVE('',#1273,#2595);
#2595 = DEFINITIONAL_REPRESENTATION('',(#2596),#2599);
#2596 = B_SPLINE_CURVE_WITH_KNOTS('',1,(#2597,#2598),.UNSPECIFIED.,.F.,
  .F.,(2,2),(2.943316173631,3.744323441612),.PIECEWISE_BEZIER_KNOTS.);
#2597 = CARTESIAN_POINT('',(0.80100726798,22.724231678685));
#2598 = CARTESIAN_POINT('',(-8.881784197001E-16,22.724231678685));
#2599 = ( GEOMETRIC_REPRESENTATION_CONTEXT(2) 
PARAMETRIC_REPRESENTATION_CONTEXT() REPRESENTATION_CONTEXT('2D SPACE',''
  ) );
#2600 = ORIENTED_EDGE('',*,*,#2601,.F.);
#2601 = EDGE_CURVE('',#2602,#2581,#2604,.T.);
#2602 = VERTEX_POINT('',#2603);
#2603 = CARTESIAN_POINT('',(5.33,-4.099910838526,-0.414713727933));
#2604 = SURFACE_CURVE('',#2605,(#2609,#2615),.PCURVE_S1.);
#2605 = LINE('',#2606,#2607);
#2606 = CARTESIAN_POINT('',(5.33,-3.176931521056,-4.458550336781));
#2607 = VECTOR('',#2608,1.);
#2608 = DIRECTION('',(-0.,0.222520933956,-0.974927912182));
#2609 = PCURVE('',#97,#2610);
#2610 = DEFINITIONAL_REPRESENTATION('',(#2611),#2614);
#2611 = B_SPLINE_CURVE_WITH_KNOTS('',1,(#2612,#2613),.UNSPECIFIED.,.F.,
  .F.,(2,2),(-4.147831402015,-3.131831402015),.PIECEWISE_BEZIER_KNOTS.);
#2612 = CARTESIAN_POINT('',(8.585286272067,-4.900089161474));
#2613 = CARTESIAN_POINT('',(7.594759513291,-5.126170430373));
#2614 = ( GEOMETRIC_REPRESENTATION_CONTEXT(2) 
PARAMETRIC_REPRESENTATION_CONTEXT() REPRESENTATION_CONTEXT('2D SPACE',''
  ) );
#2615 = PCURVE('',#1299,#2616);
#2616 = DEFINITIONAL_REPRESENTATION('',(#2617),#2620);
#2617 = B_SPLINE_CURVE_WITH_KNOTS('',1,(#2618,#2619),.UNSPECIFIED.,.F.,
  .F.,(2,2),(-4.147831402015,-3.131831402015),.PIECEWISE_BEZIER_KNOTS.);
#2618 = CARTESIAN_POINT('',(1.016,22.724231678685));
#2619 = CARTESIAN_POINT('',(0.,22.724231678685));
#2620 = ( GEOMETRIC_REPRESENTATION_CONTEXT(2) 
PARAMETRIC_REPRESENTATION_CONTEXT() REPRESENTATION_CONTEXT('2D SPACE',''
  ) );
#2621 = ORIENTED_EDGE('',*,*,#2622,.F.);
#2622 = EDGE_CURVE('',#2623,#2602,#2625,.T.);
#2623 = VERTEX_POINT('',#2624);
#2624 = CARTESIAN_POINT('',(5.33,-3.318986495112,-0.236472842556));
#2625 = SURFACE_CURVE('',#2626,(#2630,#2636),.PCURVE_S1.);
#2626 = LINE('',#2627,#2628);
#2627 = CARTESIAN_POINT('',(5.33,-6.969431930576,-1.069663191818));
#2628 = VECTOR('',#2629,1.);
#2629 = DIRECTION('',(0.,-0.974927912182,-0.222520933956));
#2630 = PCURVE('',#97,#2631);
#2631 = DEFINITIONAL_REPRESENTATION('',(#2632),#2635);
#2632 = B_SPLINE_CURVE_WITH_KNOTS('',1,(#2633,#2634),.UNSPECIFIED.,.F.,
  .F.,(2,2),(-3.744323441612,-2.943316173631),.PIECEWISE_BEZIER_KNOTS.);
#2633 = CARTESIAN_POINT('',(8.763527157444,-5.681013504888));
#2634 = CARTESIAN_POINT('',(8.585286272067,-4.900089161474));
#2635 = ( GEOMETRIC_REPRESENTATION_CONTEXT(2) 
PARAMETRIC_REPRESENTATION_CONTEXT() REPRESENTATION_CONTEXT('2D SPACE',''
  ) );
#2636 = PCURVE('',#1325,#2637);
#2637 = DEFINITIONAL_REPRESENTATION('',(#2638),#2641);
#2638 = B_SPLINE_CURVE_WITH_KNOTS('',1,(#2639,#2640),.UNSPECIFIED.,.F.,
  .F.,(2,2),(-3.744323441612,-2.943316173631),.PIECEWISE_BEZIER_KNOTS.);
#2639 = CARTESIAN_POINT('',(4.440892098501E-16,22.724231678685));
#2640 = CARTESIAN_POINT('',(-0.80100726798,22.724231678685));
#2641 = ( GEOMETRIC_REPRESENTATION_CONTEXT(2) 
PARAMETRIC_REPRESENTATION_CONTEXT() REPRESENTATION_CONTEXT('2D SPACE',''
  ) );
#2642 = ORIENTED_EDGE('',*,*,#2643,.F.);
#2643 = EDGE_CURVE('',#2644,#2623,#2646,.T.);
#2644 = VERTEX_POINT('',#2645);
#2645 = CARTESIAN_POINT('',(5.33,-3.318986495112,0.236472842556));
#2646 = SURFACE_CURVE('',#2647,(#2652,#2659),.PCURVE_S1.);
#2647 = CIRCLE('',#2648,3.3274);
#2648 = AXIS2_PLACEMENT_3D('',#2649,#2650,#2651);
#2649 = CARTESIAN_POINT('',(5.33,3.355619952218E-16,-2.168404344971E-16)
  );
#2650 = DIRECTION('',(1.,-4.55307998944E-17,-0.));
#2651 = DIRECTION('',(-4.55307998944E-17,-1.,0.));
#2652 = PCURVE('',#97,#2653);
#2653 = DEFINITIONAL_REPRESENTATION('',(#2654),#2658);
#2654 = CIRCLE('',#2655,3.3274);
#2655 = AXIS2_PLACEMENT_2D('',#2656,#2657);
#2656 = CARTESIAN_POINT('',(9.,-9.));
#2657 = DIRECTION('',(0.,1.));
#2658 = ( GEOMETRIC_REPRESENTATION_CONTEXT(2) 
PARAMETRIC_REPRESENTATION_CONTEXT() REPRESENTATION_CONTEXT('2D SPACE',''
  ) );
#2659 = PCURVE('',#1353,#2660);
#2660 = DEFINITIONAL_REPRESENTATION('',(#2661),#2665);
#2661 = LINE('',#2662,#2663);
#2662 = CARTESIAN_POINT('',(-6.28318530718,-4.E-03));
#2663 = VECTOR('',#2664,1.);
#2664 = DIRECTION('',(1.,0.));
#2665 = ( GEOMETRIC_REPRESENTATION_CONTEXT(2) 
PARAMETRIC_REPRESENTATION_CONTEXT() REPRESENTATION_CONTEXT('2D SPACE',''
  ) );
#2666 = ORIENTED_EDGE('',*,*,#2667,.F.);
#2667 = EDGE_CURVE('',#2668,#2644,#2670,.T.);
#2668 = VERTEX_POINT('',#2669);
#2669 = CARTESIAN_POINT('',(5.33,-4.099910838526,0.414713727933));
#2670 = SURFACE_CURVE('',#2671,(#2675,#2681),.PCURVE_S1.);
#2671 = LINE('',#2672,#2673);
#2672 = CARTESIAN_POINT('',(5.33,-5.016955104547,0.624023097379));
#2673 = VECTOR('',#2674,1.);
#2674 = DIRECTION('',(-0.,0.974927912182,-0.222520933956));
#2675 = PCURVE('',#97,#2676);
#2676 = DEFINITIONAL_REPRESENTATION('',(#2677),#2680);
#2677 = B_SPLINE_CURVE_WITH_KNOTS('',1,(#2678,#2679),.UNSPECIFIED.,.F.,
  .F.,(2,2),(0.940627768025,1.741635036005),.PIECEWISE_BEZIER_KNOTS.);
#2678 = CARTESIAN_POINT('',(9.414713727933,-4.900089161474));
#2679 = CARTESIAN_POINT('',(9.236472842556,-5.681013504888));
#2680 = ( GEOMETRIC_REPRESENTATION_CONTEXT(2) 
PARAMETRIC_REPRESENTATION_CONTEXT() REPRESENTATION_CONTEXT('2D SPACE',''
  ) );
#2681 = PCURVE('',#1380,#2682);
#2682 = DEFINITIONAL_REPRESENTATION('',(#2683),#2686);
#2683 = B_SPLINE_CURVE_WITH_KNOTS('',1,(#2684,#2685),.UNSPECIFIED.,.F.,
  .F.,(2,2),(0.940627768025,1.741635036005),.PIECEWISE_BEZIER_KNOTS.);
#2684 = CARTESIAN_POINT('',(0.80100726798,22.724231678685));
#2685 = CARTESIAN_POINT('',(-4.440892098501E-16,22.724231678685));
#2686 = ( GEOMETRIC_REPRESENTATION_CONTEXT(2) 
PARAMETRIC_REPRESENTATION_CONTEXT() REPRESENTATION_CONTEXT('2D SPACE',''
  ) );
#2687 = ORIENTED_EDGE('',*,*,#2688,.F.);
#2688 = EDGE_CURVE('',#2689,#2668,#2691,.T.);
#2689 = VERTEX_POINT('',#2690);
#2690 = CARTESIAN_POINT('',(5.33,-3.873829569627,1.405240486709));
#2691 = SURFACE_CURVE('',#2692,(#2696,#2702),.PCURVE_S1.);
#2692 = LINE('',#2693,#2694);
#2693 = CARTESIAN_POINT('',(5.33,-5.242448981535,-4.591072948168));
#2694 = VECTOR('',#2695,1.);
#2695 = DIRECTION('',(0.,-0.222520933956,-0.974927912182));
#2696 = PCURVE('',#97,#2697);
#2697 = DEFINITIONAL_REPRESENTATION('',(#2698),#2701);
#2698 = B_SPLINE_CURVE_WITH_KNOTS('',1,(#2699,#2700),.UNSPECIFIED.,.F.,
  .F.,(2,2),(-6.150519807622,-5.134519807622),.PIECEWISE_BEZIER_KNOTS.);
#2699 = CARTESIAN_POINT('',(10.405240486709,-5.126170430373));
#2700 = CARTESIAN_POINT('',(9.414713727933,-4.900089161474));
#2701 = ( GEOMETRIC_REPRESENTATION_CONTEXT(2) 
PARAMETRIC_REPRESENTATION_CONTEXT() REPRESENTATION_CONTEXT('2D SPACE',''
  ) );
#2702 = PCURVE('',#1406,#2703);
#2703 = DEFINITIONAL_REPRESENTATION('',(#2704),#2707);
#2704 = B_SPLINE_CURVE_WITH_KNOTS('',1,(#2705,#2706),.UNSPECIFIED.,.F.,
  .F.,(2,2),(-6.150519807622,-5.134519807622),.PIECEWISE_BEZIER_KNOTS.);
#2705 = CARTESIAN_POINT('',(1.016,22.724231678685));
#2706 = CARTESIAN_POINT('',(0.,22.724231678685));
#2707 = ( GEOMETRIC_REPRESENTATION_CONTEXT(2) 
PARAMETRIC_REPRESENTATION_CONTEXT() REPRESENTATION_CONTEXT('2D SPACE',''
  ) );
#2708 = ORIENTED_EDGE('',*,*,#2709,.F.);
#2709 = EDGE_CURVE('',#2710,#2689,#2712,.T.);
#2710 = VERTEX_POINT('',#2711);
#2711 = CARTESIAN_POINT('',(5.33,-3.092905226212,1.226999601333));
#2712 = SURFACE_CURVE('',#2713,(#2717,#2723),.PCURVE_S1.);
#2713 = LINE('',#2714,#2715);
#2714 = CARTESIAN_POINT('',(5.33,-4.790873835647,1.614549856155));
#2715 = VECTOR('',#2716,1.);
#2716 = DIRECTION('',(0.,-0.974927912182,0.222520933956));
#2717 = PCURVE('',#97,#2718);
#2718 = DEFINITIONAL_REPRESENTATION('',(#2719),#2722);
#2719 = B_SPLINE_CURVE_WITH_KNOTS('',1,(#2720,#2721),.UNSPECIFIED.,.F.,
  .F.,(2,2),(-1.741635036005,-0.940627768025),.PIECEWISE_BEZIER_KNOTS.);
#2720 = CARTESIAN_POINT('',(10.226999601333,-5.907094773788));
#2721 = CARTESIAN_POINT('',(10.405240486709,-5.126170430373));
#2722 = ( GEOMETRIC_REPRESENTATION_CONTEXT(2) 
PARAMETRIC_REPRESENTATION_CONTEXT() REPRESENTATION_CONTEXT('2D SPACE',''
  ) );
#2723 = PCURVE('',#1432,#2724);
#2724 = DEFINITIONAL_REPRESENTATION('',(#2725),#2728);
#2725 = B_SPLINE_CURVE_WITH_KNOTS('',1,(#2726,#2727),.UNSPECIFIED.,.F.,
  .F.,(2,2),(-1.741635036005,-0.940627768025),.PIECEWISE_BEZIER_KNOTS.);
#2726 = CARTESIAN_POINT('',(4.440892098501E-16,22.724231678685));
#2727 = CARTESIAN_POINT('',(-0.80100726798,22.724231678685));
#2728 = ( GEOMETRIC_REPRESENTATION_CONTEXT(2) 
PARAMETRIC_REPRESENTATION_CONTEXT() REPRESENTATION_CONTEXT('2D SPACE',''
  ) );
#2729 = ORIENTED_EDGE('',*,*,#2730,.F.);
#2730 = EDGE_CURVE('',#2731,#2710,#2733,.T.);
#2731 = VERTEX_POINT('',#2732);
#2732 = CARTESIAN_POINT('',(5.33,-2.887701783956,1.653108939827));
#2733 = SURFACE_CURVE('',#2734,(#2739,#2746),.PCURVE_S1.);
#2734 = CIRCLE('',#2735,3.3274);
#2735 = AXIS2_PLACEMENT_3D('',#2736,#2737,#2738);
#2736 = CARTESIAN_POINT('',(5.33,3.355619952218E-16,-2.168404344971E-16)
  );
#2737 = DIRECTION('',(1.,-4.55307998944E-17,-0.));
#2738 = DIRECTION('',(-4.55307998944E-17,-1.,0.));
#2739 = PCURVE('',#97,#2740);
#2740 = DEFINITIONAL_REPRESENTATION('',(#2741),#2745);
#2741 = CIRCLE('',#2742,3.3274);
#2742 = AXIS2_PLACEMENT_2D('',#2743,#2744);
#2743 = CARTESIAN_POINT('',(9.,-9.));
#2744 = DIRECTION('',(0.,1.));
#2745 = ( GEOMETRIC_REPRESENTATION_CONTEXT(2) 
PARAMETRIC_REPRESENTATION_CONTEXT() REPRESENTATION_CONTEXT('2D SPACE',''
  ) );
#2746 = PCURVE('',#1460,#2747);
#2747 = DEFINITIONAL_REPRESENTATION('',(#2748),#2752);
#2748 = LINE('',#2749,#2750);
#2749 = CARTESIAN_POINT('',(0.,-4.E-03));
#2750 = VECTOR('',#2751,1.);
#2751 = DIRECTION('',(1.,0.));
#2752 = ( GEOMETRIC_REPRESENTATION_CONTEXT(2) 
PARAMETRIC_REPRESENTATION_CONTEXT() REPRESENTATION_CONTEXT('2D SPACE',''
  ) );
#2753 = ORIENTED_EDGE('',*,*,#2754,.F.);
#2754 = EDGE_CURVE('',#2755,#2731,#2757,.T.);
#2755 = VERTEX_POINT('',#2756);
#2756 = CARTESIAN_POINT('',(5.33,-3.513954483749,2.152528802627));
#2757 = SURFACE_CURVE('',#2758,(#2762,#2768),.PCURVE_S1.);
#2758 = LINE('',#2759,#2760);
#2759 = CARTESIAN_POINT('',(5.33,-2.159301600643,1.072229177177));
#2760 = VECTOR('',#2761,1.);
#2761 = DIRECTION('',(-0.,0.781831482468,-0.623489801859));
#2762 = PCURVE('',#97,#2763);
#2763 = DEFINITIONAL_REPRESENTATION('',(#2764),#2767);
#2764 = B_SPLINE_CURVE_WITH_KNOTS('',1,(#2765,#2766),.UNSPECIFIED.,.F.,
  .F.,(2,2),(-1.732666071248,-0.931658803268),.PIECEWISE_BEZIER_KNOTS.);
#2765 = CARTESIAN_POINT('',(11.152528802627,-5.486045516251));
#2766 = CARTESIAN_POINT('',(10.653108939827,-6.112298216044));
#2767 = ( GEOMETRIC_REPRESENTATION_CONTEXT(2) 
PARAMETRIC_REPRESENTATION_CONTEXT() REPRESENTATION_CONTEXT('2D SPACE',''
  ) );
#2768 = PCURVE('',#1487,#2769);
#2769 = DEFINITIONAL_REPRESENTATION('',(#2770),#2773);
#2770 = B_SPLINE_CURVE_WITH_KNOTS('',1,(#2771,#2772),.UNSPECIFIED.,.F.,
  .F.,(2,2),(-1.732666071248,-0.931658803268),.PIECEWISE_BEZIER_KNOTS.);
#2771 = CARTESIAN_POINT('',(0.80100726798,22.724231678686));
#2772 = CARTESIAN_POINT('',(-8.881784197001E-16,22.724231678686));
#2773 = ( GEOMETRIC_REPRESENTATION_CONTEXT(2) 
PARAMETRIC_REPRESENTATION_CONTEXT() REPRESENTATION_CONTEXT('2D SPACE',''
  ) );
#2774 = ORIENTED_EDGE('',*,*,#2775,.F.);
#2775 = EDGE_CURVE('',#2776,#2755,#2778,.T.);
#2776 = VERTEX_POINT('',#2777);
#2777 = CARTESIAN_POINT('',(5.33,-2.880488845061,2.946869588815));
#2778 = SURFACE_CURVE('',#2779,(#2783,#2789),.PCURVE_S1.);
#2779 = LINE('',#2780,#2781);
#2780 = CARTESIAN_POINT('',(5.33,-7.298503775084,-2.593145904637));
#2781 = VECTOR('',#2782,1.);
#2782 = DIRECTION('',(0.,-0.623489801859,-0.781831482468));
#2783 = PCURVE('',#97,#2784);
#2784 = DEFINITIONAL_REPRESENTATION('',(#2785),#2788);
#2785 = B_SPLINE_CURVE_WITH_KNOTS('',1,(#2786,#2787),.UNSPECIFIED.,.F.,
  .F.,(2,2),(-7.08594577947,-6.06994577947),.PIECEWISE_BEZIER_KNOTS.);
#2786 = CARTESIAN_POINT('',(11.946869588815,-6.119511154939));
#2787 = CARTESIAN_POINT('',(11.152528802627,-5.486045516251));
#2788 = ( GEOMETRIC_REPRESENTATION_CONTEXT(2) 
PARAMETRIC_REPRESENTATION_CONTEXT() REPRESENTATION_CONTEXT('2D SPACE',''
  ) );
#2789 = PCURVE('',#1513,#2790);
#2790 = DEFINITIONAL_REPRESENTATION('',(#2791),#2794);
#2791 = B_SPLINE_CURVE_WITH_KNOTS('',1,(#2792,#2793),.UNSPECIFIED.,.F.,
  .F.,(2,2),(-7.08594577947,-6.06994577947),.PIECEWISE_BEZIER_KNOTS.);
#2792 = CARTESIAN_POINT('',(1.016,22.724231678686));
#2793 = CARTESIAN_POINT('',(-8.881784197001E-16,22.724231678686));
#2794 = ( GEOMETRIC_REPRESENTATION_CONTEXT(2) 
PARAMETRIC_REPRESENTATION_CONTEXT() REPRESENTATION_CONTEXT('2D SPACE',''
  ) );
#2795 = ORIENTED_EDGE('',*,*,#2796,.F.);
#2796 = EDGE_CURVE('',#2797,#2776,#2799,.T.);
#2797 = VERTEX_POINT('',#2798);
#2798 = CARTESIAN_POINT('',(5.33,-2.254236145268,2.447449726014));
#2799 = SURFACE_CURVE('',#2800,(#2804,#2810),.PCURVE_S1.);
#2800 = LINE('',#2801,#2802);
#2801 = CARTESIAN_POINT('',(5.33,-1.525835961954,1.866569963365));
#2802 = VECTOR('',#2803,1.);
#2803 = DIRECTION('',(0.,-0.781831482468,0.623489801859));
#2804 = PCURVE('',#97,#2805);
#2805 = DEFINITIONAL_REPRESENTATION('',(#2806),#2809);
#2806 = B_SPLINE_CURVE_WITH_KNOTS('',1,(#2807,#2808),.UNSPECIFIED.,.F.,
  .F.,(2,2),(0.931658803268,1.732666071248),.PIECEWISE_BEZIER_KNOTS.);
#2807 = CARTESIAN_POINT('',(11.447449726014,-6.745763854732));
#2808 = CARTESIAN_POINT('',(11.946869588815,-6.119511154939));
#2809 = ( GEOMETRIC_REPRESENTATION_CONTEXT(2) 
PARAMETRIC_REPRESENTATION_CONTEXT() REPRESENTATION_CONTEXT('2D SPACE',''
  ) );
#2810 = PCURVE('',#1539,#2811);
#2811 = DEFINITIONAL_REPRESENTATION('',(#2812),#2815);
#2812 = B_SPLINE_CURVE_WITH_KNOTS('',1,(#2813,#2814),.UNSPECIFIED.,.F.,
  .F.,(2,2),(0.931658803268,1.732666071248),.PIECEWISE_BEZIER_KNOTS.);
#2813 = CARTESIAN_POINT('',(8.881784197001E-16,22.724231678686));
#2814 = CARTESIAN_POINT('',(-0.80100726798,22.724231678686));
#2815 = ( GEOMETRIC_REPRESENTATION_CONTEXT(2) 
PARAMETRIC_REPRESENTATION_CONTEXT() REPRESENTATION_CONTEXT('2D SPACE',''
  ) );
#2816 = ORIENTED_EDGE('',*,*,#2817,.F.);
#2817 = EDGE_CURVE('',#2818,#2797,#2820,.T.);
#2818 = VERTEX_POINT('',#2819);
#2819 = CARTESIAN_POINT('',(5.33,-1.88447231915,2.742326537515));
#2820 = SURFACE_CURVE('',#2821,(#2826,#2833),.PCURVE_S1.);
#2821 = CIRCLE('',#2822,3.3274);
#2822 = AXIS2_PLACEMENT_3D('',#2823,#2824,#2825);
#2823 = CARTESIAN_POINT('',(5.33,3.355619952218E-16,-2.168404344971E-16)
  );
#2824 = DIRECTION('',(1.,-4.55307998944E-17,-0.));
#2825 = DIRECTION('',(-4.55307998944E-17,-1.,0.));
#2826 = PCURVE('',#97,#2827);
#2827 = DEFINITIONAL_REPRESENTATION('',(#2828),#2832);
#2828 = CIRCLE('',#2829,3.3274);
#2829 = AXIS2_PLACEMENT_2D('',#2830,#2831);
#2830 = CARTESIAN_POINT('',(9.,-9.));
#2831 = DIRECTION('',(0.,1.));
#2832 = ( GEOMETRIC_REPRESENTATION_CONTEXT(2) 
PARAMETRIC_REPRESENTATION_CONTEXT() REPRESENTATION_CONTEXT('2D SPACE',''
  ) );
#2833 = PCURVE('',#1567,#2834);
#2834 = DEFINITIONAL_REPRESENTATION('',(#2835),#2839);
#2835 = LINE('',#2836,#2837);
#2836 = CARTESIAN_POINT('',(0.,-4.E-03));
#2837 = VECTOR('',#2838,1.);
#2838 = DIRECTION('',(1.,0.));
#2839 = ( GEOMETRIC_REPRESENTATION_CONTEXT(2) 
PARAMETRIC_REPRESENTATION_CONTEXT() REPRESENTATION_CONTEXT('2D SPACE',''
  ) );
#2840 = ORIENTED_EDGE('',*,*,#2841,.F.);
#2841 = EDGE_CURVE('',#2842,#2818,#2844,.T.);
#2842 = VERTEX_POINT('',#2843);
#2843 = CARTESIAN_POINT('',(5.33,-2.232016347642,3.464009148928));
#2844 = SURFACE_CURVE('',#2845,(#2849,#2855),.PCURVE_S1.);
#2845 = LINE('',#2846,#2847);
#2846 = CARTESIAN_POINT('',(5.33,-0.259109362287,-0.632774419608));
#2847 = VECTOR('',#2848,1.);
#2848 = DIRECTION('',(-0.,0.433883739118,-0.900968867902));
#2849 = PCURVE('',#97,#2850);
#2850 = DEFINITIONAL_REPRESENTATION('',(#2851),#2854);
#2851 = B_SPLINE_CURVE_WITH_KNOTS('',1,(#2852,#2853),.UNSPECIFIED.,.F.,
  .F.,(2,2),(-4.547086713522,-3.746079445542),.PIECEWISE_BEZIER_KNOTS.);
#2852 = CARTESIAN_POINT('',(12.464009148928,-6.767983652358));
#2853 = CARTESIAN_POINT('',(11.742326537515,-7.11552768085));
#2854 = ( GEOMETRIC_REPRESENTATION_CONTEXT(2) 
PARAMETRIC_REPRESENTATION_CONTEXT() REPRESENTATION_CONTEXT('2D SPACE',''
  ) );
#2855 = PCURVE('',#1594,#2856);
#2856 = DEFINITIONAL_REPRESENTATION('',(#2857),#2860);
#2857 = B_SPLINE_CURVE_WITH_KNOTS('',1,(#2858,#2859),.UNSPECIFIED.,.F.,
  .F.,(2,2),(-4.547086713522,-3.746079445542),.PIECEWISE_BEZIER_KNOTS.);
#2858 = CARTESIAN_POINT('',(0.80100726798,22.724231678686));
#2859 = CARTESIAN_POINT('',(0.,22.724231678686));
#2860 = ( GEOMETRIC_REPRESENTATION_CONTEXT(2) 
PARAMETRIC_REPRESENTATION_CONTEXT() REPRESENTATION_CONTEXT('2D SPACE',''
  ) );
#2861 = ORIENTED_EDGE('',*,*,#2862,.F.);
#2862 = EDGE_CURVE('',#1708,#2842,#2863,.T.);
#2863 = SURFACE_CURVE('',#2864,(#2868,#2874),.PCURVE_S1.);
#2864 = LINE('',#2865,#2866);
#2865 = CARTESIAN_POINT('',(5.33,-7.41514314493,0.967946837293));
#2866 = VECTOR('',#2867,1.);
#2867 = DIRECTION('',(0.,-0.900968867902,-0.433883739118));
#2868 = PCURVE('',#97,#2869);
#2869 = DEFINITIONAL_REPRESENTATION('',(#2870),#2873);
#2870 = B_SPLINE_CURVE_WITH_KNOTS('',1,(#2871,#2872),.UNSPECIFIED.,.F.,
  .F.,(2,2),(-6.76883673159,-5.75283673159),.PIECEWISE_BEZIER_KNOTS.);
#2871 = CARTESIAN_POINT('',(12.904835027872,-7.683368022147));
#2872 = CARTESIAN_POINT('',(12.464009148928,-6.767983652358));
#2873 = ( GEOMETRIC_REPRESENTATION_CONTEXT(2) 
PARAMETRIC_REPRESENTATION_CONTEXT() REPRESENTATION_CONTEXT('2D SPACE',''
  ) );
#2874 = PCURVE('',#1618,#2875);
#2875 = DEFINITIONAL_REPRESENTATION('',(#2876),#2879);
#2876 = B_SPLINE_CURVE_WITH_KNOTS('',1,(#2877,#2878),.UNSPECIFIED.,.F.,
  .F.,(2,2),(-6.76883673159,-5.75283673159),.PIECEWISE_BEZIER_KNOTS.);
#2877 = CARTESIAN_POINT('',(1.016,22.724231678686));
#2878 = CARTESIAN_POINT('',(-8.881784197001E-16,22.724231678686));
#2879 = ( GEOMETRIC_REPRESENTATION_CONTEXT(2) 
PARAMETRIC_REPRESENTATION_CONTEXT() REPRESENTATION_CONTEXT('2D SPACE',''
  ) );
#2880 = ADVANCED_FACE('',(#2881),#70,.F.);
#2881 = FACE_BOUND('',#2882,.F.);
#2882 = EDGE_LOOP('',(#2883,#2884,#2885,#2886));
#2883 = ORIENTED_EDGE('',*,*,#592,.T.);
#2884 = ORIENTED_EDGE('',*,*,#54,.T.);
#2885 = ORIENTED_EDGE('',*,*,#2034,.F.);
#2886 = ORIENTED_EDGE('',*,*,#2887,.F.);
#2887 = EDGE_CURVE('',#593,#2035,#2888,.T.);
#2888 = SURFACE_CURVE('',#2889,(#2893,#2900),.PCURVE_S1.);
#2889 = LINE('',#2890,#2891);
#2890 = CARTESIAN_POINT('',(-17.39423167868,3.318986495112,
    -0.236472842556));
#2891 = VECTOR('',#2892,1.);
#2892 = DIRECTION('',(1.,-4.55307998944E-17,0.));
#2893 = PCURVE('',#70,#2894);
#2894 = DEFINITIONAL_REPRESENTATION('',(#2895),#2899);
#2895 = LINE('',#2896,#2897);
#2896 = CARTESIAN_POINT('',(3.070464338486,-22.72823167868));
#2897 = VECTOR('',#2898,1.);
#2898 = DIRECTION('',(0.,1.));
#2899 = ( GEOMETRIC_REPRESENTATION_CONTEXT(2) 
PARAMETRIC_REPRESENTATION_CONTEXT() REPRESENTATION_CONTEXT('2D SPACE',''
  ) );
#2900 = PCURVE('',#631,#2901);
#2901 = DEFINITIONAL_REPRESENTATION('',(#2902),#2906);
#2902 = LINE('',#2903,#2904);
#2903 = CARTESIAN_POINT('',(0.,0.));
#2904 = VECTOR('',#2905,1.);
#2905 = DIRECTION('',(-4.438924768102E-17,1.));
#2906 = ( GEOMETRIC_REPRESENTATION_CONTEXT(2) 
PARAMETRIC_REPRESENTATION_CONTEXT() REPRESENTATION_CONTEXT('2D SPACE',''
  ) );
#2907 = ADVANCED_FACE('',(#2908),#154,.T.);
#2908 = FACE_BOUND('',#2909,.T.);
#2909 = EDGE_LOOP('',(#2910,#2911,#2931,#2932));
#2910 = ORIENTED_EDGE('',*,*,#1679,.F.);
#2911 = ORIENTED_EDGE('',*,*,#2912,.F.);
#2912 = EDGE_CURVE('',#138,#1680,#2913,.T.);
#2913 = SEAM_CURVE('',#2914,(#2917,#2924),.PCURVE_S1.);
#2914 = B_SPLINE_CURVE_WITH_KNOTS('',1,(#2915,#2916),.UNSPECIFIED.,.F.,
  .F.,(2,2),(-0.635,0.),.PIECEWISE_BEZIER_KNOTS.);
#2915 = CARTESIAN_POINT('',(4.699,5.1054,-2.092533965007E-15));
#2916 = CARTESIAN_POINT('',(5.334,5.1054,-2.092533965007E-15));
#2917 = PCURVE('',#154,#2918);
#2918 = DEFINITIONAL_REPRESENTATION('',(#2919),#2923);
#2919 = LINE('',#2920,#2921);
#2920 = CARTESIAN_POINT('',(9.424777960769,0.));
#2921 = VECTOR('',#2922,1.);
#2922 = DIRECTION('',(0.,1.));
#2923 = ( GEOMETRIC_REPRESENTATION_CONTEXT(2) 
PARAMETRIC_REPRESENTATION_CONTEXT() REPRESENTATION_CONTEXT('2D SPACE',''
  ) );
#2924 = PCURVE('',#154,#2925);
#2925 = DEFINITIONAL_REPRESENTATION('',(#2926),#2930);
#2926 = LINE('',#2927,#2928);
#2927 = CARTESIAN_POINT('',(3.14159265359,0.));
#2928 = VECTOR('',#2929,1.);
#2929 = DIRECTION('',(0.,1.));
#2930 = ( GEOMETRIC_REPRESENTATION_CONTEXT(2) 
PARAMETRIC_REPRESENTATION_CONTEXT() REPRESENTATION_CONTEXT('2D SPACE',''
  ) );
#2931 = ORIENTED_EDGE('',*,*,#137,.T.);
#2932 = ORIENTED_EDGE('',*,*,#2912,.T.);
#2933 = ADVANCED_FACE('',(#2934),#185,.T.);
#2934 = FACE_BOUND('',#2935,.T.);
#2935 = EDGE_LOOP('',(#2936,#2937,#2958,#2959));
#2936 = ORIENTED_EDGE('',*,*,#168,.F.);
#2937 = ORIENTED_EDGE('',*,*,#2938,.T.);
#2938 = EDGE_CURVE('',#169,#1706,#2939,.T.);
#2939 = SURFACE_CURVE('',#2940,(#2944,#2951),.PCURVE_S1.);
#2940 = LINE('',#2941,#2942);
#2941 = CARTESIAN_POINT('',(-17.39423167868,-0.969087949361,
    3.183152416458));
#2942 = VECTOR('',#2943,1.);
#2943 = DIRECTION('',(1.,-4.55307998944E-17,0.));
#2944 = PCURVE('',#185,#2945);
#2945 = DEFINITIONAL_REPRESENTATION('',(#2946),#2950);
#2946 = LINE('',#2947,#2948);
#2947 = CARTESIAN_POINT('',(0.,0.));
#2948 = VECTOR('',#2949,1.);
#2949 = DIRECTION('',(-1.97550737032E-17,1.));
#2950 = ( GEOMETRIC_REPRESENTATION_CONTEXT(2) 
PARAMETRIC_REPRESENTATION_CONTEXT() REPRESENTATION_CONTEXT('2D SPACE',''
  ) );
#2951 = PCURVE('',#213,#2952);
#2952 = DEFINITIONAL_REPRESENTATION('',(#2953),#2957);
#2953 = LINE('',#2954,#2955);
#2954 = CARTESIAN_POINT('',(5.007916770745,-22.72823167868));
#2955 = VECTOR('',#2956,1.);
#2956 = DIRECTION('',(0.,1.));
#2957 = ( GEOMETRIC_REPRESENTATION_CONTEXT(2) 
PARAMETRIC_REPRESENTATION_CONTEXT() REPRESENTATION_CONTEXT('2D SPACE',''
  ) );
#2958 = ORIENTED_EDGE('',*,*,#1705,.T.);
#2959 = ORIENTED_EDGE('',*,*,#2960,.F.);
#2960 = EDGE_CURVE('',#171,#1708,#2961,.T.);
#2961 = SURFACE_CURVE('',#2962,(#2966,#2973),.PCURVE_S1.);
#2962 = LINE('',#2963,#2964);
#2963 = CARTESIAN_POINT('',(-17.39423167868,-1.316631977853,
    3.904835027872));
#2964 = VECTOR('',#2965,1.);
#2965 = DIRECTION('',(1.,-4.55307998944E-17,0.));
#2966 = PCURVE('',#185,#2967);
#2967 = DEFINITIONAL_REPRESENTATION('',(#2968),#2972);
#2968 = LINE('',#2969,#2970);
#2969 = CARTESIAN_POINT('',(-0.80100726798,-1.54074395551E-33));
#2970 = VECTOR('',#2971,1.);
#2971 = DIRECTION('',(-1.97550737032E-17,1.));
#2972 = ( GEOMETRIC_REPRESENTATION_CONTEXT(2) 
PARAMETRIC_REPRESENTATION_CONTEXT() REPRESENTATION_CONTEXT('2D SPACE',''
  ) );
#2973 = PCURVE('',#1618,#2974);
#2974 = DEFINITIONAL_REPRESENTATION('',(#2975),#2979);
#2975 = LINE('',#2976,#2977);
#2976 = CARTESIAN_POINT('',(1.016,6.162975822039E-33));
#2977 = VECTOR('',#2978,1.);
#2978 = DIRECTION('',(-4.102183323555E-17,1.));
#2979 = ( GEOMETRIC_REPRESENTATION_CONTEXT(2) 
PARAMETRIC_REPRESENTATION_CONTEXT() REPRESENTATION_CONTEXT('2D SPACE',''
  ) );
#2980 = ADVANCED_FACE('',(#2981),#1618,.T.);
#2981 = FACE_BOUND('',#2982,.T.);
#2982 = EDGE_LOOP('',(#2983,#2984,#2985,#2986));
#2983 = ORIENTED_EDGE('',*,*,#1605,.F.);
#2984 = ORIENTED_EDGE('',*,*,#2960,.T.);
#2985 = ORIENTED_EDGE('',*,*,#2862,.T.);
#2986 = ORIENTED_EDGE('',*,*,#2987,.F.);
#2987 = EDGE_CURVE('',#1580,#2842,#2988,.T.);
#2988 = SURFACE_CURVE('',#2989,(#2993,#3000),.PCURVE_S1.);
#2989 = LINE('',#2990,#2991);
#2990 = CARTESIAN_POINT('',(-17.39423167868,-2.232016347642,
    3.464009148928));
#2991 = VECTOR('',#2992,1.);
#2992 = DIRECTION('',(1.,-4.55307998944E-17,0.));
#2993 = PCURVE('',#1618,#2994);
#2994 = DEFINITIONAL_REPRESENTATION('',(#2995),#2999);
#2995 = LINE('',#2996,#2997);
#2996 = CARTESIAN_POINT('',(0.,0.));
#2997 = VECTOR('',#2998,1.);
#2998 = DIRECTION('',(-4.102183323555E-17,1.));
#2999 = ( GEOMETRIC_REPRESENTATION_CONTEXT(2) 
PARAMETRIC_REPRESENTATION_CONTEXT() REPRESENTATION_CONTEXT('2D SPACE',''
  ) );
#3000 = PCURVE('',#1594,#3001);
#3001 = DEFINITIONAL_REPRESENTATION('',(#3002),#3006);
#3002 = LINE('',#3003,#3004);
#3003 = CARTESIAN_POINT('',(0.80100726798,6.162975822039E-33));
#3004 = VECTOR('',#3005,1.);
#3005 = DIRECTION('',(1.97550737032E-17,1.));
#3006 = ( GEOMETRIC_REPRESENTATION_CONTEXT(2) 
PARAMETRIC_REPRESENTATION_CONTEXT() REPRESENTATION_CONTEXT('2D SPACE',''
  ) );
#3007 = ADVANCED_FACE('',(#3008),#1594,.T.);
#3008 = FACE_BOUND('',#3009,.T.);
#3009 = EDGE_LOOP('',(#3010,#3011,#3012,#3013));
#3010 = ORIENTED_EDGE('',*,*,#1579,.F.);
#3011 = ORIENTED_EDGE('',*,*,#2987,.T.);
#3012 = ORIENTED_EDGE('',*,*,#2841,.T.);
#3013 = ORIENTED_EDGE('',*,*,#3014,.F.);
#3014 = EDGE_CURVE('',#1551,#2818,#3015,.T.);
#3015 = SURFACE_CURVE('',#3016,(#3020,#3027),.PCURVE_S1.);
#3016 = LINE('',#3017,#3018);
#3017 = CARTESIAN_POINT('',(-17.39423167868,-1.88447231915,
    2.742326537515));
#3018 = VECTOR('',#3019,1.);
#3019 = DIRECTION('',(1.,-4.55307998944E-17,0.));
#3020 = PCURVE('',#1594,#3021);
#3021 = DEFINITIONAL_REPRESENTATION('',(#3022),#3026);
#3022 = LINE('',#3023,#3024);
#3023 = CARTESIAN_POINT('',(0.,0.));
#3024 = VECTOR('',#3025,1.);
#3025 = DIRECTION('',(1.97550737032E-17,1.));
#3026 = ( GEOMETRIC_REPRESENTATION_CONTEXT(2) 
PARAMETRIC_REPRESENTATION_CONTEXT() REPRESENTATION_CONTEXT('2D SPACE',''
  ) );
#3027 = PCURVE('',#1567,#3028);
#3028 = DEFINITIONAL_REPRESENTATION('',(#3029),#3033);
#3029 = LINE('',#3030,#3031);
#3030 = CARTESIAN_POINT('',(5.31445909105,-22.72823167868));
#3031 = VECTOR('',#3032,1.);
#3032 = DIRECTION('',(0.,1.));
#3033 = ( GEOMETRIC_REPRESENTATION_CONTEXT(2) 
PARAMETRIC_REPRESENTATION_CONTEXT() REPRESENTATION_CONTEXT('2D SPACE',''
  ) );
#3034 = ADVANCED_FACE('',(#3035),#1567,.F.);
#3035 = FACE_BOUND('',#3036,.F.);
#3036 = EDGE_LOOP('',(#3037,#3038,#3059,#3060));
#3037 = ORIENTED_EDGE('',*,*,#1550,.T.);
#3038 = ORIENTED_EDGE('',*,*,#3039,.T.);
#3039 = EDGE_CURVE('',#1525,#2797,#3040,.T.);
#3040 = SURFACE_CURVE('',#3041,(#3045,#3052),.PCURVE_S1.);
#3041 = LINE('',#3042,#3043);
#3042 = CARTESIAN_POINT('',(-17.39423167868,-2.254236145268,
    2.447449726014));
#3043 = VECTOR('',#3044,1.);
#3044 = DIRECTION('',(1.,-4.55307998944E-17,0.));
#3045 = PCURVE('',#1567,#3046);
#3046 = DEFINITIONAL_REPRESENTATION('',(#3047),#3051);
#3047 = LINE('',#3048,#3049);
#3048 = CARTESIAN_POINT('',(5.456715721258,-22.72823167868));
#3049 = VECTOR('',#3050,1.);
#3050 = DIRECTION('',(0.,1.));
#3051 = ( GEOMETRIC_REPRESENTATION_CONTEXT(2) 
PARAMETRIC_REPRESENTATION_CONTEXT() REPRESENTATION_CONTEXT('2D SPACE',''
  ) );
#3052 = PCURVE('',#1539,#3053);
#3053 = DEFINITIONAL_REPRESENTATION('',(#3054),#3058);
#3054 = LINE('',#3055,#3056);
#3055 = CARTESIAN_POINT('',(0.,0.));
#3056 = VECTOR('',#3057,1.);
#3057 = DIRECTION('',(-3.55974127794E-17,1.));
#3058 = ( GEOMETRIC_REPRESENTATION_CONTEXT(2) 
PARAMETRIC_REPRESENTATION_CONTEXT() REPRESENTATION_CONTEXT('2D SPACE',''
  ) );
#3059 = ORIENTED_EDGE('',*,*,#2817,.F.);
#3060 = ORIENTED_EDGE('',*,*,#3014,.F.);
#3061 = ADVANCED_FACE('',(#3062),#1539,.T.);
#3062 = FACE_BOUND('',#3063,.T.);
#3063 = EDGE_LOOP('',(#3064,#3065,#3066,#3067));
#3064 = ORIENTED_EDGE('',*,*,#1524,.F.);
#3065 = ORIENTED_EDGE('',*,*,#3039,.T.);
#3066 = ORIENTED_EDGE('',*,*,#2796,.T.);
#3067 = ORIENTED_EDGE('',*,*,#3068,.F.);
#3068 = EDGE_CURVE('',#1499,#2776,#3069,.T.);
#3069 = SURFACE_CURVE('',#3070,(#3074,#3081),.PCURVE_S1.);
#3070 = LINE('',#3071,#3072);
#3071 = CARTESIAN_POINT('',(-17.39423167868,-2.880488845061,
    2.946869588815));
#3072 = VECTOR('',#3073,1.);
#3073 = DIRECTION('',(1.,-4.55307998944E-17,0.));
#3074 = PCURVE('',#1539,#3075);
#3075 = DEFINITIONAL_REPRESENTATION('',(#3076),#3080);
#3076 = LINE('',#3077,#3078);
#3077 = CARTESIAN_POINT('',(-0.80100726798,4.622231866529E-33));
#3078 = VECTOR('',#3079,1.);
#3079 = DIRECTION('',(-3.55974127794E-17,1.));
#3080 = ( GEOMETRIC_REPRESENTATION_CONTEXT(2) 
PARAMETRIC_REPRESENTATION_CONTEXT() REPRESENTATION_CONTEXT('2D SPACE',''
  ) );
#3081 = PCURVE('',#1513,#3082);
#3082 = DEFINITIONAL_REPRESENTATION('',(#3083),#3087);
#3083 = LINE('',#3084,#3085);
#3084 = CARTESIAN_POINT('',(1.016,9.244463733059E-33));
#3085 = VECTOR('',#3086,1.);
#3086 = DIRECTION('',(-2.838798940463E-17,1.));
#3087 = ( GEOMETRIC_REPRESENTATION_CONTEXT(2) 
PARAMETRIC_REPRESENTATION_CONTEXT() REPRESENTATION_CONTEXT('2D SPACE',''
  ) );
#3088 = ADVANCED_FACE('',(#3089),#1513,.T.);
#3089 = FACE_BOUND('',#3090,.T.);
#3090 = EDGE_LOOP('',(#3091,#3092,#3093,#3094));
#3091 = ORIENTED_EDGE('',*,*,#1498,.F.);
#3092 = ORIENTED_EDGE('',*,*,#3068,.T.);
#3093 = ORIENTED_EDGE('',*,*,#2775,.T.);
#3094 = ORIENTED_EDGE('',*,*,#3095,.F.);
#3095 = EDGE_CURVE('',#1473,#2755,#3096,.T.);
#3096 = SURFACE_CURVE('',#3097,(#3101,#3108),.PCURVE_S1.);
#3097 = LINE('',#3098,#3099);
#3098 = CARTESIAN_POINT('',(-17.39423167868,-3.513954483749,
    2.152528802627));
#3099 = VECTOR('',#3100,1.);
#3100 = DIRECTION('',(1.,-4.55307998944E-17,0.));
#3101 = PCURVE('',#1513,#3102);
#3102 = DEFINITIONAL_REPRESENTATION('',(#3103),#3107);
#3103 = LINE('',#3104,#3105);
#3104 = CARTESIAN_POINT('',(0.,0.));
#3105 = VECTOR('',#3106,1.);
#3106 = DIRECTION('',(-2.838798940463E-17,1.));
#3107 = ( GEOMETRIC_REPRESENTATION_CONTEXT(2) 
PARAMETRIC_REPRESENTATION_CONTEXT() REPRESENTATION_CONTEXT('2D SPACE',''
  ) );
#3108 = PCURVE('',#1487,#3109);
#3109 = DEFINITIONAL_REPRESENTATION('',(#3110),#3114);
#3110 = LINE('',#3111,#3112);
#3111 = CARTESIAN_POINT('',(0.80100726798,4.622231866529E-33));
#3112 = VECTOR('',#3113,1.);
#3113 = DIRECTION('',(3.55974127794E-17,1.));
#3114 = ( GEOMETRIC_REPRESENTATION_CONTEXT(2) 
PARAMETRIC_REPRESENTATION_CONTEXT() REPRESENTATION_CONTEXT('2D SPACE',''
  ) );
#3115 = ADVANCED_FACE('',(#3116),#1487,.T.);
#3116 = FACE_BOUND('',#3117,.T.);
#3117 = EDGE_LOOP('',(#3118,#3119,#3120,#3121));
#3118 = ORIENTED_EDGE('',*,*,#1472,.F.);
#3119 = ORIENTED_EDGE('',*,*,#3095,.T.);
#3120 = ORIENTED_EDGE('',*,*,#2754,.T.);
#3121 = ORIENTED_EDGE('',*,*,#3122,.F.);
#3122 = EDGE_CURVE('',#1444,#2731,#3123,.T.);
#3123 = SURFACE_CURVE('',#3124,(#3128,#3135),.PCURVE_S1.);
#3124 = LINE('',#3125,#3126);
#3125 = CARTESIAN_POINT('',(-17.39423167868,-2.887701783956,
    1.653108939827));
#3126 = VECTOR('',#3127,1.);
#3127 = DIRECTION('',(1.,-4.55307998944E-17,0.));
#3128 = PCURVE('',#1487,#3129);
#3129 = DEFINITIONAL_REPRESENTATION('',(#3130),#3134);
#3130 = LINE('',#3131,#3132);
#3131 = CARTESIAN_POINT('',(0.,0.));
#3132 = VECTOR('',#3133,1.);
#3133 = DIRECTION('',(3.55974127794E-17,1.));
#3134 = ( GEOMETRIC_REPRESENTATION_CONTEXT(2) 
PARAMETRIC_REPRESENTATION_CONTEXT() REPRESENTATION_CONTEXT('2D SPACE',''
  ) );
#3135 = PCURVE('',#1460,#3136);
#3136 = DEFINITIONAL_REPRESENTATION('',(#3137),#3141);
#3137 = LINE('',#3138,#3139);
#3138 = CARTESIAN_POINT('',(5.763258041562,-22.72823167868));
#3139 = VECTOR('',#3140,1.);
#3140 = DIRECTION('',(0.,1.));
#3141 = ( GEOMETRIC_REPRESENTATION_CONTEXT(2) 
PARAMETRIC_REPRESENTATION_CONTEXT() REPRESENTATION_CONTEXT('2D SPACE',''
  ) );
#3142 = ADVANCED_FACE('',(#3143),#1460,.F.);
#3143 = FACE_BOUND('',#3144,.F.);
#3144 = EDGE_LOOP('',(#3145,#3146,#3167,#3168));
#3145 = ORIENTED_EDGE('',*,*,#1443,.T.);
#3146 = ORIENTED_EDGE('',*,*,#3147,.T.);
#3147 = EDGE_CURVE('',#1418,#2710,#3148,.T.);
#3148 = SURFACE_CURVE('',#3149,(#3153,#3160),.PCURVE_S1.);
#3149 = LINE('',#3150,#3151);
#3150 = CARTESIAN_POINT('',(-17.39423167868,-3.092905226212,
    1.226999601333));
#3151 = VECTOR('',#3152,1.);
#3152 = DIRECTION('',(1.,-4.55307998944E-17,0.));
#3153 = PCURVE('',#1460,#3154);
#3154 = DEFINITIONAL_REPRESENTATION('',(#3155),#3159);
#3155 = LINE('',#3156,#3157);
#3156 = CARTESIAN_POINT('',(5.905514671771,-22.72823167868));
#3157 = VECTOR('',#3158,1.);
#3158 = DIRECTION('',(0.,1.));
#3159 = ( GEOMETRIC_REPRESENTATION_CONTEXT(2) 
PARAMETRIC_REPRESENTATION_CONTEXT() REPRESENTATION_CONTEXT('2D SPACE',''
  ) );
#3160 = PCURVE('',#1432,#3161);
#3161 = DEFINITIONAL_REPRESENTATION('',(#3162),#3166);
#3162 = LINE('',#3163,#3164);
#3163 = CARTESIAN_POINT('',(0.,0.));
#3164 = VECTOR('',#3165,1.);
#3165 = DIRECTION('',(-4.438924768102E-17,1.));
#3166 = ( GEOMETRIC_REPRESENTATION_CONTEXT(2) 
PARAMETRIC_REPRESENTATION_CONTEXT() REPRESENTATION_CONTEXT('2D SPACE',''
  ) );
#3167 = ORIENTED_EDGE('',*,*,#2730,.F.);
#3168 = ORIENTED_EDGE('',*,*,#3122,.F.);
#3169 = ADVANCED_FACE('',(#3170),#1432,.T.);
#3170 = FACE_BOUND('',#3171,.T.);
#3171 = EDGE_LOOP('',(#3172,#3173,#3174,#3175));
#3172 = ORIENTED_EDGE('',*,*,#1417,.F.);
#3173 = ORIENTED_EDGE('',*,*,#3147,.T.);
#3174 = ORIENTED_EDGE('',*,*,#2709,.T.);
#3175 = ORIENTED_EDGE('',*,*,#3176,.F.);
#3176 = EDGE_CURVE('',#1392,#2689,#3177,.T.);
#3177 = SURFACE_CURVE('',#3178,(#3182,#3189),.PCURVE_S1.);
#3178 = LINE('',#3179,#3180);
#3179 = CARTESIAN_POINT('',(-17.39423167868,-3.873829569627,
    1.405240486709));
#3180 = VECTOR('',#3181,1.);
#3181 = DIRECTION('',(1.,-4.55307998944E-17,0.));
#3182 = PCURVE('',#1432,#3183);
#3183 = DEFINITIONAL_REPRESENTATION('',(#3184),#3188);
#3184 = LINE('',#3185,#3186);
#3185 = CARTESIAN_POINT('',(-0.80100726798,0.));
#3186 = VECTOR('',#3187,1.);
#3187 = DIRECTION('',(-4.438924768102E-17,1.));
#3188 = ( GEOMETRIC_REPRESENTATION_CONTEXT(2) 
PARAMETRIC_REPRESENTATION_CONTEXT() REPRESENTATION_CONTEXT('2D SPACE',''
  ) );
#3189 = PCURVE('',#1406,#3190);
#3190 = DEFINITIONAL_REPRESENTATION('',(#3191),#3195);
#3191 = LINE('',#3192,#3193);
#3192 = CARTESIAN_POINT('',(1.016,0.));
#3193 = VECTOR('',#3194,1.);
#3194 = DIRECTION('',(-1.013155611628E-17,1.));
#3195 = ( GEOMETRIC_REPRESENTATION_CONTEXT(2) 
PARAMETRIC_REPRESENTATION_CONTEXT() REPRESENTATION_CONTEXT('2D SPACE',''
  ) );
#3196 = ADVANCED_FACE('',(#3197),#1406,.T.);
#3197 = FACE_BOUND('',#3198,.T.);
#3198 = EDGE_LOOP('',(#3199,#3200,#3201,#3202));
#3199 = ORIENTED_EDGE('',*,*,#1391,.F.);
#3200 = ORIENTED_EDGE('',*,*,#3176,.T.);
#3201 = ORIENTED_EDGE('',*,*,#2688,.T.);
#3202 = ORIENTED_EDGE('',*,*,#3203,.F.);
#3203 = EDGE_CURVE('',#1366,#2668,#3204,.T.);
#3204 = SURFACE_CURVE('',#3205,(#3209,#3216),.PCURVE_S1.);
#3205 = LINE('',#3206,#3207);
#3206 = CARTESIAN_POINT('',(-17.39423167868,-4.099910838526,
    0.414713727933));
#3207 = VECTOR('',#3208,1.);
#3208 = DIRECTION('',(1.,-4.55307998944E-17,0.));
#3209 = PCURVE('',#1406,#3210);
#3210 = DEFINITIONAL_REPRESENTATION('',(#3211),#3215);
#3211 = LINE('',#3212,#3213);
#3212 = CARTESIAN_POINT('',(0.,0.));
#3213 = VECTOR('',#3214,1.);
#3214 = DIRECTION('',(-1.013155611628E-17,1.));
#3215 = ( GEOMETRIC_REPRESENTATION_CONTEXT(2) 
PARAMETRIC_REPRESENTATION_CONTEXT() REPRESENTATION_CONTEXT('2D SPACE',''
  ) );
#3216 = PCURVE('',#1380,#3217);
#3217 = DEFINITIONAL_REPRESENTATION('',(#3218),#3222);
#3218 = LINE('',#3219,#3220);
#3219 = CARTESIAN_POINT('',(0.80100726798,3.851859888774E-34));
#3220 = VECTOR('',#3221,1.);
#3221 = DIRECTION('',(4.438924768102E-17,1.));
#3222 = ( GEOMETRIC_REPRESENTATION_CONTEXT(2) 
PARAMETRIC_REPRESENTATION_CONTEXT() REPRESENTATION_CONTEXT('2D SPACE',''
  ) );
#3223 = ADVANCED_FACE('',(#3224),#1380,.T.);
#3224 = FACE_BOUND('',#3225,.T.);
#3225 = EDGE_LOOP('',(#3226,#3227,#3228,#3229));
#3226 = ORIENTED_EDGE('',*,*,#1365,.F.);
#3227 = ORIENTED_EDGE('',*,*,#3203,.T.);
#3228 = ORIENTED_EDGE('',*,*,#2667,.T.);
#3229 = ORIENTED_EDGE('',*,*,#3230,.F.);
#3230 = EDGE_CURVE('',#1337,#2644,#3231,.T.);
#3231 = SURFACE_CURVE('',#3232,(#3236,#3243),.PCURVE_S1.);
#3232 = LINE('',#3233,#3234);
#3233 = CARTESIAN_POINT('',(-17.39423167868,-3.318986495112,
    0.236472842556));
#3234 = VECTOR('',#3235,1.);
#3235 = DIRECTION('',(1.,-4.55307998944E-17,0.));
#3236 = PCURVE('',#1380,#3237);
#3237 = DEFINITIONAL_REPRESENTATION('',(#3238),#3242);
#3238 = LINE('',#3239,#3240);
#3239 = CARTESIAN_POINT('',(0.,0.));
#3240 = VECTOR('',#3241,1.);
#3241 = DIRECTION('',(4.438924768102E-17,1.));
#3242 = ( GEOMETRIC_REPRESENTATION_CONTEXT(2) 
PARAMETRIC_REPRESENTATION_CONTEXT() REPRESENTATION_CONTEXT('2D SPACE',''
  ) );
#3243 = PCURVE('',#1353,#3244);
#3244 = DEFINITIONAL_REPRESENTATION('',(#3245),#3249);
#3245 = LINE('',#3246,#3247);
#3246 = CARTESIAN_POINT('',(-7.112831510428E-02,-22.72823167868));
#3247 = VECTOR('',#3248,1.);
#3248 = DIRECTION('',(0.,1.));
#3249 = ( GEOMETRIC_REPRESENTATION_CONTEXT(2) 
PARAMETRIC_REPRESENTATION_CONTEXT() REPRESENTATION_CONTEXT('2D SPACE',''
  ) );
#3250 = ADVANCED_FACE('',(#3251),#1353,.F.);
#3251 = FACE_BOUND('',#3252,.F.);
#3252 = EDGE_LOOP('',(#3253,#3254,#3275,#3276));
#3253 = ORIENTED_EDGE('',*,*,#1336,.T.);
#3254 = ORIENTED_EDGE('',*,*,#3255,.T.);
#3255 = EDGE_CURVE('',#1311,#2623,#3256,.T.);
#3256 = SURFACE_CURVE('',#3257,(#3261,#3268),.PCURVE_S1.);
#3257 = LINE('',#3258,#3259);
#3258 = CARTESIAN_POINT('',(-17.39423167868,-3.318986495112,
    -0.236472842556));
#3259 = VECTOR('',#3260,1.);
#3260 = DIRECTION('',(1.,-4.55307998944E-17,0.));
#3261 = PCURVE('',#1353,#3262);
#3262 = DEFINITIONAL_REPRESENTATION('',(#3263),#3267);
#3263 = LINE('',#3264,#3265);
#3264 = CARTESIAN_POINT('',(7.112831510428E-02,-22.72823167868));
#3265 = VECTOR('',#3266,1.);
#3266 = DIRECTION('',(0.,1.));
#3267 = ( GEOMETRIC_REPRESENTATION_CONTEXT(2) 
PARAMETRIC_REPRESENTATION_CONTEXT() REPRESENTATION_CONTEXT('2D SPACE',''
  ) );
#3268 = PCURVE('',#1325,#3269);
#3269 = DEFINITIONAL_REPRESENTATION('',(#3270),#3274);
#3270 = LINE('',#3271,#3272);
#3271 = CARTESIAN_POINT('',(0.,0.));
#3272 = VECTOR('',#3273,1.);
#3273 = DIRECTION('',(-4.438924768102E-17,1.));
#3274 = ( GEOMETRIC_REPRESENTATION_CONTEXT(2) 
PARAMETRIC_REPRESENTATION_CONTEXT() REPRESENTATION_CONTEXT('2D SPACE',''
  ) );
#3275 = ORIENTED_EDGE('',*,*,#2643,.F.);
#3276 = ORIENTED_EDGE('',*,*,#3230,.F.);
#3277 = ADVANCED_FACE('',(#3278),#1325,.T.);
#3278 = FACE_BOUND('',#3279,.T.);
#3279 = EDGE_LOOP('',(#3280,#3281,#3282,#3283));
#3280 = ORIENTED_EDGE('',*,*,#1310,.F.);
#3281 = ORIENTED_EDGE('',*,*,#3255,.T.);
#3282 = ORIENTED_EDGE('',*,*,#2622,.T.);
#3283 = ORIENTED_EDGE('',*,*,#3284,.F.);
#3284 = EDGE_CURVE('',#1285,#2602,#3285,.T.);
#3285 = SURFACE_CURVE('',#3286,(#3290,#3297),.PCURVE_S1.);
#3286 = LINE('',#3287,#3288);
#3287 = CARTESIAN_POINT('',(-17.39423167868,-4.099910838526,
    -0.414713727933));
#3288 = VECTOR('',#3289,1.);
#3289 = DIRECTION('',(1.,-4.55307998944E-17,0.));
#3290 = PCURVE('',#1325,#3291);
#3291 = DEFINITIONAL_REPRESENTATION('',(#3292),#3296);
#3292 = LINE('',#3293,#3294);
#3293 = CARTESIAN_POINT('',(-0.80100726798,3.851859888774E-34));
#3294 = VECTOR('',#3295,1.);
#3295 = DIRECTION('',(-4.438924768102E-17,1.));
#3296 = ( GEOMETRIC_REPRESENTATION_CONTEXT(2) 
PARAMETRIC_REPRESENTATION_CONTEXT() REPRESENTATION_CONTEXT('2D SPACE',''
  ) );
#3297 = PCURVE('',#1299,#3298);
#3298 = DEFINITIONAL_REPRESENTATION('',(#3299),#3303);
#3299 = LINE('',#3300,#3301);
#3300 = CARTESIAN_POINT('',(1.016,-9.244463733059E-33));
#3301 = VECTOR('',#3302,1.);
#3302 = DIRECTION('',(1.013155611628E-17,1.));
#3303 = ( GEOMETRIC_REPRESENTATION_CONTEXT(2) 
PARAMETRIC_REPRESENTATION_CONTEXT() REPRESENTATION_CONTEXT('2D SPACE',''
  ) );
#3304 = ADVANCED_FACE('',(#3305),#1299,.T.);
#3305 = FACE_BOUND('',#3306,.T.);
#3306 = EDGE_LOOP('',(#3307,#3308,#3309,#3310));
#3307 = ORIENTED_EDGE('',*,*,#1284,.F.);
#3308 = ORIENTED_EDGE('',*,*,#3284,.T.);
#3309 = ORIENTED_EDGE('',*,*,#2601,.T.);
#3310 = ORIENTED_EDGE('',*,*,#3311,.F.);
#3311 = EDGE_CURVE('',#1259,#2581,#3312,.T.);
#3312 = SURFACE_CURVE('',#3313,(#3317,#3324),.PCURVE_S1.);
#3313 = LINE('',#3314,#3315);
#3314 = CARTESIAN_POINT('',(-17.39423167868,-3.873829569627,
    -1.405240486709));
#3315 = VECTOR('',#3316,1.);
#3316 = DIRECTION('',(1.,-4.55307998944E-17,0.));
#3317 = PCURVE('',#1299,#3318);
#3318 = DEFINITIONAL_REPRESENTATION('',(#3319),#3323);
#3319 = LINE('',#3320,#3321);
#3320 = CARTESIAN_POINT('',(0.,0.));
#3321 = VECTOR('',#3322,1.);
#3322 = DIRECTION('',(1.013155611628E-17,1.));
#3323 = ( GEOMETRIC_REPRESENTATION_CONTEXT(2) 
PARAMETRIC_REPRESENTATION_CONTEXT() REPRESENTATION_CONTEXT('2D SPACE',''
  ) );
#3324 = PCURVE('',#1273,#3325);
#3325 = DEFINITIONAL_REPRESENTATION('',(#3326),#3330);
#3326 = LINE('',#3327,#3328);
#3327 = CARTESIAN_POINT('',(0.80100726798,0.));
#3328 = VECTOR('',#3329,1.);
#3329 = DIRECTION('',(4.438924768102E-17,1.));
#3330 = ( GEOMETRIC_REPRESENTATION_CONTEXT(2) 
PARAMETRIC_REPRESENTATION_CONTEXT() REPRESENTATION_CONTEXT('2D SPACE',''
  ) );
#3331 = ADVANCED_FACE('',(#3332),#1273,.T.);
#3332 = FACE_BOUND('',#3333,.T.);
#3333 = EDGE_LOOP('',(#3334,#3335,#3336,#3337));
#3334 = ORIENTED_EDGE('',*,*,#1258,.F.);
#3335 = ORIENTED_EDGE('',*,*,#3311,.T.);
#3336 = ORIENTED_EDGE('',*,*,#2580,.T.);
#3337 = ORIENTED_EDGE('',*,*,#3338,.F.);
#3338 = EDGE_CURVE('',#1230,#2557,#3339,.T.);
#3339 = SURFACE_CURVE('',#3340,(#3344,#3351),.PCURVE_S1.);
#3340 = LINE('',#3341,#3342);
#3341 = CARTESIAN_POINT('',(-17.39423167868,-3.092905226212,
    -1.226999601333));
#3342 = VECTOR('',#3343,1.);
#3343 = DIRECTION('',(1.,-4.55307998944E-17,0.));
#3344 = PCURVE('',#1273,#3345);
#3345 = DEFINITIONAL_REPRESENTATION('',(#3346),#3350);
#3346 = LINE('',#3347,#3348);
#3347 = CARTESIAN_POINT('',(0.,0.));
#3348 = VECTOR('',#3349,1.);
#3349 = DIRECTION('',(4.438924768102E-17,1.));
#3350 = ( GEOMETRIC_REPRESENTATION_CONTEXT(2) 
PARAMETRIC_REPRESENTATION_CONTEXT() REPRESENTATION_CONTEXT('2D SPACE',''
  ) );
#3351 = PCURVE('',#1246,#3352);
#3352 = DEFINITIONAL_REPRESENTATION('',(#3353),#3357);
#3353 = LINE('',#3354,#3355);
#3354 = CARTESIAN_POINT('',(0.377670635409,-22.72823167868));
#3355 = VECTOR('',#3356,1.);
#3356 = DIRECTION('',(8.741913579726E-17,1.));
#3357 = ( GEOMETRIC_REPRESENTATION_CONTEXT(2) 
PARAMETRIC_REPRESENTATION_CONTEXT() REPRESENTATION_CONTEXT('2D SPACE',''
  ) );
#3358 = ADVANCED_FACE('',(#3359),#1246,.F.);
#3359 = FACE_BOUND('',#3360,.F.);
#3360 = EDGE_LOOP('',(#3361,#3362,#3383,#3384));
#3361 = ORIENTED_EDGE('',*,*,#1229,.T.);
#3362 = ORIENTED_EDGE('',*,*,#3363,.T.);
#3363 = EDGE_CURVE('',#1204,#2536,#3364,.T.);
#3364 = SURFACE_CURVE('',#3365,(#3369,#3376),.PCURVE_S1.);
#3365 = LINE('',#3366,#3367);
#3366 = CARTESIAN_POINT('',(-17.39423167868,-2.887701783956,
    -1.653108939827));
#3367 = VECTOR('',#3368,1.);
#3368 = DIRECTION('',(1.,-4.55307998944E-17,0.));
#3369 = PCURVE('',#1246,#3370);
#3370 = DEFINITIONAL_REPRESENTATION('',(#3371),#3375);
#3371 = LINE('',#3372,#3373);
#3372 = CARTESIAN_POINT('',(0.519927265617,-22.72823167868));
#3373 = VECTOR('',#3374,1.);
#3374 = DIRECTION('',(1.748382715945E-16,1.));
#3375 = ( GEOMETRIC_REPRESENTATION_CONTEXT(2) 
PARAMETRIC_REPRESENTATION_CONTEXT() REPRESENTATION_CONTEXT('2D SPACE',''
  ) );
#3376 = PCURVE('',#1218,#3377);
#3377 = DEFINITIONAL_REPRESENTATION('',(#3378),#3382);
#3378 = LINE('',#3379,#3380);
#3379 = CARTESIAN_POINT('',(0.,0.));
#3380 = VECTOR('',#3381,1.);
#3381 = DIRECTION('',(-3.55974127794E-17,1.));
#3382 = ( GEOMETRIC_REPRESENTATION_CONTEXT(2) 
PARAMETRIC_REPRESENTATION_CONTEXT() REPRESENTATION_CONTEXT('2D SPACE',''
  ) );
#3383 = ORIENTED_EDGE('',*,*,#2556,.F.);
#3384 = ORIENTED_EDGE('',*,*,#3338,.F.);
#3385 = ADVANCED_FACE('',(#3386),#1218,.T.);
#3386 = FACE_BOUND('',#3387,.T.);
#3387 = EDGE_LOOP('',(#3388,#3389,#3390,#3391));
#3388 = ORIENTED_EDGE('',*,*,#1203,.F.);
#3389 = ORIENTED_EDGE('',*,*,#3363,.T.);
#3390 = ORIENTED_EDGE('',*,*,#2535,.T.);
#3391 = ORIENTED_EDGE('',*,*,#3392,.F.);
#3392 = EDGE_CURVE('',#1178,#2515,#3393,.T.);
#3393 = SURFACE_CURVE('',#3394,(#3398,#3405),.PCURVE_S1.);
#3394 = LINE('',#3395,#3396);
#3395 = CARTESIAN_POINT('',(-17.39423167868,-3.513954483749,
    -2.152528802627));
#3396 = VECTOR('',#3397,1.);
#3397 = DIRECTION('',(1.,-4.55307998944E-17,0.));
#3398 = PCURVE('',#1218,#3399);
#3399 = DEFINITIONAL_REPRESENTATION('',(#3400),#3404);
#3400 = LINE('',#3401,#3402);
#3401 = CARTESIAN_POINT('',(-0.80100726798,6.162975822039E-33));
#3402 = VECTOR('',#3403,1.);
#3403 = DIRECTION('',(-3.55974127794E-17,1.));
#3404 = ( GEOMETRIC_REPRESENTATION_CONTEXT(2) 
PARAMETRIC_REPRESENTATION_CONTEXT() REPRESENTATION_CONTEXT('2D SPACE',''
  ) );
#3405 = PCURVE('',#1192,#3406);
#3406 = DEFINITIONAL_REPRESENTATION('',(#3407),#3411);
#3407 = LINE('',#3408,#3409);
#3408 = CARTESIAN_POINT('',(1.016,-6.162975822039E-33));
#3409 = VECTOR('',#3410,1.);
#3410 = DIRECTION('',(2.838798940463E-17,1.));
#3411 = ( GEOMETRIC_REPRESENTATION_CONTEXT(2) 
PARAMETRIC_REPRESENTATION_CONTEXT() REPRESENTATION_CONTEXT('2D SPACE',''
  ) );
#3412 = ADVANCED_FACE('',(#3413),#1192,.T.);
#3413 = FACE_BOUND('',#3414,.T.);
#3414 = EDGE_LOOP('',(#3415,#3416,#3417,#3418));
#3415 = ORIENTED_EDGE('',*,*,#1177,.F.);
#3416 = ORIENTED_EDGE('',*,*,#3392,.T.);
#3417 = ORIENTED_EDGE('',*,*,#2514,.T.);
#3418 = ORIENTED_EDGE('',*,*,#3419,.F.);
#3419 = EDGE_CURVE('',#1152,#2494,#3420,.T.);
#3420 = SURFACE_CURVE('',#3421,(#3425,#3432),.PCURVE_S1.);
#3421 = LINE('',#3422,#3423);
#3422 = CARTESIAN_POINT('',(-17.39423167868,-2.880488845061,
    -2.946869588815));
#3423 = VECTOR('',#3424,1.);
#3424 = DIRECTION('',(1.,-4.55307998944E-17,0.));
#3425 = PCURVE('',#1192,#3426);
#3426 = DEFINITIONAL_REPRESENTATION('',(#3427),#3431);
#3427 = LINE('',#3428,#3429);
#3428 = CARTESIAN_POINT('',(0.,0.));
#3429 = VECTOR('',#3430,1.);
#3430 = DIRECTION('',(2.838798940463E-17,1.));
#3431 = ( GEOMETRIC_REPRESENTATION_CONTEXT(2) 
PARAMETRIC_REPRESENTATION_CONTEXT() REPRESENTATION_CONTEXT('2D SPACE',''
  ) );
#3432 = PCURVE('',#1166,#3433);
#3433 = DEFINITIONAL_REPRESENTATION('',(#3434),#3438);
#3434 = LINE('',#3435,#3436);
#3435 = CARTESIAN_POINT('',(0.80100726798,9.244463733059E-33));
#3436 = VECTOR('',#3437,1.);
#3437 = DIRECTION('',(3.55974127794E-17,1.));
#3438 = ( GEOMETRIC_REPRESENTATION_CONTEXT(2) 
PARAMETRIC_REPRESENTATION_CONTEXT() REPRESENTATION_CONTEXT('2D SPACE',''
  ) );
#3439 = ADVANCED_FACE('',(#3440),#1166,.T.);
#3440 = FACE_BOUND('',#3441,.T.);
#3441 = EDGE_LOOP('',(#3442,#3443,#3444,#3445));
#3442 = ORIENTED_EDGE('',*,*,#1151,.F.);
#3443 = ORIENTED_EDGE('',*,*,#3419,.T.);
#3444 = ORIENTED_EDGE('',*,*,#2493,.T.);
#3445 = ORIENTED_EDGE('',*,*,#3446,.F.);
#3446 = EDGE_CURVE('',#1123,#2470,#3447,.T.);
#3447 = SURFACE_CURVE('',#3448,(#3452,#3459),.PCURVE_S1.);
#3448 = LINE('',#3449,#3450);
#3449 = CARTESIAN_POINT('',(-17.39423167868,-2.254236145268,
    -2.447449726014));
#3450 = VECTOR('',#3451,1.);
#3451 = DIRECTION('',(1.,-4.55307998944E-17,0.));
#3452 = PCURVE('',#1166,#3453);
#3453 = DEFINITIONAL_REPRESENTATION('',(#3454),#3458);
#3454 = LINE('',#3455,#3456);
#3455 = CARTESIAN_POINT('',(0.,0.));
#3456 = VECTOR('',#3457,1.);
#3457 = DIRECTION('',(3.55974127794E-17,1.));
#3458 = ( GEOMETRIC_REPRESENTATION_CONTEXT(2) 
PARAMETRIC_REPRESENTATION_CONTEXT() REPRESENTATION_CONTEXT('2D SPACE',''
  ) );
#3459 = PCURVE('',#1139,#3460);
#3460 = DEFINITIONAL_REPRESENTATION('',(#3461),#3465);
#3461 = LINE('',#3462,#3463);
#3462 = CARTESIAN_POINT('',(0.826469585921,-22.72823167868));
#3463 = VECTOR('',#3464,1.);
#3464 = DIRECTION('',(1.748382715945E-16,1.));
#3465 = ( GEOMETRIC_REPRESENTATION_CONTEXT(2) 
PARAMETRIC_REPRESENTATION_CONTEXT() REPRESENTATION_CONTEXT('2D SPACE',''
  ) );
#3466 = ADVANCED_FACE('',(#3467),#1139,.F.);
#3467 = FACE_BOUND('',#3468,.F.);
#3468 = EDGE_LOOP('',(#3469,#3470,#3491,#3492));
#3469 = ORIENTED_EDGE('',*,*,#1122,.T.);
#3470 = ORIENTED_EDGE('',*,*,#3471,.T.);
#3471 = EDGE_CURVE('',#1097,#2449,#3472,.T.);
#3472 = SURFACE_CURVE('',#3473,(#3477,#3484),.PCURVE_S1.);
#3473 = LINE('',#3474,#3475);
#3474 = CARTESIAN_POINT('',(-17.39423167868,-1.88447231915,
    -2.742326537515));
#3475 = VECTOR('',#3476,1.);
#3476 = DIRECTION('',(1.,-4.55307998944E-17,0.));
#3477 = PCURVE('',#1139,#3478);
#3478 = DEFINITIONAL_REPRESENTATION('',(#3479),#3483);
#3479 = LINE('',#3480,#3481);
#3480 = CARTESIAN_POINT('',(0.96872621613,-22.72823167868));
#3481 = VECTOR('',#3482,1.);
#3482 = DIRECTION('',(0.,1.));
#3483 = ( GEOMETRIC_REPRESENTATION_CONTEXT(2) 
PARAMETRIC_REPRESENTATION_CONTEXT() REPRESENTATION_CONTEXT('2D SPACE',''
  ) );
#3484 = PCURVE('',#1111,#3485);
#3485 = DEFINITIONAL_REPRESENTATION('',(#3486),#3490);
#3486 = LINE('',#3487,#3488);
#3487 = CARTESIAN_POINT('',(0.,0.));
#3488 = VECTOR('',#3489,1.);
#3489 = DIRECTION('',(-1.97550737032E-17,1.));
#3490 = ( GEOMETRIC_REPRESENTATION_CONTEXT(2) 
PARAMETRIC_REPRESENTATION_CONTEXT() REPRESENTATION_CONTEXT('2D SPACE',''
  ) );
#3491 = ORIENTED_EDGE('',*,*,#2469,.F.);
#3492 = ORIENTED_EDGE('',*,*,#3446,.F.);
#3493 = ADVANCED_FACE('',(#3494),#1111,.T.);
#3494 = FACE_BOUND('',#3495,.T.);
#3495 = EDGE_LOOP('',(#3496,#3497,#3498,#3499));
#3496 = ORIENTED_EDGE('',*,*,#1096,.F.);
#3497 = ORIENTED_EDGE('',*,*,#3471,.T.);
#3498 = ORIENTED_EDGE('',*,*,#2448,.T.);
#3499 = ORIENTED_EDGE('',*,*,#3500,.F.);
#3500 = EDGE_CURVE('',#1071,#2428,#3501,.T.);
#3501 = SURFACE_CURVE('',#3502,(#3506,#3513),.PCURVE_S1.);
#3502 = LINE('',#3503,#3504);
#3503 = CARTESIAN_POINT('',(-17.39423167868,-2.232016347642,
    -3.464009148928));
#3504 = VECTOR('',#3505,1.);
#3505 = DIRECTION('',(1.,-4.55307998944E-17,0.));
#3506 = PCURVE('',#1111,#3507);
#3507 = DEFINITIONAL_REPRESENTATION('',(#3508),#3512);
#3508 = LINE('',#3509,#3510);
#3509 = CARTESIAN_POINT('',(-0.80100726798,6.162975822039E-33));
#3510 = VECTOR('',#3511,1.);
#3511 = DIRECTION('',(-1.97550737032E-17,1.));
#3512 = ( GEOMETRIC_REPRESENTATION_CONTEXT(2) 
PARAMETRIC_REPRESENTATION_CONTEXT() REPRESENTATION_CONTEXT('2D SPACE',''
  ) );
#3513 = PCURVE('',#1085,#3514);
#3514 = DEFINITIONAL_REPRESENTATION('',(#3515),#3519);
#3515 = LINE('',#3516,#3517);
#3516 = CARTESIAN_POINT('',(1.016,-6.162975822039E-33));
#3517 = VECTOR('',#3518,1.);
#3518 = DIRECTION('',(4.102183323555E-17,1.));
#3519 = ( GEOMETRIC_REPRESENTATION_CONTEXT(2) 
PARAMETRIC_REPRESENTATION_CONTEXT() REPRESENTATION_CONTEXT('2D SPACE',''
  ) );
#3520 = ADVANCED_FACE('',(#3521),#1085,.T.);
#3521 = FACE_BOUND('',#3522,.T.);
#3522 = EDGE_LOOP('',(#3523,#3524,#3525,#3526));
#3523 = ORIENTED_EDGE('',*,*,#1070,.F.);
#3524 = ORIENTED_EDGE('',*,*,#3500,.T.);
#3525 = ORIENTED_EDGE('',*,*,#2427,.T.);
#3526 = ORIENTED_EDGE('',*,*,#3527,.F.);
#3527 = EDGE_CURVE('',#1045,#2407,#3528,.T.);
#3528 = SURFACE_CURVE('',#3529,(#3533,#3540),.PCURVE_S1.);
#3529 = LINE('',#3530,#3531);
#3530 = CARTESIAN_POINT('',(-17.39423167868,-1.316631977853,
    -3.904835027872));
#3531 = VECTOR('',#3532,1.);
#3532 = DIRECTION('',(1.,-4.55307998944E-17,0.));
#3533 = PCURVE('',#1085,#3534);
#3534 = DEFINITIONAL_REPRESENTATION('',(#3535),#3539);
#3535 = LINE('',#3536,#3537);
#3536 = CARTESIAN_POINT('',(-4.371727321303E-15,-2.641363414738E-33));
#3537 = VECTOR('',#3538,1.);
#3538 = DIRECTION('',(4.102183323555E-17,1.));
#3539 = ( GEOMETRIC_REPRESENTATION_CONTEXT(2) 
PARAMETRIC_REPRESENTATION_CONTEXT() REPRESENTATION_CONTEXT('2D SPACE',''
  ) );
#3540 = PCURVE('',#1059,#3541);
#3541 = DEFINITIONAL_REPRESENTATION('',(#3542),#3546);
#3542 = LINE('',#3543,#3544);
#3543 = CARTESIAN_POINT('',(0.80100726798,4.622231866529E-33));
#3544 = VECTOR('',#3545,1.);
#3545 = DIRECTION('',(1.97550737032E-17,1.));
#3546 = ( GEOMETRIC_REPRESENTATION_CONTEXT(2) 
PARAMETRIC_REPRESENTATION_CONTEXT() REPRESENTATION_CONTEXT('2D SPACE',''
  ) );
#3547 = ADVANCED_FACE('',(#3548),#1059,.T.);
#3548 = FACE_BOUND('',#3549,.T.);
#3549 = EDGE_LOOP('',(#3550,#3551,#3552,#3553));
#3550 = ORIENTED_EDGE('',*,*,#1044,.F.);
#3551 = ORIENTED_EDGE('',*,*,#3527,.T.);
#3552 = ORIENTED_EDGE('',*,*,#2406,.T.);
#3553 = ORIENTED_EDGE('',*,*,#3554,.F.);
#3554 = EDGE_CURVE('',#1016,#2383,#3555,.T.);
#3555 = SURFACE_CURVE('',#3556,(#3560,#3567),.PCURVE_S1.);
#3556 = LINE('',#3557,#3558);
#3557 = CARTESIAN_POINT('',(-17.39423167868,-0.969087949361,
    -3.183152416458));
#3558 = VECTOR('',#3559,1.);
#3559 = DIRECTION('',(1.,-4.55307998944E-17,0.));
#3560 = PCURVE('',#1059,#3561);
#3561 = DEFINITIONAL_REPRESENTATION('',(#3562),#3566);
#3562 = LINE('',#3563,#3564);
#3563 = CARTESIAN_POINT('',(0.,0.));
#3564 = VECTOR('',#3565,1.);
#3565 = DIRECTION('',(1.97550737032E-17,1.));
#3566 = ( GEOMETRIC_REPRESENTATION_CONTEXT(2) 
PARAMETRIC_REPRESENTATION_CONTEXT() REPRESENTATION_CONTEXT('2D SPACE',''
  ) );
#3567 = PCURVE('',#1032,#3568);
#3568 = DEFINITIONAL_REPRESENTATION('',(#3569),#3573);
#3569 = LINE('',#3570,#3571);
#3570 = CARTESIAN_POINT('',(1.275268536434,-22.72823167868));
#3571 = VECTOR('',#3572,1.);
#3572 = DIRECTION('',(0.,1.));
#3573 = ( GEOMETRIC_REPRESENTATION_CONTEXT(2) 
PARAMETRIC_REPRESENTATION_CONTEXT() REPRESENTATION_CONTEXT('2D SPACE',''
  ) );
#3574 = ADVANCED_FACE('',(#3575),#1032,.F.);
#3575 = FACE_BOUND('',#3576,.F.);
#3576 = EDGE_LOOP('',(#3577,#3578,#3599,#3600));
#3577 = ORIENTED_EDGE('',*,*,#1015,.T.);
#3578 = ORIENTED_EDGE('',*,*,#3579,.T.);
#3579 = EDGE_CURVE('',#990,#2362,#3580,.T.);
#3580 = SURFACE_CURVE('',#3581,(#3585,#3592),.PCURVE_S1.);
#3581 = LINE('',#3582,#3583);
#3582 = CARTESIAN_POINT('',(-17.39423167868,-0.508,-3.28839273202));
#3583 = VECTOR('',#3584,1.);
#3584 = DIRECTION('',(1.,-4.55307998944E-17,0.));
#3585 = PCURVE('',#1032,#3586);
#3586 = DEFINITIONAL_REPRESENTATION('',(#3587),#3591);
#3587 = LINE('',#3588,#3589);
#3588 = CARTESIAN_POINT('',(1.417525166643,-22.72823167868));
#3589 = VECTOR('',#3590,1.);
#3590 = DIRECTION('',(0.,1.));
#3591 = ( GEOMETRIC_REPRESENTATION_CONTEXT(2) 
PARAMETRIC_REPRESENTATION_CONTEXT() REPRESENTATION_CONTEXT('2D SPACE',''
  ) );
#3592 = PCURVE('',#1004,#3593);
#3593 = DEFINITIONAL_REPRESENTATION('',(#3594),#3598);
#3594 = LINE('',#3595,#3596);
#3595 = CARTESIAN_POINT('',(0.,0.));
#3596 = VECTOR('',#3597,1.);
#3597 = DIRECTION('',(-5.57591483533E-33,1.));
#3598 = ( GEOMETRIC_REPRESENTATION_CONTEXT(2) 
PARAMETRIC_REPRESENTATION_CONTEXT() REPRESENTATION_CONTEXT('2D SPACE',''
  ) );
#3599 = ORIENTED_EDGE('',*,*,#2382,.F.);
#3600 = ORIENTED_EDGE('',*,*,#3554,.F.);
#3601 = ADVANCED_FACE('',(#3602),#1004,.T.);
#3602 = FACE_BOUND('',#3603,.T.);
#3603 = EDGE_LOOP('',(#3604,#3605,#3606,#3607));
#3604 = ORIENTED_EDGE('',*,*,#989,.F.);
#3605 = ORIENTED_EDGE('',*,*,#3579,.T.);
#3606 = ORIENTED_EDGE('',*,*,#2361,.T.);
#3607 = ORIENTED_EDGE('',*,*,#3608,.F.);
#3608 = EDGE_CURVE('',#964,#2341,#3609,.T.);
#3609 = SURFACE_CURVE('',#3610,(#3614,#3621),.PCURVE_S1.);
#3610 = LINE('',#3611,#3612);
#3611 = CARTESIAN_POINT('',(-17.39423167868,-0.508,-4.0894));
#3612 = VECTOR('',#3613,1.);
#3613 = DIRECTION('',(1.,-4.55307998944E-17,0.));
#3614 = PCURVE('',#1004,#3615);
#3615 = DEFINITIONAL_REPRESENTATION('',(#3616),#3620);
#3616 = LINE('',#3617,#3618);
#3617 = CARTESIAN_POINT('',(-0.80100726798,5.885859284983E-34));
#3618 = VECTOR('',#3619,1.);
#3619 = DIRECTION('',(-5.57591483533E-33,1.));
#3620 = ( GEOMETRIC_REPRESENTATION_CONTEXT(2) 
PARAMETRIC_REPRESENTATION_CONTEXT() REPRESENTATION_CONTEXT('2D SPACE',''
  ) );
#3621 = PCURVE('',#978,#3622);
#3622 = DEFINITIONAL_REPRESENTATION('',(#3623),#3627);
#3623 = LINE('',#3624,#3625);
#3624 = CARTESIAN_POINT('',(1.016,6.937782675492E-49));
#3625 = VECTOR('',#3626,1.);
#3626 = DIRECTION('',(4.55307998944E-17,1.));
#3627 = ( GEOMETRIC_REPRESENTATION_CONTEXT(2) 
PARAMETRIC_REPRESENTATION_CONTEXT() REPRESENTATION_CONTEXT('2D SPACE',''
  ) );
#3628 = ADVANCED_FACE('',(#3629),#978,.T.);
#3629 = FACE_BOUND('',#3630,.T.);
#3630 = EDGE_LOOP('',(#3631,#3632,#3633,#3634));
#3631 = ORIENTED_EDGE('',*,*,#963,.F.);
#3632 = ORIENTED_EDGE('',*,*,#3608,.T.);
#3633 = ORIENTED_EDGE('',*,*,#2340,.T.);
#3634 = ORIENTED_EDGE('',*,*,#3635,.F.);
#3635 = EDGE_CURVE('',#938,#2320,#3636,.T.);
#3636 = SURFACE_CURVE('',#3637,(#3641,#3648),.PCURVE_S1.);
#3637 = LINE('',#3638,#3639);
#3638 = CARTESIAN_POINT('',(-17.39423167868,0.508,-4.0894));
#3639 = VECTOR('',#3640,1.);
#3640 = DIRECTION('',(1.,-4.55307998944E-17,0.));
#3641 = PCURVE('',#978,#3642);
#3642 = DEFINITIONAL_REPRESENTATION('',(#3643),#3647);
#3643 = LINE('',#3644,#3645);
#3644 = CARTESIAN_POINT('',(0.,0.));
#3645 = VECTOR('',#3646,1.);
#3646 = DIRECTION('',(4.55307998944E-17,1.));
#3647 = ( GEOMETRIC_REPRESENTATION_CONTEXT(2) 
PARAMETRIC_REPRESENTATION_CONTEXT() REPRESENTATION_CONTEXT('2D SPACE',''
  ) );
#3648 = PCURVE('',#952,#3649);
#3649 = DEFINITIONAL_REPRESENTATION('',(#3650),#3654);
#3650 = LINE('',#3651,#3652);
#3651 = CARTESIAN_POINT('',(0.80100726798,5.885859284983E-34));
#3652 = VECTOR('',#3653,1.);
#3653 = DIRECTION('',(5.57591483533E-33,1.));
#3654 = ( GEOMETRIC_REPRESENTATION_CONTEXT(2) 
PARAMETRIC_REPRESENTATION_CONTEXT() REPRESENTATION_CONTEXT('2D SPACE',''
  ) );
#3655 = ADVANCED_FACE('',(#3656),#952,.T.);
#3656 = FACE_BOUND('',#3657,.T.);
#3657 = EDGE_LOOP('',(#3658,#3659,#3660,#3661));
#3658 = ORIENTED_EDGE('',*,*,#937,.F.);
#3659 = ORIENTED_EDGE('',*,*,#3635,.T.);
#3660 = ORIENTED_EDGE('',*,*,#2319,.T.);
#3661 = ORIENTED_EDGE('',*,*,#3662,.F.);
#3662 = EDGE_CURVE('',#909,#2296,#3663,.T.);
#3663 = SURFACE_CURVE('',#3664,(#3668,#3675),.PCURVE_S1.);
#3664 = LINE('',#3665,#3666);
#3665 = CARTESIAN_POINT('',(-17.39423167868,0.508,-3.28839273202));
#3666 = VECTOR('',#3667,1.);
#3667 = DIRECTION('',(1.,-4.55307998944E-17,0.));
#3668 = PCURVE('',#952,#3669);
#3669 = DEFINITIONAL_REPRESENTATION('',(#3670),#3674);
#3670 = LINE('',#3671,#3672);
#3671 = CARTESIAN_POINT('',(0.,0.));
#3672 = VECTOR('',#3673,1.);
#3673 = DIRECTION('',(5.57591483533E-33,1.));
#3674 = ( GEOMETRIC_REPRESENTATION_CONTEXT(2) 
PARAMETRIC_REPRESENTATION_CONTEXT() REPRESENTATION_CONTEXT('2D SPACE',''
  ) );
#3675 = PCURVE('',#925,#3676);
#3676 = DEFINITIONAL_REPRESENTATION('',(#3677),#3681);
#3677 = LINE('',#3678,#3679);
#3678 = CARTESIAN_POINT('',(1.724067486947,-22.72823167868));
#3679 = VECTOR('',#3680,1.);
#3680 = DIRECTION('',(0.,1.));
#3681 = ( GEOMETRIC_REPRESENTATION_CONTEXT(2) 
PARAMETRIC_REPRESENTATION_CONTEXT() REPRESENTATION_CONTEXT('2D SPACE',''
  ) );
#3682 = ADVANCED_FACE('',(#3683),#925,.F.);
#3683 = FACE_BOUND('',#3684,.F.);
#3684 = EDGE_LOOP('',(#3685,#3686,#3707,#3708));
#3685 = ORIENTED_EDGE('',*,*,#908,.T.);
#3686 = ORIENTED_EDGE('',*,*,#3687,.T.);
#3687 = EDGE_CURVE('',#883,#2275,#3688,.T.);
#3688 = SURFACE_CURVE('',#3689,(#3693,#3700),.PCURVE_S1.);
#3689 = LINE('',#3690,#3691);
#3690 = CARTESIAN_POINT('',(-17.39423167868,0.969087949361,
    -3.183152416458));
#3691 = VECTOR('',#3692,1.);
#3692 = DIRECTION('',(1.,-4.55307998944E-17,0.));
#3693 = PCURVE('',#925,#3694);
#3694 = DEFINITIONAL_REPRESENTATION('',(#3695),#3699);
#3695 = LINE('',#3696,#3697);
#3696 = CARTESIAN_POINT('',(1.866324117156,-22.72823167868));
#3697 = VECTOR('',#3698,1.);
#3698 = DIRECTION('',(0.,1.));
#3699 = ( GEOMETRIC_REPRESENTATION_CONTEXT(2) 
PARAMETRIC_REPRESENTATION_CONTEXT() REPRESENTATION_CONTEXT('2D SPACE',''
  ) );
#3700 = PCURVE('',#897,#3701);
#3701 = DEFINITIONAL_REPRESENTATION('',(#3702),#3706);
#3702 = LINE('',#3703,#3704);
#3703 = CARTESIAN_POINT('',(0.,0.));
#3704 = VECTOR('',#3705,1.);
#3705 = DIRECTION('',(1.97550737032E-17,1.));
#3706 = ( GEOMETRIC_REPRESENTATION_CONTEXT(2) 
PARAMETRIC_REPRESENTATION_CONTEXT() REPRESENTATION_CONTEXT('2D SPACE',''
  ) );
#3707 = ORIENTED_EDGE('',*,*,#2295,.F.);
#3708 = ORIENTED_EDGE('',*,*,#3662,.F.);
#3709 = ADVANCED_FACE('',(#3710),#897,.T.);
#3710 = FACE_BOUND('',#3711,.T.);
#3711 = EDGE_LOOP('',(#3712,#3713,#3714,#3715));
#3712 = ORIENTED_EDGE('',*,*,#882,.F.);
#3713 = ORIENTED_EDGE('',*,*,#3687,.T.);
#3714 = ORIENTED_EDGE('',*,*,#2274,.T.);
#3715 = ORIENTED_EDGE('',*,*,#3716,.F.);
#3716 = EDGE_CURVE('',#857,#2254,#3717,.T.);
#3717 = SURFACE_CURVE('',#3718,(#3722,#3729),.PCURVE_S1.);
#3718 = LINE('',#3719,#3720);
#3719 = CARTESIAN_POINT('',(-17.39423167868,1.316631977853,
    -3.904835027872));
#3720 = VECTOR('',#3721,1.);
#3721 = DIRECTION('',(1.,-4.55307998944E-17,0.));
#3722 = PCURVE('',#897,#3723);
#3723 = DEFINITIONAL_REPRESENTATION('',(#3724),#3728);
#3724 = LINE('',#3725,#3726);
#3725 = CARTESIAN_POINT('',(-0.80100726798,-3.08148791102E-33));
#3726 = VECTOR('',#3727,1.);
#3727 = DIRECTION('',(1.97550737032E-17,1.));
#3728 = ( GEOMETRIC_REPRESENTATION_CONTEXT(2) 
PARAMETRIC_REPRESENTATION_CONTEXT() REPRESENTATION_CONTEXT('2D SPACE',''
  ) );
#3729 = PCURVE('',#871,#3730);
#3730 = DEFINITIONAL_REPRESENTATION('',(#3731),#3735);
#3731 = LINE('',#3732,#3733);
#3732 = CARTESIAN_POINT('',(1.016,-1.54074395551E-33));
#3733 = VECTOR('',#3734,1.);
#3734 = DIRECTION('',(4.102183323555E-17,1.));
#3735 = ( GEOMETRIC_REPRESENTATION_CONTEXT(2) 
PARAMETRIC_REPRESENTATION_CONTEXT() REPRESENTATION_CONTEXT('2D SPACE',''
  ) );
#3736 = ADVANCED_FACE('',(#3737),#871,.T.);
#3737 = FACE_BOUND('',#3738,.T.);
#3738 = EDGE_LOOP('',(#3739,#3740,#3741,#3742));
#3739 = ORIENTED_EDGE('',*,*,#856,.F.);
#3740 = ORIENTED_EDGE('',*,*,#3716,.T.);
#3741 = ORIENTED_EDGE('',*,*,#2253,.T.);
#3742 = ORIENTED_EDGE('',*,*,#3743,.F.);
#3743 = EDGE_CURVE('',#831,#2233,#3744,.T.);
#3744 = SURFACE_CURVE('',#3745,(#3749,#3756),.PCURVE_S1.);
#3745 = LINE('',#3746,#3747);
#3746 = CARTESIAN_POINT('',(-17.39423167868,2.232016347642,
    -3.464009148928));
#3747 = VECTOR('',#3748,1.);
#3748 = DIRECTION('',(1.,-4.55307998944E-17,0.));
#3749 = PCURVE('',#871,#3750);
#3750 = DEFINITIONAL_REPRESENTATION('',(#3751),#3755);
#3751 = LINE('',#3752,#3753);
#3752 = CARTESIAN_POINT('',(0.,0.));
#3753 = VECTOR('',#3754,1.);
#3754 = DIRECTION('',(4.102183323555E-17,1.));
#3755 = ( GEOMETRIC_REPRESENTATION_CONTEXT(2) 
PARAMETRIC_REPRESENTATION_CONTEXT() REPRESENTATION_CONTEXT('2D SPACE',''
  ) );
#3756 = PCURVE('',#845,#3757);
#3757 = DEFINITIONAL_REPRESENTATION('',(#3758),#3762);
#3758 = LINE('',#3759,#3760);
#3759 = CARTESIAN_POINT('',(0.80100726798,-1.54074395551E-33));
#3760 = VECTOR('',#3761,1.);
#3761 = DIRECTION('',(-1.97550737032E-17,1.));
#3762 = ( GEOMETRIC_REPRESENTATION_CONTEXT(2) 
PARAMETRIC_REPRESENTATION_CONTEXT() REPRESENTATION_CONTEXT('2D SPACE',''
  ) );
#3763 = ADVANCED_FACE('',(#3764),#845,.T.);
#3764 = FACE_BOUND('',#3765,.T.);
#3765 = EDGE_LOOP('',(#3766,#3767,#3768,#3769));
#3766 = ORIENTED_EDGE('',*,*,#830,.F.);
#3767 = ORIENTED_EDGE('',*,*,#3743,.T.);
#3768 = ORIENTED_EDGE('',*,*,#2232,.T.);
#3769 = ORIENTED_EDGE('',*,*,#3770,.F.);
#3770 = EDGE_CURVE('',#802,#2209,#3771,.T.);
#3771 = SURFACE_CURVE('',#3772,(#3776,#3783),.PCURVE_S1.);
#3772 = LINE('',#3773,#3774);
#3773 = CARTESIAN_POINT('',(-17.39423167868,1.88447231915,
    -2.742326537515));
#3774 = VECTOR('',#3775,1.);
#3775 = DIRECTION('',(1.,-4.55307998944E-17,0.));
#3776 = PCURVE('',#845,#3777);
#3777 = DEFINITIONAL_REPRESENTATION('',(#3778),#3782);
#3778 = LINE('',#3779,#3780);
#3779 = CARTESIAN_POINT('',(0.,0.));
#3780 = VECTOR('',#3781,1.);
#3781 = DIRECTION('',(-1.97550737032E-17,1.));
#3782 = ( GEOMETRIC_REPRESENTATION_CONTEXT(2) 
PARAMETRIC_REPRESENTATION_CONTEXT() REPRESENTATION_CONTEXT('2D SPACE',''
  ) );
#3783 = PCURVE('',#818,#3784);
#3784 = DEFINITIONAL_REPRESENTATION('',(#3785),#3789);
#3785 = LINE('',#3786,#3787);
#3786 = CARTESIAN_POINT('',(2.17286643746,-22.72823167868));
#3787 = VECTOR('',#3788,1.);
#3788 = DIRECTION('',(0.,1.));
#3789 = ( GEOMETRIC_REPRESENTATION_CONTEXT(2) 
PARAMETRIC_REPRESENTATION_CONTEXT() REPRESENTATION_CONTEXT('2D SPACE',''
  ) );
#3790 = ADVANCED_FACE('',(#3791),#818,.F.);
#3791 = FACE_BOUND('',#3792,.F.);
#3792 = EDGE_LOOP('',(#3793,#3794,#3815,#3816));
#3793 = ORIENTED_EDGE('',*,*,#801,.T.);
#3794 = ORIENTED_EDGE('',*,*,#3795,.T.);
#3795 = EDGE_CURVE('',#776,#2188,#3796,.T.);
#3796 = SURFACE_CURVE('',#3797,(#3801,#3808),.PCURVE_S1.);
#3797 = LINE('',#3798,#3799);
#3798 = CARTESIAN_POINT('',(-17.39423167868,2.254236145268,
    -2.447449726014));
#3799 = VECTOR('',#3800,1.);
#3800 = DIRECTION('',(1.,-4.55307998944E-17,0.));
#3801 = PCURVE('',#818,#3802);
#3802 = DEFINITIONAL_REPRESENTATION('',(#3803),#3807);
#3803 = LINE('',#3804,#3805);
#3804 = CARTESIAN_POINT('',(2.315123067668,-22.72823167868));
#3805 = VECTOR('',#3806,1.);
#3806 = DIRECTION('',(0.,1.));
#3807 = ( GEOMETRIC_REPRESENTATION_CONTEXT(2) 
PARAMETRIC_REPRESENTATION_CONTEXT() REPRESENTATION_CONTEXT('2D SPACE',''
  ) );
#3808 = PCURVE('',#790,#3809);
#3809 = DEFINITIONAL_REPRESENTATION('',(#3810),#3814);
#3810 = LINE('',#3811,#3812);
#3811 = CARTESIAN_POINT('',(0.,0.));
#3812 = VECTOR('',#3813,1.);
#3813 = DIRECTION('',(3.55974127794E-17,1.));
#3814 = ( GEOMETRIC_REPRESENTATION_CONTEXT(2) 
PARAMETRIC_REPRESENTATION_CONTEXT() REPRESENTATION_CONTEXT('2D SPACE',''
  ) );
#3815 = ORIENTED_EDGE('',*,*,#2208,.F.);
#3816 = ORIENTED_EDGE('',*,*,#3770,.F.);
#3817 = ADVANCED_FACE('',(#3818),#790,.T.);
#3818 = FACE_BOUND('',#3819,.T.);
#3819 = EDGE_LOOP('',(#3820,#3821,#3822,#3823));
#3820 = ORIENTED_EDGE('',*,*,#775,.F.);
#3821 = ORIENTED_EDGE('',*,*,#3795,.T.);
#3822 = ORIENTED_EDGE('',*,*,#2187,.T.);
#3823 = ORIENTED_EDGE('',*,*,#3824,.F.);
#3824 = EDGE_CURVE('',#750,#2167,#3825,.T.);
#3825 = SURFACE_CURVE('',#3826,(#3830,#3837),.PCURVE_S1.);
#3826 = LINE('',#3827,#3828);
#3827 = CARTESIAN_POINT('',(-17.39423167868,2.880488845061,
    -2.946869588815));
#3828 = VECTOR('',#3829,1.);
#3829 = DIRECTION('',(1.,-4.55307998944E-17,0.));
#3830 = PCURVE('',#790,#3831);
#3831 = DEFINITIONAL_REPRESENTATION('',(#3832),#3836);
#3832 = LINE('',#3833,#3834);
#3833 = CARTESIAN_POINT('',(-0.80100726798,-9.244463733059E-33));
#3834 = VECTOR('',#3835,1.);
#3835 = DIRECTION('',(3.55974127794E-17,1.));
#3836 = ( GEOMETRIC_REPRESENTATION_CONTEXT(2) 
PARAMETRIC_REPRESENTATION_CONTEXT() REPRESENTATION_CONTEXT('2D SPACE',''
  ) );
#3837 = PCURVE('',#764,#3838);
#3838 = DEFINITIONAL_REPRESENTATION('',(#3839),#3843);
#3839 = LINE('',#3840,#3841);
#3840 = CARTESIAN_POINT('',(1.016,-6.162975822039E-33));
#3841 = VECTOR('',#3842,1.);
#3842 = DIRECTION('',(2.838798940463E-17,1.));
#3843 = ( GEOMETRIC_REPRESENTATION_CONTEXT(2) 
PARAMETRIC_REPRESENTATION_CONTEXT() REPRESENTATION_CONTEXT('2D SPACE',''
  ) );
#3844 = ADVANCED_FACE('',(#3845),#764,.T.);
#3845 = FACE_BOUND('',#3846,.T.);
#3846 = EDGE_LOOP('',(#3847,#3848,#3849,#3850));
#3847 = ORIENTED_EDGE('',*,*,#749,.F.);
#3848 = ORIENTED_EDGE('',*,*,#3824,.T.);
#3849 = ORIENTED_EDGE('',*,*,#2166,.T.);
#3850 = ORIENTED_EDGE('',*,*,#3851,.F.);
#3851 = EDGE_CURVE('',#724,#2146,#3852,.T.);
#3852 = SURFACE_CURVE('',#3853,(#3857,#3864),.PCURVE_S1.);
#3853 = LINE('',#3854,#3855);
#3854 = CARTESIAN_POINT('',(-17.39423167868,3.513954483749,
    -2.152528802627));
#3855 = VECTOR('',#3856,1.);
#3856 = DIRECTION('',(1.,-4.55307998944E-17,0.));
#3857 = PCURVE('',#764,#3858);
#3858 = DEFINITIONAL_REPRESENTATION('',(#3859),#3863);
#3859 = LINE('',#3860,#3861);
#3860 = CARTESIAN_POINT('',(0.,0.));
#3861 = VECTOR('',#3862,1.);
#3862 = DIRECTION('',(2.838798940463E-17,1.));
#3863 = ( GEOMETRIC_REPRESENTATION_CONTEXT(2) 
PARAMETRIC_REPRESENTATION_CONTEXT() REPRESENTATION_CONTEXT('2D SPACE',''
  ) );
#3864 = PCURVE('',#738,#3865);
#3865 = DEFINITIONAL_REPRESENTATION('',(#3866),#3870);
#3866 = LINE('',#3867,#3868);
#3867 = CARTESIAN_POINT('',(0.80100726798,-6.162975822039E-33));
#3868 = VECTOR('',#3869,1.);
#3869 = DIRECTION('',(-3.55974127794E-17,1.));
#3870 = ( GEOMETRIC_REPRESENTATION_CONTEXT(2) 
PARAMETRIC_REPRESENTATION_CONTEXT() REPRESENTATION_CONTEXT('2D SPACE',''
  ) );
#3871 = ADVANCED_FACE('',(#3872),#738,.T.);
#3872 = FACE_BOUND('',#3873,.T.);
#3873 = EDGE_LOOP('',(#3874,#3875,#3876,#3877));
#3874 = ORIENTED_EDGE('',*,*,#723,.F.);
#3875 = ORIENTED_EDGE('',*,*,#3851,.T.);
#3876 = ORIENTED_EDGE('',*,*,#2145,.T.);
#3877 = ORIENTED_EDGE('',*,*,#3878,.F.);
#3878 = EDGE_CURVE('',#695,#2122,#3879,.T.);
#3879 = SURFACE_CURVE('',#3880,(#3884,#3891),.PCURVE_S1.);
#3880 = LINE('',#3881,#3882);
#3881 = CARTESIAN_POINT('',(-17.39423167868,2.887701783956,
    -1.653108939827));
#3882 = VECTOR('',#3883,1.);
#3883 = DIRECTION('',(1.,-4.55307998944E-17,0.));
#3884 = PCURVE('',#738,#3885);
#3885 = DEFINITIONAL_REPRESENTATION('',(#3886),#3890);
#3886 = LINE('',#3887,#3888);
#3887 = CARTESIAN_POINT('',(0.,0.));
#3888 = VECTOR('',#3889,1.);
#3889 = DIRECTION('',(-3.55974127794E-17,1.));
#3890 = ( GEOMETRIC_REPRESENTATION_CONTEXT(2) 
PARAMETRIC_REPRESENTATION_CONTEXT() REPRESENTATION_CONTEXT('2D SPACE',''
  ) );
#3891 = PCURVE('',#711,#3892);
#3892 = DEFINITIONAL_REPRESENTATION('',(#3893),#3897);
#3893 = LINE('',#3894,#3895);
#3894 = CARTESIAN_POINT('',(2.621665387973,-22.72823167868));
#3895 = VECTOR('',#3896,1.);
#3896 = DIRECTION('',(0.,1.));
#3897 = ( GEOMETRIC_REPRESENTATION_CONTEXT(2) 
PARAMETRIC_REPRESENTATION_CONTEXT() REPRESENTATION_CONTEXT('2D SPACE',''
  ) );
#3898 = ADVANCED_FACE('',(#3899),#711,.F.);
#3899 = FACE_BOUND('',#3900,.F.);
#3900 = EDGE_LOOP('',(#3901,#3902,#3923,#3924));
#3901 = ORIENTED_EDGE('',*,*,#694,.T.);
#3902 = ORIENTED_EDGE('',*,*,#3903,.T.);
#3903 = EDGE_CURVE('',#669,#2101,#3904,.T.);
#3904 = SURFACE_CURVE('',#3905,(#3909,#3916),.PCURVE_S1.);
#3905 = LINE('',#3906,#3907);
#3906 = CARTESIAN_POINT('',(-17.39423167868,3.092905226212,
    -1.226999601333));
#3907 = VECTOR('',#3908,1.);
#3908 = DIRECTION('',(1.,-4.55307998944E-17,0.));
#3909 = PCURVE('',#711,#3910);
#3910 = DEFINITIONAL_REPRESENTATION('',(#3911),#3915);
#3911 = LINE('',#3912,#3913);
#3912 = CARTESIAN_POINT('',(2.763922018181,-22.72823167868));
#3913 = VECTOR('',#3914,1.);
#3914 = DIRECTION('',(0.,1.));
#3915 = ( GEOMETRIC_REPRESENTATION_CONTEXT(2) 
PARAMETRIC_REPRESENTATION_CONTEXT() REPRESENTATION_CONTEXT('2D SPACE',''
  ) );
#3916 = PCURVE('',#683,#3917);
#3917 = DEFINITIONAL_REPRESENTATION('',(#3918),#3922);
#3918 = LINE('',#3919,#3920);
#3919 = CARTESIAN_POINT('',(0.,0.));
#3920 = VECTOR('',#3921,1.);
#3921 = DIRECTION('',(4.438924768102E-17,1.));
#3922 = ( GEOMETRIC_REPRESENTATION_CONTEXT(2) 
PARAMETRIC_REPRESENTATION_CONTEXT() REPRESENTATION_CONTEXT('2D SPACE',''
  ) );
#3923 = ORIENTED_EDGE('',*,*,#2121,.F.);
#3924 = ORIENTED_EDGE('',*,*,#3878,.F.);
#3925 = ADVANCED_FACE('',(#3926),#683,.T.);
#3926 = FACE_BOUND('',#3927,.T.);
#3927 = EDGE_LOOP('',(#3928,#3929,#3930,#3931));
#3928 = ORIENTED_EDGE('',*,*,#668,.F.);
#3929 = ORIENTED_EDGE('',*,*,#3903,.T.);
#3930 = ORIENTED_EDGE('',*,*,#2100,.T.);
#3931 = ORIENTED_EDGE('',*,*,#3932,.F.);
#3932 = EDGE_CURVE('',#643,#2080,#3933,.T.);
#3933 = SURFACE_CURVE('',#3934,(#3938,#3945),.PCURVE_S1.);
#3934 = LINE('',#3935,#3936);
#3935 = CARTESIAN_POINT('',(-17.39423167868,3.873829569627,
    -1.405240486709));
#3936 = VECTOR('',#3937,1.);
#3937 = DIRECTION('',(1.,-4.55307998944E-17,0.));
#3938 = PCURVE('',#683,#3939);
#3939 = DEFINITIONAL_REPRESENTATION('',(#3940),#3944);
#3940 = LINE('',#3941,#3942);
#3941 = CARTESIAN_POINT('',(-0.80100726798,0.));
#3942 = VECTOR('',#3943,1.);
#3943 = DIRECTION('',(4.438924768102E-17,1.));
#3944 = ( GEOMETRIC_REPRESENTATION_CONTEXT(2) 
PARAMETRIC_REPRESENTATION_CONTEXT() REPRESENTATION_CONTEXT('2D SPACE',''
  ) );
#3945 = PCURVE('',#657,#3946);
#3946 = DEFINITIONAL_REPRESENTATION('',(#3947),#3951);
#3947 = LINE('',#3948,#3949);
#3948 = CARTESIAN_POINT('',(1.016,7.703719777549E-33));
#3949 = VECTOR('',#3950,1.);
#3950 = DIRECTION('',(1.013155611628E-17,1.));
#3951 = ( GEOMETRIC_REPRESENTATION_CONTEXT(2) 
PARAMETRIC_REPRESENTATION_CONTEXT() REPRESENTATION_CONTEXT('2D SPACE',''
  ) );
#3952 = ADVANCED_FACE('',(#3953),#657,.T.);
#3953 = FACE_BOUND('',#3954,.T.);
#3954 = EDGE_LOOP('',(#3955,#3956,#3957,#3958));
#3955 = ORIENTED_EDGE('',*,*,#642,.F.);
#3956 = ORIENTED_EDGE('',*,*,#3932,.T.);
#3957 = ORIENTED_EDGE('',*,*,#2079,.T.);
#3958 = ORIENTED_EDGE('',*,*,#3959,.F.);
#3959 = EDGE_CURVE('',#617,#2059,#3960,.T.);
#3960 = SURFACE_CURVE('',#3961,(#3965,#3972),.PCURVE_S1.);
#3961 = LINE('',#3962,#3963);
#3962 = CARTESIAN_POINT('',(-17.39423167868,4.099910838526,
    -0.414713727933));
#3963 = VECTOR('',#3964,1.);
#3964 = DIRECTION('',(1.,-4.55307998944E-17,0.));
#3965 = PCURVE('',#657,#3966);
#3966 = DEFINITIONAL_REPRESENTATION('',(#3967),#3971);
#3967 = LINE('',#3968,#3969);
#3968 = CARTESIAN_POINT('',(0.,0.));
#3969 = VECTOR('',#3970,1.);
#3970 = DIRECTION('',(1.013155611628E-17,1.));
#3971 = ( GEOMETRIC_REPRESENTATION_CONTEXT(2) 
PARAMETRIC_REPRESENTATION_CONTEXT() REPRESENTATION_CONTEXT('2D SPACE',''
  ) );
#3972 = PCURVE('',#631,#3973);
#3973 = DEFINITIONAL_REPRESENTATION('',(#3974),#3978);
#3974 = LINE('',#3975,#3976);
#3975 = CARTESIAN_POINT('',(0.80100726798,3.851859888774E-34));
#3976 = VECTOR('',#3977,1.);
#3977 = DIRECTION('',(-4.438924768102E-17,1.));
#3978 = ( GEOMETRIC_REPRESENTATION_CONTEXT(2) 
PARAMETRIC_REPRESENTATION_CONTEXT() REPRESENTATION_CONTEXT('2D SPACE',''
  ) );
#3979 = ADVANCED_FACE('',(#3980),#631,.T.);
#3980 = FACE_BOUND('',#3981,.T.);
#3981 = EDGE_LOOP('',(#3982,#3983,#3984,#3985));
#3982 = ORIENTED_EDGE('',*,*,#616,.F.);
#3983 = ORIENTED_EDGE('',*,*,#3959,.T.);
#3984 = ORIENTED_EDGE('',*,*,#2058,.T.);
#3985 = ORIENTED_EDGE('',*,*,#2887,.F.);
#3986 = ADVANCED_FACE('',(#3987),#561,.T.);
#3987 = FACE_BOUND('',#3988,.T.);
#3988 = EDGE_LOOP('',(#3989,#3990,#3991,#3992));
#3989 = ORIENTED_EDGE('',*,*,#546,.F.);
#3990 = ORIENTED_EDGE('',*,*,#1655,.T.);
#3991 = ORIENTED_EDGE('',*,*,#2013,.T.);
#3992 = ORIENTED_EDGE('',*,*,#3993,.F.);
#3993 = EDGE_CURVE('',#518,#1990,#3994,.T.);
#3994 = SURFACE_CURVE('',#3995,(#3999,#4006),.PCURVE_S1.);
#3995 = LINE('',#3996,#3997);
#3996 = CARTESIAN_POINT('',(-17.39423167868,3.092905226212,
    1.226999601333));
#3997 = VECTOR('',#3998,1.);
#3998 = DIRECTION('',(1.,-4.55307998944E-17,0.));
#3999 = PCURVE('',#561,#4000);
#4000 = DEFINITIONAL_REPRESENTATION('',(#4001),#4005);
#4001 = LINE('',#4002,#4003);
#4002 = CARTESIAN_POINT('',(0.,0.));
#4003 = VECTOR('',#4004,1.);
#4004 = DIRECTION('',(-4.438924768102E-17,1.));
#4005 = ( GEOMETRIC_REPRESENTATION_CONTEXT(2) 
PARAMETRIC_REPRESENTATION_CONTEXT() REPRESENTATION_CONTEXT('2D SPACE',''
  ) );
#4006 = PCURVE('',#534,#4007);
#4007 = DEFINITIONAL_REPRESENTATION('',(#4008),#4012);
#4008 = LINE('',#4009,#4010);
#4009 = CARTESIAN_POINT('',(3.519263288998,-22.72823167868));
#4010 = VECTOR('',#4011,1.);
#4011 = DIRECTION('',(0.,1.));
#4012 = ( GEOMETRIC_REPRESENTATION_CONTEXT(2) 
PARAMETRIC_REPRESENTATION_CONTEXT() REPRESENTATION_CONTEXT('2D SPACE',''
  ) );
#4013 = ADVANCED_FACE('',(#4014),#534,.F.);
#4014 = FACE_BOUND('',#4015,.F.);
#4015 = EDGE_LOOP('',(#4016,#4017,#4038,#4039));
#4016 = ORIENTED_EDGE('',*,*,#517,.T.);
#4017 = ORIENTED_EDGE('',*,*,#4018,.T.);
#4018 = EDGE_CURVE('',#492,#1969,#4019,.T.);
#4019 = SURFACE_CURVE('',#4020,(#4024,#4031),.PCURVE_S1.);
#4020 = LINE('',#4021,#4022);
#4021 = CARTESIAN_POINT('',(-17.39423167868,2.887701783956,
    1.653108939827));
#4022 = VECTOR('',#4023,1.);
#4023 = DIRECTION('',(1.,-4.55307998944E-17,0.));
#4024 = PCURVE('',#534,#4025);
#4025 = DEFINITIONAL_REPRESENTATION('',(#4026),#4030);
#4026 = LINE('',#4027,#4028);
#4027 = CARTESIAN_POINT('',(3.661519919207,-22.72823167868));
#4028 = VECTOR('',#4029,1.);
#4029 = DIRECTION('',(0.,1.));
#4030 = ( GEOMETRIC_REPRESENTATION_CONTEXT(2) 
PARAMETRIC_REPRESENTATION_CONTEXT() REPRESENTATION_CONTEXT('2D SPACE',''
  ) );
#4031 = PCURVE('',#506,#4032);
#4032 = DEFINITIONAL_REPRESENTATION('',(#4033),#4037);
#4033 = LINE('',#4034,#4035);
#4034 = CARTESIAN_POINT('',(-0.,0.));
#4035 = VECTOR('',#4036,1.);
#4036 = DIRECTION('',(3.55974127794E-17,1.));
#4037 = ( GEOMETRIC_REPRESENTATION_CONTEXT(2) 
PARAMETRIC_REPRESENTATION_CONTEXT() REPRESENTATION_CONTEXT('2D SPACE',''
  ) );
#4038 = ORIENTED_EDGE('',*,*,#1989,.F.);
#4039 = ORIENTED_EDGE('',*,*,#3993,.F.);
#4040 = ADVANCED_FACE('',(#4041),#506,.T.);
#4041 = FACE_BOUND('',#4042,.T.);
#4042 = EDGE_LOOP('',(#4043,#4044,#4045,#4046));
#4043 = ORIENTED_EDGE('',*,*,#491,.F.);
#4044 = ORIENTED_EDGE('',*,*,#4018,.T.);
#4045 = ORIENTED_EDGE('',*,*,#1968,.T.);
#4046 = ORIENTED_EDGE('',*,*,#4047,.F.);
#4047 = EDGE_CURVE('',#466,#1948,#4048,.T.);
#4048 = SURFACE_CURVE('',#4049,(#4053,#4060),.PCURVE_S1.);
#4049 = LINE('',#4050,#4051);
#4050 = CARTESIAN_POINT('',(-17.39423167868,3.513954483749,
    2.152528802627));
#4051 = VECTOR('',#4052,1.);
#4052 = DIRECTION('',(1.,-4.55307998944E-17,0.));
#4053 = PCURVE('',#506,#4054);
#4054 = DEFINITIONAL_REPRESENTATION('',(#4055),#4059);
#4055 = LINE('',#4056,#4057);
#4056 = CARTESIAN_POINT('',(-0.80100726798,-4.622231866529E-33));
#4057 = VECTOR('',#4058,1.);
#4058 = DIRECTION('',(3.55974127794E-17,1.));
#4059 = ( GEOMETRIC_REPRESENTATION_CONTEXT(2) 
PARAMETRIC_REPRESENTATION_CONTEXT() REPRESENTATION_CONTEXT('2D SPACE',''
  ) );
#4060 = PCURVE('',#480,#4061);
#4061 = DEFINITIONAL_REPRESENTATION('',(#4062),#4066);
#4062 = LINE('',#4063,#4064);
#4063 = CARTESIAN_POINT('',(1.016,9.244463733059E-33));
#4064 = VECTOR('',#4065,1.);
#4065 = DIRECTION('',(-2.838798940463E-17,1.));
#4066 = ( GEOMETRIC_REPRESENTATION_CONTEXT(2) 
PARAMETRIC_REPRESENTATION_CONTEXT() REPRESENTATION_CONTEXT('2D SPACE',''
  ) );
#4067 = ADVANCED_FACE('',(#4068),#480,.T.);
#4068 = FACE_BOUND('',#4069,.T.);
#4069 = EDGE_LOOP('',(#4070,#4071,#4072,#4073));
#4070 = ORIENTED_EDGE('',*,*,#465,.F.);
#4071 = ORIENTED_EDGE('',*,*,#4047,.T.);
#4072 = ORIENTED_EDGE('',*,*,#1947,.T.);
#4073 = ORIENTED_EDGE('',*,*,#4074,.F.);
#4074 = EDGE_CURVE('',#440,#1927,#4075,.T.);
#4075 = SURFACE_CURVE('',#4076,(#4080,#4087),.PCURVE_S1.);
#4076 = LINE('',#4077,#4078);
#4077 = CARTESIAN_POINT('',(-17.39423167868,2.880488845061,
    2.946869588815));
#4078 = VECTOR('',#4079,1.);
#4079 = DIRECTION('',(1.,-4.55307998944E-17,0.));
#4080 = PCURVE('',#480,#4081);
#4081 = DEFINITIONAL_REPRESENTATION('',(#4082),#4086);
#4082 = LINE('',#4083,#4084);
#4083 = CARTESIAN_POINT('',(0.,0.));
#4084 = VECTOR('',#4085,1.);
#4085 = DIRECTION('',(-2.838798940463E-17,1.));
#4086 = ( GEOMETRIC_REPRESENTATION_CONTEXT(2) 
PARAMETRIC_REPRESENTATION_CONTEXT() REPRESENTATION_CONTEXT('2D SPACE',''
  ) );
#4087 = PCURVE('',#454,#4088);
#4088 = DEFINITIONAL_REPRESENTATION('',(#4089),#4093);
#4089 = LINE('',#4090,#4091);
#4090 = CARTESIAN_POINT('',(0.80100726798,-3.08148791102E-33));
#4091 = VECTOR('',#4092,1.);
#4092 = DIRECTION('',(-3.55974127794E-17,1.));
#4093 = ( GEOMETRIC_REPRESENTATION_CONTEXT(2) 
PARAMETRIC_REPRESENTATION_CONTEXT() REPRESENTATION_CONTEXT('2D SPACE',''
  ) );
#4094 = ADVANCED_FACE('',(#4095),#454,.T.);
#4095 = FACE_BOUND('',#4096,.T.);
#4096 = EDGE_LOOP('',(#4097,#4098,#4099,#4100));
#4097 = ORIENTED_EDGE('',*,*,#439,.F.);
#4098 = ORIENTED_EDGE('',*,*,#4074,.T.);
#4099 = ORIENTED_EDGE('',*,*,#1926,.T.);
#4100 = ORIENTED_EDGE('',*,*,#4101,.F.);
#4101 = EDGE_CURVE('',#411,#1903,#4102,.T.);
#4102 = SURFACE_CURVE('',#4103,(#4107,#4114),.PCURVE_S1.);
#4103 = LINE('',#4104,#4105);
#4104 = CARTESIAN_POINT('',(-17.39423167868,2.254236145268,
    2.447449726014));
#4105 = VECTOR('',#4106,1.);
#4106 = DIRECTION('',(1.,-4.55307998944E-17,0.));
#4107 = PCURVE('',#454,#4108);
#4108 = DEFINITIONAL_REPRESENTATION('',(#4109),#4113);
#4109 = LINE('',#4110,#4111);
#4110 = CARTESIAN_POINT('',(0.,0.));
#4111 = VECTOR('',#4112,1.);
#4112 = DIRECTION('',(-3.55974127794E-17,1.));
#4113 = ( GEOMETRIC_REPRESENTATION_CONTEXT(2) 
PARAMETRIC_REPRESENTATION_CONTEXT() REPRESENTATION_CONTEXT('2D SPACE',''
  ) );
#4114 = PCURVE('',#427,#4115);
#4115 = DEFINITIONAL_REPRESENTATION('',(#4116),#4120);
#4116 = LINE('',#4117,#4118);
#4117 = CARTESIAN_POINT('',(3.968062239511,-22.72823167868));
#4118 = VECTOR('',#4119,1.);
#4119 = DIRECTION('',(0.,1.));
#4120 = ( GEOMETRIC_REPRESENTATION_CONTEXT(2) 
PARAMETRIC_REPRESENTATION_CONTEXT() REPRESENTATION_CONTEXT('2D SPACE',''
  ) );
#4121 = ADVANCED_FACE('',(#4122),#427,.F.);
#4122 = FACE_BOUND('',#4123,.F.);
#4123 = EDGE_LOOP('',(#4124,#4125,#4146,#4147));
#4124 = ORIENTED_EDGE('',*,*,#410,.T.);
#4125 = ORIENTED_EDGE('',*,*,#4126,.T.);
#4126 = EDGE_CURVE('',#385,#1882,#4127,.T.);
#4127 = SURFACE_CURVE('',#4128,(#4132,#4139),.PCURVE_S1.);
#4128 = LINE('',#4129,#4130);
#4129 = CARTESIAN_POINT('',(-17.39423167868,1.88447231915,2.742326537515
    ));
#4130 = VECTOR('',#4131,1.);
#4131 = DIRECTION('',(1.,-4.55307998944E-17,0.));
#4132 = PCURVE('',#427,#4133);
#4133 = DEFINITIONAL_REPRESENTATION('',(#4134),#4138);
#4134 = LINE('',#4135,#4136);
#4135 = CARTESIAN_POINT('',(4.11031886972,-22.72823167868));
#4136 = VECTOR('',#4137,1.);
#4137 = DIRECTION('',(0.,1.));
#4138 = ( GEOMETRIC_REPRESENTATION_CONTEXT(2) 
PARAMETRIC_REPRESENTATION_CONTEXT() REPRESENTATION_CONTEXT('2D SPACE',''
  ) );
#4139 = PCURVE('',#399,#4140);
#4140 = DEFINITIONAL_REPRESENTATION('',(#4141),#4145);
#4141 = LINE('',#4142,#4143);
#4142 = CARTESIAN_POINT('',(0.,0.));
#4143 = VECTOR('',#4144,1.);
#4144 = DIRECTION('',(1.97550737032E-17,1.));
#4145 = ( GEOMETRIC_REPRESENTATION_CONTEXT(2) 
PARAMETRIC_REPRESENTATION_CONTEXT() REPRESENTATION_CONTEXT('2D SPACE',''
  ) );
#4146 = ORIENTED_EDGE('',*,*,#1902,.F.);
#4147 = ORIENTED_EDGE('',*,*,#4101,.F.);
#4148 = ADVANCED_FACE('',(#4149),#399,.T.);
#4149 = FACE_BOUND('',#4150,.T.);
#4150 = EDGE_LOOP('',(#4151,#4152,#4153,#4154));
#4151 = ORIENTED_EDGE('',*,*,#384,.F.);
#4152 = ORIENTED_EDGE('',*,*,#4126,.T.);
#4153 = ORIENTED_EDGE('',*,*,#1881,.T.);
#4154 = ORIENTED_EDGE('',*,*,#4155,.F.);
#4155 = EDGE_CURVE('',#359,#1861,#4156,.T.);
#4156 = SURFACE_CURVE('',#4157,(#4161,#4168),.PCURVE_S1.);
#4157 = LINE('',#4158,#4159);
#4158 = CARTESIAN_POINT('',(-17.39423167868,2.232016347642,
    3.464009148928));
#4159 = VECTOR('',#4160,1.);
#4160 = DIRECTION('',(1.,-4.55307998944E-17,0.));
#4161 = PCURVE('',#399,#4162);
#4162 = DEFINITIONAL_REPRESENTATION('',(#4163),#4167);
#4163 = LINE('',#4164,#4165);
#4164 = CARTESIAN_POINT('',(-0.80100726798,-6.162975822039E-33));
#4165 = VECTOR('',#4166,1.);
#4166 = DIRECTION('',(1.97550737032E-17,1.));
#4167 = ( GEOMETRIC_REPRESENTATION_CONTEXT(2) 
PARAMETRIC_REPRESENTATION_CONTEXT() REPRESENTATION_CONTEXT('2D SPACE',''
  ) );
#4168 = PCURVE('',#373,#4169);
#4169 = DEFINITIONAL_REPRESENTATION('',(#4170),#4174);
#4170 = LINE('',#4171,#4172);
#4171 = CARTESIAN_POINT('',(1.016,6.162975822039E-33));
#4172 = VECTOR('',#4173,1.);
#4173 = DIRECTION('',(-4.102183323555E-17,1.));
#4174 = ( GEOMETRIC_REPRESENTATION_CONTEXT(2) 
PARAMETRIC_REPRESENTATION_CONTEXT() REPRESENTATION_CONTEXT('2D SPACE',''
  ) );
#4175 = ADVANCED_FACE('',(#4176),#373,.T.);
#4176 = FACE_BOUND('',#4177,.T.);
#4177 = EDGE_LOOP('',(#4178,#4179,#4180,#4181));
#4178 = ORIENTED_EDGE('',*,*,#358,.F.);
#4179 = ORIENTED_EDGE('',*,*,#4155,.T.);
#4180 = ORIENTED_EDGE('',*,*,#1860,.T.);
#4181 = ORIENTED_EDGE('',*,*,#4182,.F.);
#4182 = EDGE_CURVE('',#333,#1840,#4183,.T.);
#4183 = SURFACE_CURVE('',#4184,(#4188,#4195),.PCURVE_S1.);
#4184 = LINE('',#4185,#4186);
#4185 = CARTESIAN_POINT('',(-17.39423167868,1.316631977853,
    3.904835027872));
#4186 = VECTOR('',#4187,1.);
#4187 = DIRECTION('',(1.,-4.55307998944E-17,0.));
#4188 = PCURVE('',#373,#4189);
#4189 = DEFINITIONAL_REPRESENTATION('',(#4190),#4194);
#4190 = LINE('',#4191,#4192);
#4191 = CARTESIAN_POINT('',(-9.1361930058E-15,-7.182523362256E-34));
#4192 = VECTOR('',#4193,1.);
#4193 = DIRECTION('',(-4.102183323555E-17,1.));
#4194 = ( GEOMETRIC_REPRESENTATION_CONTEXT(2) 
PARAMETRIC_REPRESENTATION_CONTEXT() REPRESENTATION_CONTEXT('2D SPACE',''
  ) );
#4195 = PCURVE('',#347,#4196);
#4196 = DEFINITIONAL_REPRESENTATION('',(#4197),#4201);
#4197 = LINE('',#4198,#4199);
#4198 = CARTESIAN_POINT('',(0.80100726798,-1.54074395551E-33));
#4199 = VECTOR('',#4200,1.);
#4200 = DIRECTION('',(-1.97550737032E-17,1.));
#4201 = ( GEOMETRIC_REPRESENTATION_CONTEXT(2) 
PARAMETRIC_REPRESENTATION_CONTEXT() REPRESENTATION_CONTEXT('2D SPACE',''
  ) );
#4202 = ADVANCED_FACE('',(#4203),#347,.T.);
#4203 = FACE_BOUND('',#4204,.T.);
#4204 = EDGE_LOOP('',(#4205,#4206,#4207,#4208));
#4205 = ORIENTED_EDGE('',*,*,#332,.F.);
#4206 = ORIENTED_EDGE('',*,*,#4182,.T.);
#4207 = ORIENTED_EDGE('',*,*,#1839,.T.);
#4208 = ORIENTED_EDGE('',*,*,#4209,.F.);
#4209 = EDGE_CURVE('',#304,#1816,#4210,.T.);
#4210 = SURFACE_CURVE('',#4211,(#4215,#4222),.PCURVE_S1.);
#4211 = LINE('',#4212,#4213);
#4212 = CARTESIAN_POINT('',(-17.39423167868,0.969087949361,
    3.183152416458));
#4213 = VECTOR('',#4214,1.);
#4214 = DIRECTION('',(1.,-4.55307998944E-17,0.));
#4215 = PCURVE('',#347,#4216);
#4216 = DEFINITIONAL_REPRESENTATION('',(#4217),#4221);
#4217 = LINE('',#4218,#4219);
#4218 = CARTESIAN_POINT('',(0.,0.));
#4219 = VECTOR('',#4220,1.);
#4220 = DIRECTION('',(-1.97550737032E-17,1.));
#4221 = ( GEOMETRIC_REPRESENTATION_CONTEXT(2) 
PARAMETRIC_REPRESENTATION_CONTEXT() REPRESENTATION_CONTEXT('2D SPACE',''
  ) );
#4222 = PCURVE('',#320,#4223);
#4223 = DEFINITIONAL_REPRESENTATION('',(#4224),#4228);
#4224 = LINE('',#4225,#4226);
#4225 = CARTESIAN_POINT('',(4.416861190024,-22.72823167868));
#4226 = VECTOR('',#4227,1.);
#4227 = DIRECTION('',(0.,1.));
#4228 = ( GEOMETRIC_REPRESENTATION_CONTEXT(2) 
PARAMETRIC_REPRESENTATION_CONTEXT() REPRESENTATION_CONTEXT('2D SPACE',''
  ) );
#4229 = ADVANCED_FACE('',(#4230),#320,.F.);
#4230 = FACE_BOUND('',#4231,.F.);
#4231 = EDGE_LOOP('',(#4232,#4233,#4254,#4255));
#4232 = ORIENTED_EDGE('',*,*,#303,.T.);
#4233 = ORIENTED_EDGE('',*,*,#4234,.T.);
#4234 = EDGE_CURVE('',#278,#1795,#4235,.T.);
#4235 = SURFACE_CURVE('',#4236,(#4240,#4247),.PCURVE_S1.);
#4236 = LINE('',#4237,#4238);
#4237 = CARTESIAN_POINT('',(-17.39423167868,0.508,3.28839273202));
#4238 = VECTOR('',#4239,1.);
#4239 = DIRECTION('',(1.,-4.55307998944E-17,0.));
#4240 = PCURVE('',#320,#4241);
#4241 = DEFINITIONAL_REPRESENTATION('',(#4242),#4246);
#4242 = LINE('',#4243,#4244);
#4243 = CARTESIAN_POINT('',(4.559117820233,-22.72823167868));
#4244 = VECTOR('',#4245,1.);
#4245 = DIRECTION('',(0.,1.));
#4246 = ( GEOMETRIC_REPRESENTATION_CONTEXT(2) 
PARAMETRIC_REPRESENTATION_CONTEXT() REPRESENTATION_CONTEXT('2D SPACE',''
  ) );
#4247 = PCURVE('',#292,#4248);
#4248 = DEFINITIONAL_REPRESENTATION('',(#4249),#4253);
#4249 = LINE('',#4250,#4251);
#4250 = CARTESIAN_POINT('',(0.,0.));
#4251 = VECTOR('',#4252,1.);
#4252 = DIRECTION('',(1.,0.));
#4253 = ( GEOMETRIC_REPRESENTATION_CONTEXT(2) 
PARAMETRIC_REPRESENTATION_CONTEXT() REPRESENTATION_CONTEXT('2D SPACE',''
  ) );
#4254 = ORIENTED_EDGE('',*,*,#1815,.F.);
#4255 = ORIENTED_EDGE('',*,*,#4209,.F.);
#4256 = ADVANCED_FACE('',(#4257),#292,.T.);
#4257 = FACE_BOUND('',#4258,.T.);
#4258 = EDGE_LOOP('',(#4259,#4260,#4261,#4262));
#4259 = ORIENTED_EDGE('',*,*,#277,.F.);
#4260 = ORIENTED_EDGE('',*,*,#4234,.T.);
#4261 = ORIENTED_EDGE('',*,*,#1794,.T.);
#4262 = ORIENTED_EDGE('',*,*,#4263,.F.);
#4263 = EDGE_CURVE('',#252,#1774,#4264,.T.);
#4264 = SURFACE_CURVE('',#4265,(#4269,#4276),.PCURVE_S1.);
#4265 = LINE('',#4266,#4267);
#4266 = CARTESIAN_POINT('',(-17.39423167868,0.508,4.0894));
#4267 = VECTOR('',#4268,1.);
#4268 = DIRECTION('',(1.,-4.55307998944E-17,0.));
#4269 = PCURVE('',#292,#4270);
#4270 = DEFINITIONAL_REPRESENTATION('',(#4271),#4275);
#4271 = LINE('',#4272,#4273);
#4272 = CARTESIAN_POINT('',(0.,0.80100726798));
#4273 = VECTOR('',#4274,1.);
#4274 = DIRECTION('',(1.,0.));
#4275 = ( GEOMETRIC_REPRESENTATION_CONTEXT(2) 
PARAMETRIC_REPRESENTATION_CONTEXT() REPRESENTATION_CONTEXT('2D SPACE',''
  ) );
#4276 = PCURVE('',#266,#4277);
#4277 = DEFINITIONAL_REPRESENTATION('',(#4278),#4282);
#4278 = LINE('',#4279,#4280);
#4279 = CARTESIAN_POINT('',(0.,1.016));
#4280 = VECTOR('',#4281,1.);
#4281 = DIRECTION('',(-1.,-4.55307998944E-17));
#4282 = ( GEOMETRIC_REPRESENTATION_CONTEXT(2) 
PARAMETRIC_REPRESENTATION_CONTEXT() REPRESENTATION_CONTEXT('2D SPACE',''
  ) );
#4283 = ADVANCED_FACE('',(#4284),#266,.T.);
#4284 = FACE_BOUND('',#4285,.T.);
#4285 = EDGE_LOOP('',(#4286,#4287,#4288,#4289));
#4286 = ORIENTED_EDGE('',*,*,#251,.F.);
#4287 = ORIENTED_EDGE('',*,*,#4263,.T.);
#4288 = ORIENTED_EDGE('',*,*,#1773,.T.);
#4289 = ORIENTED_EDGE('',*,*,#4290,.F.);
#4290 = EDGE_CURVE('',#226,#1753,#4291,.T.);
#4291 = SURFACE_CURVE('',#4292,(#4296,#4303),.PCURVE_S1.);
#4292 = LINE('',#4293,#4294);
#4293 = CARTESIAN_POINT('',(-17.39423167868,-0.508,4.0894));
#4294 = VECTOR('',#4295,1.);
#4295 = DIRECTION('',(1.,-4.55307998944E-17,0.));
#4296 = PCURVE('',#266,#4297);
#4297 = DEFINITIONAL_REPRESENTATION('',(#4298),#4302);
#4298 = LINE('',#4299,#4300);
#4299 = CARTESIAN_POINT('',(0.,0.));
#4300 = VECTOR('',#4301,1.);
#4301 = DIRECTION('',(-1.,-4.55307998944E-17));
#4302 = ( GEOMETRIC_REPRESENTATION_CONTEXT(2) 
PARAMETRIC_REPRESENTATION_CONTEXT() REPRESENTATION_CONTEXT('2D SPACE',''
  ) );
#4303 = PCURVE('',#240,#4304);
#4304 = DEFINITIONAL_REPRESENTATION('',(#4305),#4309);
#4305 = LINE('',#4306,#4307);
#4306 = CARTESIAN_POINT('',(0.,0.80100726798));
#4307 = VECTOR('',#4308,1.);
#4308 = DIRECTION('',(-1.,0.));
#4309 = ( GEOMETRIC_REPRESENTATION_CONTEXT(2) 
PARAMETRIC_REPRESENTATION_CONTEXT() REPRESENTATION_CONTEXT('2D SPACE',''
  ) );
#4310 = ADVANCED_FACE('',(#4311),#240,.T.);
#4311 = FACE_BOUND('',#4312,.T.);
#4312 = EDGE_LOOP('',(#4313,#4314,#4315,#4316));
#4313 = ORIENTED_EDGE('',*,*,#225,.F.);
#4314 = ORIENTED_EDGE('',*,*,#4290,.T.);
#4315 = ORIENTED_EDGE('',*,*,#1752,.T.);
#4316 = ORIENTED_EDGE('',*,*,#4317,.F.);
#4317 = EDGE_CURVE('',#197,#1729,#4318,.T.);
#4318 = SURFACE_CURVE('',#4319,(#4323,#4330),.PCURVE_S1.);
#4319 = LINE('',#4320,#4321);
#4320 = CARTESIAN_POINT('',(-17.39423167868,-0.508,3.28839273202));
#4321 = VECTOR('',#4322,1.);
#4322 = DIRECTION('',(1.,-4.55307998944E-17,0.));
#4323 = PCURVE('',#240,#4324);
#4324 = DEFINITIONAL_REPRESENTATION('',(#4325),#4329);
#4325 = LINE('',#4326,#4327);
#4326 = CARTESIAN_POINT('',(0.,0.));
#4327 = VECTOR('',#4328,1.);
#4328 = DIRECTION('',(-1.,0.));
#4329 = ( GEOMETRIC_REPRESENTATION_CONTEXT(2) 
PARAMETRIC_REPRESENTATION_CONTEXT() REPRESENTATION_CONTEXT('2D SPACE',''
  ) );
#4330 = PCURVE('',#213,#4331);
#4331 = DEFINITIONAL_REPRESENTATION('',(#4332),#4336);
#4332 = LINE('',#4333,#4334);
#4333 = CARTESIAN_POINT('',(4.865660140537,-22.72823167868));
#4334 = VECTOR('',#4335,1.);
#4335 = DIRECTION('',(0.,1.));
#4336 = ( GEOMETRIC_REPRESENTATION_CONTEXT(2) 
PARAMETRIC_REPRESENTATION_CONTEXT() REPRESENTATION_CONTEXT('2D SPACE',''
  ) );
#4337 = ADVANCED_FACE('',(#4338),#213,.F.);
#4338 = FACE_BOUND('',#4339,.F.);
#4339 = EDGE_LOOP('',(#4340,#4341,#4342,#4343));
#4340 = ORIENTED_EDGE('',*,*,#2938,.T.);
#4341 = ORIENTED_EDGE('',*,*,#1728,.F.);
#4342 = ORIENTED_EDGE('',*,*,#4317,.F.);
#4343 = ORIENTED_EDGE('',*,*,#196,.T.);
#4344 = ( GEOMETRIC_REPRESENTATION_CONTEXT(3) 
GLOBAL_UNCERTAINTY_ASSIGNED_CONTEXT((#4348)) 
GLOBAL_UNIT_ASSIGNED_CONTEXT((#4345,#4346,#4347)) REPRESENTATION_CONTEXT
('Context #1','3D Context with UNIT and UNCERTAINTY') );
#4345 = ( LENGTH_UNIT() NAMED_UNIT(*) SI_UNIT(.MILLI.,.METRE.) );
#4346 = ( NAMED_UNIT(*) PLANE_ANGLE_UNIT() SI_UNIT($,.RADIAN.) );
#4347 = ( NAMED_UNIT(*) SI_UNIT($,.STERADIAN.) SOLID_ANGLE_UNIT() );
#4348 = UNCERTAINTY_MEASURE_WITH_UNIT(LENGTH_MEASURE(2.E-07),#4345,
  'distance_accuracy_value','confusion accuracy');
#4349 = PRODUCT_RELATED_PRODUCT_CATEGORY('part',$,(#7));
/* gold colour (OCC AP214 file shipped colourless) */
#4350=COLOUR_RGB('',0.78,0.62,0.19);
#4351=FILL_AREA_STYLE_COLOUR('',#4350);
#4352=FILL_AREA_STYLE('',(#4351));
#4353=SURFACE_STYLE_FILL_AREA(#4352);
#4354=SURFACE_SIDE_STYLE('',(#4353));
#4355=SURFACE_STYLE_USAGE(.BOTH.,#4354);
#4356=PRESENTATION_STYLE_ASSIGNMENT((#4355));
#4357=STYLED_ITEM('color',(#4356),#15);
#4358=MECHANICAL_DESIGN_GEOMETRIC_PRESENTATION_REPRESENTATION('',(#4357),#4344);
ENDSEC;
END-ISO-10303-21;
