ISO-10303-21;
HEADER;
FILE_DESCRIPTION(('FreeCAD Model'),'2;1');
FILE_NAME('Open CASCADE Shape Model','2026-07-19T16:51:14',('Author'),(
    ''),'Open CASCADE STEP processor 7.8','FreeCAD','Unknown');
FILE_SCHEMA(('AUTOMOTIVE_DESIGN { 1 0 10303 214 1 1 1 1 }'));
ENDSEC;
DATA;
#1 = APPLICATION_PROTOCOL_DEFINITION('international standard',
  'automotive_design',2000,#2);
#2 = APPLICATION_CONTEXT(
  'core data for automotive mechanical design processes');
#3 = SHAPE_DEFINITION_REPRESENTATION(#4,#10);
#4 = PRODUCT_DEFINITION_SHAPE('','',#5);
#5 = PRODUCT_DEFINITION('design','',#6,#9);
#6 = PRODUCT_DEFINITION_FORMATION('','',#7);
#7 = PRODUCT('K70-8838-H7-L100-NoEndPlates',
  'K70-8838-H7-L100-NoEndPlates','',(#8));
#8 = PRODUCT_CONTEXT('',#2,'mechanical');
#9 = PRODUCT_DEFINITION_CONTEXT('part definition',#2,'design');
#10 = SHAPE_REPRESENTATION('',(#11,#15,#19),#23);
#11 = AXIS2_PLACEMENT_3D('',#12,#13,#14);
#12 = CARTESIAN_POINT('',(0.,0.,0.));
#13 = DIRECTION('',(0.,0.,1.));
#14 = DIRECTION('',(1.,0.,-0.));
#15 = AXIS2_PLACEMENT_3D('',#16,#17,#18);
#16 = CARTESIAN_POINT('',(0.,0.,0.));
#17 = DIRECTION('',(0.,0.,1.));
#18 = DIRECTION('',(1.,0.,-0.));
#19 = AXIS2_PLACEMENT_3D('',#20,#21,#22);
#20 = CARTESIAN_POINT('',(0.,0.,0.));
#21 = DIRECTION('',(0.,0.,1.));
#22 = DIRECTION('',(1.,0.,-0.));
#23 = ( GEOMETRIC_REPRESENTATION_CONTEXT(3) 
GLOBAL_UNCERTAINTY_ASSIGNED_CONTEXT((#27)) GLOBAL_UNIT_ASSIGNED_CONTEXT(
(#24,#25,#26)) REPRESENTATION_CONTEXT('Context #1',
  '3D Context with UNIT and UNCERTAINTY') );
#24 = ( LENGTH_UNIT() NAMED_UNIT(*) SI_UNIT(.MILLI.,.METRE.) );
#25 = ( NAMED_UNIT(*) PLANE_ANGLE_UNIT() SI_UNIT($,.RADIAN.) );
#26 = ( NAMED_UNIT(*) SI_UNIT($,.STERADIAN.) SOLID_ANGLE_UNIT() );
#27 = UNCERTAINTY_MEASURE_WITH_UNIT(LENGTH_MEASURE(1.E-07),#24,
  'distance_accuracy_value','confusion accuracy');
#28 = PRODUCT_RELATED_PRODUCT_CATEGORY('part',$,(#7));
#29 = SHAPE_DEFINITION_REPRESENTATION(#30,#36);
#30 = PRODUCT_DEFINITION_SHAPE('','',#31);
#31 = PRODUCT_DEFINITION('design','',#32,#35);
#32 = PRODUCT_DEFINITION_FORMATION('','',#33);
#33 = PRODUCT('enclosure_100mm_extrusion_1',
  'enclosure_100mm_extrusion_1','',(#34));
#34 = PRODUCT_CONTEXT('',#2,'mechanical');
#35 = PRODUCT_DEFINITION_CONTEXT('part definition',#2,'design');
#36 = ADVANCED_BREP_SHAPE_REPRESENTATION('',(#11,#37),#2574);
#37 = MANIFOLD_SOLID_BREP('',#38);
#38 = CLOSED_SHELL('',(#39,#81,#112,#725,#749,#1355,#1372,#1389,#1406,
    #1423,#1440,#1457,#1474,#1491,#1508,#1525,#1542,#1559,#1576,#1593,
    #1610,#1627,#1644,#1661,#1678,#1695,#1712,#1729,#1746,#1763,#1780,
    #1797,#1814,#1831,#1848,#1865,#1882,#1899,#1916,#1933,#1950,#1967,
    #1984,#2001,#2018,#2035,#2052,#2069,#2086,#2103,#2120,#2137,#2154,
    #2171,#2188,#2205,#2222,#2239,#2256,#2273,#2290,#2307,#2324,#2341,
    #2358,#2375,#2392,#2409,#2426,#2443,#2460,#2477,#2494,#2511,#2528,
    #2545,#2562));
#39 = ADVANCED_FACE('',(#40),#76,.T.);
#40 = FACE_BOUND('',#41,.T.);
#41 = EDGE_LOOP('',(#42,#52,#61,#69));
#42 = ORIENTED_EDGE('',*,*,#43,.F.);
#43 = EDGE_CURVE('',#44,#46,#48,.T.);
#44 = VERTEX_POINT('',#45);
#45 = CARTESIAN_POINT('',(38.69748545,14.51001714,0.));
#46 = VERTEX_POINT('',#47);
#47 = CARTESIAN_POINT('',(38.69748545,14.51001714,100.));
#48 = LINE('',#49,#50);
#49 = CARTESIAN_POINT('',(38.69748545,14.51001714,0.));
#50 = VECTOR('',#51,1.);
#51 = DIRECTION('',(0.,0.,1.));
#52 = ORIENTED_EDGE('',*,*,#53,.T.);
#53 = EDGE_CURVE('',#44,#54,#56,.T.);
#54 = VERTEX_POINT('',#55);
#55 = CARTESIAN_POINT('',(38.99748545,14.21001714,0.));
#56 = CIRCLE('',#57,0.3);
#57 = AXIS2_PLACEMENT_3D('',#58,#59,#60);
#58 = CARTESIAN_POINT('',(38.99748545,14.51001714,0.));
#59 = DIRECTION('',(0.,0.,1.));
#60 = DIRECTION('',(1.,0.,0.));
#61 = ORIENTED_EDGE('',*,*,#62,.T.);
#62 = EDGE_CURVE('',#54,#63,#65,.T.);
#63 = VERTEX_POINT('',#64);
#64 = CARTESIAN_POINT('',(38.99748545,14.21001714,100.));
#65 = LINE('',#66,#67);
#66 = CARTESIAN_POINT('',(38.99748545,14.21001714,0.));
#67 = VECTOR('',#68,1.);
#68 = DIRECTION('',(0.,0.,1.));
#69 = ORIENTED_EDGE('',*,*,#70,.T.);
#70 = EDGE_CURVE('',#63,#46,#71,.T.);
#71 = CIRCLE('',#72,0.3);
#72 = AXIS2_PLACEMENT_3D('',#73,#74,#75);
#73 = CARTESIAN_POINT('',(38.99748545,14.51001714,100.));
#74 = DIRECTION('',(0.,0.,-1.));
#75 = DIRECTION('',(1.,0.,0.));
#76 = CYLINDRICAL_SURFACE('',#77,0.3);
#77 = AXIS2_PLACEMENT_3D('',#78,#79,#80);
#78 = CARTESIAN_POINT('',(38.99748545,14.51001714,0.));
#79 = DIRECTION('',(0.,0.,-1.));
#80 = DIRECTION('',(1.,0.,0.));
#81 = ADVANCED_FACE('',(#82),#107,.T.);
#82 = FACE_BOUND('',#83,.T.);
#83 = EDGE_LOOP('',(#84,#92,#93,#101));
#84 = ORIENTED_EDGE('',*,*,#85,.F.);
#85 = EDGE_CURVE('',#44,#86,#88,.T.);
#86 = VERTEX_POINT('',#87);
#87 = CARTESIAN_POINT('',(38.69748545,17.26001714,0.));
#88 = LINE('',#89,#90);
#89 = CARTESIAN_POINT('',(38.69748545,14.51001714,0.));
#90 = VECTOR('',#91,1.);
#91 = DIRECTION('',(0.,1.,0.));
#92 = ORIENTED_EDGE('',*,*,#43,.T.);
#93 = ORIENTED_EDGE('',*,*,#94,.T.);
#94 = EDGE_CURVE('',#46,#95,#97,.T.);
#95 = VERTEX_POINT('',#96);
#96 = CARTESIAN_POINT('',(38.69748545,17.26001714,100.));
#97 = LINE('',#98,#99);
#98 = CARTESIAN_POINT('',(38.69748545,-2.74998286,100.));
#99 = VECTOR('',#100,1.);
#100 = DIRECTION('',(0.,1.,-0.));
#101 = ORIENTED_EDGE('',*,*,#102,.F.);
#102 = EDGE_CURVE('',#86,#95,#103,.T.);
#103 = LINE('',#104,#105);
#104 = CARTESIAN_POINT('',(38.69748545,17.26001714,0.));
#105 = VECTOR('',#106,1.);
#106 = DIRECTION('',(0.,0.,1.));
#107 = PLANE('',#108);
#108 = AXIS2_PLACEMENT_3D('',#109,#110,#111);
#109 = CARTESIAN_POINT('',(38.69748545,14.51001714,0.));
#110 = DIRECTION('',(-1.,0.,0.));
#111 = DIRECTION('',(0.,1.,0.));
#112 = ADVANCED_FACE('',(#113),#720,.T.);
#113 = FACE_BOUND('',#114,.T.);
#114 = EDGE_LOOP('',(#115,#116,#124,#133,#142,#151,#159,#168,#176,#184,
    #192,#200,#208,#216,#225,#233,#242,#250,#259,#267,#276,#284,#293,
    #301,#310,#318,#327,#335,#344,#352,#360,#368,#376,#384,#392,#400,
    #408,#416,#424,#432,#440,#448,#456,#464,#472,#480,#488,#496,#504,
    #512,#520,#528,#537,#545,#554,#562,#570,#579,#587,#596,#604,#612,
    #620,#628,#636,#644,#653,#661,#670,#679,#688,#696,#705,#713,#719));
#115 = ORIENTED_EDGE('',*,*,#70,.F.);
#116 = ORIENTED_EDGE('',*,*,#117,.T.);
#117 = EDGE_CURVE('',#63,#118,#120,.T.);
#118 = VERTEX_POINT('',#119);
#119 = CARTESIAN_POINT('',(39.61435989,14.21001714,100.));
#120 = LINE('',#121,#122);
#121 = CARTESIAN_POINT('',(-3.001257,14.21001714,100.));
#122 = VECTOR('',#123,1.);
#123 = DIRECTION('',(1.,0.,0.));
#124 = ORIENTED_EDGE('',*,*,#125,.F.);
#125 = EDGE_CURVE('',#126,#118,#128,.T.);
#126 = VERTEX_POINT('',#127);
#127 = CARTESIAN_POINT('',(39.812308560593,14.381445710723,100.));
#128 = CIRCLE('',#129,0.2);
#129 = AXIS2_PLACEMENT_3D('',#130,#131,#132);
#130 = CARTESIAN_POINT('',(39.61435989,14.41001714,100.));
#131 = DIRECTION('',(0.,0.,-1.));
#132 = DIRECTION('',(1.,0.,0.));
#133 = ORIENTED_EDGE('',*,*,#134,.T.);
#134 = EDGE_CURVE('',#126,#135,#137,.T.);
#135 = VERTEX_POINT('',#136);
#136 = CARTESIAN_POINT('',(40.554616052098,13.095731420979,100.));
#137 = CIRCLE('',#138,1.2);
#138 = AXIS2_PLACEMENT_3D('',#139,#140,#141);
#139 = CARTESIAN_POINT('',(41.00000055,14.21001714,100.));
#140 = DIRECTION('',(0.,0.,-1.));
#141 = DIRECTION('',(1.,0.,0.));
#142 = ORIENTED_EDGE('',*,*,#143,.F.);
#143 = EDGE_CURVE('',#144,#135,#146,.T.);
#144 = VERTEX_POINT('',#145);
#145 = CARTESIAN_POINT('',(40.307180219622,13.01001713,100.));
#146 = CIRCLE('',#147,0.2);
#147 = AXIS2_PLACEMENT_3D('',#148,#149,#150);
#148 = CARTESIAN_POINT('',(40.4803853,12.91001713,100.));
#149 = DIRECTION('',(0.,0.,-1.));
#150 = DIRECTION('',(1.,0.,0.));
#151 = ORIENTED_EDGE('',*,*,#152,.T.);
#152 = EDGE_CURVE('',#144,#153,#155,.T.);
#153 = VERTEX_POINT('',#154);
#154 = CARTESIAN_POINT('',(39.903035039622,12.31001714,100.));
#155 = LINE('',#156,#157);
#156 = CARTESIAN_POINT('',(22.494743183922,-17.84202902608,100.));
#157 = VECTOR('',#158,1.);
#158 = DIRECTION('',(-0.499999997533,-0.866025405209,0.));
#159 = ORIENTED_EDGE('',*,*,#160,.F.);
#160 = EDGE_CURVE('',#161,#153,#163,.T.);
#161 = VERTEX_POINT('',#162);
#162 = CARTESIAN_POINT('',(40.07624012,12.01001714,100.));
#163 = CIRCLE('',#164,0.2);
#164 = AXIS2_PLACEMENT_3D('',#165,#166,#167);
#165 = CARTESIAN_POINT('',(40.07624012,12.21001714,100.));
#166 = DIRECTION('',(0.,0.,-1.));
#167 = DIRECTION('',(1.,0.,0.));
#168 = ORIENTED_EDGE('',*,*,#169,.T.);
#169 = EDGE_CURVE('',#161,#170,#172,.T.);
#170 = VERTEX_POINT('',#171);
#171 = CARTESIAN_POINT('',(42.10000055,12.01001714,100.));
#172 = LINE('',#173,#174);
#173 = CARTESIAN_POINT('',(-2.461879665,12.01001714,100.));
#174 = VECTOR('',#175,1.);
#175 = DIRECTION('',(1.,0.,0.));
#176 = ORIENTED_EDGE('',*,*,#177,.F.);
#177 = EDGE_CURVE('',#178,#170,#180,.T.);
#178 = VERTEX_POINT('',#179);
#179 = CARTESIAN_POINT('',(42.10000055,10.21001714,100.));
#180 = LINE('',#181,#182);
#181 = CARTESIAN_POINT('',(42.10000055,-4.89998286,100.));
#182 = VECTOR('',#183,1.);
#183 = DIRECTION('',(0.,1.,-0.));
#184 = ORIENTED_EDGE('',*,*,#185,.F.);
#185 = EDGE_CURVE('',#186,#178,#188,.T.);
#186 = VERTEX_POINT('',#187);
#187 = CARTESIAN_POINT('',(39.80000055,10.21001714,100.));
#188 = LINE('',#189,#190);
#189 = CARTESIAN_POINT('',(-2.59999945,10.21001714,100.));
#190 = VECTOR('',#191,1.);
#191 = DIRECTION('',(1.,0.,0.));
#192 = ORIENTED_EDGE('',*,*,#193,.F.);
#193 = EDGE_CURVE('',#194,#186,#196,.T.);
#194 = VERTEX_POINT('',#195);
#195 = CARTESIAN_POINT('',(39.80000055,9.21001714,100.));
#196 = LINE('',#197,#198);
#197 = CARTESIAN_POINT('',(39.80000055,-5.39998286,100.));
#198 = VECTOR('',#199,1.);
#199 = DIRECTION('',(0.,1.,-0.));
#200 = ORIENTED_EDGE('',*,*,#201,.F.);
#201 = EDGE_CURVE('',#202,#194,#204,.T.);
#202 = VERTEX_POINT('',#203);
#203 = CARTESIAN_POINT('',(42.10000055,9.21001714,100.));
#204 = LINE('',#205,#206);
#205 = CARTESIAN_POINT('',(-1.44999945,9.21001714,100.));
#206 = VECTOR('',#207,1.);
#207 = DIRECTION('',(-1.,0.,0.));
#208 = ORIENTED_EDGE('',*,*,#209,.F.);
#209 = EDGE_CURVE('',#210,#202,#212,.T.);
#210 = VERTEX_POINT('',#211);
#211 = CARTESIAN_POINT('',(42.100000549973,2.117686826521,100.));
#212 = LINE('',#213,#214);
#213 = CARTESIAN_POINT('',(42.10000055,-8.946148015,100.));
#214 = VECTOR('',#215,1.);
#215 = DIRECTION('',(0.,1.,-0.));
#216 = ORIENTED_EDGE('',*,*,#217,.F.);
#217 = EDGE_CURVE('',#218,#210,#220,.T.);
#218 = VERTEX_POINT('',#219);
#219 = CARTESIAN_POINT('',(41.20000055,0.81001714,100.));
#220 = CIRCLE('',#221,1.4);
#221 = AXIS2_PLACEMENT_3D('',#222,#223,#224);
#222 = CARTESIAN_POINT('',(42.60000055,0.81001714,100.));
#223 = DIRECTION('',(0.,0.,-1.));
#224 = DIRECTION('',(1.,0.,0.));
#225 = ORIENTED_EDGE('',*,*,#226,.F.);
#226 = EDGE_CURVE('',#227,#218,#229,.T.);
#227 = VERTEX_POINT('',#228);
#228 = CARTESIAN_POINT('',(41.20000055,0.26001714,100.));
#229 = LINE('',#230,#231);
#230 = CARTESIAN_POINT('',(41.20000055,-9.87498286,100.));
#231 = VECTOR('',#232,1.);
#232 = DIRECTION('',(0.,1.,-0.));
#233 = ORIENTED_EDGE('',*,*,#234,.F.);
#234 = EDGE_CURVE('',#235,#227,#237,.T.);
#235 = VERTEX_POINT('',#236);
#236 = CARTESIAN_POINT('',(41.45000055,1.001714E-02,100.));
#237 = CIRCLE('',#238,0.25);
#238 = AXIS2_PLACEMENT_3D('',#239,#240,#241);
#239 = CARTESIAN_POINT('',(41.45000055,0.26001714,100.));
#240 = DIRECTION('',(0.,0.,-1.));
#241 = DIRECTION('',(1.,0.,0.));
#242 = ORIENTED_EDGE('',*,*,#243,.F.);
#243 = EDGE_CURVE('',#244,#235,#246,.T.);
#244 = VERTEX_POINT('',#245);
#245 = CARTESIAN_POINT('',(41.80000055,1.001714E-02,100.));
#246 = LINE('',#247,#248);
#247 = CARTESIAN_POINT('',(-1.59999945,1.001714E-02,100.));
#248 = VECTOR('',#249,1.);
#249 = DIRECTION('',(-1.,0.,0.));
#250 = ORIENTED_EDGE('',*,*,#251,.F.);
#251 = EDGE_CURVE('',#252,#244,#254,.T.);
#252 = VERTEX_POINT('',#253);
#253 = CARTESIAN_POINT('',(42.05000055,0.26001714,100.));
#254 = CIRCLE('',#255,0.25);
#255 = AXIS2_PLACEMENT_3D('',#256,#257,#258);
#256 = CARTESIAN_POINT('',(41.80000055,0.26001714,100.));
#257 = DIRECTION('',(0.,0.,-1.));
#258 = DIRECTION('',(1.,0.,0.));
#259 = ORIENTED_EDGE('',*,*,#260,.F.);
#260 = EDGE_CURVE('',#261,#252,#263,.T.);
#261 = VERTEX_POINT('',#262);
#262 = CARTESIAN_POINT('',(42.05000055,0.86001714,100.));
#263 = LINE('',#264,#265);
#264 = CARTESIAN_POINT('',(42.05000055,-9.57498286,100.));
#265 = VECTOR('',#266,1.);
#266 = DIRECTION('',(0.,-1.,0.));
#267 = ORIENTED_EDGE('',*,*,#268,.T.);
#268 = EDGE_CURVE('',#261,#269,#271,.T.);
#269 = VERTEX_POINT('',#270);
#270 = CARTESIAN_POINT('',(42.30000055,1.11001714,100.));
#271 = CIRCLE('',#272,0.25);
#272 = AXIS2_PLACEMENT_3D('',#273,#274,#275);
#273 = CARTESIAN_POINT('',(42.30000055,0.86001714,100.));
#274 = DIRECTION('',(0.,0.,-1.));
#275 = DIRECTION('',(1.,0.,0.));
#276 = ORIENTED_EDGE('',*,*,#277,.F.);
#277 = EDGE_CURVE('',#278,#269,#280,.T.);
#278 = VERTEX_POINT('',#279);
#279 = CARTESIAN_POINT('',(42.90000055,1.11001714,100.));
#280 = LINE('',#281,#282);
#281 = CARTESIAN_POINT('',(-1.04999945,1.11001714,100.));
#282 = VECTOR('',#283,1.);
#283 = DIRECTION('',(-1.,0.,0.));
#284 = ORIENTED_EDGE('',*,*,#285,.T.);
#285 = EDGE_CURVE('',#278,#286,#288,.T.);
#286 = VERTEX_POINT('',#287);
#287 = CARTESIAN_POINT('',(43.15000055,0.86001714,100.));
#288 = CIRCLE('',#289,0.25);
#289 = AXIS2_PLACEMENT_3D('',#290,#291,#292);
#290 = CARTESIAN_POINT('',(42.90000055,0.86001714,100.));
#291 = DIRECTION('',(0.,0.,-1.));
#292 = DIRECTION('',(1.,0.,0.));
#293 = ORIENTED_EDGE('',*,*,#294,.F.);
#294 = EDGE_CURVE('',#295,#286,#297,.T.);
#295 = VERTEX_POINT('',#296);
#296 = CARTESIAN_POINT('',(43.15000055,0.26001714,100.));
#297 = LINE('',#298,#299);
#298 = CARTESIAN_POINT('',(43.15000055,-9.87498286,100.));
#299 = VECTOR('',#300,1.);
#300 = DIRECTION('',(0.,1.,-0.));
#301 = ORIENTED_EDGE('',*,*,#302,.F.);
#302 = EDGE_CURVE('',#303,#295,#305,.T.);
#303 = VERTEX_POINT('',#304);
#304 = CARTESIAN_POINT('',(43.40000055,1.001714E-02,100.));
#305 = CIRCLE('',#306,0.25);
#306 = AXIS2_PLACEMENT_3D('',#307,#308,#309);
#307 = CARTESIAN_POINT('',(43.40000055,0.26001714,100.));
#308 = DIRECTION('',(0.,0.,-1.));
#309 = DIRECTION('',(1.,0.,0.));
#310 = ORIENTED_EDGE('',*,*,#311,.F.);
#311 = EDGE_CURVE('',#312,#303,#314,.T.);
#312 = VERTEX_POINT('',#313);
#313 = CARTESIAN_POINT('',(43.75000055,1.001714E-02,100.));
#314 = LINE('',#315,#316);
#315 = CARTESIAN_POINT('',(-0.62499945,1.001714E-02,100.));
#316 = VECTOR('',#317,1.);
#317 = DIRECTION('',(-1.,0.,0.));
#318 = ORIENTED_EDGE('',*,*,#319,.F.);
#319 = EDGE_CURVE('',#320,#312,#322,.T.);
#320 = VERTEX_POINT('',#321);
#321 = CARTESIAN_POINT('',(44.00000055,0.26001714,100.));
#322 = CIRCLE('',#323,0.25);
#323 = AXIS2_PLACEMENT_3D('',#324,#325,#326);
#324 = CARTESIAN_POINT('',(43.75000055,0.26001714,100.));
#325 = DIRECTION('',(0.,0.,-1.));
#326 = DIRECTION('',(1.,0.,0.));
#327 = ORIENTED_EDGE('',*,*,#328,.F.);
#328 = EDGE_CURVE('',#329,#320,#331,.T.);
#329 = VERTEX_POINT('',#330);
#330 = CARTESIAN_POINT('',(44.00000055,14.51001714,100.));
#331 = LINE('',#332,#333);
#332 = CARTESIAN_POINT('',(44.00000055,-2.74998286,100.));
#333 = VECTOR('',#334,1.);
#334 = DIRECTION('',(0.,-1.,0.));
#335 = ORIENTED_EDGE('',*,*,#336,.F.);
#336 = EDGE_CURVE('',#337,#329,#339,.T.);
#337 = VERTEX_POINT('',#338);
#338 = CARTESIAN_POINT('',(39.50000055,19.01001714,100.));
#339 = CIRCLE('',#340,4.5);
#340 = AXIS2_PLACEMENT_3D('',#341,#342,#343);
#341 = CARTESIAN_POINT('',(39.50000055,14.51001714,100.));
#342 = DIRECTION('',(0.,0.,-1.));
#343 = DIRECTION('',(1.,0.,0.));
#344 = ORIENTED_EDGE('',*,*,#345,.F.);
#345 = EDGE_CURVE('',#346,#337,#348,.T.);
#346 = VERTEX_POINT('',#347);
#347 = CARTESIAN_POINT('',(33.50000055,19.01001714,100.));
#348 = LINE('',#349,#350);
#349 = CARTESIAN_POINT('',(-5.74999945,19.01001714,100.));
#350 = VECTOR('',#351,1.);
#351 = DIRECTION('',(1.,0.,0.));
#352 = ORIENTED_EDGE('',*,*,#353,.F.);
#353 = EDGE_CURVE('',#354,#346,#356,.T.);
#354 = VERTEX_POINT('',#355);
#355 = CARTESIAN_POINT('',(32.75000055,18.76001714,100.));
#356 = LINE('',#357,#358);
#357 = CARTESIAN_POINT('',(-8.05299945,5.15901714,100.));
#358 = VECTOR('',#359,1.);
#359 = DIRECTION('',(0.948683298051,0.316227766017,-0.));
#360 = ORIENTED_EDGE('',*,*,#361,.F.);
#361 = EDGE_CURVE('',#362,#354,#364,.T.);
#362 = VERTEX_POINT('',#363);
#363 = CARTESIAN_POINT('',(32.00000055,19.01001714,100.));
#364 = LINE('',#365,#366);
#365 = CARTESIAN_POINT('',(3.20300055,28.60901714,100.));
#366 = VECTOR('',#367,1.);
#367 = DIRECTION('',(0.948683298051,-0.316227766017,0.));
#368 = ORIENTED_EDGE('',*,*,#369,.F.);
#369 = EDGE_CURVE('',#370,#362,#372,.T.);
#370 = VERTEX_POINT('',#371);
#371 = CARTESIAN_POINT('',(31.25000055,18.76001714,100.));
#372 = LINE('',#373,#374);
#373 = CARTESIAN_POINT('',(-8.87799945,5.38401714,100.));
#374 = VECTOR('',#375,1.);
#375 = DIRECTION('',(0.948683298051,0.316227766017,-0.));
#376 = ORIENTED_EDGE('',*,*,#377,.F.);
#377 = EDGE_CURVE('',#378,#370,#380,.T.);
#378 = VERTEX_POINT('',#379);
#379 = CARTESIAN_POINT('',(30.50000055,19.01001714,100.));
#380 = LINE('',#381,#382);
#381 = CARTESIAN_POINT('',(2.37800055,28.38401714,100.));
#382 = VECTOR('',#383,1.);
#383 = DIRECTION('',(0.948683298051,-0.316227766017,0.));
#384 = ORIENTED_EDGE('',*,*,#385,.F.);
#385 = EDGE_CURVE('',#386,#378,#388,.T.);
#386 = VERTEX_POINT('',#387);
#387 = CARTESIAN_POINT('',(29.75000055,18.76001714,100.));
#388 = LINE('',#389,#390);
#389 = CARTESIAN_POINT('',(-9.70299945,5.60901714,100.));
#390 = VECTOR('',#391,1.);
#391 = DIRECTION('',(0.948683298051,0.316227766017,-0.));
#392 = ORIENTED_EDGE('',*,*,#393,.F.);
#393 = EDGE_CURVE('',#394,#386,#396,.T.);
#394 = VERTEX_POINT('',#395);
#395 = CARTESIAN_POINT('',(29.00000055,19.01001714,100.));
#396 = LINE('',#397,#398);
#397 = CARTESIAN_POINT('',(1.55300055,28.15901714,100.));
#398 = VECTOR('',#399,1.);
#399 = DIRECTION('',(0.948683298051,-0.316227766017,0.));
#400 = ORIENTED_EDGE('',*,*,#401,.F.);
#401 = EDGE_CURVE('',#402,#394,#404,.T.);
#402 = VERTEX_POINT('',#403);
#403 = CARTESIAN_POINT('',(28.25000055,18.76001714,100.));
#404 = LINE('',#405,#406);
#405 = CARTESIAN_POINT('',(-10.52799945,5.83401714,100.));
#406 = VECTOR('',#407,1.);
#407 = DIRECTION('',(0.948683298051,0.316227766017,-0.));
#408 = ORIENTED_EDGE('',*,*,#409,.F.);
#409 = EDGE_CURVE('',#410,#402,#412,.T.);
#410 = VERTEX_POINT('',#411);
#411 = CARTESIAN_POINT('',(27.50000055,19.01001714,100.));
#412 = LINE('',#413,#414);
#413 = CARTESIAN_POINT('',(0.72800055,27.93401714,100.));
#414 = VECTOR('',#415,1.);
#415 = DIRECTION('',(0.948683298051,-0.316227766017,0.));
#416 = ORIENTED_EDGE('',*,*,#417,.F.);
#417 = EDGE_CURVE('',#418,#410,#420,.T.);
#418 = VERTEX_POINT('',#419);
#419 = CARTESIAN_POINT('',(26.75000055,18.76001714,100.));
#420 = LINE('',#421,#422);
#421 = CARTESIAN_POINT('',(-11.35299945,6.05901714,100.));
#422 = VECTOR('',#423,1.);
#423 = DIRECTION('',(0.948683298051,0.316227766017,-0.));
#424 = ORIENTED_EDGE('',*,*,#425,.F.);
#425 = EDGE_CURVE('',#426,#418,#428,.T.);
#426 = VERTEX_POINT('',#427);
#427 = CARTESIAN_POINT('',(26.00000055,19.01001714,100.));
#428 = LINE('',#429,#430);
#429 = CARTESIAN_POINT('',(-9.699945E-02,27.70901714,100.));
#430 = VECTOR('',#431,1.);
#431 = DIRECTION('',(0.948683298051,-0.316227766017,0.));
#432 = ORIENTED_EDGE('',*,*,#433,.F.);
#433 = EDGE_CURVE('',#434,#426,#436,.T.);
#434 = VERTEX_POINT('',#435);
#435 = CARTESIAN_POINT('',(-25.99999945,19.01001714,100.));
#436 = LINE('',#437,#438);
#437 = CARTESIAN_POINT('',(-35.49999945,19.01001714,100.));
#438 = VECTOR('',#439,1.);
#439 = DIRECTION('',(1.,0.,0.));
#440 = ORIENTED_EDGE('',*,*,#441,.F.);
#441 = EDGE_CURVE('',#442,#434,#444,.T.);
#442 = VERTEX_POINT('',#443);
#443 = CARTESIAN_POINT('',(-26.74999945,18.76001714,100.));
#444 = LINE('',#445,#446);
#445 = CARTESIAN_POINT('',(-40.77799945,14.08401714,100.));
#446 = VECTOR('',#447,1.);
#447 = DIRECTION('',(0.948683298051,0.316227766017,-0.));
#448 = ORIENTED_EDGE('',*,*,#449,.F.);
#449 = EDGE_CURVE('',#450,#442,#452,.T.);
#450 = VERTEX_POINT('',#451);
#451 = CARTESIAN_POINT('',(-27.49999945,19.01001714,100.));
#452 = LINE('',#453,#454);
#453 = CARTESIAN_POINT('',(-29.52199945,19.68401714,100.));
#454 = VECTOR('',#455,1.);
#455 = DIRECTION('',(0.948683298051,-0.316227766017,0.));
#456 = ORIENTED_EDGE('',*,*,#457,.F.);
#457 = EDGE_CURVE('',#458,#450,#460,.T.);
#458 = VERTEX_POINT('',#459);
#459 = CARTESIAN_POINT('',(-28.24999945,18.76001714,100.));
#460 = LINE('',#461,#462);
#461 = CARTESIAN_POINT('',(-41.60299945,14.30901714,100.));
#462 = VECTOR('',#463,1.);
#463 = DIRECTION('',(0.948683298051,0.316227766017,-0.));
#464 = ORIENTED_EDGE('',*,*,#465,.F.);
#465 = EDGE_CURVE('',#466,#458,#468,.T.);
#466 = VERTEX_POINT('',#467);
#467 = CARTESIAN_POINT('',(-28.99999945,19.01001714,100.));
#468 = LINE('',#469,#470);
#469 = CARTESIAN_POINT('',(-30.34699945,19.45901714,100.));
#470 = VECTOR('',#471,1.);
#471 = DIRECTION('',(0.948683298051,-0.316227766017,0.));
#472 = ORIENTED_EDGE('',*,*,#473,.F.);
#473 = EDGE_CURVE('',#474,#466,#476,.T.);
#474 = VERTEX_POINT('',#475);
#475 = CARTESIAN_POINT('',(-29.74999945,18.76001714,100.));
#476 = LINE('',#477,#478);
#477 = CARTESIAN_POINT('',(-42.42799945,14.53401714,100.));
#478 = VECTOR('',#479,1.);
#479 = DIRECTION('',(0.948683298051,0.316227766017,-0.));
#480 = ORIENTED_EDGE('',*,*,#481,.F.);
#481 = EDGE_CURVE('',#482,#474,#484,.T.);
#482 = VERTEX_POINT('',#483);
#483 = CARTESIAN_POINT('',(-30.49999945,19.01001714,100.));
#484 = LINE('',#485,#486);
#485 = CARTESIAN_POINT('',(-31.17199945,19.23401714,100.));
#486 = VECTOR('',#487,1.);
#487 = DIRECTION('',(0.948683298051,-0.316227766017,0.));
#488 = ORIENTED_EDGE('',*,*,#489,.F.);
#489 = EDGE_CURVE('',#490,#482,#492,.T.);
#490 = VERTEX_POINT('',#491);
#491 = CARTESIAN_POINT('',(-31.24999945,18.76001714,100.));
#492 = LINE('',#493,#494);
#493 = CARTESIAN_POINT('',(-43.25299945,14.75901714,100.));
#494 = VECTOR('',#495,1.);
#495 = DIRECTION('',(0.948683298051,0.316227766017,-0.));
#496 = ORIENTED_EDGE('',*,*,#497,.F.);
#497 = EDGE_CURVE('',#498,#490,#500,.T.);
#498 = VERTEX_POINT('',#499);
#499 = CARTESIAN_POINT('',(-31.99999945,19.01001714,100.));
#500 = LINE('',#501,#502);
#501 = CARTESIAN_POINT('',(-31.99699945,19.00901714,100.));
#502 = VECTOR('',#503,1.);
#503 = DIRECTION('',(0.948683298051,-0.316227766017,0.));
#504 = ORIENTED_EDGE('',*,*,#505,.F.);
#505 = EDGE_CURVE('',#506,#498,#508,.T.);
#506 = VERTEX_POINT('',#507);
#507 = CARTESIAN_POINT('',(-32.74999945,18.76001714,100.));
#508 = LINE('',#509,#510);
#509 = CARTESIAN_POINT('',(-44.07799945,14.98401714,100.));
#510 = VECTOR('',#511,1.);
#511 = DIRECTION('',(0.948683298051,0.316227766017,-0.));
#512 = ORIENTED_EDGE('',*,*,#513,.F.);
#513 = EDGE_CURVE('',#514,#506,#516,.T.);
#514 = VERTEX_POINT('',#515);
#515 = CARTESIAN_POINT('',(-33.49999945,19.01001714,100.));
#516 = LINE('',#517,#518);
#517 = CARTESIAN_POINT('',(-32.82199945,18.78401714,100.));
#518 = VECTOR('',#519,1.);
#519 = DIRECTION('',(0.948683298051,-0.316227766017,0.));
#520 = ORIENTED_EDGE('',*,*,#521,.F.);
#521 = EDGE_CURVE('',#522,#514,#524,.T.);
#522 = VERTEX_POINT('',#523);
#523 = CARTESIAN_POINT('',(-39.49999945,19.01001714,100.));
#524 = LINE('',#525,#526);
#525 = CARTESIAN_POINT('',(-42.24999945,19.01001714,100.));
#526 = VECTOR('',#527,1.);
#527 = DIRECTION('',(1.,0.,0.));
#528 = ORIENTED_EDGE('',*,*,#529,.F.);
#529 = EDGE_CURVE('',#530,#522,#532,.T.);
#530 = VERTEX_POINT('',#531);
#531 = CARTESIAN_POINT('',(-43.99999945,14.51001714,100.));
#532 = CIRCLE('',#533,4.5);
#533 = AXIS2_PLACEMENT_3D('',#534,#535,#536);
#534 = CARTESIAN_POINT('',(-39.49999945,14.51001714,100.));
#535 = DIRECTION('',(0.,0.,-1.));
#536 = DIRECTION('',(1.,0.,0.));
#537 = ORIENTED_EDGE('',*,*,#538,.F.);
#538 = EDGE_CURVE('',#539,#530,#541,.T.);
#539 = VERTEX_POINT('',#540);
#540 = CARTESIAN_POINT('',(-43.99999945,0.26001714,100.));
#541 = LINE('',#542,#543);
#542 = CARTESIAN_POINT('',(-43.99999945,-9.87498286,100.));
#543 = VECTOR('',#544,1.);
#544 = DIRECTION('',(0.,1.,-0.));
#545 = ORIENTED_EDGE('',*,*,#546,.F.);
#546 = EDGE_CURVE('',#547,#539,#549,.T.);
#547 = VERTEX_POINT('',#548);
#548 = CARTESIAN_POINT('',(-43.74999945,1.001714E-02,100.));
#549 = CIRCLE('',#550,0.25);
#550 = AXIS2_PLACEMENT_3D('',#551,#552,#553);
#551 = CARTESIAN_POINT('',(-43.74999945,0.26001714,100.));
#552 = DIRECTION('',(0.,0.,-1.));
#553 = DIRECTION('',(1.,0.,0.));
#554 = ORIENTED_EDGE('',*,*,#555,.F.);
#555 = EDGE_CURVE('',#556,#547,#558,.T.);
#556 = VERTEX_POINT('',#557);
#557 = CARTESIAN_POINT('',(-43.09999945,1.001714E-02,100.));
#558 = LINE('',#559,#560);
#559 = CARTESIAN_POINT('',(-44.04999945,1.001714E-02,100.));
#560 = VECTOR('',#561,1.);
#561 = DIRECTION('',(-1.,0.,0.));
#562 = ORIENTED_EDGE('',*,*,#563,.F.);
#563 = EDGE_CURVE('',#564,#556,#566,.T.);
#564 = VERTEX_POINT('',#565);
#565 = CARTESIAN_POINT('',(-43.09999945,-0.73998286,100.));
#566 = LINE('',#567,#568);
#567 = CARTESIAN_POINT('',(-43.09999945,-10.37498286,100.));
#568 = VECTOR('',#569,1.);
#569 = DIRECTION('',(0.,1.,-0.));
#570 = ORIENTED_EDGE('',*,*,#571,.F.);
#571 = EDGE_CURVE('',#572,#564,#574,.T.);
#572 = VERTEX_POINT('',#573);
#573 = CARTESIAN_POINT('',(-42.84999945,-0.98998286,100.));
#574 = CIRCLE('',#575,0.25);
#575 = AXIS2_PLACEMENT_3D('',#576,#577,#578);
#576 = CARTESIAN_POINT('',(-42.84999945,-0.73998286,100.));
#577 = DIRECTION('',(0.,0.,-1.));
#578 = DIRECTION('',(1.,0.,0.));
#579 = ORIENTED_EDGE('',*,*,#580,.F.);
#580 = EDGE_CURVE('',#581,#572,#583,.T.);
#581 = VERTEX_POINT('',#582);
#582 = CARTESIAN_POINT('',(-42.34999945,-0.98998286,100.));
#583 = LINE('',#584,#585);
#584 = CARTESIAN_POINT('',(-43.67499945,-0.98998286,100.));
#585 = VECTOR('',#586,1.);
#586 = DIRECTION('',(-1.,0.,0.));
#587 = ORIENTED_EDGE('',*,*,#588,.F.);
#588 = EDGE_CURVE('',#589,#581,#591,.T.);
#589 = VERTEX_POINT('',#590);
#590 = CARTESIAN_POINT('',(-42.09999945,-0.73998286,100.));
#591 = CIRCLE('',#592,0.25);
#592 = AXIS2_PLACEMENT_3D('',#593,#594,#595);
#593 = CARTESIAN_POINT('',(-42.34999945,-0.73998286,100.));
#594 = DIRECTION('',(0.,0.,-1.));
#595 = DIRECTION('',(1.,0.,0.));
#596 = ORIENTED_EDGE('',*,*,#597,.F.);
#597 = EDGE_CURVE('',#598,#589,#600,.T.);
#598 = VERTEX_POINT('',#599);
#599 = CARTESIAN_POINT('',(-42.09999945,9.21001714,100.));
#600 = LINE('',#601,#602);
#601 = CARTESIAN_POINT('',(-42.09999945,-5.39998286,100.));
#602 = VECTOR('',#603,1.);
#603 = DIRECTION('',(0.,-1.,0.));
#604 = ORIENTED_EDGE('',*,*,#605,.F.);
#605 = EDGE_CURVE('',#606,#598,#608,.T.);
#606 = VERTEX_POINT('',#607);
#607 = CARTESIAN_POINT('',(-39.79999945,9.21001714,100.));
#608 = LINE('',#609,#610);
#609 = CARTESIAN_POINT('',(-42.39999945,9.21001714,100.));
#610 = VECTOR('',#611,1.);
#611 = DIRECTION('',(-1.,0.,0.));
#612 = ORIENTED_EDGE('',*,*,#613,.F.);
#613 = EDGE_CURVE('',#614,#606,#616,.T.);
#614 = VERTEX_POINT('',#615);
#615 = CARTESIAN_POINT('',(-39.79999945,10.21001714,100.));
#616 = LINE('',#617,#618);
#617 = CARTESIAN_POINT('',(-39.79999945,-4.89998286,100.));
#618 = VECTOR('',#619,1.);
#619 = DIRECTION('',(0.,-1.,0.));
#620 = ORIENTED_EDGE('',*,*,#621,.F.);
#621 = EDGE_CURVE('',#622,#614,#624,.T.);
#622 = VERTEX_POINT('',#623);
#623 = CARTESIAN_POINT('',(-42.09999945,10.21001714,100.));
#624 = LINE('',#625,#626);
#625 = CARTESIAN_POINT('',(-43.54999945,10.21001714,100.));
#626 = VECTOR('',#627,1.);
#627 = DIRECTION('',(1.,0.,0.));
#628 = ORIENTED_EDGE('',*,*,#629,.F.);
#629 = EDGE_CURVE('',#630,#622,#632,.T.);
#630 = VERTEX_POINT('',#631);
#631 = CARTESIAN_POINT('',(-42.09999945,12.01001714,100.));
#632 = LINE('',#633,#634);
#633 = CARTESIAN_POINT('',(-42.09999945,-3.99998286,100.));
#634 = VECTOR('',#635,1.);
#635 = DIRECTION('',(0.,-1.,0.));
#636 = ORIENTED_EDGE('',*,*,#637,.F.);
#637 = EDGE_CURVE('',#638,#630,#640,.T.);
#638 = VERTEX_POINT('',#639);
#639 = CARTESIAN_POINT('',(-40.07623902,12.01001714,100.));
#640 = LINE('',#641,#642);
#641 = CARTESIAN_POINT('',(-42.538119235,12.01001714,100.));
#642 = VECTOR('',#643,1.);
#643 = DIRECTION('',(-1.,0.,0.));
#644 = ORIENTED_EDGE('',*,*,#645,.F.);
#645 = EDGE_CURVE('',#646,#638,#648,.T.);
#646 = VERTEX_POINT('',#647);
#647 = CARTESIAN_POINT('',(-39.90303393962,12.31001714,100.));
#648 = CIRCLE('',#649,0.2);
#649 = AXIS2_PLACEMENT_3D('',#650,#651,#652);
#650 = CARTESIAN_POINT('',(-40.07623902,12.21001714,100.));
#651 = DIRECTION('',(0.,0.,-1.));
#652 = DIRECTION('',(1.,0.,0.));
#653 = ORIENTED_EDGE('',*,*,#654,.F.);
#654 = EDGE_CURVE('',#655,#646,#657,.T.);
#655 = VERTEX_POINT('',#656);
#656 = CARTESIAN_POINT('',(-40.30717911962,13.01001713,100.));
#657 = LINE('',#658,#659);
#658 = CARTESIAN_POINT('',(-33.7447419729,1.64354249497,100.));
#659 = VECTOR('',#660,1.);
#660 = DIRECTION('',(0.499999997533,-0.866025405209,0.));
#661 = ORIENTED_EDGE('',*,*,#662,.F.);
#662 = EDGE_CURVE('',#663,#655,#665,.T.);
#663 = VERTEX_POINT('',#664);
#664 = CARTESIAN_POINT('',(-40.55461495209,13.095731420979,100.));
#665 = CIRCLE('',#666,0.2);
#666 = AXIS2_PLACEMENT_3D('',#667,#668,#669);
#667 = CARTESIAN_POINT('',(-40.4803842,12.91001713,100.));
#668 = DIRECTION('',(0.,0.,-1.));
#669 = DIRECTION('',(1.,0.,0.));
#670 = ORIENTED_EDGE('',*,*,#671,.T.);
#671 = EDGE_CURVE('',#663,#672,#674,.T.);
#672 = VERTEX_POINT('',#673);
#673 = CARTESIAN_POINT('',(-39.81230746059,14.381445710723,100.));
#674 = CIRCLE('',#675,1.2);
#675 = AXIS2_PLACEMENT_3D('',#676,#677,#678);
#676 = CARTESIAN_POINT('',(-40.99999945,14.21001714,100.));
#677 = DIRECTION('',(0.,0.,-1.));
#678 = DIRECTION('',(1.,0.,0.));
#679 = ORIENTED_EDGE('',*,*,#680,.F.);
#680 = EDGE_CURVE('',#681,#672,#683,.T.);
#681 = VERTEX_POINT('',#682);
#682 = CARTESIAN_POINT('',(-39.61435879,14.21001714,100.));
#683 = CIRCLE('',#684,0.2);
#684 = AXIS2_PLACEMENT_3D('',#685,#686,#687);
#685 = CARTESIAN_POINT('',(-39.61435879,14.41001714,100.));
#686 = DIRECTION('',(0.,0.,-1.));
#687 = DIRECTION('',(1.,0.,0.));
#688 = ORIENTED_EDGE('',*,*,#689,.T.);
#689 = EDGE_CURVE('',#681,#690,#692,.T.);
#690 = VERTEX_POINT('',#691);
#691 = CARTESIAN_POINT('',(-38.99748435,14.21001714,100.));
#692 = LINE('',#693,#694);
#693 = CARTESIAN_POINT('',(-42.30717912,14.21001714,100.));
#694 = VECTOR('',#695,1.);
#695 = DIRECTION('',(1.,0.,0.));
#696 = ORIENTED_EDGE('',*,*,#697,.F.);
#697 = EDGE_CURVE('',#698,#690,#700,.T.);
#698 = VERTEX_POINT('',#699);
#699 = CARTESIAN_POINT('',(-38.69748435,14.51001714,100.));
#700 = CIRCLE('',#701,0.3);
#701 = AXIS2_PLACEMENT_3D('',#702,#703,#704);
#702 = CARTESIAN_POINT('',(-38.99748435,14.51001714,100.));
#703 = DIRECTION('',(0.,0.,-1.));
#704 = DIRECTION('',(1.,0.,0.));
#705 = ORIENTED_EDGE('',*,*,#706,.F.);
#706 = EDGE_CURVE('',#707,#698,#709,.T.);
#707 = VERTEX_POINT('',#708);
#708 = CARTESIAN_POINT('',(-38.69748435,17.26001714,100.));
#709 = LINE('',#710,#711);
#710 = CARTESIAN_POINT('',(-38.69748435,-1.37498286,100.));
#711 = VECTOR('',#712,1.);
#712 = DIRECTION('',(0.,-1.,0.));
#713 = ORIENTED_EDGE('',*,*,#714,.F.);
#714 = EDGE_CURVE('',#95,#707,#715,.T.);
#715 = LINE('',#716,#717);
#716 = CARTESIAN_POINT('',(-3.151257,17.26001714,100.));
#717 = VECTOR('',#718,1.);
#718 = DIRECTION('',(-1.,0.,0.));
#719 = ORIENTED_EDGE('',*,*,#94,.F.);
#720 = PLANE('',#721);
#721 = AXIS2_PLACEMENT_3D('',#722,#723,#724);
#722 = CARTESIAN_POINT('',(-44.99999945,-20.00998286,100.));
#723 = DIRECTION('',(0.,0.,1.));
#724 = DIRECTION('',(1.,0.,-0.));
#725 = ADVANCED_FACE('',(#726),#744,.F.);
#726 = FACE_BOUND('',#727,.F.);
#727 = EDGE_LOOP('',(#728,#736,#737,#738));
#728 = ORIENTED_EDGE('',*,*,#729,.F.);
#729 = EDGE_CURVE('',#54,#730,#732,.T.);
#730 = VERTEX_POINT('',#731);
#731 = CARTESIAN_POINT('',(39.61435989,14.21001714,0.));
#732 = LINE('',#733,#734);
#733 = CARTESIAN_POINT('',(38.99748545,14.21001714,0.));
#734 = VECTOR('',#735,1.);
#735 = DIRECTION('',(1.,0.,0.));
#736 = ORIENTED_EDGE('',*,*,#62,.T.);
#737 = ORIENTED_EDGE('',*,*,#117,.T.);
#738 = ORIENTED_EDGE('',*,*,#739,.F.);
#739 = EDGE_CURVE('',#730,#118,#740,.T.);
#740 = LINE('',#741,#742);
#741 = CARTESIAN_POINT('',(39.61435989,14.21001714,0.));
#742 = VECTOR('',#743,1.);
#743 = DIRECTION('',(0.,0.,1.));
#744 = PLANE('',#745);
#745 = AXIS2_PLACEMENT_3D('',#746,#747,#748);
#746 = CARTESIAN_POINT('',(38.99748545,14.21001714,0.));
#747 = DIRECTION('',(0.,1.,0.));
#748 = DIRECTION('',(1.,0.,0.));
#749 = ADVANCED_FACE('',(#750),#1350,.F.);
#750 = FACE_BOUND('',#751,.F.);
#751 = EDGE_LOOP('',(#752,#753,#754,#763,#772,#781,#789,#798,#806,#814,
    #822,#830,#838,#846,#855,#863,#872,#880,#889,#897,#906,#914,#923,
    #931,#940,#948,#957,#965,#974,#982,#990,#998,#1006,#1014,#1022,#1030
    ,#1038,#1046,#1054,#1062,#1070,#1078,#1086,#1094,#1102,#1110,#1118,
    #1126,#1134,#1142,#1150,#1158,#1167,#1175,#1184,#1192,#1200,#1209,
    #1217,#1226,#1234,#1242,#1250,#1258,#1266,#1274,#1283,#1291,#1300,
    #1309,#1318,#1326,#1335,#1343,#1349));
#752 = ORIENTED_EDGE('',*,*,#53,.T.);
#753 = ORIENTED_EDGE('',*,*,#729,.T.);
#754 = ORIENTED_EDGE('',*,*,#755,.T.);
#755 = EDGE_CURVE('',#730,#756,#758,.T.);
#756 = VERTEX_POINT('',#757);
#757 = CARTESIAN_POINT('',(39.812308560593,14.381445710723,0.));
#758 = CIRCLE('',#759,0.2);
#759 = AXIS2_PLACEMENT_3D('',#760,#761,#762);
#760 = CARTESIAN_POINT('',(39.61435989,14.41001714,0.));
#761 = DIRECTION('',(0.,0.,1.));
#762 = DIRECTION('',(1.,0.,0.));
#763 = ORIENTED_EDGE('',*,*,#764,.F.);
#764 = EDGE_CURVE('',#765,#756,#767,.T.);
#765 = VERTEX_POINT('',#766);
#766 = CARTESIAN_POINT('',(40.554616052098,13.095731420979,0.));
#767 = CIRCLE('',#768,1.2);
#768 = AXIS2_PLACEMENT_3D('',#769,#770,#771);
#769 = CARTESIAN_POINT('',(41.00000055,14.21001714,0.));
#770 = DIRECTION('',(0.,0.,1.));
#771 = DIRECTION('',(1.,0.,0.));
#772 = ORIENTED_EDGE('',*,*,#773,.T.);
#773 = EDGE_CURVE('',#765,#774,#776,.T.);
#774 = VERTEX_POINT('',#775);
#775 = CARTESIAN_POINT('',(40.307180219622,13.01001713,0.));
#776 = CIRCLE('',#777,0.2);
#777 = AXIS2_PLACEMENT_3D('',#778,#779,#780);
#778 = CARTESIAN_POINT('',(40.4803853,12.91001713,0.));
#779 = DIRECTION('',(0.,0.,1.));
#780 = DIRECTION('',(1.,0.,0.));
#781 = ORIENTED_EDGE('',*,*,#782,.T.);
#782 = EDGE_CURVE('',#774,#783,#785,.T.);
#783 = VERTEX_POINT('',#784);
#784 = CARTESIAN_POINT('',(39.903035039622,12.31001714,0.));
#785 = LINE('',#786,#787);
#786 = CARTESIAN_POINT('',(40.30718022,13.01001713,0.));
#787 = VECTOR('',#788,1.);
#788 = DIRECTION('',(-0.499999997533,-0.866025405209,0.));
#789 = ORIENTED_EDGE('',*,*,#790,.T.);
#790 = EDGE_CURVE('',#783,#791,#793,.T.);
#791 = VERTEX_POINT('',#792);
#792 = CARTESIAN_POINT('',(40.07624012,12.01001714,0.));
#793 = CIRCLE('',#794,0.2);
#794 = AXIS2_PLACEMENT_3D('',#795,#796,#797);
#795 = CARTESIAN_POINT('',(40.07624012,12.21001714,0.));
#796 = DIRECTION('',(0.,0.,1.));
#797 = DIRECTION('',(1.,0.,0.));
#798 = ORIENTED_EDGE('',*,*,#799,.T.);
#799 = EDGE_CURVE('',#791,#800,#802,.T.);
#800 = VERTEX_POINT('',#801);
#801 = CARTESIAN_POINT('',(42.10000055,12.01001714,0.));
#802 = LINE('',#803,#804);
#803 = CARTESIAN_POINT('',(40.07624012,12.01001714,0.));
#804 = VECTOR('',#805,1.);
#805 = DIRECTION('',(1.,0.,0.));
#806 = ORIENTED_EDGE('',*,*,#807,.F.);
#807 = EDGE_CURVE('',#808,#800,#810,.T.);
#808 = VERTEX_POINT('',#809);
#809 = CARTESIAN_POINT('',(42.10000055,10.21001714,0.));
#810 = LINE('',#811,#812);
#811 = CARTESIAN_POINT('',(42.10000055,10.21001714,0.));
#812 = VECTOR('',#813,1.);
#813 = DIRECTION('',(0.,1.,0.));
#814 = ORIENTED_EDGE('',*,*,#815,.F.);
#815 = EDGE_CURVE('',#816,#808,#818,.T.);
#816 = VERTEX_POINT('',#817);
#817 = CARTESIAN_POINT('',(39.80000055,10.21001714,0.));
#818 = LINE('',#819,#820);
#819 = CARTESIAN_POINT('',(39.80000055,10.21001714,0.));
#820 = VECTOR('',#821,1.);
#821 = DIRECTION('',(1.,0.,0.));
#822 = ORIENTED_EDGE('',*,*,#823,.F.);
#823 = EDGE_CURVE('',#824,#816,#826,.T.);
#824 = VERTEX_POINT('',#825);
#825 = CARTESIAN_POINT('',(39.80000055,9.21001714,0.));
#826 = LINE('',#827,#828);
#827 = CARTESIAN_POINT('',(39.80000055,9.21001714,0.));
#828 = VECTOR('',#829,1.);
#829 = DIRECTION('',(0.,1.,0.));
#830 = ORIENTED_EDGE('',*,*,#831,.F.);
#831 = EDGE_CURVE('',#832,#824,#834,.T.);
#832 = VERTEX_POINT('',#833);
#833 = CARTESIAN_POINT('',(42.10000055,9.21001714,0.));
#834 = LINE('',#835,#836);
#835 = CARTESIAN_POINT('',(42.10000055,9.21001714,0.));
#836 = VECTOR('',#837,1.);
#837 = DIRECTION('',(-1.,0.,0.));
#838 = ORIENTED_EDGE('',*,*,#839,.F.);
#839 = EDGE_CURVE('',#840,#832,#842,.T.);
#840 = VERTEX_POINT('',#841);
#841 = CARTESIAN_POINT('',(42.100000549973,2.117686826521,0.));
#842 = LINE('',#843,#844);
#843 = CARTESIAN_POINT('',(42.10000055,2.11768683,0.));
#844 = VECTOR('',#845,1.);
#845 = DIRECTION('',(0.,1.,0.));
#846 = ORIENTED_EDGE('',*,*,#847,.T.);
#847 = EDGE_CURVE('',#840,#848,#850,.T.);
#848 = VERTEX_POINT('',#849);
#849 = CARTESIAN_POINT('',(41.20000055,0.81001714,0.));
#850 = CIRCLE('',#851,1.4);
#851 = AXIS2_PLACEMENT_3D('',#852,#853,#854);
#852 = CARTESIAN_POINT('',(42.60000055,0.81001714,0.));
#853 = DIRECTION('',(0.,0.,1.));
#854 = DIRECTION('',(1.,0.,0.));
#855 = ORIENTED_EDGE('',*,*,#856,.F.);
#856 = EDGE_CURVE('',#857,#848,#859,.T.);
#857 = VERTEX_POINT('',#858);
#858 = CARTESIAN_POINT('',(41.20000055,0.26001714,0.));
#859 = LINE('',#860,#861);
#860 = CARTESIAN_POINT('',(41.20000055,0.26001714,0.));
#861 = VECTOR('',#862,1.);
#862 = DIRECTION('',(0.,1.,0.));
#863 = ORIENTED_EDGE('',*,*,#864,.T.);
#864 = EDGE_CURVE('',#857,#865,#867,.T.);
#865 = VERTEX_POINT('',#866);
#866 = CARTESIAN_POINT('',(41.45000055,1.001714E-02,0.));
#867 = CIRCLE('',#868,0.25);
#868 = AXIS2_PLACEMENT_3D('',#869,#870,#871);
#869 = CARTESIAN_POINT('',(41.45000055,0.26001714,0.));
#870 = DIRECTION('',(0.,0.,1.));
#871 = DIRECTION('',(1.,0.,0.));
#872 = ORIENTED_EDGE('',*,*,#873,.F.);
#873 = EDGE_CURVE('',#874,#865,#876,.T.);
#874 = VERTEX_POINT('',#875);
#875 = CARTESIAN_POINT('',(41.80000055,1.001714E-02,0.));
#876 = LINE('',#877,#878);
#877 = CARTESIAN_POINT('',(41.80000055,1.001714E-02,0.));
#878 = VECTOR('',#879,1.);
#879 = DIRECTION('',(-1.,0.,0.));
#880 = ORIENTED_EDGE('',*,*,#881,.T.);
#881 = EDGE_CURVE('',#874,#882,#884,.T.);
#882 = VERTEX_POINT('',#883);
#883 = CARTESIAN_POINT('',(42.05000055,0.26001714,0.));
#884 = CIRCLE('',#885,0.25);
#885 = AXIS2_PLACEMENT_3D('',#886,#887,#888);
#886 = CARTESIAN_POINT('',(41.80000055,0.26001714,0.));
#887 = DIRECTION('',(0.,0.,1.));
#888 = DIRECTION('',(1.,0.,0.));
#889 = ORIENTED_EDGE('',*,*,#890,.F.);
#890 = EDGE_CURVE('',#891,#882,#893,.T.);
#891 = VERTEX_POINT('',#892);
#892 = CARTESIAN_POINT('',(42.05000055,0.86001714,0.));
#893 = LINE('',#894,#895);
#894 = CARTESIAN_POINT('',(42.05000055,0.86001714,0.));
#895 = VECTOR('',#896,1.);
#896 = DIRECTION('',(0.,-1.,0.));
#897 = ORIENTED_EDGE('',*,*,#898,.F.);
#898 = EDGE_CURVE('',#899,#891,#901,.T.);
#899 = VERTEX_POINT('',#900);
#900 = CARTESIAN_POINT('',(42.30000055,1.11001714,0.));
#901 = CIRCLE('',#902,0.25);
#902 = AXIS2_PLACEMENT_3D('',#903,#904,#905);
#903 = CARTESIAN_POINT('',(42.30000055,0.86001714,0.));
#904 = DIRECTION('',(0.,0.,1.));
#905 = DIRECTION('',(1.,0.,0.));
#906 = ORIENTED_EDGE('',*,*,#907,.F.);
#907 = EDGE_CURVE('',#908,#899,#910,.T.);
#908 = VERTEX_POINT('',#909);
#909 = CARTESIAN_POINT('',(42.90000055,1.11001714,0.));
#910 = LINE('',#911,#912);
#911 = CARTESIAN_POINT('',(42.90000055,1.11001714,0.));
#912 = VECTOR('',#913,1.);
#913 = DIRECTION('',(-1.,0.,0.));
#914 = ORIENTED_EDGE('',*,*,#915,.F.);
#915 = EDGE_CURVE('',#916,#908,#918,.T.);
#916 = VERTEX_POINT('',#917);
#917 = CARTESIAN_POINT('',(43.15000055,0.86001714,0.));
#918 = CIRCLE('',#919,0.25);
#919 = AXIS2_PLACEMENT_3D('',#920,#921,#922);
#920 = CARTESIAN_POINT('',(42.90000055,0.86001714,0.));
#921 = DIRECTION('',(0.,0.,1.));
#922 = DIRECTION('',(1.,0.,0.));
#923 = ORIENTED_EDGE('',*,*,#924,.F.);
#924 = EDGE_CURVE('',#925,#916,#927,.T.);
#925 = VERTEX_POINT('',#926);
#926 = CARTESIAN_POINT('',(43.15000055,0.26001714,0.));
#927 = LINE('',#928,#929);
#928 = CARTESIAN_POINT('',(43.15000055,0.26001714,0.));
#929 = VECTOR('',#930,1.);
#930 = DIRECTION('',(0.,1.,0.));
#931 = ORIENTED_EDGE('',*,*,#932,.T.);
#932 = EDGE_CURVE('',#925,#933,#935,.T.);
#933 = VERTEX_POINT('',#934);
#934 = CARTESIAN_POINT('',(43.40000055,1.001714E-02,0.));
#935 = CIRCLE('',#936,0.25);
#936 = AXIS2_PLACEMENT_3D('',#937,#938,#939);
#937 = CARTESIAN_POINT('',(43.40000055,0.26001714,0.));
#938 = DIRECTION('',(0.,0.,1.));
#939 = DIRECTION('',(1.,0.,0.));
#940 = ORIENTED_EDGE('',*,*,#941,.F.);
#941 = EDGE_CURVE('',#942,#933,#944,.T.);
#942 = VERTEX_POINT('',#943);
#943 = CARTESIAN_POINT('',(43.75000055,1.001714E-02,0.));
#944 = LINE('',#945,#946);
#945 = CARTESIAN_POINT('',(43.75000055,1.001714E-02,0.));
#946 = VECTOR('',#947,1.);
#947 = DIRECTION('',(-1.,0.,0.));
#948 = ORIENTED_EDGE('',*,*,#949,.T.);
#949 = EDGE_CURVE('',#942,#950,#952,.T.);
#950 = VERTEX_POINT('',#951);
#951 = CARTESIAN_POINT('',(44.00000055,0.26001714,0.));
#952 = CIRCLE('',#953,0.25);
#953 = AXIS2_PLACEMENT_3D('',#954,#955,#956);
#954 = CARTESIAN_POINT('',(43.75000055,0.26001714,0.));
#955 = DIRECTION('',(0.,0.,1.));
#956 = DIRECTION('',(1.,0.,0.));
#957 = ORIENTED_EDGE('',*,*,#958,.F.);
#958 = EDGE_CURVE('',#959,#950,#961,.T.);
#959 = VERTEX_POINT('',#960);
#960 = CARTESIAN_POINT('',(44.00000055,14.51001714,0.));
#961 = LINE('',#962,#963);
#962 = CARTESIAN_POINT('',(44.00000055,14.51001714,0.));
#963 = VECTOR('',#964,1.);
#964 = DIRECTION('',(0.,-1.,0.));
#965 = ORIENTED_EDGE('',*,*,#966,.T.);
#966 = EDGE_CURVE('',#959,#967,#969,.T.);
#967 = VERTEX_POINT('',#968);
#968 = CARTESIAN_POINT('',(39.50000055,19.01001714,0.));
#969 = CIRCLE('',#970,4.5);
#970 = AXIS2_PLACEMENT_3D('',#971,#972,#973);
#971 = CARTESIAN_POINT('',(39.50000055,14.51001714,0.));
#972 = DIRECTION('',(0.,0.,1.));
#973 = DIRECTION('',(1.,0.,0.));
#974 = ORIENTED_EDGE('',*,*,#975,.F.);
#975 = EDGE_CURVE('',#976,#967,#978,.T.);
#976 = VERTEX_POINT('',#977);
#977 = CARTESIAN_POINT('',(33.50000055,19.01001714,0.));
#978 = LINE('',#979,#980);
#979 = CARTESIAN_POINT('',(33.50000055,19.01001714,0.));
#980 = VECTOR('',#981,1.);
#981 = DIRECTION('',(1.,0.,0.));
#982 = ORIENTED_EDGE('',*,*,#983,.F.);
#983 = EDGE_CURVE('',#984,#976,#986,.T.);
#984 = VERTEX_POINT('',#985);
#985 = CARTESIAN_POINT('',(32.75000055,18.76001714,0.));
#986 = LINE('',#987,#988);
#987 = CARTESIAN_POINT('',(32.75000055,18.76001714,0.));
#988 = VECTOR('',#989,1.);
#989 = DIRECTION('',(0.948683298051,0.316227766017,0.));
#990 = ORIENTED_EDGE('',*,*,#991,.F.);
#991 = EDGE_CURVE('',#992,#984,#994,.T.);
#992 = VERTEX_POINT('',#993);
#993 = CARTESIAN_POINT('',(32.00000055,19.01001714,0.));
#994 = LINE('',#995,#996);
#995 = CARTESIAN_POINT('',(32.00000055,19.01001714,0.));
#996 = VECTOR('',#997,1.);
#997 = DIRECTION('',(0.948683298051,-0.316227766017,0.));
#998 = ORIENTED_EDGE('',*,*,#999,.F.);
#999 = EDGE_CURVE('',#1000,#992,#1002,.T.);
#1000 = VERTEX_POINT('',#1001);
#1001 = CARTESIAN_POINT('',(31.25000055,18.76001714,0.));
#1002 = LINE('',#1003,#1004);
#1003 = CARTESIAN_POINT('',(31.25000055,18.76001714,0.));
#1004 = VECTOR('',#1005,1.);
#1005 = DIRECTION('',(0.948683298051,0.316227766017,0.));
#1006 = ORIENTED_EDGE('',*,*,#1007,.F.);
#1007 = EDGE_CURVE('',#1008,#1000,#1010,.T.);
#1008 = VERTEX_POINT('',#1009);
#1009 = CARTESIAN_POINT('',(30.50000055,19.01001714,0.));
#1010 = LINE('',#1011,#1012);
#1011 = CARTESIAN_POINT('',(30.50000055,19.01001714,0.));
#1012 = VECTOR('',#1013,1.);
#1013 = DIRECTION('',(0.948683298051,-0.316227766017,0.));
#1014 = ORIENTED_EDGE('',*,*,#1015,.F.);
#1015 = EDGE_CURVE('',#1016,#1008,#1018,.T.);
#1016 = VERTEX_POINT('',#1017);
#1017 = CARTESIAN_POINT('',(29.75000055,18.76001714,0.));
#1018 = LINE('',#1019,#1020);
#1019 = CARTESIAN_POINT('',(29.75000055,18.76001714,0.));
#1020 = VECTOR('',#1021,1.);
#1021 = DIRECTION('',(0.948683298051,0.316227766017,0.));
#1022 = ORIENTED_EDGE('',*,*,#1023,.F.);
#1023 = EDGE_CURVE('',#1024,#1016,#1026,.T.);
#1024 = VERTEX_POINT('',#1025);
#1025 = CARTESIAN_POINT('',(29.00000055,19.01001714,0.));
#1026 = LINE('',#1027,#1028);
#1027 = CARTESIAN_POINT('',(29.00000055,19.01001714,0.));
#1028 = VECTOR('',#1029,1.);
#1029 = DIRECTION('',(0.948683298051,-0.316227766017,0.));
#1030 = ORIENTED_EDGE('',*,*,#1031,.F.);
#1031 = EDGE_CURVE('',#1032,#1024,#1034,.T.);
#1032 = VERTEX_POINT('',#1033);
#1033 = CARTESIAN_POINT('',(28.25000055,18.76001714,0.));
#1034 = LINE('',#1035,#1036);
#1035 = CARTESIAN_POINT('',(28.25000055,18.76001714,0.));
#1036 = VECTOR('',#1037,1.);
#1037 = DIRECTION('',(0.948683298051,0.316227766017,0.));
#1038 = ORIENTED_EDGE('',*,*,#1039,.F.);
#1039 = EDGE_CURVE('',#1040,#1032,#1042,.T.);
#1040 = VERTEX_POINT('',#1041);
#1041 = CARTESIAN_POINT('',(27.50000055,19.01001714,0.));
#1042 = LINE('',#1043,#1044);
#1043 = CARTESIAN_POINT('',(27.50000055,19.01001714,0.));
#1044 = VECTOR('',#1045,1.);
#1045 = DIRECTION('',(0.948683298051,-0.316227766017,0.));
#1046 = ORIENTED_EDGE('',*,*,#1047,.F.);
#1047 = EDGE_CURVE('',#1048,#1040,#1050,.T.);
#1048 = VERTEX_POINT('',#1049);
#1049 = CARTESIAN_POINT('',(26.75000055,18.76001714,0.));
#1050 = LINE('',#1051,#1052);
#1051 = CARTESIAN_POINT('',(26.75000055,18.76001714,0.));
#1052 = VECTOR('',#1053,1.);
#1053 = DIRECTION('',(0.948683298051,0.316227766017,0.));
#1054 = ORIENTED_EDGE('',*,*,#1055,.F.);
#1055 = EDGE_CURVE('',#1056,#1048,#1058,.T.);
#1056 = VERTEX_POINT('',#1057);
#1057 = CARTESIAN_POINT('',(26.00000055,19.01001714,0.));
#1058 = LINE('',#1059,#1060);
#1059 = CARTESIAN_POINT('',(26.00000055,19.01001714,0.));
#1060 = VECTOR('',#1061,1.);
#1061 = DIRECTION('',(0.948683298051,-0.316227766017,0.));
#1062 = ORIENTED_EDGE('',*,*,#1063,.F.);
#1063 = EDGE_CURVE('',#1064,#1056,#1066,.T.);
#1064 = VERTEX_POINT('',#1065);
#1065 = CARTESIAN_POINT('',(-25.99999945,19.01001714,0.));
#1066 = LINE('',#1067,#1068);
#1067 = CARTESIAN_POINT('',(-25.99999945,19.01001714,0.));
#1068 = VECTOR('',#1069,1.);
#1069 = DIRECTION('',(1.,0.,0.));
#1070 = ORIENTED_EDGE('',*,*,#1071,.F.);
#1071 = EDGE_CURVE('',#1072,#1064,#1074,.T.);
#1072 = VERTEX_POINT('',#1073);
#1073 = CARTESIAN_POINT('',(-26.74999945,18.76001714,0.));
#1074 = LINE('',#1075,#1076);
#1075 = CARTESIAN_POINT('',(-26.74999945,18.76001714,0.));
#1076 = VECTOR('',#1077,1.);
#1077 = DIRECTION('',(0.948683298051,0.316227766017,0.));
#1078 = ORIENTED_EDGE('',*,*,#1079,.F.);
#1079 = EDGE_CURVE('',#1080,#1072,#1082,.T.);
#1080 = VERTEX_POINT('',#1081);
#1081 = CARTESIAN_POINT('',(-27.49999945,19.01001714,0.));
#1082 = LINE('',#1083,#1084);
#1083 = CARTESIAN_POINT('',(-27.49999945,19.01001714,0.));
#1084 = VECTOR('',#1085,1.);
#1085 = DIRECTION('',(0.948683298051,-0.316227766017,0.));
#1086 = ORIENTED_EDGE('',*,*,#1087,.F.);
#1087 = EDGE_CURVE('',#1088,#1080,#1090,.T.);
#1088 = VERTEX_POINT('',#1089);
#1089 = CARTESIAN_POINT('',(-28.24999945,18.76001714,0.));
#1090 = LINE('',#1091,#1092);
#1091 = CARTESIAN_POINT('',(-28.24999945,18.76001714,0.));
#1092 = VECTOR('',#1093,1.);
#1093 = DIRECTION('',(0.948683298051,0.316227766017,0.));
#1094 = ORIENTED_EDGE('',*,*,#1095,.F.);
#1095 = EDGE_CURVE('',#1096,#1088,#1098,.T.);
#1096 = VERTEX_POINT('',#1097);
#1097 = CARTESIAN_POINT('',(-28.99999945,19.01001714,0.));
#1098 = LINE('',#1099,#1100);
#1099 = CARTESIAN_POINT('',(-28.99999945,19.01001714,0.));
#1100 = VECTOR('',#1101,1.);
#1101 = DIRECTION('',(0.948683298051,-0.316227766017,0.));
#1102 = ORIENTED_EDGE('',*,*,#1103,.F.);
#1103 = EDGE_CURVE('',#1104,#1096,#1106,.T.);
#1104 = VERTEX_POINT('',#1105);
#1105 = CARTESIAN_POINT('',(-29.74999945,18.76001714,0.));
#1106 = LINE('',#1107,#1108);
#1107 = CARTESIAN_POINT('',(-29.74999945,18.76001714,0.));
#1108 = VECTOR('',#1109,1.);
#1109 = DIRECTION('',(0.948683298051,0.316227766017,0.));
#1110 = ORIENTED_EDGE('',*,*,#1111,.F.);
#1111 = EDGE_CURVE('',#1112,#1104,#1114,.T.);
#1112 = VERTEX_POINT('',#1113);
#1113 = CARTESIAN_POINT('',(-30.49999945,19.01001714,0.));
#1114 = LINE('',#1115,#1116);
#1115 = CARTESIAN_POINT('',(-30.49999945,19.01001714,0.));
#1116 = VECTOR('',#1117,1.);
#1117 = DIRECTION('',(0.948683298051,-0.316227766017,0.));
#1118 = ORIENTED_EDGE('',*,*,#1119,.F.);
#1119 = EDGE_CURVE('',#1120,#1112,#1122,.T.);
#1120 = VERTEX_POINT('',#1121);
#1121 = CARTESIAN_POINT('',(-31.24999945,18.76001714,0.));
#1122 = LINE('',#1123,#1124);
#1123 = CARTESIAN_POINT('',(-31.24999945,18.76001714,0.));
#1124 = VECTOR('',#1125,1.);
#1125 = DIRECTION('',(0.948683298051,0.316227766017,0.));
#1126 = ORIENTED_EDGE('',*,*,#1127,.F.);
#1127 = EDGE_CURVE('',#1128,#1120,#1130,.T.);
#1128 = VERTEX_POINT('',#1129);
#1129 = CARTESIAN_POINT('',(-31.99999945,19.01001714,0.));
#1130 = LINE('',#1131,#1132);
#1131 = CARTESIAN_POINT('',(-31.99999945,19.01001714,0.));
#1132 = VECTOR('',#1133,1.);
#1133 = DIRECTION('',(0.948683298051,-0.316227766017,0.));
#1134 = ORIENTED_EDGE('',*,*,#1135,.F.);
#1135 = EDGE_CURVE('',#1136,#1128,#1138,.T.);
#1136 = VERTEX_POINT('',#1137);
#1137 = CARTESIAN_POINT('',(-32.74999945,18.76001714,0.));
#1138 = LINE('',#1139,#1140);
#1139 = CARTESIAN_POINT('',(-32.74999945,18.76001714,0.));
#1140 = VECTOR('',#1141,1.);
#1141 = DIRECTION('',(0.948683298051,0.316227766017,0.));
#1142 = ORIENTED_EDGE('',*,*,#1143,.F.);
#1143 = EDGE_CURVE('',#1144,#1136,#1146,.T.);
#1144 = VERTEX_POINT('',#1145);
#1145 = CARTESIAN_POINT('',(-33.49999945,19.01001714,0.));
#1146 = LINE('',#1147,#1148);
#1147 = CARTESIAN_POINT('',(-33.49999945,19.01001714,0.));
#1148 = VECTOR('',#1149,1.);
#1149 = DIRECTION('',(0.948683298051,-0.316227766017,0.));
#1150 = ORIENTED_EDGE('',*,*,#1151,.F.);
#1151 = EDGE_CURVE('',#1152,#1144,#1154,.T.);
#1152 = VERTEX_POINT('',#1153);
#1153 = CARTESIAN_POINT('',(-39.49999945,19.01001714,0.));
#1154 = LINE('',#1155,#1156);
#1155 = CARTESIAN_POINT('',(-39.49999945,19.01001714,0.));
#1156 = VECTOR('',#1157,1.);
#1157 = DIRECTION('',(1.,0.,0.));
#1158 = ORIENTED_EDGE('',*,*,#1159,.T.);
#1159 = EDGE_CURVE('',#1152,#1160,#1162,.T.);
#1160 = VERTEX_POINT('',#1161);
#1161 = CARTESIAN_POINT('',(-43.99999945,14.51001714,0.));
#1162 = CIRCLE('',#1163,4.5);
#1163 = AXIS2_PLACEMENT_3D('',#1164,#1165,#1166);
#1164 = CARTESIAN_POINT('',(-39.49999945,14.51001714,0.));
#1165 = DIRECTION('',(0.,0.,1.));
#1166 = DIRECTION('',(1.,0.,0.));
#1167 = ORIENTED_EDGE('',*,*,#1168,.F.);
#1168 = EDGE_CURVE('',#1169,#1160,#1171,.T.);
#1169 = VERTEX_POINT('',#1170);
#1170 = CARTESIAN_POINT('',(-43.99999945,0.26001714,0.));
#1171 = LINE('',#1172,#1173);
#1172 = CARTESIAN_POINT('',(-43.99999945,0.26001714,0.));
#1173 = VECTOR('',#1174,1.);
#1174 = DIRECTION('',(0.,1.,0.));
#1175 = ORIENTED_EDGE('',*,*,#1176,.T.);
#1176 = EDGE_CURVE('',#1169,#1177,#1179,.T.);
#1177 = VERTEX_POINT('',#1178);
#1178 = CARTESIAN_POINT('',(-43.74999945,1.001714E-02,0.));
#1179 = CIRCLE('',#1180,0.25);
#1180 = AXIS2_PLACEMENT_3D('',#1181,#1182,#1183);
#1181 = CARTESIAN_POINT('',(-43.74999945,0.26001714,0.));
#1182 = DIRECTION('',(0.,0.,1.));
#1183 = DIRECTION('',(1.,0.,0.));
#1184 = ORIENTED_EDGE('',*,*,#1185,.F.);
#1185 = EDGE_CURVE('',#1186,#1177,#1188,.T.);
#1186 = VERTEX_POINT('',#1187);
#1187 = CARTESIAN_POINT('',(-43.09999945,1.001714E-02,0.));
#1188 = LINE('',#1189,#1190);
#1189 = CARTESIAN_POINT('',(-43.09999945,1.001714E-02,0.));
#1190 = VECTOR('',#1191,1.);
#1191 = DIRECTION('',(-1.,0.,0.));
#1192 = ORIENTED_EDGE('',*,*,#1193,.F.);
#1193 = EDGE_CURVE('',#1194,#1186,#1196,.T.);
#1194 = VERTEX_POINT('',#1195);
#1195 = CARTESIAN_POINT('',(-43.09999945,-0.73998286,0.));
#1196 = LINE('',#1197,#1198);
#1197 = CARTESIAN_POINT('',(-43.09999945,-0.73998286,0.));
#1198 = VECTOR('',#1199,1.);
#1199 = DIRECTION('',(0.,1.,0.));
#1200 = ORIENTED_EDGE('',*,*,#1201,.T.);
#1201 = EDGE_CURVE('',#1194,#1202,#1204,.T.);
#1202 = VERTEX_POINT('',#1203);
#1203 = CARTESIAN_POINT('',(-42.84999945,-0.98998286,0.));
#1204 = CIRCLE('',#1205,0.25);
#1205 = AXIS2_PLACEMENT_3D('',#1206,#1207,#1208);
#1206 = CARTESIAN_POINT('',(-42.84999945,-0.73998286,0.));
#1207 = DIRECTION('',(0.,0.,1.));
#1208 = DIRECTION('',(1.,0.,0.));
#1209 = ORIENTED_EDGE('',*,*,#1210,.F.);
#1210 = EDGE_CURVE('',#1211,#1202,#1213,.T.);
#1211 = VERTEX_POINT('',#1212);
#1212 = CARTESIAN_POINT('',(-42.34999945,-0.98998286,0.));
#1213 = LINE('',#1214,#1215);
#1214 = CARTESIAN_POINT('',(-42.34999945,-0.98998286,0.));
#1215 = VECTOR('',#1216,1.);
#1216 = DIRECTION('',(-1.,0.,0.));
#1217 = ORIENTED_EDGE('',*,*,#1218,.T.);
#1218 = EDGE_CURVE('',#1211,#1219,#1221,.T.);
#1219 = VERTEX_POINT('',#1220);
#1220 = CARTESIAN_POINT('',(-42.09999945,-0.73998286,0.));
#1221 = CIRCLE('',#1222,0.25);
#1222 = AXIS2_PLACEMENT_3D('',#1223,#1224,#1225);
#1223 = CARTESIAN_POINT('',(-42.34999945,-0.73998286,0.));
#1224 = DIRECTION('',(0.,0.,1.));
#1225 = DIRECTION('',(1.,0.,0.));
#1226 = ORIENTED_EDGE('',*,*,#1227,.F.);
#1227 = EDGE_CURVE('',#1228,#1219,#1230,.T.);
#1228 = VERTEX_POINT('',#1229);
#1229 = CARTESIAN_POINT('',(-42.09999945,9.21001714,0.));
#1230 = LINE('',#1231,#1232);
#1231 = CARTESIAN_POINT('',(-42.09999945,9.21001714,0.));
#1232 = VECTOR('',#1233,1.);
#1233 = DIRECTION('',(0.,-1.,0.));
#1234 = ORIENTED_EDGE('',*,*,#1235,.F.);
#1235 = EDGE_CURVE('',#1236,#1228,#1238,.T.);
#1236 = VERTEX_POINT('',#1237);
#1237 = CARTESIAN_POINT('',(-39.79999945,9.21001714,0.));
#1238 = LINE('',#1239,#1240);
#1239 = CARTESIAN_POINT('',(-39.79999945,9.21001714,0.));
#1240 = VECTOR('',#1241,1.);
#1241 = DIRECTION('',(-1.,0.,0.));
#1242 = ORIENTED_EDGE('',*,*,#1243,.F.);
#1243 = EDGE_CURVE('',#1244,#1236,#1246,.T.);
#1244 = VERTEX_POINT('',#1245);
#1245 = CARTESIAN_POINT('',(-39.79999945,10.21001714,0.));
#1246 = LINE('',#1247,#1248);
#1247 = CARTESIAN_POINT('',(-39.79999945,10.21001714,0.));
#1248 = VECTOR('',#1249,1.);
#1249 = DIRECTION('',(0.,-1.,0.));
#1250 = ORIENTED_EDGE('',*,*,#1251,.F.);
#1251 = EDGE_CURVE('',#1252,#1244,#1254,.T.);
#1252 = VERTEX_POINT('',#1253);
#1253 = CARTESIAN_POINT('',(-42.09999945,10.21001714,0.));
#1254 = LINE('',#1255,#1256);
#1255 = CARTESIAN_POINT('',(-42.09999945,10.21001714,0.));
#1256 = VECTOR('',#1257,1.);
#1257 = DIRECTION('',(1.,0.,0.));
#1258 = ORIENTED_EDGE('',*,*,#1259,.F.);
#1259 = EDGE_CURVE('',#1260,#1252,#1262,.T.);
#1260 = VERTEX_POINT('',#1261);
#1261 = CARTESIAN_POINT('',(-42.09999945,12.01001714,0.));
#1262 = LINE('',#1263,#1264);
#1263 = CARTESIAN_POINT('',(-42.09999945,12.01001714,0.));
#1264 = VECTOR('',#1265,1.);
#1265 = DIRECTION('',(0.,-1.,0.));
#1266 = ORIENTED_EDGE('',*,*,#1267,.F.);
#1267 = EDGE_CURVE('',#1268,#1260,#1270,.T.);
#1268 = VERTEX_POINT('',#1269);
#1269 = CARTESIAN_POINT('',(-40.07623902,12.01001714,0.));
#1270 = LINE('',#1271,#1272);
#1271 = CARTESIAN_POINT('',(-40.07623902,12.01001714,0.));
#1272 = VECTOR('',#1273,1.);
#1273 = DIRECTION('',(-1.,0.,0.));
#1274 = ORIENTED_EDGE('',*,*,#1275,.T.);
#1275 = EDGE_CURVE('',#1268,#1276,#1278,.T.);
#1276 = VERTEX_POINT('',#1277);
#1277 = CARTESIAN_POINT('',(-39.90303393962,12.31001714,0.));
#1278 = CIRCLE('',#1279,0.2);
#1279 = AXIS2_PLACEMENT_3D('',#1280,#1281,#1282);
#1280 = CARTESIAN_POINT('',(-40.07623902,12.21001714,0.));
#1281 = DIRECTION('',(0.,0.,1.));
#1282 = DIRECTION('',(1.,0.,0.));
#1283 = ORIENTED_EDGE('',*,*,#1284,.F.);
#1284 = EDGE_CURVE('',#1285,#1276,#1287,.T.);
#1285 = VERTEX_POINT('',#1286);
#1286 = CARTESIAN_POINT('',(-40.30717911962,13.01001713,0.));
#1287 = LINE('',#1288,#1289);
#1288 = CARTESIAN_POINT('',(-40.30717912,13.01001713,0.));
#1289 = VECTOR('',#1290,1.);
#1290 = DIRECTION('',(0.499999997533,-0.866025405209,0.));
#1291 = ORIENTED_EDGE('',*,*,#1292,.T.);
#1292 = EDGE_CURVE('',#1285,#1293,#1295,.T.);
#1293 = VERTEX_POINT('',#1294);
#1294 = CARTESIAN_POINT('',(-40.55461495209,13.095731420979,0.));
#1295 = CIRCLE('',#1296,0.2);
#1296 = AXIS2_PLACEMENT_3D('',#1297,#1298,#1299);
#1297 = CARTESIAN_POINT('',(-40.4803842,12.91001713,0.));
#1298 = DIRECTION('',(0.,0.,1.));
#1299 = DIRECTION('',(1.,0.,0.));
#1300 = ORIENTED_EDGE('',*,*,#1301,.F.);
#1301 = EDGE_CURVE('',#1302,#1293,#1304,.T.);
#1302 = VERTEX_POINT('',#1303);
#1303 = CARTESIAN_POINT('',(-39.81230746059,14.381445710723,0.));
#1304 = CIRCLE('',#1305,1.2);
#1305 = AXIS2_PLACEMENT_3D('',#1306,#1307,#1308);
#1306 = CARTESIAN_POINT('',(-40.99999945,14.21001714,0.));
#1307 = DIRECTION('',(0.,0.,1.));
#1308 = DIRECTION('',(1.,0.,0.));
#1309 = ORIENTED_EDGE('',*,*,#1310,.T.);
#1310 = EDGE_CURVE('',#1302,#1311,#1313,.T.);
#1311 = VERTEX_POINT('',#1312);
#1312 = CARTESIAN_POINT('',(-39.61435879,14.21001714,0.));
#1313 = CIRCLE('',#1314,0.2);
#1314 = AXIS2_PLACEMENT_3D('',#1315,#1316,#1317);
#1315 = CARTESIAN_POINT('',(-39.61435879,14.41001714,0.));
#1316 = DIRECTION('',(0.,0.,1.));
#1317 = DIRECTION('',(1.,0.,0.));
#1318 = ORIENTED_EDGE('',*,*,#1319,.T.);
#1319 = EDGE_CURVE('',#1311,#1320,#1322,.T.);
#1320 = VERTEX_POINT('',#1321);
#1321 = CARTESIAN_POINT('',(-38.99748435,14.21001714,0.));
#1322 = LINE('',#1323,#1324);
#1323 = CARTESIAN_POINT('',(-39.61435879,14.21001714,0.));
#1324 = VECTOR('',#1325,1.);
#1325 = DIRECTION('',(1.,0.,0.));
#1326 = ORIENTED_EDGE('',*,*,#1327,.T.);
#1327 = EDGE_CURVE('',#1320,#1328,#1330,.T.);
#1328 = VERTEX_POINT('',#1329);
#1329 = CARTESIAN_POINT('',(-38.69748435,14.51001714,0.));
#1330 = CIRCLE('',#1331,0.3);
#1331 = AXIS2_PLACEMENT_3D('',#1332,#1333,#1334);
#1332 = CARTESIAN_POINT('',(-38.99748435,14.51001714,0.));
#1333 = DIRECTION('',(0.,0.,1.));
#1334 = DIRECTION('',(1.,0.,0.));
#1335 = ORIENTED_EDGE('',*,*,#1336,.F.);
#1336 = EDGE_CURVE('',#1337,#1328,#1339,.T.);
#1337 = VERTEX_POINT('',#1338);
#1338 = CARTESIAN_POINT('',(-38.69748435,17.26001714,0.));
#1339 = LINE('',#1340,#1341);
#1340 = CARTESIAN_POINT('',(-38.69748435,17.26001714,0.));
#1341 = VECTOR('',#1342,1.);
#1342 = DIRECTION('',(0.,-1.,0.));
#1343 = ORIENTED_EDGE('',*,*,#1344,.F.);
#1344 = EDGE_CURVE('',#86,#1337,#1345,.T.);
#1345 = LINE('',#1346,#1347);
#1346 = CARTESIAN_POINT('',(38.69748545,17.26001714,0.));
#1347 = VECTOR('',#1348,1.);
#1348 = DIRECTION('',(-1.,0.,0.));
#1349 = ORIENTED_EDGE('',*,*,#85,.F.);
#1350 = PLANE('',#1351);
#1351 = AXIS2_PLACEMENT_3D('',#1352,#1353,#1354);
#1352 = CARTESIAN_POINT('',(0.170967385603,14.588739869487,0.));
#1353 = DIRECTION('',(0.,0.,1.));
#1354 = DIRECTION('',(1.,0.,0.));
#1355 = ADVANCED_FACE('',(#1356),#1367,.T.);
#1356 = FACE_BOUND('',#1357,.T.);
#1357 = EDGE_LOOP('',(#1358,#1359,#1360,#1361));
#1358 = ORIENTED_EDGE('',*,*,#1344,.F.);
#1359 = ORIENTED_EDGE('',*,*,#102,.T.);
#1360 = ORIENTED_EDGE('',*,*,#714,.T.);
#1361 = ORIENTED_EDGE('',*,*,#1362,.F.);
#1362 = EDGE_CURVE('',#1337,#707,#1363,.T.);
#1363 = LINE('',#1364,#1365);
#1364 = CARTESIAN_POINT('',(-38.69748435,17.26001714,0.));
#1365 = VECTOR('',#1366,1.);
#1366 = DIRECTION('',(0.,0.,1.));
#1367 = PLANE('',#1368);
#1368 = AXIS2_PLACEMENT_3D('',#1369,#1370,#1371);
#1369 = CARTESIAN_POINT('',(38.69748545,17.26001714,0.));
#1370 = DIRECTION('',(0.,-1.,0.));
#1371 = DIRECTION('',(-1.,0.,0.));
#1372 = ADVANCED_FACE('',(#1373),#1384,.T.);
#1373 = FACE_BOUND('',#1374,.T.);
#1374 = EDGE_LOOP('',(#1375,#1376,#1377,#1378));
#1375 = ORIENTED_EDGE('',*,*,#1336,.F.);
#1376 = ORIENTED_EDGE('',*,*,#1362,.T.);
#1377 = ORIENTED_EDGE('',*,*,#706,.T.);
#1378 = ORIENTED_EDGE('',*,*,#1379,.F.);
#1379 = EDGE_CURVE('',#1328,#698,#1380,.T.);
#1380 = LINE('',#1381,#1382);
#1381 = CARTESIAN_POINT('',(-38.69748435,14.51001714,0.));
#1382 = VECTOR('',#1383,1.);
#1383 = DIRECTION('',(0.,0.,1.));
#1384 = PLANE('',#1385);
#1385 = AXIS2_PLACEMENT_3D('',#1386,#1387,#1388);
#1386 = CARTESIAN_POINT('',(-38.69748435,17.26001714,0.));
#1387 = DIRECTION('',(1.,0.,0.));
#1388 = DIRECTION('',(0.,-1.,0.));
#1389 = ADVANCED_FACE('',(#1390),#1401,.T.);
#1390 = FACE_BOUND('',#1391,.T.);
#1391 = EDGE_LOOP('',(#1392,#1398,#1399,#1400));
#1392 = ORIENTED_EDGE('',*,*,#1393,.F.);
#1393 = EDGE_CURVE('',#1320,#690,#1394,.T.);
#1394 = LINE('',#1395,#1396);
#1395 = CARTESIAN_POINT('',(-38.99748435,14.21001714,0.));
#1396 = VECTOR('',#1397,1.);
#1397 = DIRECTION('',(0.,0.,1.));
#1398 = ORIENTED_EDGE('',*,*,#1327,.T.);
#1399 = ORIENTED_EDGE('',*,*,#1379,.T.);
#1400 = ORIENTED_EDGE('',*,*,#697,.T.);
#1401 = CYLINDRICAL_SURFACE('',#1402,0.3);
#1402 = AXIS2_PLACEMENT_3D('',#1403,#1404,#1405);
#1403 = CARTESIAN_POINT('',(-38.99748435,14.51001714,0.));
#1404 = DIRECTION('',(0.,0.,-1.));
#1405 = DIRECTION('',(1.,0.,0.));
#1406 = ADVANCED_FACE('',(#1407),#1418,.F.);
#1407 = FACE_BOUND('',#1408,.F.);
#1408 = EDGE_LOOP('',(#1409,#1410,#1416,#1417));
#1409 = ORIENTED_EDGE('',*,*,#1319,.F.);
#1410 = ORIENTED_EDGE('',*,*,#1411,.T.);
#1411 = EDGE_CURVE('',#1311,#681,#1412,.T.);
#1412 = LINE('',#1413,#1414);
#1413 = CARTESIAN_POINT('',(-39.61435879,14.21001714,0.));
#1414 = VECTOR('',#1415,1.);
#1415 = DIRECTION('',(0.,0.,1.));
#1416 = ORIENTED_EDGE('',*,*,#689,.T.);
#1417 = ORIENTED_EDGE('',*,*,#1393,.F.);
#1418 = PLANE('',#1419);
#1419 = AXIS2_PLACEMENT_3D('',#1420,#1421,#1422);
#1420 = CARTESIAN_POINT('',(-39.61435879,14.21001714,0.));
#1421 = DIRECTION('',(0.,1.,0.));
#1422 = DIRECTION('',(1.,0.,0.));
#1423 = ADVANCED_FACE('',(#1424),#1435,.T.);
#1424 = FACE_BOUND('',#1425,.T.);
#1425 = EDGE_LOOP('',(#1426,#1432,#1433,#1434));
#1426 = ORIENTED_EDGE('',*,*,#1427,.F.);
#1427 = EDGE_CURVE('',#1302,#672,#1428,.T.);
#1428 = LINE('',#1429,#1430);
#1429 = CARTESIAN_POINT('',(-39.81230746059,14.381445710723,0.));
#1430 = VECTOR('',#1431,1.);
#1431 = DIRECTION('',(0.,0.,1.));
#1432 = ORIENTED_EDGE('',*,*,#1310,.T.);
#1433 = ORIENTED_EDGE('',*,*,#1411,.T.);
#1434 = ORIENTED_EDGE('',*,*,#680,.T.);
#1435 = CYLINDRICAL_SURFACE('',#1436,0.2);
#1436 = AXIS2_PLACEMENT_3D('',#1437,#1438,#1439);
#1437 = CARTESIAN_POINT('',(-39.61435879,14.41001714,0.));
#1438 = DIRECTION('',(0.,0.,-1.));
#1439 = DIRECTION('',(1.,0.,0.));
#1440 = ADVANCED_FACE('',(#1441),#1452,.F.);
#1441 = FACE_BOUND('',#1442,.F.);
#1442 = EDGE_LOOP('',(#1443,#1444,#1445,#1451));
#1443 = ORIENTED_EDGE('',*,*,#1427,.F.);
#1444 = ORIENTED_EDGE('',*,*,#1301,.T.);
#1445 = ORIENTED_EDGE('',*,*,#1446,.T.);
#1446 = EDGE_CURVE('',#1293,#663,#1447,.T.);
#1447 = LINE('',#1448,#1449);
#1448 = CARTESIAN_POINT('',(-40.55461495209,13.095731420979,0.));
#1449 = VECTOR('',#1450,1.);
#1450 = DIRECTION('',(0.,0.,1.));
#1451 = ORIENTED_EDGE('',*,*,#671,.T.);
#1452 = CYLINDRICAL_SURFACE('',#1453,1.2);
#1453 = AXIS2_PLACEMENT_3D('',#1454,#1455,#1456);
#1454 = CARTESIAN_POINT('',(-40.99999945,14.21001714,0.));
#1455 = DIRECTION('',(0.,0.,-1.));
#1456 = DIRECTION('',(1.,0.,0.));
#1457 = ADVANCED_FACE('',(#1458),#1469,.T.);
#1458 = FACE_BOUND('',#1459,.T.);
#1459 = EDGE_LOOP('',(#1460,#1466,#1467,#1468));
#1460 = ORIENTED_EDGE('',*,*,#1461,.F.);
#1461 = EDGE_CURVE('',#1285,#655,#1462,.T.);
#1462 = LINE('',#1463,#1464);
#1463 = CARTESIAN_POINT('',(-40.30717911962,13.01001713,0.));
#1464 = VECTOR('',#1465,1.);
#1465 = DIRECTION('',(0.,0.,1.));
#1466 = ORIENTED_EDGE('',*,*,#1292,.T.);
#1467 = ORIENTED_EDGE('',*,*,#1446,.T.);
#1468 = ORIENTED_EDGE('',*,*,#662,.T.);
#1469 = CYLINDRICAL_SURFACE('',#1470,0.2);
#1470 = AXIS2_PLACEMENT_3D('',#1471,#1472,#1473);
#1471 = CARTESIAN_POINT('',(-40.4803842,12.91001713,0.));
#1472 = DIRECTION('',(0.,0.,-1.));
#1473 = DIRECTION('',(1.,0.,0.));
#1474 = ADVANCED_FACE('',(#1475),#1486,.T.);
#1475 = FACE_BOUND('',#1476,.T.);
#1476 = EDGE_LOOP('',(#1477,#1478,#1479,#1480));
#1477 = ORIENTED_EDGE('',*,*,#1284,.F.);
#1478 = ORIENTED_EDGE('',*,*,#1461,.T.);
#1479 = ORIENTED_EDGE('',*,*,#654,.T.);
#1480 = ORIENTED_EDGE('',*,*,#1481,.F.);
#1481 = EDGE_CURVE('',#1276,#646,#1482,.T.);
#1482 = LINE('',#1483,#1484);
#1483 = CARTESIAN_POINT('',(-39.90303393962,12.31001714,0.));
#1484 = VECTOR('',#1485,1.);
#1485 = DIRECTION('',(0.,0.,1.));
#1486 = PLANE('',#1487);
#1487 = AXIS2_PLACEMENT_3D('',#1488,#1489,#1490);
#1488 = CARTESIAN_POINT('',(-40.30717912,13.01001713,0.));
#1489 = DIRECTION('',(0.866025405209,0.499999997533,0.));
#1490 = DIRECTION('',(0.499999997533,-0.866025405209,0.));
#1491 = ADVANCED_FACE('',(#1492),#1503,.T.);
#1492 = FACE_BOUND('',#1493,.T.);
#1493 = EDGE_LOOP('',(#1494,#1500,#1501,#1502));
#1494 = ORIENTED_EDGE('',*,*,#1495,.F.);
#1495 = EDGE_CURVE('',#1268,#638,#1496,.T.);
#1496 = LINE('',#1497,#1498);
#1497 = CARTESIAN_POINT('',(-40.07623902,12.01001714,0.));
#1498 = VECTOR('',#1499,1.);
#1499 = DIRECTION('',(0.,0.,1.));
#1500 = ORIENTED_EDGE('',*,*,#1275,.T.);
#1501 = ORIENTED_EDGE('',*,*,#1481,.T.);
#1502 = ORIENTED_EDGE('',*,*,#645,.T.);
#1503 = CYLINDRICAL_SURFACE('',#1504,0.2);
#1504 = AXIS2_PLACEMENT_3D('',#1505,#1506,#1507);
#1505 = CARTESIAN_POINT('',(-40.07623902,12.21001714,0.));
#1506 = DIRECTION('',(0.,0.,-1.));
#1507 = DIRECTION('',(1.,0.,0.));
#1508 = ADVANCED_FACE('',(#1509),#1520,.T.);
#1509 = FACE_BOUND('',#1510,.T.);
#1510 = EDGE_LOOP('',(#1511,#1512,#1513,#1514));
#1511 = ORIENTED_EDGE('',*,*,#1267,.F.);
#1512 = ORIENTED_EDGE('',*,*,#1495,.T.);
#1513 = ORIENTED_EDGE('',*,*,#637,.T.);
#1514 = ORIENTED_EDGE('',*,*,#1515,.F.);
#1515 = EDGE_CURVE('',#1260,#630,#1516,.T.);
#1516 = LINE('',#1517,#1518);
#1517 = CARTESIAN_POINT('',(-42.09999945,12.01001714,0.));
#1518 = VECTOR('',#1519,1.);
#1519 = DIRECTION('',(0.,0.,1.));
#1520 = PLANE('',#1521);
#1521 = AXIS2_PLACEMENT_3D('',#1522,#1523,#1524);
#1522 = CARTESIAN_POINT('',(-40.07623902,12.01001714,0.));
#1523 = DIRECTION('',(0.,-1.,0.));
#1524 = DIRECTION('',(-1.,0.,0.));
#1525 = ADVANCED_FACE('',(#1526),#1537,.T.);
#1526 = FACE_BOUND('',#1527,.T.);
#1527 = EDGE_LOOP('',(#1528,#1529,#1530,#1531));
#1528 = ORIENTED_EDGE('',*,*,#1259,.F.);
#1529 = ORIENTED_EDGE('',*,*,#1515,.T.);
#1530 = ORIENTED_EDGE('',*,*,#629,.T.);
#1531 = ORIENTED_EDGE('',*,*,#1532,.F.);
#1532 = EDGE_CURVE('',#1252,#622,#1533,.T.);
#1533 = LINE('',#1534,#1535);
#1534 = CARTESIAN_POINT('',(-42.09999945,10.21001714,0.));
#1535 = VECTOR('',#1536,1.);
#1536 = DIRECTION('',(0.,0.,1.));
#1537 = PLANE('',#1538);
#1538 = AXIS2_PLACEMENT_3D('',#1539,#1540,#1541);
#1539 = CARTESIAN_POINT('',(-42.09999945,12.01001714,0.));
#1540 = DIRECTION('',(1.,0.,0.));
#1541 = DIRECTION('',(0.,-1.,0.));
#1542 = ADVANCED_FACE('',(#1543),#1554,.T.);
#1543 = FACE_BOUND('',#1544,.T.);
#1544 = EDGE_LOOP('',(#1545,#1546,#1547,#1548));
#1545 = ORIENTED_EDGE('',*,*,#1251,.F.);
#1546 = ORIENTED_EDGE('',*,*,#1532,.T.);
#1547 = ORIENTED_EDGE('',*,*,#621,.T.);
#1548 = ORIENTED_EDGE('',*,*,#1549,.F.);
#1549 = EDGE_CURVE('',#1244,#614,#1550,.T.);
#1550 = LINE('',#1551,#1552);
#1551 = CARTESIAN_POINT('',(-39.79999945,10.21001714,0.));
#1552 = VECTOR('',#1553,1.);
#1553 = DIRECTION('',(0.,0.,1.));
#1554 = PLANE('',#1555);
#1555 = AXIS2_PLACEMENT_3D('',#1556,#1557,#1558);
#1556 = CARTESIAN_POINT('',(-42.09999945,10.21001714,0.));
#1557 = DIRECTION('',(0.,1.,0.));
#1558 = DIRECTION('',(1.,0.,0.));
#1559 = ADVANCED_FACE('',(#1560),#1571,.T.);
#1560 = FACE_BOUND('',#1561,.T.);
#1561 = EDGE_LOOP('',(#1562,#1563,#1564,#1565));
#1562 = ORIENTED_EDGE('',*,*,#1243,.F.);
#1563 = ORIENTED_EDGE('',*,*,#1549,.T.);
#1564 = ORIENTED_EDGE('',*,*,#613,.T.);
#1565 = ORIENTED_EDGE('',*,*,#1566,.F.);
#1566 = EDGE_CURVE('',#1236,#606,#1567,.T.);
#1567 = LINE('',#1568,#1569);
#1568 = CARTESIAN_POINT('',(-39.79999945,9.21001714,0.));
#1569 = VECTOR('',#1570,1.);
#1570 = DIRECTION('',(0.,0.,1.));
#1571 = PLANE('',#1572);
#1572 = AXIS2_PLACEMENT_3D('',#1573,#1574,#1575);
#1573 = CARTESIAN_POINT('',(-39.79999945,10.21001714,0.));
#1574 = DIRECTION('',(1.,0.,0.));
#1575 = DIRECTION('',(0.,-1.,0.));
#1576 = ADVANCED_FACE('',(#1577),#1588,.T.);
#1577 = FACE_BOUND('',#1578,.T.);
#1578 = EDGE_LOOP('',(#1579,#1580,#1581,#1582));
#1579 = ORIENTED_EDGE('',*,*,#1235,.F.);
#1580 = ORIENTED_EDGE('',*,*,#1566,.T.);
#1581 = ORIENTED_EDGE('',*,*,#605,.T.);
#1582 = ORIENTED_EDGE('',*,*,#1583,.F.);
#1583 = EDGE_CURVE('',#1228,#598,#1584,.T.);
#1584 = LINE('',#1585,#1586);
#1585 = CARTESIAN_POINT('',(-42.09999945,9.21001714,0.));
#1586 = VECTOR('',#1587,1.);
#1587 = DIRECTION('',(0.,0.,1.));
#1588 = PLANE('',#1589);
#1589 = AXIS2_PLACEMENT_3D('',#1590,#1591,#1592);
#1590 = CARTESIAN_POINT('',(-39.79999945,9.21001714,0.));
#1591 = DIRECTION('',(0.,-1.,0.));
#1592 = DIRECTION('',(-1.,0.,0.));
#1593 = ADVANCED_FACE('',(#1594),#1605,.T.);
#1594 = FACE_BOUND('',#1595,.T.);
#1595 = EDGE_LOOP('',(#1596,#1597,#1598,#1599));
#1596 = ORIENTED_EDGE('',*,*,#1227,.F.);
#1597 = ORIENTED_EDGE('',*,*,#1583,.T.);
#1598 = ORIENTED_EDGE('',*,*,#597,.T.);
#1599 = ORIENTED_EDGE('',*,*,#1600,.F.);
#1600 = EDGE_CURVE('',#1219,#589,#1601,.T.);
#1601 = LINE('',#1602,#1603);
#1602 = CARTESIAN_POINT('',(-42.09999945,-0.73998286,0.));
#1603 = VECTOR('',#1604,1.);
#1604 = DIRECTION('',(0.,0.,1.));
#1605 = PLANE('',#1606);
#1606 = AXIS2_PLACEMENT_3D('',#1607,#1608,#1609);
#1607 = CARTESIAN_POINT('',(-42.09999945,9.21001714,0.));
#1608 = DIRECTION('',(1.,0.,0.));
#1609 = DIRECTION('',(0.,-1.,0.));
#1610 = ADVANCED_FACE('',(#1611),#1622,.T.);
#1611 = FACE_BOUND('',#1612,.T.);
#1612 = EDGE_LOOP('',(#1613,#1619,#1620,#1621));
#1613 = ORIENTED_EDGE('',*,*,#1614,.F.);
#1614 = EDGE_CURVE('',#1211,#581,#1615,.T.);
#1615 = LINE('',#1616,#1617);
#1616 = CARTESIAN_POINT('',(-42.34999945,-0.98998286,0.));
#1617 = VECTOR('',#1618,1.);
#1618 = DIRECTION('',(0.,0.,1.));
#1619 = ORIENTED_EDGE('',*,*,#1218,.T.);
#1620 = ORIENTED_EDGE('',*,*,#1600,.T.);
#1621 = ORIENTED_EDGE('',*,*,#588,.T.);
#1622 = CYLINDRICAL_SURFACE('',#1623,0.25);
#1623 = AXIS2_PLACEMENT_3D('',#1624,#1625,#1626);
#1624 = CARTESIAN_POINT('',(-42.34999945,-0.73998286,0.));
#1625 = DIRECTION('',(0.,0.,-1.));
#1626 = DIRECTION('',(1.,0.,0.));
#1627 = ADVANCED_FACE('',(#1628),#1639,.T.);
#1628 = FACE_BOUND('',#1629,.T.);
#1629 = EDGE_LOOP('',(#1630,#1631,#1632,#1633));
#1630 = ORIENTED_EDGE('',*,*,#1210,.F.);
#1631 = ORIENTED_EDGE('',*,*,#1614,.T.);
#1632 = ORIENTED_EDGE('',*,*,#580,.T.);
#1633 = ORIENTED_EDGE('',*,*,#1634,.F.);
#1634 = EDGE_CURVE('',#1202,#572,#1635,.T.);
#1635 = LINE('',#1636,#1637);
#1636 = CARTESIAN_POINT('',(-42.84999945,-0.98998286,0.));
#1637 = VECTOR('',#1638,1.);
#1638 = DIRECTION('',(0.,0.,1.));
#1639 = PLANE('',#1640);
#1640 = AXIS2_PLACEMENT_3D('',#1641,#1642,#1643);
#1641 = CARTESIAN_POINT('',(-42.34999945,-0.98998286,0.));
#1642 = DIRECTION('',(0.,-1.,0.));
#1643 = DIRECTION('',(-1.,0.,0.));
#1644 = ADVANCED_FACE('',(#1645),#1656,.T.);
#1645 = FACE_BOUND('',#1646,.T.);
#1646 = EDGE_LOOP('',(#1647,#1653,#1654,#1655));
#1647 = ORIENTED_EDGE('',*,*,#1648,.F.);
#1648 = EDGE_CURVE('',#1194,#564,#1649,.T.);
#1649 = LINE('',#1650,#1651);
#1650 = CARTESIAN_POINT('',(-43.09999945,-0.73998286,0.));
#1651 = VECTOR('',#1652,1.);
#1652 = DIRECTION('',(0.,0.,1.));
#1653 = ORIENTED_EDGE('',*,*,#1201,.T.);
#1654 = ORIENTED_EDGE('',*,*,#1634,.T.);
#1655 = ORIENTED_EDGE('',*,*,#571,.T.);
#1656 = CYLINDRICAL_SURFACE('',#1657,0.25);
#1657 = AXIS2_PLACEMENT_3D('',#1658,#1659,#1660);
#1658 = CARTESIAN_POINT('',(-42.84999945,-0.73998286,0.));
#1659 = DIRECTION('',(0.,0.,-1.));
#1660 = DIRECTION('',(1.,0.,0.));
#1661 = ADVANCED_FACE('',(#1662),#1673,.T.);
#1662 = FACE_BOUND('',#1663,.T.);
#1663 = EDGE_LOOP('',(#1664,#1665,#1666,#1667));
#1664 = ORIENTED_EDGE('',*,*,#1193,.F.);
#1665 = ORIENTED_EDGE('',*,*,#1648,.T.);
#1666 = ORIENTED_EDGE('',*,*,#563,.T.);
#1667 = ORIENTED_EDGE('',*,*,#1668,.F.);
#1668 = EDGE_CURVE('',#1186,#556,#1669,.T.);
#1669 = LINE('',#1670,#1671);
#1670 = CARTESIAN_POINT('',(-43.09999945,1.001714E-02,0.));
#1671 = VECTOR('',#1672,1.);
#1672 = DIRECTION('',(0.,0.,1.));
#1673 = PLANE('',#1674);
#1674 = AXIS2_PLACEMENT_3D('',#1675,#1676,#1677);
#1675 = CARTESIAN_POINT('',(-43.09999945,-0.73998286,0.));
#1676 = DIRECTION('',(-1.,0.,0.));
#1677 = DIRECTION('',(0.,1.,0.));
#1678 = ADVANCED_FACE('',(#1679),#1690,.T.);
#1679 = FACE_BOUND('',#1680,.T.);
#1680 = EDGE_LOOP('',(#1681,#1682,#1683,#1684));
#1681 = ORIENTED_EDGE('',*,*,#1185,.F.);
#1682 = ORIENTED_EDGE('',*,*,#1668,.T.);
#1683 = ORIENTED_EDGE('',*,*,#555,.T.);
#1684 = ORIENTED_EDGE('',*,*,#1685,.F.);
#1685 = EDGE_CURVE('',#1177,#547,#1686,.T.);
#1686 = LINE('',#1687,#1688);
#1687 = CARTESIAN_POINT('',(-43.74999945,1.001714E-02,0.));
#1688 = VECTOR('',#1689,1.);
#1689 = DIRECTION('',(0.,0.,1.));
#1690 = PLANE('',#1691);
#1691 = AXIS2_PLACEMENT_3D('',#1692,#1693,#1694);
#1692 = CARTESIAN_POINT('',(-43.09999945,1.001714E-02,0.));
#1693 = DIRECTION('',(0.,-1.,0.));
#1694 = DIRECTION('',(-1.,0.,0.));
#1695 = ADVANCED_FACE('',(#1696),#1707,.T.);
#1696 = FACE_BOUND('',#1697,.T.);
#1697 = EDGE_LOOP('',(#1698,#1704,#1705,#1706));
#1698 = ORIENTED_EDGE('',*,*,#1699,.F.);
#1699 = EDGE_CURVE('',#1169,#539,#1700,.T.);
#1700 = LINE('',#1701,#1702);
#1701 = CARTESIAN_POINT('',(-43.99999945,0.26001714,0.));
#1702 = VECTOR('',#1703,1.);
#1703 = DIRECTION('',(0.,0.,1.));
#1704 = ORIENTED_EDGE('',*,*,#1176,.T.);
#1705 = ORIENTED_EDGE('',*,*,#1685,.T.);
#1706 = ORIENTED_EDGE('',*,*,#546,.T.);
#1707 = CYLINDRICAL_SURFACE('',#1708,0.25);
#1708 = AXIS2_PLACEMENT_3D('',#1709,#1710,#1711);
#1709 = CARTESIAN_POINT('',(-43.74999945,0.26001714,0.));
#1710 = DIRECTION('',(0.,0.,-1.));
#1711 = DIRECTION('',(1.,0.,0.));
#1712 = ADVANCED_FACE('',(#1713),#1724,.T.);
#1713 = FACE_BOUND('',#1714,.T.);
#1714 = EDGE_LOOP('',(#1715,#1716,#1717,#1718));
#1715 = ORIENTED_EDGE('',*,*,#1168,.F.);
#1716 = ORIENTED_EDGE('',*,*,#1699,.T.);
#1717 = ORIENTED_EDGE('',*,*,#538,.T.);
#1718 = ORIENTED_EDGE('',*,*,#1719,.F.);
#1719 = EDGE_CURVE('',#1160,#530,#1720,.T.);
#1720 = LINE('',#1721,#1722);
#1721 = CARTESIAN_POINT('',(-43.99999945,14.51001714,0.));
#1722 = VECTOR('',#1723,1.);
#1723 = DIRECTION('',(0.,0.,1.));
#1724 = PLANE('',#1725);
#1725 = AXIS2_PLACEMENT_3D('',#1726,#1727,#1728);
#1726 = CARTESIAN_POINT('',(-43.99999945,0.26001714,0.));
#1727 = DIRECTION('',(-1.,0.,0.));
#1728 = DIRECTION('',(0.,1.,0.));
#1729 = ADVANCED_FACE('',(#1730),#1741,.T.);
#1730 = FACE_BOUND('',#1731,.T.);
#1731 = EDGE_LOOP('',(#1732,#1738,#1739,#1740));
#1732 = ORIENTED_EDGE('',*,*,#1733,.F.);
#1733 = EDGE_CURVE('',#1152,#522,#1734,.T.);
#1734 = LINE('',#1735,#1736);
#1735 = CARTESIAN_POINT('',(-39.49999945,19.01001714,0.));
#1736 = VECTOR('',#1737,1.);
#1737 = DIRECTION('',(0.,0.,1.));
#1738 = ORIENTED_EDGE('',*,*,#1159,.T.);
#1739 = ORIENTED_EDGE('',*,*,#1719,.T.);
#1740 = ORIENTED_EDGE('',*,*,#529,.T.);
#1741 = CYLINDRICAL_SURFACE('',#1742,4.5);
#1742 = AXIS2_PLACEMENT_3D('',#1743,#1744,#1745);
#1743 = CARTESIAN_POINT('',(-39.49999945,14.51001714,0.));
#1744 = DIRECTION('',(0.,0.,-1.));
#1745 = DIRECTION('',(1.,0.,0.));
#1746 = ADVANCED_FACE('',(#1747),#1758,.T.);
#1747 = FACE_BOUND('',#1748,.T.);
#1748 = EDGE_LOOP('',(#1749,#1750,#1751,#1752));
#1749 = ORIENTED_EDGE('',*,*,#1151,.F.);
#1750 = ORIENTED_EDGE('',*,*,#1733,.T.);
#1751 = ORIENTED_EDGE('',*,*,#521,.T.);
#1752 = ORIENTED_EDGE('',*,*,#1753,.F.);
#1753 = EDGE_CURVE('',#1144,#514,#1754,.T.);
#1754 = LINE('',#1755,#1756);
#1755 = CARTESIAN_POINT('',(-33.49999945,19.01001714,0.));
#1756 = VECTOR('',#1757,1.);
#1757 = DIRECTION('',(0.,0.,1.));
#1758 = PLANE('',#1759);
#1759 = AXIS2_PLACEMENT_3D('',#1760,#1761,#1762);
#1760 = CARTESIAN_POINT('',(-39.49999945,19.01001714,0.));
#1761 = DIRECTION('',(0.,1.,0.));
#1762 = DIRECTION('',(1.,0.,0.));
#1763 = ADVANCED_FACE('',(#1764),#1775,.T.);
#1764 = FACE_BOUND('',#1765,.T.);
#1765 = EDGE_LOOP('',(#1766,#1767,#1768,#1769));
#1766 = ORIENTED_EDGE('',*,*,#1143,.F.);
#1767 = ORIENTED_EDGE('',*,*,#1753,.T.);
#1768 = ORIENTED_EDGE('',*,*,#513,.T.);
#1769 = ORIENTED_EDGE('',*,*,#1770,.F.);
#1770 = EDGE_CURVE('',#1136,#506,#1771,.T.);
#1771 = LINE('',#1772,#1773);
#1772 = CARTESIAN_POINT('',(-32.74999945,18.76001714,0.));
#1773 = VECTOR('',#1774,1.);
#1774 = DIRECTION('',(0.,0.,1.));
#1775 = PLANE('',#1776);
#1776 = AXIS2_PLACEMENT_3D('',#1777,#1778,#1779);
#1777 = CARTESIAN_POINT('',(-33.49999945,19.01001714,0.));
#1778 = DIRECTION('',(0.316227766017,0.948683298051,0.));
#1779 = DIRECTION('',(0.948683298051,-0.316227766017,0.));
#1780 = ADVANCED_FACE('',(#1781),#1792,.T.);
#1781 = FACE_BOUND('',#1782,.T.);
#1782 = EDGE_LOOP('',(#1783,#1784,#1785,#1786));
#1783 = ORIENTED_EDGE('',*,*,#1135,.F.);
#1784 = ORIENTED_EDGE('',*,*,#1770,.T.);
#1785 = ORIENTED_EDGE('',*,*,#505,.T.);
#1786 = ORIENTED_EDGE('',*,*,#1787,.F.);
#1787 = EDGE_CURVE('',#1128,#498,#1788,.T.);
#1788 = LINE('',#1789,#1790);
#1789 = CARTESIAN_POINT('',(-31.99999945,19.01001714,0.));
#1790 = VECTOR('',#1791,1.);
#1791 = DIRECTION('',(0.,0.,1.));
#1792 = PLANE('',#1793);
#1793 = AXIS2_PLACEMENT_3D('',#1794,#1795,#1796);
#1794 = CARTESIAN_POINT('',(-32.74999945,18.76001714,0.));
#1795 = DIRECTION('',(-0.316227766017,0.948683298051,0.));
#1796 = DIRECTION('',(0.948683298051,0.316227766017,0.));
#1797 = ADVANCED_FACE('',(#1798),#1809,.T.);
#1798 = FACE_BOUND('',#1799,.T.);
#1799 = EDGE_LOOP('',(#1800,#1801,#1802,#1803));
#1800 = ORIENTED_EDGE('',*,*,#1127,.F.);
#1801 = ORIENTED_EDGE('',*,*,#1787,.T.);
#1802 = ORIENTED_EDGE('',*,*,#497,.T.);
#1803 = ORIENTED_EDGE('',*,*,#1804,.F.);
#1804 = EDGE_CURVE('',#1120,#490,#1805,.T.);
#1805 = LINE('',#1806,#1807);
#1806 = CARTESIAN_POINT('',(-31.24999945,18.76001714,0.));
#1807 = VECTOR('',#1808,1.);
#1808 = DIRECTION('',(0.,0.,1.));
#1809 = PLANE('',#1810);
#1810 = AXIS2_PLACEMENT_3D('',#1811,#1812,#1813);
#1811 = CARTESIAN_POINT('',(-31.99999945,19.01001714,0.));
#1812 = DIRECTION('',(0.316227766017,0.948683298051,0.));
#1813 = DIRECTION('',(0.948683298051,-0.316227766017,0.));
#1814 = ADVANCED_FACE('',(#1815),#1826,.T.);
#1815 = FACE_BOUND('',#1816,.T.);
#1816 = EDGE_LOOP('',(#1817,#1818,#1819,#1820));
#1817 = ORIENTED_EDGE('',*,*,#1119,.F.);
#1818 = ORIENTED_EDGE('',*,*,#1804,.T.);
#1819 = ORIENTED_EDGE('',*,*,#489,.T.);
#1820 = ORIENTED_EDGE('',*,*,#1821,.F.);
#1821 = EDGE_CURVE('',#1112,#482,#1822,.T.);
#1822 = LINE('',#1823,#1824);
#1823 = CARTESIAN_POINT('',(-30.49999945,19.01001714,0.));
#1824 = VECTOR('',#1825,1.);
#1825 = DIRECTION('',(0.,0.,1.));
#1826 = PLANE('',#1827);
#1827 = AXIS2_PLACEMENT_3D('',#1828,#1829,#1830);
#1828 = CARTESIAN_POINT('',(-31.24999945,18.76001714,0.));
#1829 = DIRECTION('',(-0.316227766017,0.948683298051,0.));
#1830 = DIRECTION('',(0.948683298051,0.316227766017,0.));
#1831 = ADVANCED_FACE('',(#1832),#1843,.T.);
#1832 = FACE_BOUND('',#1833,.T.);
#1833 = EDGE_LOOP('',(#1834,#1835,#1836,#1837));
#1834 = ORIENTED_EDGE('',*,*,#1111,.F.);
#1835 = ORIENTED_EDGE('',*,*,#1821,.T.);
#1836 = ORIENTED_EDGE('',*,*,#481,.T.);
#1837 = ORIENTED_EDGE('',*,*,#1838,.F.);
#1838 = EDGE_CURVE('',#1104,#474,#1839,.T.);
#1839 = LINE('',#1840,#1841);
#1840 = CARTESIAN_POINT('',(-29.74999945,18.76001714,0.));
#1841 = VECTOR('',#1842,1.);
#1842 = DIRECTION('',(0.,0.,1.));
#1843 = PLANE('',#1844);
#1844 = AXIS2_PLACEMENT_3D('',#1845,#1846,#1847);
#1845 = CARTESIAN_POINT('',(-30.49999945,19.01001714,0.));
#1846 = DIRECTION('',(0.316227766017,0.948683298051,0.));
#1847 = DIRECTION('',(0.948683298051,-0.316227766017,0.));
#1848 = ADVANCED_FACE('',(#1849),#1860,.T.);
#1849 = FACE_BOUND('',#1850,.T.);
#1850 = EDGE_LOOP('',(#1851,#1852,#1853,#1854));
#1851 = ORIENTED_EDGE('',*,*,#1103,.F.);
#1852 = ORIENTED_EDGE('',*,*,#1838,.T.);
#1853 = ORIENTED_EDGE('',*,*,#473,.T.);
#1854 = ORIENTED_EDGE('',*,*,#1855,.F.);
#1855 = EDGE_CURVE('',#1096,#466,#1856,.T.);
#1856 = LINE('',#1857,#1858);
#1857 = CARTESIAN_POINT('',(-28.99999945,19.01001714,0.));
#1858 = VECTOR('',#1859,1.);
#1859 = DIRECTION('',(0.,0.,1.));
#1860 = PLANE('',#1861);
#1861 = AXIS2_PLACEMENT_3D('',#1862,#1863,#1864);
#1862 = CARTESIAN_POINT('',(-29.74999945,18.76001714,0.));
#1863 = DIRECTION('',(-0.316227766017,0.948683298051,0.));
#1864 = DIRECTION('',(0.948683298051,0.316227766017,0.));
#1865 = ADVANCED_FACE('',(#1866),#1877,.T.);
#1866 = FACE_BOUND('',#1867,.T.);
#1867 = EDGE_LOOP('',(#1868,#1869,#1870,#1871));
#1868 = ORIENTED_EDGE('',*,*,#1095,.F.);
#1869 = ORIENTED_EDGE('',*,*,#1855,.T.);
#1870 = ORIENTED_EDGE('',*,*,#465,.T.);
#1871 = ORIENTED_EDGE('',*,*,#1872,.F.);
#1872 = EDGE_CURVE('',#1088,#458,#1873,.T.);
#1873 = LINE('',#1874,#1875);
#1874 = CARTESIAN_POINT('',(-28.24999945,18.76001714,0.));
#1875 = VECTOR('',#1876,1.);
#1876 = DIRECTION('',(0.,0.,1.));
#1877 = PLANE('',#1878);
#1878 = AXIS2_PLACEMENT_3D('',#1879,#1880,#1881);
#1879 = CARTESIAN_POINT('',(-28.99999945,19.01001714,0.));
#1880 = DIRECTION('',(0.316227766017,0.948683298051,0.));
#1881 = DIRECTION('',(0.948683298051,-0.316227766017,0.));
#1882 = ADVANCED_FACE('',(#1883),#1894,.T.);
#1883 = FACE_BOUND('',#1884,.T.);
#1884 = EDGE_LOOP('',(#1885,#1886,#1887,#1888));
#1885 = ORIENTED_EDGE('',*,*,#1087,.F.);
#1886 = ORIENTED_EDGE('',*,*,#1872,.T.);
#1887 = ORIENTED_EDGE('',*,*,#457,.T.);
#1888 = ORIENTED_EDGE('',*,*,#1889,.F.);
#1889 = EDGE_CURVE('',#1080,#450,#1890,.T.);
#1890 = LINE('',#1891,#1892);
#1891 = CARTESIAN_POINT('',(-27.49999945,19.01001714,0.));
#1892 = VECTOR('',#1893,1.);
#1893 = DIRECTION('',(0.,0.,1.));
#1894 = PLANE('',#1895);
#1895 = AXIS2_PLACEMENT_3D('',#1896,#1897,#1898);
#1896 = CARTESIAN_POINT('',(-28.24999945,18.76001714,0.));
#1897 = DIRECTION('',(-0.316227766017,0.948683298051,0.));
#1898 = DIRECTION('',(0.948683298051,0.316227766017,0.));
#1899 = ADVANCED_FACE('',(#1900),#1911,.T.);
#1900 = FACE_BOUND('',#1901,.T.);
#1901 = EDGE_LOOP('',(#1902,#1903,#1904,#1905));
#1902 = ORIENTED_EDGE('',*,*,#1079,.F.);
#1903 = ORIENTED_EDGE('',*,*,#1889,.T.);
#1904 = ORIENTED_EDGE('',*,*,#449,.T.);
#1905 = ORIENTED_EDGE('',*,*,#1906,.F.);
#1906 = EDGE_CURVE('',#1072,#442,#1907,.T.);
#1907 = LINE('',#1908,#1909);
#1908 = CARTESIAN_POINT('',(-26.74999945,18.76001714,0.));
#1909 = VECTOR('',#1910,1.);
#1910 = DIRECTION('',(0.,0.,1.));
#1911 = PLANE('',#1912);
#1912 = AXIS2_PLACEMENT_3D('',#1913,#1914,#1915);
#1913 = CARTESIAN_POINT('',(-27.49999945,19.01001714,0.));
#1914 = DIRECTION('',(0.316227766017,0.948683298051,0.));
#1915 = DIRECTION('',(0.948683298051,-0.316227766017,0.));
#1916 = ADVANCED_FACE('',(#1917),#1928,.T.);
#1917 = FACE_BOUND('',#1918,.T.);
#1918 = EDGE_LOOP('',(#1919,#1920,#1921,#1922));
#1919 = ORIENTED_EDGE('',*,*,#1071,.F.);
#1920 = ORIENTED_EDGE('',*,*,#1906,.T.);
#1921 = ORIENTED_EDGE('',*,*,#441,.T.);
#1922 = ORIENTED_EDGE('',*,*,#1923,.F.);
#1923 = EDGE_CURVE('',#1064,#434,#1924,.T.);
#1924 = LINE('',#1925,#1926);
#1925 = CARTESIAN_POINT('',(-25.99999945,19.01001714,0.));
#1926 = VECTOR('',#1927,1.);
#1927 = DIRECTION('',(0.,0.,1.));
#1928 = PLANE('',#1929);
#1929 = AXIS2_PLACEMENT_3D('',#1930,#1931,#1932);
#1930 = CARTESIAN_POINT('',(-26.74999945,18.76001714,0.));
#1931 = DIRECTION('',(-0.316227766017,0.948683298051,0.));
#1932 = DIRECTION('',(0.948683298051,0.316227766017,0.));
#1933 = ADVANCED_FACE('',(#1934),#1945,.T.);
#1934 = FACE_BOUND('',#1935,.T.);
#1935 = EDGE_LOOP('',(#1936,#1937,#1938,#1939));
#1936 = ORIENTED_EDGE('',*,*,#1063,.F.);
#1937 = ORIENTED_EDGE('',*,*,#1923,.T.);
#1938 = ORIENTED_EDGE('',*,*,#433,.T.);
#1939 = ORIENTED_EDGE('',*,*,#1940,.F.);
#1940 = EDGE_CURVE('',#1056,#426,#1941,.T.);
#1941 = LINE('',#1942,#1943);
#1942 = CARTESIAN_POINT('',(26.00000055,19.01001714,0.));
#1943 = VECTOR('',#1944,1.);
#1944 = DIRECTION('',(0.,0.,1.));
#1945 = PLANE('',#1946);
#1946 = AXIS2_PLACEMENT_3D('',#1947,#1948,#1949);
#1947 = CARTESIAN_POINT('',(-25.99999945,19.01001714,0.));
#1948 = DIRECTION('',(0.,1.,0.));
#1949 = DIRECTION('',(1.,0.,0.));
#1950 = ADVANCED_FACE('',(#1951),#1962,.T.);
#1951 = FACE_BOUND('',#1952,.T.);
#1952 = EDGE_LOOP('',(#1953,#1954,#1955,#1956));
#1953 = ORIENTED_EDGE('',*,*,#1055,.F.);
#1954 = ORIENTED_EDGE('',*,*,#1940,.T.);
#1955 = ORIENTED_EDGE('',*,*,#425,.T.);
#1956 = ORIENTED_EDGE('',*,*,#1957,.F.);
#1957 = EDGE_CURVE('',#1048,#418,#1958,.T.);
#1958 = LINE('',#1959,#1960);
#1959 = CARTESIAN_POINT('',(26.75000055,18.76001714,0.));
#1960 = VECTOR('',#1961,1.);
#1961 = DIRECTION('',(0.,0.,1.));
#1962 = PLANE('',#1963);
#1963 = AXIS2_PLACEMENT_3D('',#1964,#1965,#1966);
#1964 = CARTESIAN_POINT('',(26.00000055,19.01001714,0.));
#1965 = DIRECTION('',(0.316227766017,0.948683298051,0.));
#1966 = DIRECTION('',(0.948683298051,-0.316227766017,0.));
#1967 = ADVANCED_FACE('',(#1968),#1979,.T.);
#1968 = FACE_BOUND('',#1969,.T.);
#1969 = EDGE_LOOP('',(#1970,#1971,#1972,#1973));
#1970 = ORIENTED_EDGE('',*,*,#1047,.F.);
#1971 = ORIENTED_EDGE('',*,*,#1957,.T.);
#1972 = ORIENTED_EDGE('',*,*,#417,.T.);
#1973 = ORIENTED_EDGE('',*,*,#1974,.F.);
#1974 = EDGE_CURVE('',#1040,#410,#1975,.T.);
#1975 = LINE('',#1976,#1977);
#1976 = CARTESIAN_POINT('',(27.50000055,19.01001714,0.));
#1977 = VECTOR('',#1978,1.);
#1978 = DIRECTION('',(0.,0.,1.));
#1979 = PLANE('',#1980);
#1980 = AXIS2_PLACEMENT_3D('',#1981,#1982,#1983);
#1981 = CARTESIAN_POINT('',(26.75000055,18.76001714,0.));
#1982 = DIRECTION('',(-0.316227766017,0.948683298051,0.));
#1983 = DIRECTION('',(0.948683298051,0.316227766017,0.));
#1984 = ADVANCED_FACE('',(#1985),#1996,.T.);
#1985 = FACE_BOUND('',#1986,.T.);
#1986 = EDGE_LOOP('',(#1987,#1988,#1989,#1990));
#1987 = ORIENTED_EDGE('',*,*,#1039,.F.);
#1988 = ORIENTED_EDGE('',*,*,#1974,.T.);
#1989 = ORIENTED_EDGE('',*,*,#409,.T.);
#1990 = ORIENTED_EDGE('',*,*,#1991,.F.);
#1991 = EDGE_CURVE('',#1032,#402,#1992,.T.);
#1992 = LINE('',#1993,#1994);
#1993 = CARTESIAN_POINT('',(28.25000055,18.76001714,0.));
#1994 = VECTOR('',#1995,1.);
#1995 = DIRECTION('',(0.,0.,1.));
#1996 = PLANE('',#1997);
#1997 = AXIS2_PLACEMENT_3D('',#1998,#1999,#2000);
#1998 = CARTESIAN_POINT('',(27.50000055,19.01001714,0.));
#1999 = DIRECTION('',(0.316227766017,0.948683298051,0.));
#2000 = DIRECTION('',(0.948683298051,-0.316227766017,0.));
#2001 = ADVANCED_FACE('',(#2002),#2013,.T.);
#2002 = FACE_BOUND('',#2003,.T.);
#2003 = EDGE_LOOP('',(#2004,#2005,#2006,#2007));
#2004 = ORIENTED_EDGE('',*,*,#1031,.F.);
#2005 = ORIENTED_EDGE('',*,*,#1991,.T.);
#2006 = ORIENTED_EDGE('',*,*,#401,.T.);
#2007 = ORIENTED_EDGE('',*,*,#2008,.F.);
#2008 = EDGE_CURVE('',#1024,#394,#2009,.T.);
#2009 = LINE('',#2010,#2011);
#2010 = CARTESIAN_POINT('',(29.00000055,19.01001714,0.));
#2011 = VECTOR('',#2012,1.);
#2012 = DIRECTION('',(0.,0.,1.));
#2013 = PLANE('',#2014);
#2014 = AXIS2_PLACEMENT_3D('',#2015,#2016,#2017);
#2015 = CARTESIAN_POINT('',(28.25000055,18.76001714,0.));
#2016 = DIRECTION('',(-0.316227766017,0.948683298051,0.));
#2017 = DIRECTION('',(0.948683298051,0.316227766017,0.));
#2018 = ADVANCED_FACE('',(#2019),#2030,.T.);
#2019 = FACE_BOUND('',#2020,.T.);
#2020 = EDGE_LOOP('',(#2021,#2022,#2023,#2024));
#2021 = ORIENTED_EDGE('',*,*,#1023,.F.);
#2022 = ORIENTED_EDGE('',*,*,#2008,.T.);
#2023 = ORIENTED_EDGE('',*,*,#393,.T.);
#2024 = ORIENTED_EDGE('',*,*,#2025,.F.);
#2025 = EDGE_CURVE('',#1016,#386,#2026,.T.);
#2026 = LINE('',#2027,#2028);
#2027 = CARTESIAN_POINT('',(29.75000055,18.76001714,0.));
#2028 = VECTOR('',#2029,1.);
#2029 = DIRECTION('',(0.,0.,1.));
#2030 = PLANE('',#2031);
#2031 = AXIS2_PLACEMENT_3D('',#2032,#2033,#2034);
#2032 = CARTESIAN_POINT('',(29.00000055,19.01001714,0.));
#2033 = DIRECTION('',(0.316227766017,0.948683298051,0.));
#2034 = DIRECTION('',(0.948683298051,-0.316227766017,0.));
#2035 = ADVANCED_FACE('',(#2036),#2047,.T.);
#2036 = FACE_BOUND('',#2037,.T.);
#2037 = EDGE_LOOP('',(#2038,#2039,#2040,#2041));
#2038 = ORIENTED_EDGE('',*,*,#1015,.F.);
#2039 = ORIENTED_EDGE('',*,*,#2025,.T.);
#2040 = ORIENTED_EDGE('',*,*,#385,.T.);
#2041 = ORIENTED_EDGE('',*,*,#2042,.F.);
#2042 = EDGE_CURVE('',#1008,#378,#2043,.T.);
#2043 = LINE('',#2044,#2045);
#2044 = CARTESIAN_POINT('',(30.50000055,19.01001714,0.));
#2045 = VECTOR('',#2046,1.);
#2046 = DIRECTION('',(0.,0.,1.));
#2047 = PLANE('',#2048);
#2048 = AXIS2_PLACEMENT_3D('',#2049,#2050,#2051);
#2049 = CARTESIAN_POINT('',(29.75000055,18.76001714,0.));
#2050 = DIRECTION('',(-0.316227766017,0.948683298051,0.));
#2051 = DIRECTION('',(0.948683298051,0.316227766017,0.));
#2052 = ADVANCED_FACE('',(#2053),#2064,.T.);
#2053 = FACE_BOUND('',#2054,.T.);
#2054 = EDGE_LOOP('',(#2055,#2056,#2057,#2058));
#2055 = ORIENTED_EDGE('',*,*,#1007,.F.);
#2056 = ORIENTED_EDGE('',*,*,#2042,.T.);
#2057 = ORIENTED_EDGE('',*,*,#377,.T.);
#2058 = ORIENTED_EDGE('',*,*,#2059,.F.);
#2059 = EDGE_CURVE('',#1000,#370,#2060,.T.);
#2060 = LINE('',#2061,#2062);
#2061 = CARTESIAN_POINT('',(31.25000055,18.76001714,0.));
#2062 = VECTOR('',#2063,1.);
#2063 = DIRECTION('',(0.,0.,1.));
#2064 = PLANE('',#2065);
#2065 = AXIS2_PLACEMENT_3D('',#2066,#2067,#2068);
#2066 = CARTESIAN_POINT('',(30.50000055,19.01001714,0.));
#2067 = DIRECTION('',(0.316227766017,0.948683298051,0.));
#2068 = DIRECTION('',(0.948683298051,-0.316227766017,0.));
#2069 = ADVANCED_FACE('',(#2070),#2081,.T.);
#2070 = FACE_BOUND('',#2071,.T.);
#2071 = EDGE_LOOP('',(#2072,#2073,#2074,#2075));
#2072 = ORIENTED_EDGE('',*,*,#999,.F.);
#2073 = ORIENTED_EDGE('',*,*,#2059,.T.);
#2074 = ORIENTED_EDGE('',*,*,#369,.T.);
#2075 = ORIENTED_EDGE('',*,*,#2076,.F.);
#2076 = EDGE_CURVE('',#992,#362,#2077,.T.);
#2077 = LINE('',#2078,#2079);
#2078 = CARTESIAN_POINT('',(32.00000055,19.01001714,0.));
#2079 = VECTOR('',#2080,1.);
#2080 = DIRECTION('',(0.,0.,1.));
#2081 = PLANE('',#2082);
#2082 = AXIS2_PLACEMENT_3D('',#2083,#2084,#2085);
#2083 = CARTESIAN_POINT('',(31.25000055,18.76001714,0.));
#2084 = DIRECTION('',(-0.316227766017,0.948683298051,0.));
#2085 = DIRECTION('',(0.948683298051,0.316227766017,0.));
#2086 = ADVANCED_FACE('',(#2087),#2098,.T.);
#2087 = FACE_BOUND('',#2088,.T.);
#2088 = EDGE_LOOP('',(#2089,#2090,#2091,#2092));
#2089 = ORIENTED_EDGE('',*,*,#991,.F.);
#2090 = ORIENTED_EDGE('',*,*,#2076,.T.);
#2091 = ORIENTED_EDGE('',*,*,#361,.T.);
#2092 = ORIENTED_EDGE('',*,*,#2093,.F.);
#2093 = EDGE_CURVE('',#984,#354,#2094,.T.);
#2094 = LINE('',#2095,#2096);
#2095 = CARTESIAN_POINT('',(32.75000055,18.76001714,0.));
#2096 = VECTOR('',#2097,1.);
#2097 = DIRECTION('',(0.,0.,1.));
#2098 = PLANE('',#2099);
#2099 = AXIS2_PLACEMENT_3D('',#2100,#2101,#2102);
#2100 = CARTESIAN_POINT('',(32.00000055,19.01001714,0.));
#2101 = DIRECTION('',(0.316227766017,0.948683298051,0.));
#2102 = DIRECTION('',(0.948683298051,-0.316227766017,0.));
#2103 = ADVANCED_FACE('',(#2104),#2115,.T.);
#2104 = FACE_BOUND('',#2105,.T.);
#2105 = EDGE_LOOP('',(#2106,#2107,#2108,#2109));
#2106 = ORIENTED_EDGE('',*,*,#983,.F.);
#2107 = ORIENTED_EDGE('',*,*,#2093,.T.);
#2108 = ORIENTED_EDGE('',*,*,#353,.T.);
#2109 = ORIENTED_EDGE('',*,*,#2110,.F.);
#2110 = EDGE_CURVE('',#976,#346,#2111,.T.);
#2111 = LINE('',#2112,#2113);
#2112 = CARTESIAN_POINT('',(33.50000055,19.01001714,0.));
#2113 = VECTOR('',#2114,1.);
#2114 = DIRECTION('',(0.,0.,1.));
#2115 = PLANE('',#2116);
#2116 = AXIS2_PLACEMENT_3D('',#2117,#2118,#2119);
#2117 = CARTESIAN_POINT('',(32.75000055,18.76001714,0.));
#2118 = DIRECTION('',(-0.316227766017,0.948683298051,0.));
#2119 = DIRECTION('',(0.948683298051,0.316227766017,0.));
#2120 = ADVANCED_FACE('',(#2121),#2132,.T.);
#2121 = FACE_BOUND('',#2122,.T.);
#2122 = EDGE_LOOP('',(#2123,#2124,#2125,#2126));
#2123 = ORIENTED_EDGE('',*,*,#975,.F.);
#2124 = ORIENTED_EDGE('',*,*,#2110,.T.);
#2125 = ORIENTED_EDGE('',*,*,#345,.T.);
#2126 = ORIENTED_EDGE('',*,*,#2127,.F.);
#2127 = EDGE_CURVE('',#967,#337,#2128,.T.);
#2128 = LINE('',#2129,#2130);
#2129 = CARTESIAN_POINT('',(39.50000055,19.01001714,0.));
#2130 = VECTOR('',#2131,1.);
#2131 = DIRECTION('',(0.,0.,1.));
#2132 = PLANE('',#2133);
#2133 = AXIS2_PLACEMENT_3D('',#2134,#2135,#2136);
#2134 = CARTESIAN_POINT('',(33.50000055,19.01001714,0.));
#2135 = DIRECTION('',(0.,1.,0.));
#2136 = DIRECTION('',(1.,0.,0.));
#2137 = ADVANCED_FACE('',(#2138),#2149,.T.);
#2138 = FACE_BOUND('',#2139,.T.);
#2139 = EDGE_LOOP('',(#2140,#2146,#2147,#2148));
#2140 = ORIENTED_EDGE('',*,*,#2141,.F.);
#2141 = EDGE_CURVE('',#959,#329,#2142,.T.);
#2142 = LINE('',#2143,#2144);
#2143 = CARTESIAN_POINT('',(44.00000055,14.51001714,0.));
#2144 = VECTOR('',#2145,1.);
#2145 = DIRECTION('',(0.,0.,1.));
#2146 = ORIENTED_EDGE('',*,*,#966,.T.);
#2147 = ORIENTED_EDGE('',*,*,#2127,.T.);
#2148 = ORIENTED_EDGE('',*,*,#336,.T.);
#2149 = CYLINDRICAL_SURFACE('',#2150,4.5);
#2150 = AXIS2_PLACEMENT_3D('',#2151,#2152,#2153);
#2151 = CARTESIAN_POINT('',(39.50000055,14.51001714,0.));
#2152 = DIRECTION('',(0.,0.,-1.));
#2153 = DIRECTION('',(1.,0.,0.));
#2154 = ADVANCED_FACE('',(#2155),#2166,.T.);
#2155 = FACE_BOUND('',#2156,.T.);
#2156 = EDGE_LOOP('',(#2157,#2158,#2159,#2160));
#2157 = ORIENTED_EDGE('',*,*,#958,.F.);
#2158 = ORIENTED_EDGE('',*,*,#2141,.T.);
#2159 = ORIENTED_EDGE('',*,*,#328,.T.);
#2160 = ORIENTED_EDGE('',*,*,#2161,.F.);
#2161 = EDGE_CURVE('',#950,#320,#2162,.T.);
#2162 = LINE('',#2163,#2164);
#2163 = CARTESIAN_POINT('',(44.00000055,0.26001714,0.));
#2164 = VECTOR('',#2165,1.);
#2165 = DIRECTION('',(0.,0.,1.));
#2166 = PLANE('',#2167);
#2167 = AXIS2_PLACEMENT_3D('',#2168,#2169,#2170);
#2168 = CARTESIAN_POINT('',(44.00000055,14.51001714,0.));
#2169 = DIRECTION('',(1.,0.,0.));
#2170 = DIRECTION('',(0.,-1.,0.));
#2171 = ADVANCED_FACE('',(#2172),#2183,.T.);
#2172 = FACE_BOUND('',#2173,.T.);
#2173 = EDGE_LOOP('',(#2174,#2180,#2181,#2182));
#2174 = ORIENTED_EDGE('',*,*,#2175,.F.);
#2175 = EDGE_CURVE('',#942,#312,#2176,.T.);
#2176 = LINE('',#2177,#2178);
#2177 = CARTESIAN_POINT('',(43.75000055,1.001714E-02,0.));
#2178 = VECTOR('',#2179,1.);
#2179 = DIRECTION('',(0.,0.,1.));
#2180 = ORIENTED_EDGE('',*,*,#949,.T.);
#2181 = ORIENTED_EDGE('',*,*,#2161,.T.);
#2182 = ORIENTED_EDGE('',*,*,#319,.T.);
#2183 = CYLINDRICAL_SURFACE('',#2184,0.25);
#2184 = AXIS2_PLACEMENT_3D('',#2185,#2186,#2187);
#2185 = CARTESIAN_POINT('',(43.75000055,0.26001714,0.));
#2186 = DIRECTION('',(0.,0.,-1.));
#2187 = DIRECTION('',(1.,0.,0.));
#2188 = ADVANCED_FACE('',(#2189),#2200,.T.);
#2189 = FACE_BOUND('',#2190,.T.);
#2190 = EDGE_LOOP('',(#2191,#2192,#2193,#2194));
#2191 = ORIENTED_EDGE('',*,*,#941,.F.);
#2192 = ORIENTED_EDGE('',*,*,#2175,.T.);
#2193 = ORIENTED_EDGE('',*,*,#311,.T.);
#2194 = ORIENTED_EDGE('',*,*,#2195,.F.);
#2195 = EDGE_CURVE('',#933,#303,#2196,.T.);
#2196 = LINE('',#2197,#2198);
#2197 = CARTESIAN_POINT('',(43.40000055,1.001714E-02,0.));
#2198 = VECTOR('',#2199,1.);
#2199 = DIRECTION('',(0.,0.,1.));
#2200 = PLANE('',#2201);
#2201 = AXIS2_PLACEMENT_3D('',#2202,#2203,#2204);
#2202 = CARTESIAN_POINT('',(43.75000055,1.001714E-02,0.));
#2203 = DIRECTION('',(0.,-1.,0.));
#2204 = DIRECTION('',(-1.,0.,0.));
#2205 = ADVANCED_FACE('',(#2206),#2217,.T.);
#2206 = FACE_BOUND('',#2207,.T.);
#2207 = EDGE_LOOP('',(#2208,#2214,#2215,#2216));
#2208 = ORIENTED_EDGE('',*,*,#2209,.F.);
#2209 = EDGE_CURVE('',#925,#295,#2210,.T.);
#2210 = LINE('',#2211,#2212);
#2211 = CARTESIAN_POINT('',(43.15000055,0.26001714,0.));
#2212 = VECTOR('',#2213,1.);
#2213 = DIRECTION('',(0.,0.,1.));
#2214 = ORIENTED_EDGE('',*,*,#932,.T.);
#2215 = ORIENTED_EDGE('',*,*,#2195,.T.);
#2216 = ORIENTED_EDGE('',*,*,#302,.T.);
#2217 = CYLINDRICAL_SURFACE('',#2218,0.25);
#2218 = AXIS2_PLACEMENT_3D('',#2219,#2220,#2221);
#2219 = CARTESIAN_POINT('',(43.40000055,0.26001714,0.));
#2220 = DIRECTION('',(0.,0.,-1.));
#2221 = DIRECTION('',(1.,0.,0.));
#2222 = ADVANCED_FACE('',(#2223),#2234,.T.);
#2223 = FACE_BOUND('',#2224,.T.);
#2224 = EDGE_LOOP('',(#2225,#2226,#2227,#2228));
#2225 = ORIENTED_EDGE('',*,*,#924,.F.);
#2226 = ORIENTED_EDGE('',*,*,#2209,.T.);
#2227 = ORIENTED_EDGE('',*,*,#294,.T.);
#2228 = ORIENTED_EDGE('',*,*,#2229,.F.);
#2229 = EDGE_CURVE('',#916,#286,#2230,.T.);
#2230 = LINE('',#2231,#2232);
#2231 = CARTESIAN_POINT('',(43.15000055,0.86001714,0.));
#2232 = VECTOR('',#2233,1.);
#2233 = DIRECTION('',(0.,0.,1.));
#2234 = PLANE('',#2235);
#2235 = AXIS2_PLACEMENT_3D('',#2236,#2237,#2238);
#2236 = CARTESIAN_POINT('',(43.15000055,0.26001714,0.));
#2237 = DIRECTION('',(-1.,0.,0.));
#2238 = DIRECTION('',(0.,1.,0.));
#2239 = ADVANCED_FACE('',(#2240),#2251,.F.);
#2240 = FACE_BOUND('',#2241,.F.);
#2241 = EDGE_LOOP('',(#2242,#2243,#2244,#2250));
#2242 = ORIENTED_EDGE('',*,*,#2229,.F.);
#2243 = ORIENTED_EDGE('',*,*,#915,.T.);
#2244 = ORIENTED_EDGE('',*,*,#2245,.T.);
#2245 = EDGE_CURVE('',#908,#278,#2246,.T.);
#2246 = LINE('',#2247,#2248);
#2247 = CARTESIAN_POINT('',(42.90000055,1.11001714,0.));
#2248 = VECTOR('',#2249,1.);
#2249 = DIRECTION('',(0.,0.,1.));
#2250 = ORIENTED_EDGE('',*,*,#285,.T.);
#2251 = CYLINDRICAL_SURFACE('',#2252,0.25);
#2252 = AXIS2_PLACEMENT_3D('',#2253,#2254,#2255);
#2253 = CARTESIAN_POINT('',(42.90000055,0.86001714,0.));
#2254 = DIRECTION('',(0.,0.,-1.));
#2255 = DIRECTION('',(1.,0.,0.));
#2256 = ADVANCED_FACE('',(#2257),#2268,.T.);
#2257 = FACE_BOUND('',#2258,.T.);
#2258 = EDGE_LOOP('',(#2259,#2260,#2261,#2262));
#2259 = ORIENTED_EDGE('',*,*,#907,.F.);
#2260 = ORIENTED_EDGE('',*,*,#2245,.T.);
#2261 = ORIENTED_EDGE('',*,*,#277,.T.);
#2262 = ORIENTED_EDGE('',*,*,#2263,.F.);
#2263 = EDGE_CURVE('',#899,#269,#2264,.T.);
#2264 = LINE('',#2265,#2266);
#2265 = CARTESIAN_POINT('',(42.30000055,1.11001714,0.));
#2266 = VECTOR('',#2267,1.);
#2267 = DIRECTION('',(0.,0.,1.));
#2268 = PLANE('',#2269);
#2269 = AXIS2_PLACEMENT_3D('',#2270,#2271,#2272);
#2270 = CARTESIAN_POINT('',(42.90000055,1.11001714,0.));
#2271 = DIRECTION('',(0.,-1.,0.));
#2272 = DIRECTION('',(-1.,0.,0.));
#2273 = ADVANCED_FACE('',(#2274),#2285,.F.);
#2274 = FACE_BOUND('',#2275,.F.);
#2275 = EDGE_LOOP('',(#2276,#2277,#2278,#2284));
#2276 = ORIENTED_EDGE('',*,*,#2263,.F.);
#2277 = ORIENTED_EDGE('',*,*,#898,.T.);
#2278 = ORIENTED_EDGE('',*,*,#2279,.T.);
#2279 = EDGE_CURVE('',#891,#261,#2280,.T.);
#2280 = LINE('',#2281,#2282);
#2281 = CARTESIAN_POINT('',(42.05000055,0.86001714,0.));
#2282 = VECTOR('',#2283,1.);
#2283 = DIRECTION('',(0.,0.,1.));
#2284 = ORIENTED_EDGE('',*,*,#268,.T.);
#2285 = CYLINDRICAL_SURFACE('',#2286,0.25);
#2286 = AXIS2_PLACEMENT_3D('',#2287,#2288,#2289);
#2287 = CARTESIAN_POINT('',(42.30000055,0.86001714,0.));
#2288 = DIRECTION('',(0.,0.,-1.));
#2289 = DIRECTION('',(1.,0.,0.));
#2290 = ADVANCED_FACE('',(#2291),#2302,.T.);
#2291 = FACE_BOUND('',#2292,.T.);
#2292 = EDGE_LOOP('',(#2293,#2294,#2295,#2296));
#2293 = ORIENTED_EDGE('',*,*,#890,.F.);
#2294 = ORIENTED_EDGE('',*,*,#2279,.T.);
#2295 = ORIENTED_EDGE('',*,*,#260,.T.);
#2296 = ORIENTED_EDGE('',*,*,#2297,.F.);
#2297 = EDGE_CURVE('',#882,#252,#2298,.T.);
#2298 = LINE('',#2299,#2300);
#2299 = CARTESIAN_POINT('',(42.05000055,0.26001714,0.));
#2300 = VECTOR('',#2301,1.);
#2301 = DIRECTION('',(0.,0.,1.));
#2302 = PLANE('',#2303);
#2303 = AXIS2_PLACEMENT_3D('',#2304,#2305,#2306);
#2304 = CARTESIAN_POINT('',(42.05000055,0.86001714,0.));
#2305 = DIRECTION('',(1.,0.,0.));
#2306 = DIRECTION('',(0.,-1.,0.));
#2307 = ADVANCED_FACE('',(#2308),#2319,.T.);
#2308 = FACE_BOUND('',#2309,.T.);
#2309 = EDGE_LOOP('',(#2310,#2316,#2317,#2318));
#2310 = ORIENTED_EDGE('',*,*,#2311,.F.);
#2311 = EDGE_CURVE('',#874,#244,#2312,.T.);
#2312 = LINE('',#2313,#2314);
#2313 = CARTESIAN_POINT('',(41.80000055,1.001714E-02,0.));
#2314 = VECTOR('',#2315,1.);
#2315 = DIRECTION('',(0.,0.,1.));
#2316 = ORIENTED_EDGE('',*,*,#881,.T.);
#2317 = ORIENTED_EDGE('',*,*,#2297,.T.);
#2318 = ORIENTED_EDGE('',*,*,#251,.T.);
#2319 = CYLINDRICAL_SURFACE('',#2320,0.25);
#2320 = AXIS2_PLACEMENT_3D('',#2321,#2322,#2323);
#2321 = CARTESIAN_POINT('',(41.80000055,0.26001714,0.));
#2322 = DIRECTION('',(0.,0.,-1.));
#2323 = DIRECTION('',(1.,0.,0.));
#2324 = ADVANCED_FACE('',(#2325),#2336,.T.);
#2325 = FACE_BOUND('',#2326,.T.);
#2326 = EDGE_LOOP('',(#2327,#2328,#2329,#2330));
#2327 = ORIENTED_EDGE('',*,*,#873,.F.);
#2328 = ORIENTED_EDGE('',*,*,#2311,.T.);
#2329 = ORIENTED_EDGE('',*,*,#243,.T.);
#2330 = ORIENTED_EDGE('',*,*,#2331,.F.);
#2331 = EDGE_CURVE('',#865,#235,#2332,.T.);
#2332 = LINE('',#2333,#2334);
#2333 = CARTESIAN_POINT('',(41.45000055,1.001714E-02,0.));
#2334 = VECTOR('',#2335,1.);
#2335 = DIRECTION('',(0.,0.,1.));
#2336 = PLANE('',#2337);
#2337 = AXIS2_PLACEMENT_3D('',#2338,#2339,#2340);
#2338 = CARTESIAN_POINT('',(41.80000055,1.001714E-02,0.));
#2339 = DIRECTION('',(0.,-1.,0.));
#2340 = DIRECTION('',(-1.,0.,0.));
#2341 = ADVANCED_FACE('',(#2342),#2353,.T.);
#2342 = FACE_BOUND('',#2343,.T.);
#2343 = EDGE_LOOP('',(#2344,#2350,#2351,#2352));
#2344 = ORIENTED_EDGE('',*,*,#2345,.F.);
#2345 = EDGE_CURVE('',#857,#227,#2346,.T.);
#2346 = LINE('',#2347,#2348);
#2347 = CARTESIAN_POINT('',(41.20000055,0.26001714,0.));
#2348 = VECTOR('',#2349,1.);
#2349 = DIRECTION('',(0.,0.,1.));
#2350 = ORIENTED_EDGE('',*,*,#864,.T.);
#2351 = ORIENTED_EDGE('',*,*,#2331,.T.);
#2352 = ORIENTED_EDGE('',*,*,#234,.T.);
#2353 = CYLINDRICAL_SURFACE('',#2354,0.25);
#2354 = AXIS2_PLACEMENT_3D('',#2355,#2356,#2357);
#2355 = CARTESIAN_POINT('',(41.45000055,0.26001714,0.));
#2356 = DIRECTION('',(0.,0.,-1.));
#2357 = DIRECTION('',(1.,0.,0.));
#2358 = ADVANCED_FACE('',(#2359),#2370,.T.);
#2359 = FACE_BOUND('',#2360,.T.);
#2360 = EDGE_LOOP('',(#2361,#2362,#2363,#2364));
#2361 = ORIENTED_EDGE('',*,*,#856,.F.);
#2362 = ORIENTED_EDGE('',*,*,#2345,.T.);
#2363 = ORIENTED_EDGE('',*,*,#226,.T.);
#2364 = ORIENTED_EDGE('',*,*,#2365,.F.);
#2365 = EDGE_CURVE('',#848,#218,#2366,.T.);
#2366 = LINE('',#2367,#2368);
#2367 = CARTESIAN_POINT('',(41.20000055,0.81001714,0.));
#2368 = VECTOR('',#2369,1.);
#2369 = DIRECTION('',(0.,0.,1.));
#2370 = PLANE('',#2371);
#2371 = AXIS2_PLACEMENT_3D('',#2372,#2373,#2374);
#2372 = CARTESIAN_POINT('',(41.20000055,0.26001714,0.));
#2373 = DIRECTION('',(-1.,0.,0.));
#2374 = DIRECTION('',(0.,1.,0.));
#2375 = ADVANCED_FACE('',(#2376),#2387,.T.);
#2376 = FACE_BOUND('',#2377,.T.);
#2377 = EDGE_LOOP('',(#2378,#2384,#2385,#2386));
#2378 = ORIENTED_EDGE('',*,*,#2379,.F.);
#2379 = EDGE_CURVE('',#840,#210,#2380,.T.);
#2380 = LINE('',#2381,#2382);
#2381 = CARTESIAN_POINT('',(42.100000549973,2.117686826521,0.));
#2382 = VECTOR('',#2383,1.);
#2383 = DIRECTION('',(0.,0.,1.));
#2384 = ORIENTED_EDGE('',*,*,#847,.T.);
#2385 = ORIENTED_EDGE('',*,*,#2365,.T.);
#2386 = ORIENTED_EDGE('',*,*,#217,.T.);
#2387 = CYLINDRICAL_SURFACE('',#2388,1.4);
#2388 = AXIS2_PLACEMENT_3D('',#2389,#2390,#2391);
#2389 = CARTESIAN_POINT('',(42.60000055,0.81001714,0.));
#2390 = DIRECTION('',(0.,0.,-1.));
#2391 = DIRECTION('',(1.,0.,0.));
#2392 = ADVANCED_FACE('',(#2393),#2404,.T.);
#2393 = FACE_BOUND('',#2394,.T.);
#2394 = EDGE_LOOP('',(#2395,#2396,#2397,#2398));
#2395 = ORIENTED_EDGE('',*,*,#839,.F.);
#2396 = ORIENTED_EDGE('',*,*,#2379,.T.);
#2397 = ORIENTED_EDGE('',*,*,#209,.T.);
#2398 = ORIENTED_EDGE('',*,*,#2399,.F.);
#2399 = EDGE_CURVE('',#832,#202,#2400,.T.);
#2400 = LINE('',#2401,#2402);
#2401 = CARTESIAN_POINT('',(42.10000055,9.21001714,0.));
#2402 = VECTOR('',#2403,1.);
#2403 = DIRECTION('',(0.,0.,1.));
#2404 = PLANE('',#2405);
#2405 = AXIS2_PLACEMENT_3D('',#2406,#2407,#2408);
#2406 = CARTESIAN_POINT('',(42.10000055,2.11768683,0.));
#2407 = DIRECTION('',(-1.,0.,0.));
#2408 = DIRECTION('',(0.,1.,0.));
#2409 = ADVANCED_FACE('',(#2410),#2421,.T.);
#2410 = FACE_BOUND('',#2411,.T.);
#2411 = EDGE_LOOP('',(#2412,#2413,#2414,#2415));
#2412 = ORIENTED_EDGE('',*,*,#831,.F.);
#2413 = ORIENTED_EDGE('',*,*,#2399,.T.);
#2414 = ORIENTED_EDGE('',*,*,#201,.T.);
#2415 = ORIENTED_EDGE('',*,*,#2416,.F.);
#2416 = EDGE_CURVE('',#824,#194,#2417,.T.);
#2417 = LINE('',#2418,#2419);
#2418 = CARTESIAN_POINT('',(39.80000055,9.21001714,0.));
#2419 = VECTOR('',#2420,1.);
#2420 = DIRECTION('',(0.,0.,1.));
#2421 = PLANE('',#2422);
#2422 = AXIS2_PLACEMENT_3D('',#2423,#2424,#2425);
#2423 = CARTESIAN_POINT('',(42.10000055,9.21001714,0.));
#2424 = DIRECTION('',(0.,-1.,0.));
#2425 = DIRECTION('',(-1.,0.,0.));
#2426 = ADVANCED_FACE('',(#2427),#2438,.T.);
#2427 = FACE_BOUND('',#2428,.T.);
#2428 = EDGE_LOOP('',(#2429,#2430,#2431,#2432));
#2429 = ORIENTED_EDGE('',*,*,#823,.F.);
#2430 = ORIENTED_EDGE('',*,*,#2416,.T.);
#2431 = ORIENTED_EDGE('',*,*,#193,.T.);
#2432 = ORIENTED_EDGE('',*,*,#2433,.F.);
#2433 = EDGE_CURVE('',#816,#186,#2434,.T.);
#2434 = LINE('',#2435,#2436);
#2435 = CARTESIAN_POINT('',(39.80000055,10.21001714,0.));
#2436 = VECTOR('',#2437,1.);
#2437 = DIRECTION('',(0.,0.,1.));
#2438 = PLANE('',#2439);
#2439 = AXIS2_PLACEMENT_3D('',#2440,#2441,#2442);
#2440 = CARTESIAN_POINT('',(39.80000055,9.21001714,0.));
#2441 = DIRECTION('',(-1.,0.,0.));
#2442 = DIRECTION('',(0.,1.,0.));
#2443 = ADVANCED_FACE('',(#2444),#2455,.T.);
#2444 = FACE_BOUND('',#2445,.T.);
#2445 = EDGE_LOOP('',(#2446,#2447,#2448,#2449));
#2446 = ORIENTED_EDGE('',*,*,#815,.F.);
#2447 = ORIENTED_EDGE('',*,*,#2433,.T.);
#2448 = ORIENTED_EDGE('',*,*,#185,.T.);
#2449 = ORIENTED_EDGE('',*,*,#2450,.F.);
#2450 = EDGE_CURVE('',#808,#178,#2451,.T.);
#2451 = LINE('',#2452,#2453);
#2452 = CARTESIAN_POINT('',(42.10000055,10.21001714,0.));
#2453 = VECTOR('',#2454,1.);
#2454 = DIRECTION('',(0.,0.,1.));
#2455 = PLANE('',#2456);
#2456 = AXIS2_PLACEMENT_3D('',#2457,#2458,#2459);
#2457 = CARTESIAN_POINT('',(39.80000055,10.21001714,0.));
#2458 = DIRECTION('',(0.,1.,0.));
#2459 = DIRECTION('',(1.,0.,0.));
#2460 = ADVANCED_FACE('',(#2461),#2472,.T.);
#2461 = FACE_BOUND('',#2462,.T.);
#2462 = EDGE_LOOP('',(#2463,#2464,#2465,#2466));
#2463 = ORIENTED_EDGE('',*,*,#807,.F.);
#2464 = ORIENTED_EDGE('',*,*,#2450,.T.);
#2465 = ORIENTED_EDGE('',*,*,#177,.T.);
#2466 = ORIENTED_EDGE('',*,*,#2467,.F.);
#2467 = EDGE_CURVE('',#800,#170,#2468,.T.);
#2468 = LINE('',#2469,#2470);
#2469 = CARTESIAN_POINT('',(42.10000055,12.01001714,0.));
#2470 = VECTOR('',#2471,1.);
#2471 = DIRECTION('',(0.,0.,1.));
#2472 = PLANE('',#2473);
#2473 = AXIS2_PLACEMENT_3D('',#2474,#2475,#2476);
#2474 = CARTESIAN_POINT('',(42.10000055,10.21001714,0.));
#2475 = DIRECTION('',(-1.,0.,0.));
#2476 = DIRECTION('',(0.,1.,0.));
#2477 = ADVANCED_FACE('',(#2478),#2489,.F.);
#2478 = FACE_BOUND('',#2479,.F.);
#2479 = EDGE_LOOP('',(#2480,#2481,#2487,#2488));
#2480 = ORIENTED_EDGE('',*,*,#799,.F.);
#2481 = ORIENTED_EDGE('',*,*,#2482,.T.);
#2482 = EDGE_CURVE('',#791,#161,#2483,.T.);
#2483 = LINE('',#2484,#2485);
#2484 = CARTESIAN_POINT('',(40.07624012,12.01001714,0.));
#2485 = VECTOR('',#2486,1.);
#2486 = DIRECTION('',(0.,0.,1.));
#2487 = ORIENTED_EDGE('',*,*,#169,.T.);
#2488 = ORIENTED_EDGE('',*,*,#2467,.F.);
#2489 = PLANE('',#2490);
#2490 = AXIS2_PLACEMENT_3D('',#2491,#2492,#2493);
#2491 = CARTESIAN_POINT('',(40.07624012,12.01001714,0.));
#2492 = DIRECTION('',(0.,1.,0.));
#2493 = DIRECTION('',(1.,0.,0.));
#2494 = ADVANCED_FACE('',(#2495),#2506,.T.);
#2495 = FACE_BOUND('',#2496,.T.);
#2496 = EDGE_LOOP('',(#2497,#2503,#2504,#2505));
#2497 = ORIENTED_EDGE('',*,*,#2498,.F.);
#2498 = EDGE_CURVE('',#783,#153,#2499,.T.);
#2499 = LINE('',#2500,#2501);
#2500 = CARTESIAN_POINT('',(39.903035039622,12.31001714,0.));
#2501 = VECTOR('',#2502,1.);
#2502 = DIRECTION('',(0.,0.,1.));
#2503 = ORIENTED_EDGE('',*,*,#790,.T.);
#2504 = ORIENTED_EDGE('',*,*,#2482,.T.);
#2505 = ORIENTED_EDGE('',*,*,#160,.T.);
#2506 = CYLINDRICAL_SURFACE('',#2507,0.2);
#2507 = AXIS2_PLACEMENT_3D('',#2508,#2509,#2510);
#2508 = CARTESIAN_POINT('',(40.07624012,12.21001714,0.));
#2509 = DIRECTION('',(0.,0.,-1.));
#2510 = DIRECTION('',(1.,0.,0.));
#2511 = ADVANCED_FACE('',(#2512),#2523,.F.);
#2512 = FACE_BOUND('',#2513,.F.);
#2513 = EDGE_LOOP('',(#2514,#2515,#2521,#2522));
#2514 = ORIENTED_EDGE('',*,*,#782,.F.);
#2515 = ORIENTED_EDGE('',*,*,#2516,.T.);
#2516 = EDGE_CURVE('',#774,#144,#2517,.T.);
#2517 = LINE('',#2518,#2519);
#2518 = CARTESIAN_POINT('',(40.307180219622,13.01001713,0.));
#2519 = VECTOR('',#2520,1.);
#2520 = DIRECTION('',(0.,0.,1.));
#2521 = ORIENTED_EDGE('',*,*,#152,.T.);
#2522 = ORIENTED_EDGE('',*,*,#2498,.F.);
#2523 = PLANE('',#2524);
#2524 = AXIS2_PLACEMENT_3D('',#2525,#2526,#2527);
#2525 = CARTESIAN_POINT('',(40.30718022,13.01001713,0.));
#2526 = DIRECTION('',(0.866025405209,-0.499999997533,0.));
#2527 = DIRECTION('',(-0.499999997533,-0.866025405209,0.));
#2528 = ADVANCED_FACE('',(#2529),#2540,.T.);
#2529 = FACE_BOUND('',#2530,.T.);
#2530 = EDGE_LOOP('',(#2531,#2537,#2538,#2539));
#2531 = ORIENTED_EDGE('',*,*,#2532,.F.);
#2532 = EDGE_CURVE('',#765,#135,#2533,.T.);
#2533 = LINE('',#2534,#2535);
#2534 = CARTESIAN_POINT('',(40.554616052098,13.095731420979,0.));
#2535 = VECTOR('',#2536,1.);
#2536 = DIRECTION('',(0.,0.,1.));
#2537 = ORIENTED_EDGE('',*,*,#773,.T.);
#2538 = ORIENTED_EDGE('',*,*,#2516,.T.);
#2539 = ORIENTED_EDGE('',*,*,#143,.T.);
#2540 = CYLINDRICAL_SURFACE('',#2541,0.2);
#2541 = AXIS2_PLACEMENT_3D('',#2542,#2543,#2544);
#2542 = CARTESIAN_POINT('',(40.4803853,12.91001713,0.));
#2543 = DIRECTION('',(0.,0.,-1.));
#2544 = DIRECTION('',(1.,0.,0.));
#2545 = ADVANCED_FACE('',(#2546),#2557,.F.);
#2546 = FACE_BOUND('',#2547,.F.);
#2547 = EDGE_LOOP('',(#2548,#2549,#2550,#2556));
#2548 = ORIENTED_EDGE('',*,*,#2532,.F.);
#2549 = ORIENTED_EDGE('',*,*,#764,.T.);
#2550 = ORIENTED_EDGE('',*,*,#2551,.T.);
#2551 = EDGE_CURVE('',#756,#126,#2552,.T.);
#2552 = LINE('',#2553,#2554);
#2553 = CARTESIAN_POINT('',(39.812308560593,14.381445710723,0.));
#2554 = VECTOR('',#2555,1.);
#2555 = DIRECTION('',(0.,0.,1.));
#2556 = ORIENTED_EDGE('',*,*,#134,.T.);
#2557 = CYLINDRICAL_SURFACE('',#2558,1.2);
#2558 = AXIS2_PLACEMENT_3D('',#2559,#2560,#2561);
#2559 = CARTESIAN_POINT('',(41.00000055,14.21001714,0.));
#2560 = DIRECTION('',(0.,0.,-1.));
#2561 = DIRECTION('',(1.,0.,0.));
#2562 = ADVANCED_FACE('',(#2563),#2569,.T.);
#2563 = FACE_BOUND('',#2564,.T.);
#2564 = EDGE_LOOP('',(#2565,#2566,#2567,#2568));
#2565 = ORIENTED_EDGE('',*,*,#739,.F.);
#2566 = ORIENTED_EDGE('',*,*,#755,.T.);
#2567 = ORIENTED_EDGE('',*,*,#2551,.T.);
#2568 = ORIENTED_EDGE('',*,*,#125,.T.);
#2569 = CYLINDRICAL_SURFACE('',#2570,0.2);
#2570 = AXIS2_PLACEMENT_3D('',#2571,#2572,#2573);
#2571 = CARTESIAN_POINT('',(39.61435989,14.41001714,0.));
#2572 = DIRECTION('',(0.,0.,-1.));
#2573 = DIRECTION('',(1.,0.,0.));
#2574 = ( GEOMETRIC_REPRESENTATION_CONTEXT(3) 
GLOBAL_UNCERTAINTY_ASSIGNED_CONTEXT((#2578)) 
GLOBAL_UNIT_ASSIGNED_CONTEXT((#2575,#2576,#2577)) REPRESENTATION_CONTEXT
('Context #1','3D Context with UNIT and UNCERTAINTY') );
#2575 = ( LENGTH_UNIT() NAMED_UNIT(*) SI_UNIT(.MILLI.,.METRE.) );
#2576 = ( NAMED_UNIT(*) PLANE_ANGLE_UNIT() SI_UNIT($,.RADIAN.) );
#2577 = ( NAMED_UNIT(*) SI_UNIT($,.STERADIAN.) SOLID_ANGLE_UNIT() );
#2578 = UNCERTAINTY_MEASURE_WITH_UNIT(LENGTH_MEASURE(1.E-07),#2575,
  'distance_accuracy_value','confusion accuracy');
#2579 = CONTEXT_DEPENDENT_SHAPE_REPRESENTATION(#2580,#2582);
#2580 = ( REPRESENTATION_RELATIONSHIP('','',#36,#10) 
REPRESENTATION_RELATIONSHIP_WITH_TRANSFORMATION(#2581) 
SHAPE_REPRESENTATION_RELATIONSHIP() );
#2581 = ITEM_DEFINED_TRANSFORMATION('','',#11,#15);
#2582 = PRODUCT_DEFINITION_SHAPE('Placement','Placement of an item',
  #2583);
#2583 = NEXT_ASSEMBLY_USAGE_OCCURRENCE('1','enclosure_100mm_extrusion_1'
  ,'',#5,#31,$);
#2584 = PRODUCT_RELATED_PRODUCT_CATEGORY('part',$,(#33));
#2585 = SHAPE_DEFINITION_REPRESENTATION(#2586,#2592);
#2586 = PRODUCT_DEFINITION_SHAPE('','',#2587);
#2587 = PRODUCT_DEFINITION('design','',#2588,#2591);
#2588 = PRODUCT_DEFINITION_FORMATION('','',#2589);
#2589 = PRODUCT('enclosure_100mm_extrusion_2',
  'enclosure_100mm_extrusion_2','',(#2590));
#2590 = PRODUCT_CONTEXT('',#2,'mechanical');
#2591 = PRODUCT_DEFINITION_CONTEXT('part definition',#2,'design');
#2592 = ADVANCED_BREP_SHAPE_REPRESENTATION('',(#11,#2593),#5130);
#2593 = MANIFOLD_SOLID_BREP('',#2594);
#2594 = CLOSED_SHELL('',(#2595,#2637,#2668,#3281,#3305,#3911,#3928,#3945
    ,#3962,#3979,#3996,#4013,#4030,#4047,#4064,#4081,#4098,#4115,#4132,
    #4149,#4166,#4183,#4200,#4217,#4234,#4251,#4268,#4285,#4302,#4319,
    #4336,#4353,#4370,#4387,#4404,#4421,#4438,#4455,#4472,#4489,#4506,
    #4523,#4540,#4557,#4574,#4591,#4608,#4625,#4642,#4659,#4676,#4693,
    #4710,#4727,#4744,#4761,#4778,#4795,#4812,#4829,#4846,#4863,#4880,
    #4897,#4914,#4931,#4948,#4965,#4982,#4999,#5016,#5033,#5050,#5067,
    #5084,#5101,#5118));
#2595 = ADVANCED_FACE('',(#2596),#2632,.T.);
#2596 = FACE_BOUND('',#2597,.T.);
#2597 = EDGE_LOOP('',(#2598,#2608,#2617,#2625));
#2598 = ORIENTED_EDGE('',*,*,#2599,.F.);
#2599 = EDGE_CURVE('',#2600,#2602,#2604,.T.);
#2600 = VERTEX_POINT('',#2601);
#2601 = CARTESIAN_POINT('',(-38.69748435,-14.50998286,0.));
#2602 = VERTEX_POINT('',#2603);
#2603 = CARTESIAN_POINT('',(-38.69748435,-14.50998286,100.));
#2604 = LINE('',#2605,#2606);
#2605 = CARTESIAN_POINT('',(-38.69748435,-14.50998286,0.));
#2606 = VECTOR('',#2607,1.);
#2607 = DIRECTION('',(0.,0.,1.));
#2608 = ORIENTED_EDGE('',*,*,#2609,.T.);
#2609 = EDGE_CURVE('',#2600,#2610,#2612,.T.);
#2610 = VERTEX_POINT('',#2611);
#2611 = CARTESIAN_POINT('',(-38.99748435,-14.20998286,0.));
#2612 = CIRCLE('',#2613,0.3);
#2613 = AXIS2_PLACEMENT_3D('',#2614,#2615,#2616);
#2614 = CARTESIAN_POINT('',(-38.99748435,-14.50998286,0.));
#2615 = DIRECTION('',(0.,0.,1.));
#2616 = DIRECTION('',(1.,0.,0.));
#2617 = ORIENTED_EDGE('',*,*,#2618,.T.);
#2618 = EDGE_CURVE('',#2610,#2619,#2621,.T.);
#2619 = VERTEX_POINT('',#2620);
#2620 = CARTESIAN_POINT('',(-38.99748435,-14.20998286,100.));
#2621 = LINE('',#2622,#2623);
#2622 = CARTESIAN_POINT('',(-38.99748435,-14.20998286,0.));
#2623 = VECTOR('',#2624,1.);
#2624 = DIRECTION('',(0.,0.,1.));
#2625 = ORIENTED_EDGE('',*,*,#2626,.T.);
#2626 = EDGE_CURVE('',#2619,#2602,#2627,.T.);
#2627 = CIRCLE('',#2628,0.3);
#2628 = AXIS2_PLACEMENT_3D('',#2629,#2630,#2631);
#2629 = CARTESIAN_POINT('',(-38.99748435,-14.50998286,100.));
#2630 = DIRECTION('',(0.,0.,-1.));
#2631 = DIRECTION('',(1.,0.,0.));
#2632 = CYLINDRICAL_SURFACE('',#2633,0.3);
#2633 = AXIS2_PLACEMENT_3D('',#2634,#2635,#2636);
#2634 = CARTESIAN_POINT('',(-38.99748435,-14.50998286,0.));
#2635 = DIRECTION('',(0.,0.,-1.));
#2636 = DIRECTION('',(1.,0.,0.));
#2637 = ADVANCED_FACE('',(#2638),#2663,.T.);
#2638 = FACE_BOUND('',#2639,.T.);
#2639 = EDGE_LOOP('',(#2640,#2648,#2649,#2657));
#2640 = ORIENTED_EDGE('',*,*,#2641,.F.);
#2641 = EDGE_CURVE('',#2600,#2642,#2644,.T.);
#2642 = VERTEX_POINT('',#2643);
#2643 = CARTESIAN_POINT('',(-38.69748435,-17.25998286,0.));
#2644 = LINE('',#2645,#2646);
#2645 = CARTESIAN_POINT('',(-38.69748435,-14.50998286,0.));
#2646 = VECTOR('',#2647,1.);
#2647 = DIRECTION('',(0.,-1.,0.));
#2648 = ORIENTED_EDGE('',*,*,#2599,.T.);
#2649 = ORIENTED_EDGE('',*,*,#2650,.T.);
#2650 = EDGE_CURVE('',#2602,#2651,#2653,.T.);
#2651 = VERTEX_POINT('',#2652);
#2652 = CARTESIAN_POINT('',(-38.69748435,-17.25998286,100.));
#2653 = LINE('',#2654,#2655);
#2654 = CARTESIAN_POINT('',(-38.69748435,-17.25998286,100.));
#2655 = VECTOR('',#2656,1.);
#2656 = DIRECTION('',(0.,-1.,0.));
#2657 = ORIENTED_EDGE('',*,*,#2658,.F.);
#2658 = EDGE_CURVE('',#2642,#2651,#2659,.T.);
#2659 = LINE('',#2660,#2661);
#2660 = CARTESIAN_POINT('',(-38.69748435,-17.25998286,0.));
#2661 = VECTOR('',#2662,1.);
#2662 = DIRECTION('',(0.,0.,1.));
#2663 = PLANE('',#2664);
#2664 = AXIS2_PLACEMENT_3D('',#2665,#2666,#2667);
#2665 = CARTESIAN_POINT('',(-38.69748435,-14.50998286,0.));
#2666 = DIRECTION('',(1.,0.,0.));
#2667 = DIRECTION('',(0.,-1.,0.));
#2668 = ADVANCED_FACE('',(#2669),#3276,.T.);
#2669 = FACE_BOUND('',#2670,.T.);
#2670 = EDGE_LOOP('',(#2671,#2672,#2680,#2689,#2698,#2707,#2715,#2724,
    #2732,#2740,#2748,#2756,#2764,#2772,#2781,#2789,#2798,#2806,#2815,
    #2823,#2832,#2840,#2849,#2857,#2866,#2874,#2883,#2891,#2900,#2908,
    #2916,#2924,#2932,#2940,#2948,#2956,#2964,#2972,#2980,#2988,#2996,
    #3004,#3012,#3020,#3028,#3036,#3044,#3052,#3060,#3068,#3076,#3084,
    #3093,#3101,#3110,#3118,#3126,#3135,#3143,#3152,#3160,#3168,#3176,
    #3184,#3192,#3200,#3209,#3217,#3226,#3235,#3244,#3252,#3261,#3269,
    #3275));
#2671 = ORIENTED_EDGE('',*,*,#2626,.F.);
#2672 = ORIENTED_EDGE('',*,*,#2673,.T.);
#2673 = EDGE_CURVE('',#2619,#2674,#2676,.T.);
#2674 = VERTEX_POINT('',#2675);
#2675 = CARTESIAN_POINT('',(-39.61435879,-14.20998286,100.));
#2676 = LINE('',#2677,#2678);
#2677 = CARTESIAN_POINT('',(-41.9987419,-14.20998286,100.));
#2678 = VECTOR('',#2679,1.);
#2679 = DIRECTION('',(-1.,0.,0.));
#2680 = ORIENTED_EDGE('',*,*,#2681,.F.);
#2681 = EDGE_CURVE('',#2682,#2674,#2684,.T.);
#2682 = VERTEX_POINT('',#2683);
#2683 = CARTESIAN_POINT('',(-39.81230746059,-14.38141143072,100.));
#2684 = CIRCLE('',#2685,0.2);
#2685 = AXIS2_PLACEMENT_3D('',#2686,#2687,#2688);
#2686 = CARTESIAN_POINT('',(-39.61435879,-14.40998286,100.));
#2687 = DIRECTION('',(0.,0.,-1.));
#2688 = DIRECTION('',(1.,0.,0.));
#2689 = ORIENTED_EDGE('',*,*,#2690,.T.);
#2690 = EDGE_CURVE('',#2682,#2691,#2693,.T.);
#2691 = VERTEX_POINT('',#2692);
#2692 = CARTESIAN_POINT('',(-40.55461495209,-13.09569713597,100.));
#2693 = CIRCLE('',#2694,1.2);
#2694 = AXIS2_PLACEMENT_3D('',#2695,#2696,#2697);
#2695 = CARTESIAN_POINT('',(-40.99999945,-14.20998286,100.));
#2696 = DIRECTION('',(0.,0.,-1.));
#2697 = DIRECTION('',(1.,0.,0.));
#2698 = ORIENTED_EDGE('',*,*,#2699,.F.);
#2699 = EDGE_CURVE('',#2700,#2691,#2702,.T.);
#2700 = VERTEX_POINT('',#2701);
#2701 = CARTESIAN_POINT('',(-40.30717911962,-13.00998284,100.));
#2702 = CIRCLE('',#2703,0.2);
#2703 = AXIS2_PLACEMENT_3D('',#2704,#2705,#2706);
#2704 = CARTESIAN_POINT('',(-40.4803842,-12.90998284,100.));
#2705 = DIRECTION('',(0.,0.,-1.));
#2706 = DIRECTION('',(1.,0.,0.));
#2707 = ORIENTED_EDGE('',*,*,#2708,.T.);
#2708 = EDGE_CURVE('',#2700,#2709,#2711,.T.);
#2709 = VERTEX_POINT('',#2710);
#2710 = CARTESIAN_POINT('',(-39.90303393962,-12.30998286,100.));
#2711 = LINE('',#2712,#2713);
#2712 = CARTESIAN_POINT('',(-42.40932613482,-16.65100824659,100.));
#2713 = VECTOR('',#2714,1.);
#2714 = DIRECTION('',(0.50000000289,0.866025402116,-0.));
#2715 = ORIENTED_EDGE('',*,*,#2716,.F.);
#2716 = EDGE_CURVE('',#2717,#2709,#2719,.T.);
#2717 = VERTEX_POINT('',#2718);
#2718 = CARTESIAN_POINT('',(-40.07623902,-12.00998286,100.));
#2719 = CIRCLE('',#2720,0.2);
#2720 = AXIS2_PLACEMENT_3D('',#2721,#2722,#2723);
#2721 = CARTESIAN_POINT('',(-40.07623902,-12.20998286,100.));
#2722 = DIRECTION('',(0.,0.,-1.));
#2723 = DIRECTION('',(1.,0.,0.));
#2724 = ORIENTED_EDGE('',*,*,#2725,.T.);
#2725 = EDGE_CURVE('',#2717,#2726,#2728,.T.);
#2726 = VERTEX_POINT('',#2727);
#2727 = CARTESIAN_POINT('',(-42.09999945,-12.00998286,100.));
#2728 = LINE('',#2729,#2730);
#2729 = CARTESIAN_POINT('',(-42.538119235,-12.00998286,100.));
#2730 = VECTOR('',#2731,1.);
#2731 = DIRECTION('',(-1.,0.,0.));
#2732 = ORIENTED_EDGE('',*,*,#2733,.F.);
#2733 = EDGE_CURVE('',#2734,#2726,#2736,.T.);
#2734 = VERTEX_POINT('',#2735);
#2735 = CARTESIAN_POINT('',(-42.09999945,-10.20998286,100.));
#2736 = LINE('',#2737,#2738);
#2737 = CARTESIAN_POINT('',(-42.09999945,-15.10998286,100.));
#2738 = VECTOR('',#2739,1.);
#2739 = DIRECTION('',(0.,-1.,0.));
#2740 = ORIENTED_EDGE('',*,*,#2741,.F.);
#2741 = EDGE_CURVE('',#2742,#2734,#2744,.T.);
#2742 = VERTEX_POINT('',#2743);
#2743 = CARTESIAN_POINT('',(-39.79999945,-10.20998286,100.));
#2744 = LINE('',#2745,#2746);
#2745 = CARTESIAN_POINT('',(-42.39999945,-10.20998286,100.));
#2746 = VECTOR('',#2747,1.);
#2747 = DIRECTION('',(-1.,0.,0.));
#2748 = ORIENTED_EDGE('',*,*,#2749,.F.);
#2749 = EDGE_CURVE('',#2750,#2742,#2752,.T.);
#2750 = VERTEX_POINT('',#2751);
#2751 = CARTESIAN_POINT('',(-39.79999945,-9.20998286,100.));
#2752 = LINE('',#2753,#2754);
#2753 = CARTESIAN_POINT('',(-39.79999945,-14.60998286,100.));
#2754 = VECTOR('',#2755,1.);
#2755 = DIRECTION('',(0.,-1.,0.));
#2756 = ORIENTED_EDGE('',*,*,#2757,.F.);
#2757 = EDGE_CURVE('',#2758,#2750,#2760,.T.);
#2758 = VERTEX_POINT('',#2759);
#2759 = CARTESIAN_POINT('',(-42.09999945,-9.20998286,100.));
#2760 = LINE('',#2761,#2762);
#2761 = CARTESIAN_POINT('',(-43.54999945,-9.20998286,100.));
#2762 = VECTOR('',#2763,1.);
#2763 = DIRECTION('',(1.,0.,0.));
#2764 = ORIENTED_EDGE('',*,*,#2765,.F.);
#2765 = EDGE_CURVE('',#2766,#2758,#2768,.T.);
#2766 = VERTEX_POINT('',#2767);
#2767 = CARTESIAN_POINT('',(-42.09999944997,-2.117652541521,100.));
#2768 = LINE('',#2769,#2770);
#2769 = CARTESIAN_POINT('',(-42.09999945,-11.0638177,100.));
#2770 = VECTOR('',#2771,1.);
#2771 = DIRECTION('',(0.,-1.,0.));
#2772 = ORIENTED_EDGE('',*,*,#2773,.F.);
#2773 = EDGE_CURVE('',#2774,#2766,#2776,.T.);
#2774 = VERTEX_POINT('',#2775);
#2775 = CARTESIAN_POINT('',(-41.19999945,-0.80998286,100.));
#2776 = CIRCLE('',#2777,1.4);
#2777 = AXIS2_PLACEMENT_3D('',#2778,#2779,#2780);
#2778 = CARTESIAN_POINT('',(-42.59999945,-0.80998286,100.));
#2779 = DIRECTION('',(0.,0.,-1.));
#2780 = DIRECTION('',(1.,0.,0.));
#2781 = ORIENTED_EDGE('',*,*,#2782,.F.);
#2782 = EDGE_CURVE('',#2783,#2774,#2785,.T.);
#2783 = VERTEX_POINT('',#2784);
#2784 = CARTESIAN_POINT('',(-41.19999945,-0.25998286,100.));
#2785 = LINE('',#2786,#2787);
#2786 = CARTESIAN_POINT('',(-41.19999945,-10.13498286,100.));
#2787 = VECTOR('',#2788,1.);
#2788 = DIRECTION('',(0.,-1.,0.));
#2789 = ORIENTED_EDGE('',*,*,#2790,.F.);
#2790 = EDGE_CURVE('',#2791,#2783,#2793,.T.);
#2791 = VERTEX_POINT('',#2792);
#2792 = CARTESIAN_POINT('',(-41.44999945,-9.98286E-03,100.));
#2793 = CIRCLE('',#2794,0.25);
#2794 = AXIS2_PLACEMENT_3D('',#2795,#2796,#2797);
#2795 = CARTESIAN_POINT('',(-41.44999945,-0.25998286,100.));
#2796 = DIRECTION('',(0.,0.,-1.));
#2797 = DIRECTION('',(1.,0.,0.));
#2798 = ORIENTED_EDGE('',*,*,#2799,.F.);
#2799 = EDGE_CURVE('',#2800,#2791,#2802,.T.);
#2800 = VERTEX_POINT('',#2801);
#2801 = CARTESIAN_POINT('',(-41.79999945,-9.98286E-03,100.));
#2802 = LINE('',#2803,#2804);
#2803 = CARTESIAN_POINT('',(-43.39999945,-9.98286E-03,100.));
#2804 = VECTOR('',#2805,1.);
#2805 = DIRECTION('',(1.,0.,0.));
#2806 = ORIENTED_EDGE('',*,*,#2807,.F.);
#2807 = EDGE_CURVE('',#2808,#2800,#2810,.T.);
#2808 = VERTEX_POINT('',#2809);
#2809 = CARTESIAN_POINT('',(-42.04999945,-0.25998286,100.));
#2810 = CIRCLE('',#2811,0.25);
#2811 = AXIS2_PLACEMENT_3D('',#2812,#2813,#2814);
#2812 = CARTESIAN_POINT('',(-41.79999945,-0.25998286,100.));
#2813 = DIRECTION('',(0.,0.,-1.));
#2814 = DIRECTION('',(1.,0.,0.));
#2815 = ORIENTED_EDGE('',*,*,#2816,.F.);
#2816 = EDGE_CURVE('',#2817,#2808,#2819,.T.);
#2817 = VERTEX_POINT('',#2818);
#2818 = CARTESIAN_POINT('',(-42.04999945,-0.85998286,100.));
#2819 = LINE('',#2820,#2821);
#2820 = CARTESIAN_POINT('',(-42.04999945,-10.43498286,100.));
#2821 = VECTOR('',#2822,1.);
#2822 = DIRECTION('',(0.,1.,-0.));
#2823 = ORIENTED_EDGE('',*,*,#2824,.T.);
#2824 = EDGE_CURVE('',#2817,#2825,#2827,.T.);
#2825 = VERTEX_POINT('',#2826);
#2826 = CARTESIAN_POINT('',(-42.29999945,-1.10998286,100.));
#2827 = CIRCLE('',#2828,0.25);
#2828 = AXIS2_PLACEMENT_3D('',#2829,#2830,#2831);
#2829 = CARTESIAN_POINT('',(-42.29999945,-0.85998286,100.));
#2830 = DIRECTION('',(0.,0.,-1.));
#2831 = DIRECTION('',(1.,0.,0.));
#2832 = ORIENTED_EDGE('',*,*,#2833,.F.);
#2833 = EDGE_CURVE('',#2834,#2825,#2836,.T.);
#2834 = VERTEX_POINT('',#2835);
#2835 = CARTESIAN_POINT('',(-42.89999945,-1.10998286,100.));
#2836 = LINE('',#2837,#2838);
#2837 = CARTESIAN_POINT('',(-43.94999945,-1.10998286,100.));
#2838 = VECTOR('',#2839,1.);
#2839 = DIRECTION('',(1.,0.,0.));
#2840 = ORIENTED_EDGE('',*,*,#2841,.T.);
#2841 = EDGE_CURVE('',#2834,#2842,#2844,.T.);
#2842 = VERTEX_POINT('',#2843);
#2843 = CARTESIAN_POINT('',(-43.14999945,-0.85998286,100.));
#2844 = CIRCLE('',#2845,0.25);
#2845 = AXIS2_PLACEMENT_3D('',#2846,#2847,#2848);
#2846 = CARTESIAN_POINT('',(-42.89999945,-0.85998286,100.));
#2847 = DIRECTION('',(0.,0.,-1.));
#2848 = DIRECTION('',(1.,0.,0.));
#2849 = ORIENTED_EDGE('',*,*,#2850,.F.);
#2850 = EDGE_CURVE('',#2851,#2842,#2853,.T.);
#2851 = VERTEX_POINT('',#2852);
#2852 = CARTESIAN_POINT('',(-43.14999945,-0.25998286,100.));
#2853 = LINE('',#2854,#2855);
#2854 = CARTESIAN_POINT('',(-43.14999945,-10.13498286,100.));
#2855 = VECTOR('',#2856,1.);
#2856 = DIRECTION('',(0.,-1.,0.));
#2857 = ORIENTED_EDGE('',*,*,#2858,.F.);
#2858 = EDGE_CURVE('',#2859,#2851,#2861,.T.);
#2859 = VERTEX_POINT('',#2860);
#2860 = CARTESIAN_POINT('',(-43.39999945,-9.98286E-03,100.));
#2861 = CIRCLE('',#2862,0.25);
#2862 = AXIS2_PLACEMENT_3D('',#2863,#2864,#2865);
#2863 = CARTESIAN_POINT('',(-43.39999945,-0.25998286,100.));
#2864 = DIRECTION('',(0.,0.,-1.));
#2865 = DIRECTION('',(1.,0.,0.));
#2866 = ORIENTED_EDGE('',*,*,#2867,.F.);
#2867 = EDGE_CURVE('',#2868,#2859,#2870,.T.);
#2868 = VERTEX_POINT('',#2869);
#2869 = CARTESIAN_POINT('',(-43.74999945,-9.98286E-03,100.));
#2870 = LINE('',#2871,#2872);
#2871 = CARTESIAN_POINT('',(-44.37499945,-9.98286E-03,100.));
#2872 = VECTOR('',#2873,1.);
#2873 = DIRECTION('',(1.,0.,0.));
#2874 = ORIENTED_EDGE('',*,*,#2875,.F.);
#2875 = EDGE_CURVE('',#2876,#2868,#2878,.T.);
#2876 = VERTEX_POINT('',#2877);
#2877 = CARTESIAN_POINT('',(-43.99999945,-0.25998286,100.));
#2878 = CIRCLE('',#2879,0.25);
#2879 = AXIS2_PLACEMENT_3D('',#2880,#2881,#2882);
#2880 = CARTESIAN_POINT('',(-43.74999945,-0.25998286,100.));
#2881 = DIRECTION('',(0.,0.,-1.));
#2882 = DIRECTION('',(1.,0.,0.));
#2883 = ORIENTED_EDGE('',*,*,#2884,.F.);
#2884 = EDGE_CURVE('',#2885,#2876,#2887,.T.);
#2885 = VERTEX_POINT('',#2886);
#2886 = CARTESIAN_POINT('',(-43.99999945,-14.50998286,100.));
#2887 = LINE('',#2888,#2889);
#2888 = CARTESIAN_POINT('',(-43.99999945,-17.25998286,100.));
#2889 = VECTOR('',#2890,1.);
#2890 = DIRECTION('',(0.,1.,-0.));
#2891 = ORIENTED_EDGE('',*,*,#2892,.F.);
#2892 = EDGE_CURVE('',#2893,#2885,#2895,.T.);
#2893 = VERTEX_POINT('',#2894);
#2894 = CARTESIAN_POINT('',(-39.49999945,-19.00998286,100.));
#2895 = CIRCLE('',#2896,4.5);
#2896 = AXIS2_PLACEMENT_3D('',#2897,#2898,#2899);
#2897 = CARTESIAN_POINT('',(-39.49999945,-14.50998286,100.));
#2898 = DIRECTION('',(0.,0.,-1.));
#2899 = DIRECTION('',(1.,0.,0.));
#2900 = ORIENTED_EDGE('',*,*,#2901,.F.);
#2901 = EDGE_CURVE('',#2902,#2893,#2904,.T.);
#2902 = VERTEX_POINT('',#2903);
#2903 = CARTESIAN_POINT('',(-33.49999945,-19.00998286,100.));
#2904 = LINE('',#2905,#2906);
#2905 = CARTESIAN_POINT('',(-39.24999945,-19.00998286,100.));
#2906 = VECTOR('',#2907,1.);
#2907 = DIRECTION('',(-1.,0.,0.));
#2908 = ORIENTED_EDGE('',*,*,#2909,.F.);
#2909 = EDGE_CURVE('',#2910,#2902,#2912,.T.);
#2910 = VERTEX_POINT('',#2911);
#2911 = CARTESIAN_POINT('',(-32.74999945,-18.75998286,100.));
#2912 = LINE('',#2913,#2914);
#2913 = CARTESIAN_POINT('',(-38.44999945,-20.65998286,100.));
#2914 = VECTOR('',#2915,1.);
#2915 = DIRECTION('',(-0.948683298051,-0.316227766017,0.));
#2916 = ORIENTED_EDGE('',*,*,#2917,.F.);
#2917 = EDGE_CURVE('',#2918,#2910,#2920,.T.);
#2918 = VERTEX_POINT('',#2919);
#2919 = CARTESIAN_POINT('',(-31.99999945,-19.00998286,100.));
#2920 = LINE('',#2921,#2922);
#2921 = CARTESIAN_POINT('',(-37.69999945,-17.10998286,100.));
#2922 = VECTOR('',#2923,1.);
#2923 = DIRECTION('',(-0.948683298051,0.316227766017,0.));
#2924 = ORIENTED_EDGE('',*,*,#2925,.F.);
#2925 = EDGE_CURVE('',#2926,#2918,#2928,.T.);
#2926 = VERTEX_POINT('',#2927);
#2927 = CARTESIAN_POINT('',(-31.24999945,-18.75998286,100.));
#2928 = LINE('',#2929,#2930);
#2929 = CARTESIAN_POINT('',(-37.62499945,-20.88498286,100.));
#2930 = VECTOR('',#2931,1.);
#2931 = DIRECTION('',(-0.948683298051,-0.316227766017,0.));
#2932 = ORIENTED_EDGE('',*,*,#2933,.F.);
#2933 = EDGE_CURVE('',#2934,#2926,#2936,.T.);
#2934 = VERTEX_POINT('',#2935);
#2935 = CARTESIAN_POINT('',(-30.49999945,-19.00998286,100.));
#2936 = LINE('',#2937,#2938);
#2937 = CARTESIAN_POINT('',(-36.87499945,-16.88498286,100.));
#2938 = VECTOR('',#2939,1.);
#2939 = DIRECTION('',(-0.948683298051,0.316227766017,0.));
#2940 = ORIENTED_EDGE('',*,*,#2941,.F.);
#2941 = EDGE_CURVE('',#2942,#2934,#2944,.T.);
#2942 = VERTEX_POINT('',#2943);
#2943 = CARTESIAN_POINT('',(-29.74999945,-18.75998286,100.));
#2944 = LINE('',#2945,#2946);
#2945 = CARTESIAN_POINT('',(-36.79999945,-21.10998286,100.));
#2946 = VECTOR('',#2947,1.);
#2947 = DIRECTION('',(-0.948683298051,-0.316227766017,0.));
#2948 = ORIENTED_EDGE('',*,*,#2949,.F.);
#2949 = EDGE_CURVE('',#2950,#2942,#2952,.T.);
#2950 = VERTEX_POINT('',#2951);
#2951 = CARTESIAN_POINT('',(-28.99999945,-19.00998286,100.));
#2952 = LINE('',#2953,#2954);
#2953 = CARTESIAN_POINT('',(-36.04999945,-16.65998286,100.));
#2954 = VECTOR('',#2955,1.);
#2955 = DIRECTION('',(-0.948683298051,0.316227766017,0.));
#2956 = ORIENTED_EDGE('',*,*,#2957,.F.);
#2957 = EDGE_CURVE('',#2958,#2950,#2960,.T.);
#2958 = VERTEX_POINT('',#2959);
#2959 = CARTESIAN_POINT('',(-28.24999945,-18.75998286,100.));
#2960 = LINE('',#2961,#2962);
#2961 = CARTESIAN_POINT('',(-35.97499945,-21.33498286,100.));
#2962 = VECTOR('',#2963,1.);
#2963 = DIRECTION('',(-0.948683298051,-0.316227766017,0.));
#2964 = ORIENTED_EDGE('',*,*,#2965,.F.);
#2965 = EDGE_CURVE('',#2966,#2958,#2968,.T.);
#2966 = VERTEX_POINT('',#2967);
#2967 = CARTESIAN_POINT('',(-27.49999945,-19.00998286,100.));
#2968 = LINE('',#2969,#2970);
#2969 = CARTESIAN_POINT('',(-35.22499945,-16.43498286,100.));
#2970 = VECTOR('',#2971,1.);
#2971 = DIRECTION('',(-0.948683298051,0.316227766017,0.));
#2972 = ORIENTED_EDGE('',*,*,#2973,.F.);
#2973 = EDGE_CURVE('',#2974,#2966,#2976,.T.);
#2974 = VERTEX_POINT('',#2975);
#2975 = CARTESIAN_POINT('',(-26.74999945,-18.75998286,100.));
#2976 = LINE('',#2977,#2978);
#2977 = CARTESIAN_POINT('',(-35.14999945,-21.55998286,100.));
#2978 = VECTOR('',#2979,1.);
#2979 = DIRECTION('',(-0.948683298051,-0.316227766017,0.));
#2980 = ORIENTED_EDGE('',*,*,#2981,.F.);
#2981 = EDGE_CURVE('',#2982,#2974,#2984,.T.);
#2982 = VERTEX_POINT('',#2983);
#2983 = CARTESIAN_POINT('',(-25.99999945,-19.00998286,100.));
#2984 = LINE('',#2985,#2986);
#2985 = CARTESIAN_POINT('',(-34.39999945,-16.20998286,100.));
#2986 = VECTOR('',#2987,1.);
#2987 = DIRECTION('',(-0.948683298051,0.316227766017,0.));
#2988 = ORIENTED_EDGE('',*,*,#2989,.F.);
#2989 = EDGE_CURVE('',#2990,#2982,#2992,.T.);
#2990 = VERTEX_POINT('',#2991);
#2991 = CARTESIAN_POINT('',(26.00000055,-19.00998286,100.));
#2992 = LINE('',#2993,#2994);
#2993 = CARTESIAN_POINT('',(-9.49999945,-19.00998286,100.));
#2994 = VECTOR('',#2995,1.);
#2995 = DIRECTION('',(-1.,0.,0.));
#2996 = ORIENTED_EDGE('',*,*,#2997,.F.);
#2997 = EDGE_CURVE('',#2998,#2990,#3000,.T.);
#2998 = VERTEX_POINT('',#2999);
#2999 = CARTESIAN_POINT('',(26.75000055,-18.75998286,100.));
#3000 = LINE('',#3001,#3002);
#3001 = CARTESIAN_POINT('',(-5.72499945,-29.58498286,100.));
#3002 = VECTOR('',#3003,1.);
#3003 = DIRECTION('',(-0.948683298051,-0.316227766017,0.));
#3004 = ORIENTED_EDGE('',*,*,#3005,.F.);
#3005 = EDGE_CURVE('',#3006,#2998,#3008,.T.);
#3006 = VERTEX_POINT('',#3007);
#3007 = CARTESIAN_POINT('',(27.50000055,-19.00998286,100.));
#3008 = LINE('',#3009,#3010);
#3009 = CARTESIAN_POINT('',(-4.97499945,-8.18498286,100.));
#3010 = VECTOR('',#3011,1.);
#3011 = DIRECTION('',(-0.948683298051,0.316227766017,0.));
#3012 = ORIENTED_EDGE('',*,*,#3013,.F.);
#3013 = EDGE_CURVE('',#3014,#3006,#3016,.T.);
#3014 = VERTEX_POINT('',#3015);
#3015 = CARTESIAN_POINT('',(28.25000055,-18.75998286,100.));
#3016 = LINE('',#3017,#3018);
#3017 = CARTESIAN_POINT('',(-4.89999945,-29.80998286,100.));
#3018 = VECTOR('',#3019,1.);
#3019 = DIRECTION('',(-0.948683298051,-0.316227766017,0.));
#3020 = ORIENTED_EDGE('',*,*,#3021,.F.);
#3021 = EDGE_CURVE('',#3022,#3014,#3024,.T.);
#3022 = VERTEX_POINT('',#3023);
#3023 = CARTESIAN_POINT('',(29.00000055,-19.00998286,100.));
#3024 = LINE('',#3025,#3026);
#3025 = CARTESIAN_POINT('',(-4.14999945,-7.95998286,100.));
#3026 = VECTOR('',#3027,1.);
#3027 = DIRECTION('',(-0.948683298051,0.316227766017,0.));
#3028 = ORIENTED_EDGE('',*,*,#3029,.F.);
#3029 = EDGE_CURVE('',#3030,#3022,#3032,.T.);
#3030 = VERTEX_POINT('',#3031);
#3031 = CARTESIAN_POINT('',(29.75000055,-18.75998286,100.));
#3032 = LINE('',#3033,#3034);
#3033 = CARTESIAN_POINT('',(-4.07499945,-30.03498286,100.));
#3034 = VECTOR('',#3035,1.);
#3035 = DIRECTION('',(-0.948683298051,-0.316227766017,0.));
#3036 = ORIENTED_EDGE('',*,*,#3037,.F.);
#3037 = EDGE_CURVE('',#3038,#3030,#3040,.T.);
#3038 = VERTEX_POINT('',#3039);
#3039 = CARTESIAN_POINT('',(30.50000055,-19.00998286,100.));
#3040 = LINE('',#3041,#3042);
#3041 = CARTESIAN_POINT('',(-3.32499945,-7.73498286,100.));
#3042 = VECTOR('',#3043,1.);
#3043 = DIRECTION('',(-0.948683298051,0.316227766017,0.));
#3044 = ORIENTED_EDGE('',*,*,#3045,.F.);
#3045 = EDGE_CURVE('',#3046,#3038,#3048,.T.);
#3046 = VERTEX_POINT('',#3047);
#3047 = CARTESIAN_POINT('',(31.25000055,-18.75998286,100.));
#3048 = LINE('',#3049,#3050);
#3049 = CARTESIAN_POINT('',(-3.24999945,-30.25998286,100.));
#3050 = VECTOR('',#3051,1.);
#3051 = DIRECTION('',(-0.948683298051,-0.316227766017,0.));
#3052 = ORIENTED_EDGE('',*,*,#3053,.F.);
#3053 = EDGE_CURVE('',#3054,#3046,#3056,.T.);
#3054 = VERTEX_POINT('',#3055);
#3055 = CARTESIAN_POINT('',(32.00000055,-19.00998286,100.));
#3056 = LINE('',#3057,#3058);
#3057 = CARTESIAN_POINT('',(-2.49999945,-7.50998286,100.));
#3058 = VECTOR('',#3059,1.);
#3059 = DIRECTION('',(-0.948683298051,0.316227766017,0.));
#3060 = ORIENTED_EDGE('',*,*,#3061,.F.);
#3061 = EDGE_CURVE('',#3062,#3054,#3064,.T.);
#3062 = VERTEX_POINT('',#3063);
#3063 = CARTESIAN_POINT('',(32.75000055,-18.75998286,100.));
#3064 = LINE('',#3065,#3066);
#3065 = CARTESIAN_POINT('',(-2.42499945,-30.48498286,100.));
#3066 = VECTOR('',#3067,1.);
#3067 = DIRECTION('',(-0.948683298051,-0.316227766017,0.));
#3068 = ORIENTED_EDGE('',*,*,#3069,.F.);
#3069 = EDGE_CURVE('',#3070,#3062,#3072,.T.);
#3070 = VERTEX_POINT('',#3071);
#3071 = CARTESIAN_POINT('',(33.50000055,-19.00998286,100.));
#3072 = LINE('',#3073,#3074);
#3073 = CARTESIAN_POINT('',(-1.67499945,-7.28498286,100.));
#3074 = VECTOR('',#3075,1.);
#3075 = DIRECTION('',(-0.948683298051,0.316227766017,0.));
#3076 = ORIENTED_EDGE('',*,*,#3077,.F.);
#3077 = EDGE_CURVE('',#3078,#3070,#3080,.T.);
#3078 = VERTEX_POINT('',#3079);
#3079 = CARTESIAN_POINT('',(39.50000055,-19.00998286,100.));
#3080 = LINE('',#3081,#3082);
#3081 = CARTESIAN_POINT('',(-2.74999945,-19.00998286,100.));
#3082 = VECTOR('',#3083,1.);
#3083 = DIRECTION('',(-1.,0.,0.));
#3084 = ORIENTED_EDGE('',*,*,#3085,.F.);
#3085 = EDGE_CURVE('',#3086,#3078,#3088,.T.);
#3086 = VERTEX_POINT('',#3087);
#3087 = CARTESIAN_POINT('',(44.00000055,-14.50998286,100.));
#3088 = CIRCLE('',#3089,4.5);
#3089 = AXIS2_PLACEMENT_3D('',#3090,#3091,#3092);
#3090 = CARTESIAN_POINT('',(39.50000055,-14.50998286,100.));
#3091 = DIRECTION('',(0.,0.,-1.));
#3092 = DIRECTION('',(1.,0.,0.));
#3093 = ORIENTED_EDGE('',*,*,#3094,.F.);
#3094 = EDGE_CURVE('',#3095,#3086,#3097,.T.);
#3095 = VERTEX_POINT('',#3096);
#3096 = CARTESIAN_POINT('',(44.00000055,-0.25998286,100.));
#3097 = LINE('',#3098,#3099);
#3098 = CARTESIAN_POINT('',(44.00000055,-10.13498286,100.));
#3099 = VECTOR('',#3100,1.);
#3100 = DIRECTION('',(0.,-1.,0.));
#3101 = ORIENTED_EDGE('',*,*,#3102,.F.);
#3102 = EDGE_CURVE('',#3103,#3095,#3105,.T.);
#3103 = VERTEX_POINT('',#3104);
#3104 = CARTESIAN_POINT('',(43.75000055,-9.98286E-03,100.));
#3105 = CIRCLE('',#3106,0.25);
#3106 = AXIS2_PLACEMENT_3D('',#3107,#3108,#3109);
#3107 = CARTESIAN_POINT('',(43.75000055,-0.25998286,100.));
#3108 = DIRECTION('',(0.,0.,-1.));
#3109 = DIRECTION('',(1.,0.,0.));
#3110 = ORIENTED_EDGE('',*,*,#3111,.F.);
#3111 = EDGE_CURVE('',#3112,#3103,#3114,.T.);
#3112 = VERTEX_POINT('',#3113);
#3113 = CARTESIAN_POINT('',(43.10000055,-9.98286E-03,100.));
#3114 = LINE('',#3115,#3116);
#3115 = CARTESIAN_POINT('',(-0.94999945,-9.98286E-03,100.));
#3116 = VECTOR('',#3117,1.);
#3117 = DIRECTION('',(1.,0.,0.));
#3118 = ORIENTED_EDGE('',*,*,#3119,.F.);
#3119 = EDGE_CURVE('',#3120,#3112,#3122,.T.);
#3120 = VERTEX_POINT('',#3121);
#3121 = CARTESIAN_POINT('',(43.10000055,0.74001714,100.));
#3122 = LINE('',#3123,#3124);
#3123 = CARTESIAN_POINT('',(43.10000055,-9.63498286,100.));
#3124 = VECTOR('',#3125,1.);
#3125 = DIRECTION('',(0.,-1.,0.));
#3126 = ORIENTED_EDGE('',*,*,#3127,.F.);
#3127 = EDGE_CURVE('',#3128,#3120,#3130,.T.);
#3128 = VERTEX_POINT('',#3129);
#3129 = CARTESIAN_POINT('',(42.85000055,0.99001714,100.));
#3130 = CIRCLE('',#3131,0.25);
#3131 = AXIS2_PLACEMENT_3D('',#3132,#3133,#3134);
#3132 = CARTESIAN_POINT('',(42.85000055,0.74001714,100.));
#3133 = DIRECTION('',(0.,0.,-1.));
#3134 = DIRECTION('',(1.,0.,0.));
#3135 = ORIENTED_EDGE('',*,*,#3136,.F.);
#3136 = EDGE_CURVE('',#3137,#3128,#3139,.T.);
#3137 = VERTEX_POINT('',#3138);
#3138 = CARTESIAN_POINT('',(42.35000055,0.99001714,100.));
#3139 = LINE('',#3140,#3141);
#3140 = CARTESIAN_POINT('',(-1.32499945,0.99001714,100.));
#3141 = VECTOR('',#3142,1.);
#3142 = DIRECTION('',(1.,0.,0.));
#3143 = ORIENTED_EDGE('',*,*,#3144,.F.);
#3144 = EDGE_CURVE('',#3145,#3137,#3147,.T.);
#3145 = VERTEX_POINT('',#3146);
#3146 = CARTESIAN_POINT('',(42.10000055,0.74001714,100.));
#3147 = CIRCLE('',#3148,0.25);
#3148 = AXIS2_PLACEMENT_3D('',#3149,#3150,#3151);
#3149 = CARTESIAN_POINT('',(42.35000055,0.74001714,100.));
#3150 = DIRECTION('',(0.,0.,-1.));
#3151 = DIRECTION('',(1.,0.,0.));
#3152 = ORIENTED_EDGE('',*,*,#3153,.F.);
#3153 = EDGE_CURVE('',#3154,#3145,#3156,.T.);
#3154 = VERTEX_POINT('',#3155);
#3155 = CARTESIAN_POINT('',(42.10000055,-9.20998286,100.));
#3156 = LINE('',#3157,#3158);
#3157 = CARTESIAN_POINT('',(42.10000055,-14.60998286,100.));
#3158 = VECTOR('',#3159,1.);
#3159 = DIRECTION('',(0.,1.,-0.));
#3160 = ORIENTED_EDGE('',*,*,#3161,.F.);
#3161 = EDGE_CURVE('',#3162,#3154,#3164,.T.);
#3162 = VERTEX_POINT('',#3163);
#3163 = CARTESIAN_POINT('',(39.80000055,-9.20998286,100.));
#3164 = LINE('',#3165,#3166);
#3165 = CARTESIAN_POINT('',(-2.59999945,-9.20998286,100.));
#3166 = VECTOR('',#3167,1.);
#3167 = DIRECTION('',(1.,0.,0.));
#3168 = ORIENTED_EDGE('',*,*,#3169,.F.);
#3169 = EDGE_CURVE('',#3170,#3162,#3172,.T.);
#3170 = VERTEX_POINT('',#3171);
#3171 = CARTESIAN_POINT('',(39.80000055,-10.20998286,100.));
#3172 = LINE('',#3173,#3174);
#3173 = CARTESIAN_POINT('',(39.80000055,-15.10998286,100.));
#3174 = VECTOR('',#3175,1.);
#3175 = DIRECTION('',(0.,1.,-0.));
#3176 = ORIENTED_EDGE('',*,*,#3177,.F.);
#3177 = EDGE_CURVE('',#3178,#3170,#3180,.T.);
#3178 = VERTEX_POINT('',#3179);
#3179 = CARTESIAN_POINT('',(42.10000055,-10.20998286,100.));
#3180 = LINE('',#3181,#3182);
#3181 = CARTESIAN_POINT('',(-1.44999945,-10.20998286,100.));
#3182 = VECTOR('',#3183,1.);
#3183 = DIRECTION('',(-1.,0.,0.));
#3184 = ORIENTED_EDGE('',*,*,#3185,.F.);
#3185 = EDGE_CURVE('',#3186,#3178,#3188,.T.);
#3186 = VERTEX_POINT('',#3187);
#3187 = CARTESIAN_POINT('',(42.10000055,-12.00998286,100.));
#3188 = LINE('',#3189,#3190);
#3189 = CARTESIAN_POINT('',(42.10000055,-16.00998286,100.));
#3190 = VECTOR('',#3191,1.);
#3191 = DIRECTION('',(0.,1.,-0.));
#3192 = ORIENTED_EDGE('',*,*,#3193,.F.);
#3193 = EDGE_CURVE('',#3194,#3186,#3196,.T.);
#3194 = VERTEX_POINT('',#3195);
#3195 = CARTESIAN_POINT('',(40.07624012,-12.00998286,100.));
#3196 = LINE('',#3197,#3198);
#3197 = CARTESIAN_POINT('',(-2.461879665,-12.00998286,100.));
#3198 = VECTOR('',#3199,1.);
#3199 = DIRECTION('',(1.,0.,0.));
#3200 = ORIENTED_EDGE('',*,*,#3201,.F.);
#3201 = EDGE_CURVE('',#3202,#3194,#3204,.T.);
#3202 = VERTEX_POINT('',#3203);
#3203 = CARTESIAN_POINT('',(39.903035039622,-12.30998286,100.));
#3204 = CIRCLE('',#3205,0.2);
#3205 = AXIS2_PLACEMENT_3D('',#3206,#3207,#3208);
#3206 = CARTESIAN_POINT('',(40.07624012,-12.20998286,100.));
#3207 = DIRECTION('',(0.,0.,-1.));
#3208 = DIRECTION('',(1.,0.,0.));
#3209 = ORIENTED_EDGE('',*,*,#3210,.F.);
#3210 = EDGE_CURVE('',#3211,#3202,#3213,.T.);
#3211 = VERTEX_POINT('',#3212);
#3212 = CARTESIAN_POINT('',(40.307180219622,-13.00998284,100.));
#3213 = LINE('',#3214,#3215);
#3214 = CARTESIAN_POINT('',(31.159327104776,2.834563413639,100.));
#3215 = VECTOR('',#3216,1.);
#3216 = DIRECTION('',(-0.50000000289,0.866025402116,0.));
#3217 = ORIENTED_EDGE('',*,*,#3218,.F.);
#3218 = EDGE_CURVE('',#3219,#3211,#3221,.T.);
#3219 = VERTEX_POINT('',#3220);
#3220 = CARTESIAN_POINT('',(40.554616052098,-13.09569713597,100.));
#3221 = CIRCLE('',#3222,0.2);
#3222 = AXIS2_PLACEMENT_3D('',#3223,#3224,#3225);
#3223 = CARTESIAN_POINT('',(40.4803853,-12.90998284,100.));
#3224 = DIRECTION('',(0.,0.,-1.));
#3225 = DIRECTION('',(1.,0.,0.));
#3226 = ORIENTED_EDGE('',*,*,#3227,.T.);
#3227 = EDGE_CURVE('',#3219,#3228,#3230,.T.);
#3228 = VERTEX_POINT('',#3229);
#3229 = CARTESIAN_POINT('',(39.812308560593,-14.38141143072,100.));
#3230 = CIRCLE('',#3231,1.2);
#3231 = AXIS2_PLACEMENT_3D('',#3232,#3233,#3234);
#3232 = CARTESIAN_POINT('',(41.00000055,-14.20998286,100.));
#3233 = DIRECTION('',(0.,0.,-1.));
#3234 = DIRECTION('',(1.,0.,0.));
#3235 = ORIENTED_EDGE('',*,*,#3236,.F.);
#3236 = EDGE_CURVE('',#3237,#3228,#3239,.T.);
#3237 = VERTEX_POINT('',#3238);
#3238 = CARTESIAN_POINT('',(39.61435989,-14.20998286,100.));
#3239 = CIRCLE('',#3240,0.2);
#3240 = AXIS2_PLACEMENT_3D('',#3241,#3242,#3243);
#3241 = CARTESIAN_POINT('',(39.61435989,-14.40998286,100.));
#3242 = DIRECTION('',(0.,0.,-1.));
#3243 = DIRECTION('',(1.,0.,0.));
#3244 = ORIENTED_EDGE('',*,*,#3245,.T.);
#3245 = EDGE_CURVE('',#3237,#3246,#3248,.T.);
#3246 = VERTEX_POINT('',#3247);
#3247 = CARTESIAN_POINT('',(38.99748545,-14.20998286,100.));
#3248 = LINE('',#3249,#3250);
#3249 = CARTESIAN_POINT('',(-2.69281978,-14.20998286,100.));
#3250 = VECTOR('',#3251,1.);
#3251 = DIRECTION('',(-1.,0.,0.));
#3252 = ORIENTED_EDGE('',*,*,#3253,.F.);
#3253 = EDGE_CURVE('',#3254,#3246,#3256,.T.);
#3254 = VERTEX_POINT('',#3255);
#3255 = CARTESIAN_POINT('',(38.69748545,-14.50998286,100.));
#3256 = CIRCLE('',#3257,0.3);
#3257 = AXIS2_PLACEMENT_3D('',#3258,#3259,#3260);
#3258 = CARTESIAN_POINT('',(38.99748545,-14.50998286,100.));
#3259 = DIRECTION('',(0.,0.,-1.));
#3260 = DIRECTION('',(1.,0.,0.));
#3261 = ORIENTED_EDGE('',*,*,#3262,.F.);
#3262 = EDGE_CURVE('',#3263,#3254,#3265,.T.);
#3263 = VERTEX_POINT('',#3264);
#3264 = CARTESIAN_POINT('',(38.69748545,-17.25998286,100.));
#3265 = LINE('',#3266,#3267);
#3266 = CARTESIAN_POINT('',(38.69748545,-18.63498286,100.));
#3267 = VECTOR('',#3268,1.);
#3268 = DIRECTION('',(0.,1.,-0.));
#3269 = ORIENTED_EDGE('',*,*,#3270,.F.);
#3270 = EDGE_CURVE('',#2651,#3263,#3271,.T.);
#3271 = LINE('',#3272,#3273);
#3272 = CARTESIAN_POINT('',(-41.8487419,-17.25998286,100.));
#3273 = VECTOR('',#3274,1.);
#3274 = DIRECTION('',(1.,0.,0.));
#3275 = ORIENTED_EDGE('',*,*,#2650,.F.);
#3276 = PLANE('',#3277);
#3277 = AXIS2_PLACEMENT_3D('',#3278,#3279,#3280);
#3278 = CARTESIAN_POINT('',(-44.99999945,-20.00998286,100.));
#3279 = DIRECTION('',(0.,0.,1.));
#3280 = DIRECTION('',(1.,0.,-0.));
#3281 = ADVANCED_FACE('',(#3282),#3300,.F.);
#3282 = FACE_BOUND('',#3283,.F.);
#3283 = EDGE_LOOP('',(#3284,#3292,#3293,#3294));
#3284 = ORIENTED_EDGE('',*,*,#3285,.F.);
#3285 = EDGE_CURVE('',#2610,#3286,#3288,.T.);
#3286 = VERTEX_POINT('',#3287);
#3287 = CARTESIAN_POINT('',(-39.61435879,-14.20998286,0.));
#3288 = LINE('',#3289,#3290);
#3289 = CARTESIAN_POINT('',(-38.99748435,-14.20998286,0.));
#3290 = VECTOR('',#3291,1.);
#3291 = DIRECTION('',(-1.,0.,0.));
#3292 = ORIENTED_EDGE('',*,*,#2618,.T.);
#3293 = ORIENTED_EDGE('',*,*,#2673,.T.);
#3294 = ORIENTED_EDGE('',*,*,#3295,.F.);
#3295 = EDGE_CURVE('',#3286,#2674,#3296,.T.);
#3296 = LINE('',#3297,#3298);
#3297 = CARTESIAN_POINT('',(-39.61435879,-14.20998286,0.));
#3298 = VECTOR('',#3299,1.);
#3299 = DIRECTION('',(0.,0.,1.));
#3300 = PLANE('',#3301);
#3301 = AXIS2_PLACEMENT_3D('',#3302,#3303,#3304);
#3302 = CARTESIAN_POINT('',(-38.99748435,-14.20998286,0.));
#3303 = DIRECTION('',(0.,-1.,0.));
#3304 = DIRECTION('',(-1.,0.,0.));
#3305 = ADVANCED_FACE('',(#3306),#3906,.F.);
#3306 = FACE_BOUND('',#3307,.F.);
#3307 = EDGE_LOOP('',(#3308,#3309,#3310,#3319,#3328,#3337,#3345,#3354,
    #3362,#3370,#3378,#3386,#3394,#3402,#3411,#3419,#3428,#3436,#3445,
    #3453,#3462,#3470,#3479,#3487,#3496,#3504,#3513,#3521,#3530,#3538,
    #3546,#3554,#3562,#3570,#3578,#3586,#3594,#3602,#3610,#3618,#3626,
    #3634,#3642,#3650,#3658,#3666,#3674,#3682,#3690,#3698,#3706,#3714,
    #3723,#3731,#3740,#3748,#3756,#3765,#3773,#3782,#3790,#3798,#3806,
    #3814,#3822,#3830,#3839,#3847,#3856,#3865,#3874,#3882,#3891,#3899,
    #3905));
#3308 = ORIENTED_EDGE('',*,*,#2609,.T.);
#3309 = ORIENTED_EDGE('',*,*,#3285,.T.);
#3310 = ORIENTED_EDGE('',*,*,#3311,.T.);
#3311 = EDGE_CURVE('',#3286,#3312,#3314,.T.);
#3312 = VERTEX_POINT('',#3313);
#3313 = CARTESIAN_POINT('',(-39.81230746059,-14.38141143072,0.));
#3314 = CIRCLE('',#3315,0.2);
#3315 = AXIS2_PLACEMENT_3D('',#3316,#3317,#3318);
#3316 = CARTESIAN_POINT('',(-39.61435879,-14.40998286,0.));
#3317 = DIRECTION('',(0.,0.,1.));
#3318 = DIRECTION('',(1.,0.,0.));
#3319 = ORIENTED_EDGE('',*,*,#3320,.F.);
#3320 = EDGE_CURVE('',#3321,#3312,#3323,.T.);
#3321 = VERTEX_POINT('',#3322);
#3322 = CARTESIAN_POINT('',(-40.55461495209,-13.09569713597,0.));
#3323 = CIRCLE('',#3324,1.2);
#3324 = AXIS2_PLACEMENT_3D('',#3325,#3326,#3327);
#3325 = CARTESIAN_POINT('',(-40.99999945,-14.20998286,0.));
#3326 = DIRECTION('',(0.,0.,1.));
#3327 = DIRECTION('',(1.,0.,0.));
#3328 = ORIENTED_EDGE('',*,*,#3329,.T.);
#3329 = EDGE_CURVE('',#3321,#3330,#3332,.T.);
#3330 = VERTEX_POINT('',#3331);
#3331 = CARTESIAN_POINT('',(-40.30717911962,-13.00998284,0.));
#3332 = CIRCLE('',#3333,0.2);
#3333 = AXIS2_PLACEMENT_3D('',#3334,#3335,#3336);
#3334 = CARTESIAN_POINT('',(-40.4803842,-12.90998284,0.));
#3335 = DIRECTION('',(0.,0.,1.));
#3336 = DIRECTION('',(1.,0.,0.));
#3337 = ORIENTED_EDGE('',*,*,#3338,.T.);
#3338 = EDGE_CURVE('',#3330,#3339,#3341,.T.);
#3339 = VERTEX_POINT('',#3340);
#3340 = CARTESIAN_POINT('',(-39.90303393962,-12.30998286,0.));
#3341 = LINE('',#3342,#3343);
#3342 = CARTESIAN_POINT('',(-40.30717912,-13.00998284,0.));
#3343 = VECTOR('',#3344,1.);
#3344 = DIRECTION('',(0.50000000289,0.866025402116,0.));
#3345 = ORIENTED_EDGE('',*,*,#3346,.T.);
#3346 = EDGE_CURVE('',#3339,#3347,#3349,.T.);
#3347 = VERTEX_POINT('',#3348);
#3348 = CARTESIAN_POINT('',(-40.07623902,-12.00998286,0.));
#3349 = CIRCLE('',#3350,0.2);
#3350 = AXIS2_PLACEMENT_3D('',#3351,#3352,#3353);
#3351 = CARTESIAN_POINT('',(-40.07623902,-12.20998286,0.));
#3352 = DIRECTION('',(0.,0.,1.));
#3353 = DIRECTION('',(1.,0.,0.));
#3354 = ORIENTED_EDGE('',*,*,#3355,.T.);
#3355 = EDGE_CURVE('',#3347,#3356,#3358,.T.);
#3356 = VERTEX_POINT('',#3357);
#3357 = CARTESIAN_POINT('',(-42.09999945,-12.00998286,0.));
#3358 = LINE('',#3359,#3360);
#3359 = CARTESIAN_POINT('',(-40.07623902,-12.00998286,0.));
#3360 = VECTOR('',#3361,1.);
#3361 = DIRECTION('',(-1.,0.,0.));
#3362 = ORIENTED_EDGE('',*,*,#3363,.F.);
#3363 = EDGE_CURVE('',#3364,#3356,#3366,.T.);
#3364 = VERTEX_POINT('',#3365);
#3365 = CARTESIAN_POINT('',(-42.09999945,-10.20998286,0.));
#3366 = LINE('',#3367,#3368);
#3367 = CARTESIAN_POINT('',(-42.09999945,-10.20998286,0.));
#3368 = VECTOR('',#3369,1.);
#3369 = DIRECTION('',(0.,-1.,0.));
#3370 = ORIENTED_EDGE('',*,*,#3371,.F.);
#3371 = EDGE_CURVE('',#3372,#3364,#3374,.T.);
#3372 = VERTEX_POINT('',#3373);
#3373 = CARTESIAN_POINT('',(-39.79999945,-10.20998286,0.));
#3374 = LINE('',#3375,#3376);
#3375 = CARTESIAN_POINT('',(-39.79999945,-10.20998286,0.));
#3376 = VECTOR('',#3377,1.);
#3377 = DIRECTION('',(-1.,0.,0.));
#3378 = ORIENTED_EDGE('',*,*,#3379,.F.);
#3379 = EDGE_CURVE('',#3380,#3372,#3382,.T.);
#3380 = VERTEX_POINT('',#3381);
#3381 = CARTESIAN_POINT('',(-39.79999945,-9.20998286,0.));
#3382 = LINE('',#3383,#3384);
#3383 = CARTESIAN_POINT('',(-39.79999945,-9.20998286,0.));
#3384 = VECTOR('',#3385,1.);
#3385 = DIRECTION('',(0.,-1.,0.));
#3386 = ORIENTED_EDGE('',*,*,#3387,.F.);
#3387 = EDGE_CURVE('',#3388,#3380,#3390,.T.);
#3388 = VERTEX_POINT('',#3389);
#3389 = CARTESIAN_POINT('',(-42.09999945,-9.20998286,0.));
#3390 = LINE('',#3391,#3392);
#3391 = CARTESIAN_POINT('',(-42.09999945,-9.20998286,0.));
#3392 = VECTOR('',#3393,1.);
#3393 = DIRECTION('',(1.,0.,0.));
#3394 = ORIENTED_EDGE('',*,*,#3395,.F.);
#3395 = EDGE_CURVE('',#3396,#3388,#3398,.T.);
#3396 = VERTEX_POINT('',#3397);
#3397 = CARTESIAN_POINT('',(-42.09999944997,-2.117652541521,0.));
#3398 = LINE('',#3399,#3400);
#3399 = CARTESIAN_POINT('',(-42.09999945,-2.11765254,0.));
#3400 = VECTOR('',#3401,1.);
#3401 = DIRECTION('',(0.,-1.,0.));
#3402 = ORIENTED_EDGE('',*,*,#3403,.T.);
#3403 = EDGE_CURVE('',#3396,#3404,#3406,.T.);
#3404 = VERTEX_POINT('',#3405);
#3405 = CARTESIAN_POINT('',(-41.19999945,-0.80998286,0.));
#3406 = CIRCLE('',#3407,1.4);
#3407 = AXIS2_PLACEMENT_3D('',#3408,#3409,#3410);
#3408 = CARTESIAN_POINT('',(-42.59999945,-0.80998286,0.));
#3409 = DIRECTION('',(0.,0.,1.));
#3410 = DIRECTION('',(1.,0.,0.));
#3411 = ORIENTED_EDGE('',*,*,#3412,.F.);
#3412 = EDGE_CURVE('',#3413,#3404,#3415,.T.);
#3413 = VERTEX_POINT('',#3414);
#3414 = CARTESIAN_POINT('',(-41.19999945,-0.25998286,0.));
#3415 = LINE('',#3416,#3417);
#3416 = CARTESIAN_POINT('',(-41.19999945,-0.25998286,0.));
#3417 = VECTOR('',#3418,1.);
#3418 = DIRECTION('',(0.,-1.,0.));
#3419 = ORIENTED_EDGE('',*,*,#3420,.T.);
#3420 = EDGE_CURVE('',#3413,#3421,#3423,.T.);
#3421 = VERTEX_POINT('',#3422);
#3422 = CARTESIAN_POINT('',(-41.44999945,-9.98286E-03,0.));
#3423 = CIRCLE('',#3424,0.25);
#3424 = AXIS2_PLACEMENT_3D('',#3425,#3426,#3427);
#3425 = CARTESIAN_POINT('',(-41.44999945,-0.25998286,0.));
#3426 = DIRECTION('',(0.,0.,1.));
#3427 = DIRECTION('',(1.,0.,0.));
#3428 = ORIENTED_EDGE('',*,*,#3429,.F.);
#3429 = EDGE_CURVE('',#3430,#3421,#3432,.T.);
#3430 = VERTEX_POINT('',#3431);
#3431 = CARTESIAN_POINT('',(-41.79999945,-9.98286E-03,0.));
#3432 = LINE('',#3433,#3434);
#3433 = CARTESIAN_POINT('',(-41.79999945,-9.98286E-03,0.));
#3434 = VECTOR('',#3435,1.);
#3435 = DIRECTION('',(1.,0.,0.));
#3436 = ORIENTED_EDGE('',*,*,#3437,.T.);
#3437 = EDGE_CURVE('',#3430,#3438,#3440,.T.);
#3438 = VERTEX_POINT('',#3439);
#3439 = CARTESIAN_POINT('',(-42.04999945,-0.25998286,0.));
#3440 = CIRCLE('',#3441,0.25);
#3441 = AXIS2_PLACEMENT_3D('',#3442,#3443,#3444);
#3442 = CARTESIAN_POINT('',(-41.79999945,-0.25998286,0.));
#3443 = DIRECTION('',(0.,0.,1.));
#3444 = DIRECTION('',(1.,0.,0.));
#3445 = ORIENTED_EDGE('',*,*,#3446,.F.);
#3446 = EDGE_CURVE('',#3447,#3438,#3449,.T.);
#3447 = VERTEX_POINT('',#3448);
#3448 = CARTESIAN_POINT('',(-42.04999945,-0.85998286,0.));
#3449 = LINE('',#3450,#3451);
#3450 = CARTESIAN_POINT('',(-42.04999945,-0.85998286,0.));
#3451 = VECTOR('',#3452,1.);
#3452 = DIRECTION('',(0.,1.,0.));
#3453 = ORIENTED_EDGE('',*,*,#3454,.F.);
#3454 = EDGE_CURVE('',#3455,#3447,#3457,.T.);
#3455 = VERTEX_POINT('',#3456);
#3456 = CARTESIAN_POINT('',(-42.29999945,-1.10998286,0.));
#3457 = CIRCLE('',#3458,0.25);
#3458 = AXIS2_PLACEMENT_3D('',#3459,#3460,#3461);
#3459 = CARTESIAN_POINT('',(-42.29999945,-0.85998286,0.));
#3460 = DIRECTION('',(0.,0.,1.));
#3461 = DIRECTION('',(1.,0.,0.));
#3462 = ORIENTED_EDGE('',*,*,#3463,.F.);
#3463 = EDGE_CURVE('',#3464,#3455,#3466,.T.);
#3464 = VERTEX_POINT('',#3465);
#3465 = CARTESIAN_POINT('',(-42.89999945,-1.10998286,0.));
#3466 = LINE('',#3467,#3468);
#3467 = CARTESIAN_POINT('',(-42.89999945,-1.10998286,0.));
#3468 = VECTOR('',#3469,1.);
#3469 = DIRECTION('',(1.,0.,0.));
#3470 = ORIENTED_EDGE('',*,*,#3471,.F.);
#3471 = EDGE_CURVE('',#3472,#3464,#3474,.T.);
#3472 = VERTEX_POINT('',#3473);
#3473 = CARTESIAN_POINT('',(-43.14999945,-0.85998286,0.));
#3474 = CIRCLE('',#3475,0.25);
#3475 = AXIS2_PLACEMENT_3D('',#3476,#3477,#3478);
#3476 = CARTESIAN_POINT('',(-42.89999945,-0.85998286,0.));
#3477 = DIRECTION('',(0.,0.,1.));
#3478 = DIRECTION('',(1.,0.,0.));
#3479 = ORIENTED_EDGE('',*,*,#3480,.F.);
#3480 = EDGE_CURVE('',#3481,#3472,#3483,.T.);
#3481 = VERTEX_POINT('',#3482);
#3482 = CARTESIAN_POINT('',(-43.14999945,-0.25998286,0.));
#3483 = LINE('',#3484,#3485);
#3484 = CARTESIAN_POINT('',(-43.14999945,-0.25998286,0.));
#3485 = VECTOR('',#3486,1.);
#3486 = DIRECTION('',(0.,-1.,0.));
#3487 = ORIENTED_EDGE('',*,*,#3488,.T.);
#3488 = EDGE_CURVE('',#3481,#3489,#3491,.T.);
#3489 = VERTEX_POINT('',#3490);
#3490 = CARTESIAN_POINT('',(-43.39999945,-9.98286E-03,0.));
#3491 = CIRCLE('',#3492,0.25);
#3492 = AXIS2_PLACEMENT_3D('',#3493,#3494,#3495);
#3493 = CARTESIAN_POINT('',(-43.39999945,-0.25998286,0.));
#3494 = DIRECTION('',(0.,0.,1.));
#3495 = DIRECTION('',(1.,0.,0.));
#3496 = ORIENTED_EDGE('',*,*,#3497,.F.);
#3497 = EDGE_CURVE('',#3498,#3489,#3500,.T.);
#3498 = VERTEX_POINT('',#3499);
#3499 = CARTESIAN_POINT('',(-43.74999945,-9.98286E-03,0.));
#3500 = LINE('',#3501,#3502);
#3501 = CARTESIAN_POINT('',(-43.74999945,-9.98286E-03,0.));
#3502 = VECTOR('',#3503,1.);
#3503 = DIRECTION('',(1.,0.,0.));
#3504 = ORIENTED_EDGE('',*,*,#3505,.T.);
#3505 = EDGE_CURVE('',#3498,#3506,#3508,.T.);
#3506 = VERTEX_POINT('',#3507);
#3507 = CARTESIAN_POINT('',(-43.99999945,-0.25998286,0.));
#3508 = CIRCLE('',#3509,0.25);
#3509 = AXIS2_PLACEMENT_3D('',#3510,#3511,#3512);
#3510 = CARTESIAN_POINT('',(-43.74999945,-0.25998286,0.));
#3511 = DIRECTION('',(0.,0.,1.));
#3512 = DIRECTION('',(1.,0.,0.));
#3513 = ORIENTED_EDGE('',*,*,#3514,.F.);
#3514 = EDGE_CURVE('',#3515,#3506,#3517,.T.);
#3515 = VERTEX_POINT('',#3516);
#3516 = CARTESIAN_POINT('',(-43.99999945,-14.50998286,0.));
#3517 = LINE('',#3518,#3519);
#3518 = CARTESIAN_POINT('',(-43.99999945,-14.50998286,0.));
#3519 = VECTOR('',#3520,1.);
#3520 = DIRECTION('',(0.,1.,0.));
#3521 = ORIENTED_EDGE('',*,*,#3522,.T.);
#3522 = EDGE_CURVE('',#3515,#3523,#3525,.T.);
#3523 = VERTEX_POINT('',#3524);
#3524 = CARTESIAN_POINT('',(-39.49999945,-19.00998286,0.));
#3525 = CIRCLE('',#3526,4.5);
#3526 = AXIS2_PLACEMENT_3D('',#3527,#3528,#3529);
#3527 = CARTESIAN_POINT('',(-39.49999945,-14.50998286,0.));
#3528 = DIRECTION('',(0.,0.,1.));
#3529 = DIRECTION('',(1.,0.,0.));
#3530 = ORIENTED_EDGE('',*,*,#3531,.F.);
#3531 = EDGE_CURVE('',#3532,#3523,#3534,.T.);
#3532 = VERTEX_POINT('',#3533);
#3533 = CARTESIAN_POINT('',(-33.49999945,-19.00998286,0.));
#3534 = LINE('',#3535,#3536);
#3535 = CARTESIAN_POINT('',(-33.49999945,-19.00998286,0.));
#3536 = VECTOR('',#3537,1.);
#3537 = DIRECTION('',(-1.,0.,0.));
#3538 = ORIENTED_EDGE('',*,*,#3539,.F.);
#3539 = EDGE_CURVE('',#3540,#3532,#3542,.T.);
#3540 = VERTEX_POINT('',#3541);
#3541 = CARTESIAN_POINT('',(-32.74999945,-18.75998286,0.));
#3542 = LINE('',#3543,#3544);
#3543 = CARTESIAN_POINT('',(-32.74999945,-18.75998286,0.));
#3544 = VECTOR('',#3545,1.);
#3545 = DIRECTION('',(-0.948683298051,-0.316227766017,0.));
#3546 = ORIENTED_EDGE('',*,*,#3547,.F.);
#3547 = EDGE_CURVE('',#3548,#3540,#3550,.T.);
#3548 = VERTEX_POINT('',#3549);
#3549 = CARTESIAN_POINT('',(-31.99999945,-19.00998286,0.));
#3550 = LINE('',#3551,#3552);
#3551 = CARTESIAN_POINT('',(-31.99999945,-19.00998286,0.));
#3552 = VECTOR('',#3553,1.);
#3553 = DIRECTION('',(-0.948683298051,0.316227766017,0.));
#3554 = ORIENTED_EDGE('',*,*,#3555,.F.);
#3555 = EDGE_CURVE('',#3556,#3548,#3558,.T.);
#3556 = VERTEX_POINT('',#3557);
#3557 = CARTESIAN_POINT('',(-31.24999945,-18.75998286,0.));
#3558 = LINE('',#3559,#3560);
#3559 = CARTESIAN_POINT('',(-31.24999945,-18.75998286,0.));
#3560 = VECTOR('',#3561,1.);
#3561 = DIRECTION('',(-0.948683298051,-0.316227766017,0.));
#3562 = ORIENTED_EDGE('',*,*,#3563,.F.);
#3563 = EDGE_CURVE('',#3564,#3556,#3566,.T.);
#3564 = VERTEX_POINT('',#3565);
#3565 = CARTESIAN_POINT('',(-30.49999945,-19.00998286,0.));
#3566 = LINE('',#3567,#3568);
#3567 = CARTESIAN_POINT('',(-30.49999945,-19.00998286,0.));
#3568 = VECTOR('',#3569,1.);
#3569 = DIRECTION('',(-0.948683298051,0.316227766017,0.));
#3570 = ORIENTED_EDGE('',*,*,#3571,.F.);
#3571 = EDGE_CURVE('',#3572,#3564,#3574,.T.);
#3572 = VERTEX_POINT('',#3573);
#3573 = CARTESIAN_POINT('',(-29.74999945,-18.75998286,0.));
#3574 = LINE('',#3575,#3576);
#3575 = CARTESIAN_POINT('',(-29.74999945,-18.75998286,0.));
#3576 = VECTOR('',#3577,1.);
#3577 = DIRECTION('',(-0.948683298051,-0.316227766017,0.));
#3578 = ORIENTED_EDGE('',*,*,#3579,.F.);
#3579 = EDGE_CURVE('',#3580,#3572,#3582,.T.);
#3580 = VERTEX_POINT('',#3581);
#3581 = CARTESIAN_POINT('',(-28.99999945,-19.00998286,0.));
#3582 = LINE('',#3583,#3584);
#3583 = CARTESIAN_POINT('',(-28.99999945,-19.00998286,0.));
#3584 = VECTOR('',#3585,1.);
#3585 = DIRECTION('',(-0.948683298051,0.316227766017,0.));
#3586 = ORIENTED_EDGE('',*,*,#3587,.F.);
#3587 = EDGE_CURVE('',#3588,#3580,#3590,.T.);
#3588 = VERTEX_POINT('',#3589);
#3589 = CARTESIAN_POINT('',(-28.24999945,-18.75998286,0.));
#3590 = LINE('',#3591,#3592);
#3591 = CARTESIAN_POINT('',(-28.24999945,-18.75998286,0.));
#3592 = VECTOR('',#3593,1.);
#3593 = DIRECTION('',(-0.948683298051,-0.316227766017,0.));
#3594 = ORIENTED_EDGE('',*,*,#3595,.F.);
#3595 = EDGE_CURVE('',#3596,#3588,#3598,.T.);
#3596 = VERTEX_POINT('',#3597);
#3597 = CARTESIAN_POINT('',(-27.49999945,-19.00998286,0.));
#3598 = LINE('',#3599,#3600);
#3599 = CARTESIAN_POINT('',(-27.49999945,-19.00998286,0.));
#3600 = VECTOR('',#3601,1.);
#3601 = DIRECTION('',(-0.948683298051,0.316227766017,0.));
#3602 = ORIENTED_EDGE('',*,*,#3603,.F.);
#3603 = EDGE_CURVE('',#3604,#3596,#3606,.T.);
#3604 = VERTEX_POINT('',#3605);
#3605 = CARTESIAN_POINT('',(-26.74999945,-18.75998286,0.));
#3606 = LINE('',#3607,#3608);
#3607 = CARTESIAN_POINT('',(-26.74999945,-18.75998286,0.));
#3608 = VECTOR('',#3609,1.);
#3609 = DIRECTION('',(-0.948683298051,-0.316227766017,0.));
#3610 = ORIENTED_EDGE('',*,*,#3611,.F.);
#3611 = EDGE_CURVE('',#3612,#3604,#3614,.T.);
#3612 = VERTEX_POINT('',#3613);
#3613 = CARTESIAN_POINT('',(-25.99999945,-19.00998286,0.));
#3614 = LINE('',#3615,#3616);
#3615 = CARTESIAN_POINT('',(-25.99999945,-19.00998286,0.));
#3616 = VECTOR('',#3617,1.);
#3617 = DIRECTION('',(-0.948683298051,0.316227766017,0.));
#3618 = ORIENTED_EDGE('',*,*,#3619,.F.);
#3619 = EDGE_CURVE('',#3620,#3612,#3622,.T.);
#3620 = VERTEX_POINT('',#3621);
#3621 = CARTESIAN_POINT('',(26.00000055,-19.00998286,0.));
#3622 = LINE('',#3623,#3624);
#3623 = CARTESIAN_POINT('',(26.00000055,-19.00998286,0.));
#3624 = VECTOR('',#3625,1.);
#3625 = DIRECTION('',(-1.,0.,0.));
#3626 = ORIENTED_EDGE('',*,*,#3627,.F.);
#3627 = EDGE_CURVE('',#3628,#3620,#3630,.T.);
#3628 = VERTEX_POINT('',#3629);
#3629 = CARTESIAN_POINT('',(26.75000055,-18.75998286,0.));
#3630 = LINE('',#3631,#3632);
#3631 = CARTESIAN_POINT('',(26.75000055,-18.75998286,0.));
#3632 = VECTOR('',#3633,1.);
#3633 = DIRECTION('',(-0.948683298051,-0.316227766017,0.));
#3634 = ORIENTED_EDGE('',*,*,#3635,.F.);
#3635 = EDGE_CURVE('',#3636,#3628,#3638,.T.);
#3636 = VERTEX_POINT('',#3637);
#3637 = CARTESIAN_POINT('',(27.50000055,-19.00998286,0.));
#3638 = LINE('',#3639,#3640);
#3639 = CARTESIAN_POINT('',(27.50000055,-19.00998286,0.));
#3640 = VECTOR('',#3641,1.);
#3641 = DIRECTION('',(-0.948683298051,0.316227766017,0.));
#3642 = ORIENTED_EDGE('',*,*,#3643,.F.);
#3643 = EDGE_CURVE('',#3644,#3636,#3646,.T.);
#3644 = VERTEX_POINT('',#3645);
#3645 = CARTESIAN_POINT('',(28.25000055,-18.75998286,0.));
#3646 = LINE('',#3647,#3648);
#3647 = CARTESIAN_POINT('',(28.25000055,-18.75998286,0.));
#3648 = VECTOR('',#3649,1.);
#3649 = DIRECTION('',(-0.948683298051,-0.316227766017,0.));
#3650 = ORIENTED_EDGE('',*,*,#3651,.F.);
#3651 = EDGE_CURVE('',#3652,#3644,#3654,.T.);
#3652 = VERTEX_POINT('',#3653);
#3653 = CARTESIAN_POINT('',(29.00000055,-19.00998286,0.));
#3654 = LINE('',#3655,#3656);
#3655 = CARTESIAN_POINT('',(29.00000055,-19.00998286,0.));
#3656 = VECTOR('',#3657,1.);
#3657 = DIRECTION('',(-0.948683298051,0.316227766017,0.));
#3658 = ORIENTED_EDGE('',*,*,#3659,.F.);
#3659 = EDGE_CURVE('',#3660,#3652,#3662,.T.);
#3660 = VERTEX_POINT('',#3661);
#3661 = CARTESIAN_POINT('',(29.75000055,-18.75998286,0.));
#3662 = LINE('',#3663,#3664);
#3663 = CARTESIAN_POINT('',(29.75000055,-18.75998286,0.));
#3664 = VECTOR('',#3665,1.);
#3665 = DIRECTION('',(-0.948683298051,-0.316227766017,0.));
#3666 = ORIENTED_EDGE('',*,*,#3667,.F.);
#3667 = EDGE_CURVE('',#3668,#3660,#3670,.T.);
#3668 = VERTEX_POINT('',#3669);
#3669 = CARTESIAN_POINT('',(30.50000055,-19.00998286,0.));
#3670 = LINE('',#3671,#3672);
#3671 = CARTESIAN_POINT('',(30.50000055,-19.00998286,0.));
#3672 = VECTOR('',#3673,1.);
#3673 = DIRECTION('',(-0.948683298051,0.316227766017,0.));
#3674 = ORIENTED_EDGE('',*,*,#3675,.F.);
#3675 = EDGE_CURVE('',#3676,#3668,#3678,.T.);
#3676 = VERTEX_POINT('',#3677);
#3677 = CARTESIAN_POINT('',(31.25000055,-18.75998286,0.));
#3678 = LINE('',#3679,#3680);
#3679 = CARTESIAN_POINT('',(31.25000055,-18.75998286,0.));
#3680 = VECTOR('',#3681,1.);
#3681 = DIRECTION('',(-0.948683298051,-0.316227766017,0.));
#3682 = ORIENTED_EDGE('',*,*,#3683,.F.);
#3683 = EDGE_CURVE('',#3684,#3676,#3686,.T.);
#3684 = VERTEX_POINT('',#3685);
#3685 = CARTESIAN_POINT('',(32.00000055,-19.00998286,0.));
#3686 = LINE('',#3687,#3688);
#3687 = CARTESIAN_POINT('',(32.00000055,-19.00998286,0.));
#3688 = VECTOR('',#3689,1.);
#3689 = DIRECTION('',(-0.948683298051,0.316227766017,0.));
#3690 = ORIENTED_EDGE('',*,*,#3691,.F.);
#3691 = EDGE_CURVE('',#3692,#3684,#3694,.T.);
#3692 = VERTEX_POINT('',#3693);
#3693 = CARTESIAN_POINT('',(32.75000055,-18.75998286,0.));
#3694 = LINE('',#3695,#3696);
#3695 = CARTESIAN_POINT('',(32.75000055,-18.75998286,0.));
#3696 = VECTOR('',#3697,1.);
#3697 = DIRECTION('',(-0.948683298051,-0.316227766017,0.));
#3698 = ORIENTED_EDGE('',*,*,#3699,.F.);
#3699 = EDGE_CURVE('',#3700,#3692,#3702,.T.);
#3700 = VERTEX_POINT('',#3701);
#3701 = CARTESIAN_POINT('',(33.50000055,-19.00998286,0.));
#3702 = LINE('',#3703,#3704);
#3703 = CARTESIAN_POINT('',(33.50000055,-19.00998286,0.));
#3704 = VECTOR('',#3705,1.);
#3705 = DIRECTION('',(-0.948683298051,0.316227766017,0.));
#3706 = ORIENTED_EDGE('',*,*,#3707,.F.);
#3707 = EDGE_CURVE('',#3708,#3700,#3710,.T.);
#3708 = VERTEX_POINT('',#3709);
#3709 = CARTESIAN_POINT('',(39.50000055,-19.00998286,0.));
#3710 = LINE('',#3711,#3712);
#3711 = CARTESIAN_POINT('',(39.50000055,-19.00998286,0.));
#3712 = VECTOR('',#3713,1.);
#3713 = DIRECTION('',(-1.,0.,0.));
#3714 = ORIENTED_EDGE('',*,*,#3715,.T.);
#3715 = EDGE_CURVE('',#3708,#3716,#3718,.T.);
#3716 = VERTEX_POINT('',#3717);
#3717 = CARTESIAN_POINT('',(44.00000055,-14.50998286,0.));
#3718 = CIRCLE('',#3719,4.5);
#3719 = AXIS2_PLACEMENT_3D('',#3720,#3721,#3722);
#3720 = CARTESIAN_POINT('',(39.50000055,-14.50998286,0.));
#3721 = DIRECTION('',(0.,0.,1.));
#3722 = DIRECTION('',(1.,0.,0.));
#3723 = ORIENTED_EDGE('',*,*,#3724,.F.);
#3724 = EDGE_CURVE('',#3725,#3716,#3727,.T.);
#3725 = VERTEX_POINT('',#3726);
#3726 = CARTESIAN_POINT('',(44.00000055,-0.25998286,0.));
#3727 = LINE('',#3728,#3729);
#3728 = CARTESIAN_POINT('',(44.00000055,-0.25998286,0.));
#3729 = VECTOR('',#3730,1.);
#3730 = DIRECTION('',(0.,-1.,0.));
#3731 = ORIENTED_EDGE('',*,*,#3732,.T.);
#3732 = EDGE_CURVE('',#3725,#3733,#3735,.T.);
#3733 = VERTEX_POINT('',#3734);
#3734 = CARTESIAN_POINT('',(43.75000055,-9.98286E-03,0.));
#3735 = CIRCLE('',#3736,0.25);
#3736 = AXIS2_PLACEMENT_3D('',#3737,#3738,#3739);
#3737 = CARTESIAN_POINT('',(43.75000055,-0.25998286,0.));
#3738 = DIRECTION('',(0.,0.,1.));
#3739 = DIRECTION('',(1.,0.,0.));
#3740 = ORIENTED_EDGE('',*,*,#3741,.F.);
#3741 = EDGE_CURVE('',#3742,#3733,#3744,.T.);
#3742 = VERTEX_POINT('',#3743);
#3743 = CARTESIAN_POINT('',(43.10000055,-9.98286E-03,0.));
#3744 = LINE('',#3745,#3746);
#3745 = CARTESIAN_POINT('',(43.10000055,-9.98286E-03,0.));
#3746 = VECTOR('',#3747,1.);
#3747 = DIRECTION('',(1.,0.,0.));
#3748 = ORIENTED_EDGE('',*,*,#3749,.F.);
#3749 = EDGE_CURVE('',#3750,#3742,#3752,.T.);
#3750 = VERTEX_POINT('',#3751);
#3751 = CARTESIAN_POINT('',(43.10000055,0.74001714,0.));
#3752 = LINE('',#3753,#3754);
#3753 = CARTESIAN_POINT('',(43.10000055,0.74001714,0.));
#3754 = VECTOR('',#3755,1.);
#3755 = DIRECTION('',(0.,-1.,0.));
#3756 = ORIENTED_EDGE('',*,*,#3757,.T.);
#3757 = EDGE_CURVE('',#3750,#3758,#3760,.T.);
#3758 = VERTEX_POINT('',#3759);
#3759 = CARTESIAN_POINT('',(42.85000055,0.99001714,0.));
#3760 = CIRCLE('',#3761,0.25);
#3761 = AXIS2_PLACEMENT_3D('',#3762,#3763,#3764);
#3762 = CARTESIAN_POINT('',(42.85000055,0.74001714,0.));
#3763 = DIRECTION('',(0.,0.,1.));
#3764 = DIRECTION('',(1.,0.,0.));
#3765 = ORIENTED_EDGE('',*,*,#3766,.F.);
#3766 = EDGE_CURVE('',#3767,#3758,#3769,.T.);
#3767 = VERTEX_POINT('',#3768);
#3768 = CARTESIAN_POINT('',(42.35000055,0.99001714,0.));
#3769 = LINE('',#3770,#3771);
#3770 = CARTESIAN_POINT('',(42.35000055,0.99001714,0.));
#3771 = VECTOR('',#3772,1.);
#3772 = DIRECTION('',(1.,0.,0.));
#3773 = ORIENTED_EDGE('',*,*,#3774,.T.);
#3774 = EDGE_CURVE('',#3767,#3775,#3777,.T.);
#3775 = VERTEX_POINT('',#3776);
#3776 = CARTESIAN_POINT('',(42.10000055,0.74001714,0.));
#3777 = CIRCLE('',#3778,0.25);
#3778 = AXIS2_PLACEMENT_3D('',#3779,#3780,#3781);
#3779 = CARTESIAN_POINT('',(42.35000055,0.74001714,0.));
#3780 = DIRECTION('',(0.,0.,1.));
#3781 = DIRECTION('',(1.,0.,0.));
#3782 = ORIENTED_EDGE('',*,*,#3783,.F.);
#3783 = EDGE_CURVE('',#3784,#3775,#3786,.T.);
#3784 = VERTEX_POINT('',#3785);
#3785 = CARTESIAN_POINT('',(42.10000055,-9.20998286,0.));
#3786 = LINE('',#3787,#3788);
#3787 = CARTESIAN_POINT('',(42.10000055,-9.20998286,0.));
#3788 = VECTOR('',#3789,1.);
#3789 = DIRECTION('',(0.,1.,0.));
#3790 = ORIENTED_EDGE('',*,*,#3791,.F.);
#3791 = EDGE_CURVE('',#3792,#3784,#3794,.T.);
#3792 = VERTEX_POINT('',#3793);
#3793 = CARTESIAN_POINT('',(39.80000055,-9.20998286,0.));
#3794 = LINE('',#3795,#3796);
#3795 = CARTESIAN_POINT('',(39.80000055,-9.20998286,0.));
#3796 = VECTOR('',#3797,1.);
#3797 = DIRECTION('',(1.,0.,0.));
#3798 = ORIENTED_EDGE('',*,*,#3799,.F.);
#3799 = EDGE_CURVE('',#3800,#3792,#3802,.T.);
#3800 = VERTEX_POINT('',#3801);
#3801 = CARTESIAN_POINT('',(39.80000055,-10.20998286,0.));
#3802 = LINE('',#3803,#3804);
#3803 = CARTESIAN_POINT('',(39.80000055,-10.20998286,0.));
#3804 = VECTOR('',#3805,1.);
#3805 = DIRECTION('',(0.,1.,0.));
#3806 = ORIENTED_EDGE('',*,*,#3807,.F.);
#3807 = EDGE_CURVE('',#3808,#3800,#3810,.T.);
#3808 = VERTEX_POINT('',#3809);
#3809 = CARTESIAN_POINT('',(42.10000055,-10.20998286,0.));
#3810 = LINE('',#3811,#3812);
#3811 = CARTESIAN_POINT('',(42.10000055,-10.20998286,0.));
#3812 = VECTOR('',#3813,1.);
#3813 = DIRECTION('',(-1.,0.,0.));
#3814 = ORIENTED_EDGE('',*,*,#3815,.F.);
#3815 = EDGE_CURVE('',#3816,#3808,#3818,.T.);
#3816 = VERTEX_POINT('',#3817);
#3817 = CARTESIAN_POINT('',(42.10000055,-12.00998286,0.));
#3818 = LINE('',#3819,#3820);
#3819 = CARTESIAN_POINT('',(42.10000055,-12.00998286,0.));
#3820 = VECTOR('',#3821,1.);
#3821 = DIRECTION('',(0.,1.,0.));
#3822 = ORIENTED_EDGE('',*,*,#3823,.F.);
#3823 = EDGE_CURVE('',#3824,#3816,#3826,.T.);
#3824 = VERTEX_POINT('',#3825);
#3825 = CARTESIAN_POINT('',(40.07624012,-12.00998286,0.));
#3826 = LINE('',#3827,#3828);
#3827 = CARTESIAN_POINT('',(40.07624012,-12.00998286,0.));
#3828 = VECTOR('',#3829,1.);
#3829 = DIRECTION('',(1.,0.,0.));
#3830 = ORIENTED_EDGE('',*,*,#3831,.T.);
#3831 = EDGE_CURVE('',#3824,#3832,#3834,.T.);
#3832 = VERTEX_POINT('',#3833);
#3833 = CARTESIAN_POINT('',(39.903035039622,-12.30998286,0.));
#3834 = CIRCLE('',#3835,0.2);
#3835 = AXIS2_PLACEMENT_3D('',#3836,#3837,#3838);
#3836 = CARTESIAN_POINT('',(40.07624012,-12.20998286,0.));
#3837 = DIRECTION('',(0.,0.,1.));
#3838 = DIRECTION('',(1.,0.,0.));
#3839 = ORIENTED_EDGE('',*,*,#3840,.F.);
#3840 = EDGE_CURVE('',#3841,#3832,#3843,.T.);
#3841 = VERTEX_POINT('',#3842);
#3842 = CARTESIAN_POINT('',(40.307180219622,-13.00998284,0.));
#3843 = LINE('',#3844,#3845);
#3844 = CARTESIAN_POINT('',(40.30718022,-13.00998284,0.));
#3845 = VECTOR('',#3846,1.);
#3846 = DIRECTION('',(-0.50000000289,0.866025402116,0.));
#3847 = ORIENTED_EDGE('',*,*,#3848,.T.);
#3848 = EDGE_CURVE('',#3841,#3849,#3851,.T.);
#3849 = VERTEX_POINT('',#3850);
#3850 = CARTESIAN_POINT('',(40.554616052098,-13.09569713597,0.));
#3851 = CIRCLE('',#3852,0.2);
#3852 = AXIS2_PLACEMENT_3D('',#3853,#3854,#3855);
#3853 = CARTESIAN_POINT('',(40.4803853,-12.90998284,0.));
#3854 = DIRECTION('',(0.,0.,1.));
#3855 = DIRECTION('',(1.,0.,0.));
#3856 = ORIENTED_EDGE('',*,*,#3857,.F.);
#3857 = EDGE_CURVE('',#3858,#3849,#3860,.T.);
#3858 = VERTEX_POINT('',#3859);
#3859 = CARTESIAN_POINT('',(39.812308560593,-14.38141143072,0.));
#3860 = CIRCLE('',#3861,1.2);
#3861 = AXIS2_PLACEMENT_3D('',#3862,#3863,#3864);
#3862 = CARTESIAN_POINT('',(41.00000055,-14.20998286,0.));
#3863 = DIRECTION('',(0.,0.,1.));
#3864 = DIRECTION('',(1.,0.,0.));
#3865 = ORIENTED_EDGE('',*,*,#3866,.T.);
#3866 = EDGE_CURVE('',#3858,#3867,#3869,.T.);
#3867 = VERTEX_POINT('',#3868);
#3868 = CARTESIAN_POINT('',(39.61435989,-14.20998286,0.));
#3869 = CIRCLE('',#3870,0.2);
#3870 = AXIS2_PLACEMENT_3D('',#3871,#3872,#3873);
#3871 = CARTESIAN_POINT('',(39.61435989,-14.40998286,0.));
#3872 = DIRECTION('',(0.,0.,1.));
#3873 = DIRECTION('',(1.,0.,0.));
#3874 = ORIENTED_EDGE('',*,*,#3875,.T.);
#3875 = EDGE_CURVE('',#3867,#3876,#3878,.T.);
#3876 = VERTEX_POINT('',#3877);
#3877 = CARTESIAN_POINT('',(38.99748545,-14.20998286,0.));
#3878 = LINE('',#3879,#3880);
#3879 = CARTESIAN_POINT('',(39.61435989,-14.20998286,0.));
#3880 = VECTOR('',#3881,1.);
#3881 = DIRECTION('',(-1.,0.,0.));
#3882 = ORIENTED_EDGE('',*,*,#3883,.T.);
#3883 = EDGE_CURVE('',#3876,#3884,#3886,.T.);
#3884 = VERTEX_POINT('',#3885);
#3885 = CARTESIAN_POINT('',(38.69748545,-14.50998286,0.));
#3886 = CIRCLE('',#3887,0.3);
#3887 = AXIS2_PLACEMENT_3D('',#3888,#3889,#3890);
#3888 = CARTESIAN_POINT('',(38.99748545,-14.50998286,0.));
#3889 = DIRECTION('',(0.,0.,1.));
#3890 = DIRECTION('',(1.,0.,0.));
#3891 = ORIENTED_EDGE('',*,*,#3892,.F.);
#3892 = EDGE_CURVE('',#3893,#3884,#3895,.T.);
#3893 = VERTEX_POINT('',#3894);
#3894 = CARTESIAN_POINT('',(38.69748545,-17.25998286,0.));
#3895 = LINE('',#3896,#3897);
#3896 = CARTESIAN_POINT('',(38.69748545,-17.25998286,0.));
#3897 = VECTOR('',#3898,1.);
#3898 = DIRECTION('',(0.,1.,0.));
#3899 = ORIENTED_EDGE('',*,*,#3900,.F.);
#3900 = EDGE_CURVE('',#2642,#3893,#3901,.T.);
#3901 = LINE('',#3902,#3903);
#3902 = CARTESIAN_POINT('',(-38.69748435,-17.25998286,0.));
#3903 = VECTOR('',#3904,1.);
#3904 = DIRECTION('',(1.,0.,0.));
#3905 = ORIENTED_EDGE('',*,*,#2641,.F.);
#3906 = PLANE('',#3907);
#3907 = AXIS2_PLACEMENT_3D('',#3908,#3909,#3910);
#3908 = CARTESIAN_POINT('',(-0.170966287182,-14.58870558909,0.));
#3909 = DIRECTION('',(0.,0.,1.));
#3910 = DIRECTION('',(1.,0.,0.));
#3911 = ADVANCED_FACE('',(#3912),#3923,.T.);
#3912 = FACE_BOUND('',#3913,.T.);
#3913 = EDGE_LOOP('',(#3914,#3915,#3916,#3917));
#3914 = ORIENTED_EDGE('',*,*,#3900,.F.);
#3915 = ORIENTED_EDGE('',*,*,#2658,.T.);
#3916 = ORIENTED_EDGE('',*,*,#3270,.T.);
#3917 = ORIENTED_EDGE('',*,*,#3918,.F.);
#3918 = EDGE_CURVE('',#3893,#3263,#3919,.T.);
#3919 = LINE('',#3920,#3921);
#3920 = CARTESIAN_POINT('',(38.69748545,-17.25998286,0.));
#3921 = VECTOR('',#3922,1.);
#3922 = DIRECTION('',(0.,0.,1.));
#3923 = PLANE('',#3924);
#3924 = AXIS2_PLACEMENT_3D('',#3925,#3926,#3927);
#3925 = CARTESIAN_POINT('',(-38.69748435,-17.25998286,0.));
#3926 = DIRECTION('',(0.,1.,0.));
#3927 = DIRECTION('',(1.,0.,0.));
#3928 = ADVANCED_FACE('',(#3929),#3940,.T.);
#3929 = FACE_BOUND('',#3930,.T.);
#3930 = EDGE_LOOP('',(#3931,#3932,#3933,#3934));
#3931 = ORIENTED_EDGE('',*,*,#3892,.F.);
#3932 = ORIENTED_EDGE('',*,*,#3918,.T.);
#3933 = ORIENTED_EDGE('',*,*,#3262,.T.);
#3934 = ORIENTED_EDGE('',*,*,#3935,.F.);
#3935 = EDGE_CURVE('',#3884,#3254,#3936,.T.);
#3936 = LINE('',#3937,#3938);
#3937 = CARTESIAN_POINT('',(38.69748545,-14.50998286,0.));
#3938 = VECTOR('',#3939,1.);
#3939 = DIRECTION('',(0.,0.,1.));
#3940 = PLANE('',#3941);
#3941 = AXIS2_PLACEMENT_3D('',#3942,#3943,#3944);
#3942 = CARTESIAN_POINT('',(38.69748545,-17.25998286,0.));
#3943 = DIRECTION('',(-1.,0.,0.));
#3944 = DIRECTION('',(0.,1.,0.));
#3945 = ADVANCED_FACE('',(#3946),#3957,.T.);
#3946 = FACE_BOUND('',#3947,.T.);
#3947 = EDGE_LOOP('',(#3948,#3954,#3955,#3956));
#3948 = ORIENTED_EDGE('',*,*,#3949,.F.);
#3949 = EDGE_CURVE('',#3876,#3246,#3950,.T.);
#3950 = LINE('',#3951,#3952);
#3951 = CARTESIAN_POINT('',(38.99748545,-14.20998286,0.));
#3952 = VECTOR('',#3953,1.);
#3953 = DIRECTION('',(0.,0.,1.));
#3954 = ORIENTED_EDGE('',*,*,#3883,.T.);
#3955 = ORIENTED_EDGE('',*,*,#3935,.T.);
#3956 = ORIENTED_EDGE('',*,*,#3253,.T.);
#3957 = CYLINDRICAL_SURFACE('',#3958,0.3);
#3958 = AXIS2_PLACEMENT_3D('',#3959,#3960,#3961);
#3959 = CARTESIAN_POINT('',(38.99748545,-14.50998286,0.));
#3960 = DIRECTION('',(0.,0.,-1.));
#3961 = DIRECTION('',(1.,0.,0.));
#3962 = ADVANCED_FACE('',(#3963),#3974,.F.);
#3963 = FACE_BOUND('',#3964,.F.);
#3964 = EDGE_LOOP('',(#3965,#3966,#3972,#3973));
#3965 = ORIENTED_EDGE('',*,*,#3875,.F.);
#3966 = ORIENTED_EDGE('',*,*,#3967,.T.);
#3967 = EDGE_CURVE('',#3867,#3237,#3968,.T.);
#3968 = LINE('',#3969,#3970);
#3969 = CARTESIAN_POINT('',(39.61435989,-14.20998286,0.));
#3970 = VECTOR('',#3971,1.);
#3971 = DIRECTION('',(0.,0.,1.));
#3972 = ORIENTED_EDGE('',*,*,#3245,.T.);
#3973 = ORIENTED_EDGE('',*,*,#3949,.F.);
#3974 = PLANE('',#3975);
#3975 = AXIS2_PLACEMENT_3D('',#3976,#3977,#3978);
#3976 = CARTESIAN_POINT('',(39.61435989,-14.20998286,0.));
#3977 = DIRECTION('',(0.,-1.,0.));
#3978 = DIRECTION('',(-1.,0.,0.));
#3979 = ADVANCED_FACE('',(#3980),#3991,.T.);
#3980 = FACE_BOUND('',#3981,.T.);
#3981 = EDGE_LOOP('',(#3982,#3988,#3989,#3990));
#3982 = ORIENTED_EDGE('',*,*,#3983,.F.);
#3983 = EDGE_CURVE('',#3858,#3228,#3984,.T.);
#3984 = LINE('',#3985,#3986);
#3985 = CARTESIAN_POINT('',(39.812308560593,-14.38141143072,0.));
#3986 = VECTOR('',#3987,1.);
#3987 = DIRECTION('',(0.,0.,1.));
#3988 = ORIENTED_EDGE('',*,*,#3866,.T.);
#3989 = ORIENTED_EDGE('',*,*,#3967,.T.);
#3990 = ORIENTED_EDGE('',*,*,#3236,.T.);
#3991 = CYLINDRICAL_SURFACE('',#3992,0.2);
#3992 = AXIS2_PLACEMENT_3D('',#3993,#3994,#3995);
#3993 = CARTESIAN_POINT('',(39.61435989,-14.40998286,0.));
#3994 = DIRECTION('',(0.,0.,-1.));
#3995 = DIRECTION('',(1.,0.,0.));
#3996 = ADVANCED_FACE('',(#3997),#4008,.F.);
#3997 = FACE_BOUND('',#3998,.F.);
#3998 = EDGE_LOOP('',(#3999,#4000,#4001,#4007));
#3999 = ORIENTED_EDGE('',*,*,#3983,.F.);
#4000 = ORIENTED_EDGE('',*,*,#3857,.T.);
#4001 = ORIENTED_EDGE('',*,*,#4002,.T.);
#4002 = EDGE_CURVE('',#3849,#3219,#4003,.T.);
#4003 = LINE('',#4004,#4005);
#4004 = CARTESIAN_POINT('',(40.554616052098,-13.09569713597,0.));
#4005 = VECTOR('',#4006,1.);
#4006 = DIRECTION('',(0.,0.,1.));
#4007 = ORIENTED_EDGE('',*,*,#3227,.T.);
#4008 = CYLINDRICAL_SURFACE('',#4009,1.2);
#4009 = AXIS2_PLACEMENT_3D('',#4010,#4011,#4012);
#4010 = CARTESIAN_POINT('',(41.00000055,-14.20998286,0.));
#4011 = DIRECTION('',(0.,0.,-1.));
#4012 = DIRECTION('',(1.,0.,0.));
#4013 = ADVANCED_FACE('',(#4014),#4025,.T.);
#4014 = FACE_BOUND('',#4015,.T.);
#4015 = EDGE_LOOP('',(#4016,#4022,#4023,#4024));
#4016 = ORIENTED_EDGE('',*,*,#4017,.F.);
#4017 = EDGE_CURVE('',#3841,#3211,#4018,.T.);
#4018 = LINE('',#4019,#4020);
#4019 = CARTESIAN_POINT('',(40.307180219622,-13.00998284,0.));
#4020 = VECTOR('',#4021,1.);
#4021 = DIRECTION('',(0.,0.,1.));
#4022 = ORIENTED_EDGE('',*,*,#3848,.T.);
#4023 = ORIENTED_EDGE('',*,*,#4002,.T.);
#4024 = ORIENTED_EDGE('',*,*,#3218,.T.);
#4025 = CYLINDRICAL_SURFACE('',#4026,0.2);
#4026 = AXIS2_PLACEMENT_3D('',#4027,#4028,#4029);
#4027 = CARTESIAN_POINT('',(40.4803853,-12.90998284,0.));
#4028 = DIRECTION('',(0.,0.,-1.));
#4029 = DIRECTION('',(1.,0.,0.));
#4030 = ADVANCED_FACE('',(#4031),#4042,.T.);
#4031 = FACE_BOUND('',#4032,.T.);
#4032 = EDGE_LOOP('',(#4033,#4034,#4035,#4036));
#4033 = ORIENTED_EDGE('',*,*,#3840,.F.);
#4034 = ORIENTED_EDGE('',*,*,#4017,.T.);
#4035 = ORIENTED_EDGE('',*,*,#3210,.T.);
#4036 = ORIENTED_EDGE('',*,*,#4037,.F.);
#4037 = EDGE_CURVE('',#3832,#3202,#4038,.T.);
#4038 = LINE('',#4039,#4040);
#4039 = CARTESIAN_POINT('',(39.903035039622,-12.30998286,0.));
#4040 = VECTOR('',#4041,1.);
#4041 = DIRECTION('',(0.,0.,1.));
#4042 = PLANE('',#4043);
#4043 = AXIS2_PLACEMENT_3D('',#4044,#4045,#4046);
#4044 = CARTESIAN_POINT('',(40.30718022,-13.00998284,0.));
#4045 = DIRECTION('',(-0.866025402116,-0.50000000289,0.));
#4046 = DIRECTION('',(-0.50000000289,0.866025402116,0.));
#4047 = ADVANCED_FACE('',(#4048),#4059,.T.);
#4048 = FACE_BOUND('',#4049,.T.);
#4049 = EDGE_LOOP('',(#4050,#4056,#4057,#4058));
#4050 = ORIENTED_EDGE('',*,*,#4051,.F.);
#4051 = EDGE_CURVE('',#3824,#3194,#4052,.T.);
#4052 = LINE('',#4053,#4054);
#4053 = CARTESIAN_POINT('',(40.07624012,-12.00998286,0.));
#4054 = VECTOR('',#4055,1.);
#4055 = DIRECTION('',(0.,0.,1.));
#4056 = ORIENTED_EDGE('',*,*,#3831,.T.);
#4057 = ORIENTED_EDGE('',*,*,#4037,.T.);
#4058 = ORIENTED_EDGE('',*,*,#3201,.T.);
#4059 = CYLINDRICAL_SURFACE('',#4060,0.2);
#4060 = AXIS2_PLACEMENT_3D('',#4061,#4062,#4063);
#4061 = CARTESIAN_POINT('',(40.07624012,-12.20998286,0.));
#4062 = DIRECTION('',(0.,0.,-1.));
#4063 = DIRECTION('',(1.,0.,0.));
#4064 = ADVANCED_FACE('',(#4065),#4076,.T.);
#4065 = FACE_BOUND('',#4066,.T.);
#4066 = EDGE_LOOP('',(#4067,#4068,#4069,#4070));
#4067 = ORIENTED_EDGE('',*,*,#3823,.F.);
#4068 = ORIENTED_EDGE('',*,*,#4051,.T.);
#4069 = ORIENTED_EDGE('',*,*,#3193,.T.);
#4070 = ORIENTED_EDGE('',*,*,#4071,.F.);
#4071 = EDGE_CURVE('',#3816,#3186,#4072,.T.);
#4072 = LINE('',#4073,#4074);
#4073 = CARTESIAN_POINT('',(42.10000055,-12.00998286,0.));
#4074 = VECTOR('',#4075,1.);
#4075 = DIRECTION('',(0.,0.,1.));
#4076 = PLANE('',#4077);
#4077 = AXIS2_PLACEMENT_3D('',#4078,#4079,#4080);
#4078 = CARTESIAN_POINT('',(40.07624012,-12.00998286,0.));
#4079 = DIRECTION('',(0.,1.,0.));
#4080 = DIRECTION('',(1.,0.,0.));
#4081 = ADVANCED_FACE('',(#4082),#4093,.T.);
#4082 = FACE_BOUND('',#4083,.T.);
#4083 = EDGE_LOOP('',(#4084,#4085,#4086,#4087));
#4084 = ORIENTED_EDGE('',*,*,#3815,.F.);
#4085 = ORIENTED_EDGE('',*,*,#4071,.T.);
#4086 = ORIENTED_EDGE('',*,*,#3185,.T.);
#4087 = ORIENTED_EDGE('',*,*,#4088,.F.);
#4088 = EDGE_CURVE('',#3808,#3178,#4089,.T.);
#4089 = LINE('',#4090,#4091);
#4090 = CARTESIAN_POINT('',(42.10000055,-10.20998286,0.));
#4091 = VECTOR('',#4092,1.);
#4092 = DIRECTION('',(0.,0.,1.));
#4093 = PLANE('',#4094);
#4094 = AXIS2_PLACEMENT_3D('',#4095,#4096,#4097);
#4095 = CARTESIAN_POINT('',(42.10000055,-12.00998286,0.));
#4096 = DIRECTION('',(-1.,0.,0.));
#4097 = DIRECTION('',(0.,1.,0.));
#4098 = ADVANCED_FACE('',(#4099),#4110,.T.);
#4099 = FACE_BOUND('',#4100,.T.);
#4100 = EDGE_LOOP('',(#4101,#4102,#4103,#4104));
#4101 = ORIENTED_EDGE('',*,*,#3807,.F.);
#4102 = ORIENTED_EDGE('',*,*,#4088,.T.);
#4103 = ORIENTED_EDGE('',*,*,#3177,.T.);
#4104 = ORIENTED_EDGE('',*,*,#4105,.F.);
#4105 = EDGE_CURVE('',#3800,#3170,#4106,.T.);
#4106 = LINE('',#4107,#4108);
#4107 = CARTESIAN_POINT('',(39.80000055,-10.20998286,0.));
#4108 = VECTOR('',#4109,1.);
#4109 = DIRECTION('',(0.,0.,1.));
#4110 = PLANE('',#4111);
#4111 = AXIS2_PLACEMENT_3D('',#4112,#4113,#4114);
#4112 = CARTESIAN_POINT('',(42.10000055,-10.20998286,0.));
#4113 = DIRECTION('',(0.,-1.,0.));
#4114 = DIRECTION('',(-1.,0.,0.));
#4115 = ADVANCED_FACE('',(#4116),#4127,.T.);
#4116 = FACE_BOUND('',#4117,.T.);
#4117 = EDGE_LOOP('',(#4118,#4119,#4120,#4121));
#4118 = ORIENTED_EDGE('',*,*,#3799,.F.);
#4119 = ORIENTED_EDGE('',*,*,#4105,.T.);
#4120 = ORIENTED_EDGE('',*,*,#3169,.T.);
#4121 = ORIENTED_EDGE('',*,*,#4122,.F.);
#4122 = EDGE_CURVE('',#3792,#3162,#4123,.T.);
#4123 = LINE('',#4124,#4125);
#4124 = CARTESIAN_POINT('',(39.80000055,-9.20998286,0.));
#4125 = VECTOR('',#4126,1.);
#4126 = DIRECTION('',(0.,0.,1.));
#4127 = PLANE('',#4128);
#4128 = AXIS2_PLACEMENT_3D('',#4129,#4130,#4131);
#4129 = CARTESIAN_POINT('',(39.80000055,-10.20998286,0.));
#4130 = DIRECTION('',(-1.,0.,0.));
#4131 = DIRECTION('',(0.,1.,0.));
#4132 = ADVANCED_FACE('',(#4133),#4144,.T.);
#4133 = FACE_BOUND('',#4134,.T.);
#4134 = EDGE_LOOP('',(#4135,#4136,#4137,#4138));
#4135 = ORIENTED_EDGE('',*,*,#3791,.F.);
#4136 = ORIENTED_EDGE('',*,*,#4122,.T.);
#4137 = ORIENTED_EDGE('',*,*,#3161,.T.);
#4138 = ORIENTED_EDGE('',*,*,#4139,.F.);
#4139 = EDGE_CURVE('',#3784,#3154,#4140,.T.);
#4140 = LINE('',#4141,#4142);
#4141 = CARTESIAN_POINT('',(42.10000055,-9.20998286,0.));
#4142 = VECTOR('',#4143,1.);
#4143 = DIRECTION('',(0.,0.,1.));
#4144 = PLANE('',#4145);
#4145 = AXIS2_PLACEMENT_3D('',#4146,#4147,#4148);
#4146 = CARTESIAN_POINT('',(39.80000055,-9.20998286,0.));
#4147 = DIRECTION('',(0.,1.,0.));
#4148 = DIRECTION('',(1.,0.,0.));
#4149 = ADVANCED_FACE('',(#4150),#4161,.T.);
#4150 = FACE_BOUND('',#4151,.T.);
#4151 = EDGE_LOOP('',(#4152,#4153,#4154,#4155));
#4152 = ORIENTED_EDGE('',*,*,#3783,.F.);
#4153 = ORIENTED_EDGE('',*,*,#4139,.T.);
#4154 = ORIENTED_EDGE('',*,*,#3153,.T.);
#4155 = ORIENTED_EDGE('',*,*,#4156,.F.);
#4156 = EDGE_CURVE('',#3775,#3145,#4157,.T.);
#4157 = LINE('',#4158,#4159);
#4158 = CARTESIAN_POINT('',(42.10000055,0.74001714,0.));
#4159 = VECTOR('',#4160,1.);
#4160 = DIRECTION('',(0.,0.,1.));
#4161 = PLANE('',#4162);
#4162 = AXIS2_PLACEMENT_3D('',#4163,#4164,#4165);
#4163 = CARTESIAN_POINT('',(42.10000055,-9.20998286,0.));
#4164 = DIRECTION('',(-1.,0.,0.));
#4165 = DIRECTION('',(0.,1.,0.));
#4166 = ADVANCED_FACE('',(#4167),#4178,.T.);
#4167 = FACE_BOUND('',#4168,.T.);
#4168 = EDGE_LOOP('',(#4169,#4175,#4176,#4177));
#4169 = ORIENTED_EDGE('',*,*,#4170,.F.);
#4170 = EDGE_CURVE('',#3767,#3137,#4171,.T.);
#4171 = LINE('',#4172,#4173);
#4172 = CARTESIAN_POINT('',(42.35000055,0.99001714,0.));
#4173 = VECTOR('',#4174,1.);
#4174 = DIRECTION('',(0.,0.,1.));
#4175 = ORIENTED_EDGE('',*,*,#3774,.T.);
#4176 = ORIENTED_EDGE('',*,*,#4156,.T.);
#4177 = ORIENTED_EDGE('',*,*,#3144,.T.);
#4178 = CYLINDRICAL_SURFACE('',#4179,0.25);
#4179 = AXIS2_PLACEMENT_3D('',#4180,#4181,#4182);
#4180 = CARTESIAN_POINT('',(42.35000055,0.74001714,0.));
#4181 = DIRECTION('',(0.,0.,-1.));
#4182 = DIRECTION('',(1.,0.,0.));
#4183 = ADVANCED_FACE('',(#4184),#4195,.T.);
#4184 = FACE_BOUND('',#4185,.T.);
#4185 = EDGE_LOOP('',(#4186,#4187,#4188,#4189));
#4186 = ORIENTED_EDGE('',*,*,#3766,.F.);
#4187 = ORIENTED_EDGE('',*,*,#4170,.T.);
#4188 = ORIENTED_EDGE('',*,*,#3136,.T.);
#4189 = ORIENTED_EDGE('',*,*,#4190,.F.);
#4190 = EDGE_CURVE('',#3758,#3128,#4191,.T.);
#4191 = LINE('',#4192,#4193);
#4192 = CARTESIAN_POINT('',(42.85000055,0.99001714,0.));
#4193 = VECTOR('',#4194,1.);
#4194 = DIRECTION('',(0.,0.,1.));
#4195 = PLANE('',#4196);
#4196 = AXIS2_PLACEMENT_3D('',#4197,#4198,#4199);
#4197 = CARTESIAN_POINT('',(42.35000055,0.99001714,0.));
#4198 = DIRECTION('',(0.,1.,0.));
#4199 = DIRECTION('',(1.,0.,0.));
#4200 = ADVANCED_FACE('',(#4201),#4212,.T.);
#4201 = FACE_BOUND('',#4202,.T.);
#4202 = EDGE_LOOP('',(#4203,#4209,#4210,#4211));
#4203 = ORIENTED_EDGE('',*,*,#4204,.F.);
#4204 = EDGE_CURVE('',#3750,#3120,#4205,.T.);
#4205 = LINE('',#4206,#4207);
#4206 = CARTESIAN_POINT('',(43.10000055,0.74001714,0.));
#4207 = VECTOR('',#4208,1.);
#4208 = DIRECTION('',(0.,0.,1.));
#4209 = ORIENTED_EDGE('',*,*,#3757,.T.);
#4210 = ORIENTED_EDGE('',*,*,#4190,.T.);
#4211 = ORIENTED_EDGE('',*,*,#3127,.T.);
#4212 = CYLINDRICAL_SURFACE('',#4213,0.25);
#4213 = AXIS2_PLACEMENT_3D('',#4214,#4215,#4216);
#4214 = CARTESIAN_POINT('',(42.85000055,0.74001714,0.));
#4215 = DIRECTION('',(0.,0.,-1.));
#4216 = DIRECTION('',(1.,0.,0.));
#4217 = ADVANCED_FACE('',(#4218),#4229,.T.);
#4218 = FACE_BOUND('',#4219,.T.);
#4219 = EDGE_LOOP('',(#4220,#4221,#4222,#4223));
#4220 = ORIENTED_EDGE('',*,*,#3749,.F.);
#4221 = ORIENTED_EDGE('',*,*,#4204,.T.);
#4222 = ORIENTED_EDGE('',*,*,#3119,.T.);
#4223 = ORIENTED_EDGE('',*,*,#4224,.F.);
#4224 = EDGE_CURVE('',#3742,#3112,#4225,.T.);
#4225 = LINE('',#4226,#4227);
#4226 = CARTESIAN_POINT('',(43.10000055,-9.98286E-03,0.));
#4227 = VECTOR('',#4228,1.);
#4228 = DIRECTION('',(0.,0.,1.));
#4229 = PLANE('',#4230);
#4230 = AXIS2_PLACEMENT_3D('',#4231,#4232,#4233);
#4231 = CARTESIAN_POINT('',(43.10000055,0.74001714,0.));
#4232 = DIRECTION('',(1.,0.,0.));
#4233 = DIRECTION('',(0.,-1.,0.));
#4234 = ADVANCED_FACE('',(#4235),#4246,.T.);
#4235 = FACE_BOUND('',#4236,.T.);
#4236 = EDGE_LOOP('',(#4237,#4238,#4239,#4240));
#4237 = ORIENTED_EDGE('',*,*,#3741,.F.);
#4238 = ORIENTED_EDGE('',*,*,#4224,.T.);
#4239 = ORIENTED_EDGE('',*,*,#3111,.T.);
#4240 = ORIENTED_EDGE('',*,*,#4241,.F.);
#4241 = EDGE_CURVE('',#3733,#3103,#4242,.T.);
#4242 = LINE('',#4243,#4244);
#4243 = CARTESIAN_POINT('',(43.75000055,-9.98286E-03,0.));
#4244 = VECTOR('',#4245,1.);
#4245 = DIRECTION('',(0.,0.,1.));
#4246 = PLANE('',#4247);
#4247 = AXIS2_PLACEMENT_3D('',#4248,#4249,#4250);
#4248 = CARTESIAN_POINT('',(43.10000055,-9.98286E-03,0.));
#4249 = DIRECTION('',(0.,1.,0.));
#4250 = DIRECTION('',(1.,0.,0.));
#4251 = ADVANCED_FACE('',(#4252),#4263,.T.);
#4252 = FACE_BOUND('',#4253,.T.);
#4253 = EDGE_LOOP('',(#4254,#4260,#4261,#4262));
#4254 = ORIENTED_EDGE('',*,*,#4255,.F.);
#4255 = EDGE_CURVE('',#3725,#3095,#4256,.T.);
#4256 = LINE('',#4257,#4258);
#4257 = CARTESIAN_POINT('',(44.00000055,-0.25998286,0.));
#4258 = VECTOR('',#4259,1.);
#4259 = DIRECTION('',(0.,0.,1.));
#4260 = ORIENTED_EDGE('',*,*,#3732,.T.);
#4261 = ORIENTED_EDGE('',*,*,#4241,.T.);
#4262 = ORIENTED_EDGE('',*,*,#3102,.T.);
#4263 = CYLINDRICAL_SURFACE('',#4264,0.25);
#4264 = AXIS2_PLACEMENT_3D('',#4265,#4266,#4267);
#4265 = CARTESIAN_POINT('',(43.75000055,-0.25998286,0.));
#4266 = DIRECTION('',(0.,0.,-1.));
#4267 = DIRECTION('',(1.,0.,0.));
#4268 = ADVANCED_FACE('',(#4269),#4280,.T.);
#4269 = FACE_BOUND('',#4270,.T.);
#4270 = EDGE_LOOP('',(#4271,#4272,#4273,#4274));
#4271 = ORIENTED_EDGE('',*,*,#3724,.F.);
#4272 = ORIENTED_EDGE('',*,*,#4255,.T.);
#4273 = ORIENTED_EDGE('',*,*,#3094,.T.);
#4274 = ORIENTED_EDGE('',*,*,#4275,.F.);
#4275 = EDGE_CURVE('',#3716,#3086,#4276,.T.);
#4276 = LINE('',#4277,#4278);
#4277 = CARTESIAN_POINT('',(44.00000055,-14.50998286,0.));
#4278 = VECTOR('',#4279,1.);
#4279 = DIRECTION('',(0.,0.,1.));
#4280 = PLANE('',#4281);
#4281 = AXIS2_PLACEMENT_3D('',#4282,#4283,#4284);
#4282 = CARTESIAN_POINT('',(44.00000055,-0.25998286,0.));
#4283 = DIRECTION('',(1.,0.,0.));
#4284 = DIRECTION('',(0.,-1.,0.));
#4285 = ADVANCED_FACE('',(#4286),#4297,.T.);
#4286 = FACE_BOUND('',#4287,.T.);
#4287 = EDGE_LOOP('',(#4288,#4294,#4295,#4296));
#4288 = ORIENTED_EDGE('',*,*,#4289,.F.);
#4289 = EDGE_CURVE('',#3708,#3078,#4290,.T.);
#4290 = LINE('',#4291,#4292);
#4291 = CARTESIAN_POINT('',(39.50000055,-19.00998286,0.));
#4292 = VECTOR('',#4293,1.);
#4293 = DIRECTION('',(0.,0.,1.));
#4294 = ORIENTED_EDGE('',*,*,#3715,.T.);
#4295 = ORIENTED_EDGE('',*,*,#4275,.T.);
#4296 = ORIENTED_EDGE('',*,*,#3085,.T.);
#4297 = CYLINDRICAL_SURFACE('',#4298,4.5);
#4298 = AXIS2_PLACEMENT_3D('',#4299,#4300,#4301);
#4299 = CARTESIAN_POINT('',(39.50000055,-14.50998286,0.));
#4300 = DIRECTION('',(0.,0.,-1.));
#4301 = DIRECTION('',(1.,0.,0.));
#4302 = ADVANCED_FACE('',(#4303),#4314,.T.);
#4303 = FACE_BOUND('',#4304,.T.);
#4304 = EDGE_LOOP('',(#4305,#4306,#4307,#4308));
#4305 = ORIENTED_EDGE('',*,*,#3707,.F.);
#4306 = ORIENTED_EDGE('',*,*,#4289,.T.);
#4307 = ORIENTED_EDGE('',*,*,#3077,.T.);
#4308 = ORIENTED_EDGE('',*,*,#4309,.F.);
#4309 = EDGE_CURVE('',#3700,#3070,#4310,.T.);
#4310 = LINE('',#4311,#4312);
#4311 = CARTESIAN_POINT('',(33.50000055,-19.00998286,0.));
#4312 = VECTOR('',#4313,1.);
#4313 = DIRECTION('',(0.,0.,1.));
#4314 = PLANE('',#4315);
#4315 = AXIS2_PLACEMENT_3D('',#4316,#4317,#4318);
#4316 = CARTESIAN_POINT('',(39.50000055,-19.00998286,0.));
#4317 = DIRECTION('',(0.,-1.,0.));
#4318 = DIRECTION('',(-1.,0.,0.));
#4319 = ADVANCED_FACE('',(#4320),#4331,.T.);
#4320 = FACE_BOUND('',#4321,.T.);
#4321 = EDGE_LOOP('',(#4322,#4323,#4324,#4325));
#4322 = ORIENTED_EDGE('',*,*,#3699,.F.);
#4323 = ORIENTED_EDGE('',*,*,#4309,.T.);
#4324 = ORIENTED_EDGE('',*,*,#3069,.T.);
#4325 = ORIENTED_EDGE('',*,*,#4326,.F.);
#4326 = EDGE_CURVE('',#3692,#3062,#4327,.T.);
#4327 = LINE('',#4328,#4329);
#4328 = CARTESIAN_POINT('',(32.75000055,-18.75998286,0.));
#4329 = VECTOR('',#4330,1.);
#4330 = DIRECTION('',(0.,0.,1.));
#4331 = PLANE('',#4332);
#4332 = AXIS2_PLACEMENT_3D('',#4333,#4334,#4335);
#4333 = CARTESIAN_POINT('',(33.50000055,-19.00998286,0.));
#4334 = DIRECTION('',(-0.316227766017,-0.948683298051,0.));
#4335 = DIRECTION('',(-0.948683298051,0.316227766017,0.));
#4336 = ADVANCED_FACE('',(#4337),#4348,.T.);
#4337 = FACE_BOUND('',#4338,.T.);
#4338 = EDGE_LOOP('',(#4339,#4340,#4341,#4342));
#4339 = ORIENTED_EDGE('',*,*,#3691,.F.);
#4340 = ORIENTED_EDGE('',*,*,#4326,.T.);
#4341 = ORIENTED_EDGE('',*,*,#3061,.T.);
#4342 = ORIENTED_EDGE('',*,*,#4343,.F.);
#4343 = EDGE_CURVE('',#3684,#3054,#4344,.T.);
#4344 = LINE('',#4345,#4346);
#4345 = CARTESIAN_POINT('',(32.00000055,-19.00998286,0.));
#4346 = VECTOR('',#4347,1.);
#4347 = DIRECTION('',(0.,0.,1.));
#4348 = PLANE('',#4349);
#4349 = AXIS2_PLACEMENT_3D('',#4350,#4351,#4352);
#4350 = CARTESIAN_POINT('',(32.75000055,-18.75998286,0.));
#4351 = DIRECTION('',(0.316227766017,-0.948683298051,0.));
#4352 = DIRECTION('',(-0.948683298051,-0.316227766017,0.));
#4353 = ADVANCED_FACE('',(#4354),#4365,.T.);
#4354 = FACE_BOUND('',#4355,.T.);
#4355 = EDGE_LOOP('',(#4356,#4357,#4358,#4359));
#4356 = ORIENTED_EDGE('',*,*,#3683,.F.);
#4357 = ORIENTED_EDGE('',*,*,#4343,.T.);
#4358 = ORIENTED_EDGE('',*,*,#3053,.T.);
#4359 = ORIENTED_EDGE('',*,*,#4360,.F.);
#4360 = EDGE_CURVE('',#3676,#3046,#4361,.T.);
#4361 = LINE('',#4362,#4363);
#4362 = CARTESIAN_POINT('',(31.25000055,-18.75998286,0.));
#4363 = VECTOR('',#4364,1.);
#4364 = DIRECTION('',(0.,0.,1.));
#4365 = PLANE('',#4366);
#4366 = AXIS2_PLACEMENT_3D('',#4367,#4368,#4369);
#4367 = CARTESIAN_POINT('',(32.00000055,-19.00998286,0.));
#4368 = DIRECTION('',(-0.316227766017,-0.948683298051,0.));
#4369 = DIRECTION('',(-0.948683298051,0.316227766017,0.));
#4370 = ADVANCED_FACE('',(#4371),#4382,.T.);
#4371 = FACE_BOUND('',#4372,.T.);
#4372 = EDGE_LOOP('',(#4373,#4374,#4375,#4376));
#4373 = ORIENTED_EDGE('',*,*,#3675,.F.);
#4374 = ORIENTED_EDGE('',*,*,#4360,.T.);
#4375 = ORIENTED_EDGE('',*,*,#3045,.T.);
#4376 = ORIENTED_EDGE('',*,*,#4377,.F.);
#4377 = EDGE_CURVE('',#3668,#3038,#4378,.T.);
#4378 = LINE('',#4379,#4380);
#4379 = CARTESIAN_POINT('',(30.50000055,-19.00998286,0.));
#4380 = VECTOR('',#4381,1.);
#4381 = DIRECTION('',(0.,0.,1.));
#4382 = PLANE('',#4383);
#4383 = AXIS2_PLACEMENT_3D('',#4384,#4385,#4386);
#4384 = CARTESIAN_POINT('',(31.25000055,-18.75998286,0.));
#4385 = DIRECTION('',(0.316227766017,-0.948683298051,0.));
#4386 = DIRECTION('',(-0.948683298051,-0.316227766017,0.));
#4387 = ADVANCED_FACE('',(#4388),#4399,.T.);
#4388 = FACE_BOUND('',#4389,.T.);
#4389 = EDGE_LOOP('',(#4390,#4391,#4392,#4393));
#4390 = ORIENTED_EDGE('',*,*,#3667,.F.);
#4391 = ORIENTED_EDGE('',*,*,#4377,.T.);
#4392 = ORIENTED_EDGE('',*,*,#3037,.T.);
#4393 = ORIENTED_EDGE('',*,*,#4394,.F.);
#4394 = EDGE_CURVE('',#3660,#3030,#4395,.T.);
#4395 = LINE('',#4396,#4397);
#4396 = CARTESIAN_POINT('',(29.75000055,-18.75998286,0.));
#4397 = VECTOR('',#4398,1.);
#4398 = DIRECTION('',(0.,0.,1.));
#4399 = PLANE('',#4400);
#4400 = AXIS2_PLACEMENT_3D('',#4401,#4402,#4403);
#4401 = CARTESIAN_POINT('',(30.50000055,-19.00998286,0.));
#4402 = DIRECTION('',(-0.316227766017,-0.948683298051,0.));
#4403 = DIRECTION('',(-0.948683298051,0.316227766017,0.));
#4404 = ADVANCED_FACE('',(#4405),#4416,.T.);
#4405 = FACE_BOUND('',#4406,.T.);
#4406 = EDGE_LOOP('',(#4407,#4408,#4409,#4410));
#4407 = ORIENTED_EDGE('',*,*,#3659,.F.);
#4408 = ORIENTED_EDGE('',*,*,#4394,.T.);
#4409 = ORIENTED_EDGE('',*,*,#3029,.T.);
#4410 = ORIENTED_EDGE('',*,*,#4411,.F.);
#4411 = EDGE_CURVE('',#3652,#3022,#4412,.T.);
#4412 = LINE('',#4413,#4414);
#4413 = CARTESIAN_POINT('',(29.00000055,-19.00998286,0.));
#4414 = VECTOR('',#4415,1.);
#4415 = DIRECTION('',(0.,0.,1.));
#4416 = PLANE('',#4417);
#4417 = AXIS2_PLACEMENT_3D('',#4418,#4419,#4420);
#4418 = CARTESIAN_POINT('',(29.75000055,-18.75998286,0.));
#4419 = DIRECTION('',(0.316227766017,-0.948683298051,0.));
#4420 = DIRECTION('',(-0.948683298051,-0.316227766017,0.));
#4421 = ADVANCED_FACE('',(#4422),#4433,.T.);
#4422 = FACE_BOUND('',#4423,.T.);
#4423 = EDGE_LOOP('',(#4424,#4425,#4426,#4427));
#4424 = ORIENTED_EDGE('',*,*,#3651,.F.);
#4425 = ORIENTED_EDGE('',*,*,#4411,.T.);
#4426 = ORIENTED_EDGE('',*,*,#3021,.T.);
#4427 = ORIENTED_EDGE('',*,*,#4428,.F.);
#4428 = EDGE_CURVE('',#3644,#3014,#4429,.T.);
#4429 = LINE('',#4430,#4431);
#4430 = CARTESIAN_POINT('',(28.25000055,-18.75998286,0.));
#4431 = VECTOR('',#4432,1.);
#4432 = DIRECTION('',(0.,0.,1.));
#4433 = PLANE('',#4434);
#4434 = AXIS2_PLACEMENT_3D('',#4435,#4436,#4437);
#4435 = CARTESIAN_POINT('',(29.00000055,-19.00998286,0.));
#4436 = DIRECTION('',(-0.316227766017,-0.948683298051,0.));
#4437 = DIRECTION('',(-0.948683298051,0.316227766017,0.));
#4438 = ADVANCED_FACE('',(#4439),#4450,.T.);
#4439 = FACE_BOUND('',#4440,.T.);
#4440 = EDGE_LOOP('',(#4441,#4442,#4443,#4444));
#4441 = ORIENTED_EDGE('',*,*,#3643,.F.);
#4442 = ORIENTED_EDGE('',*,*,#4428,.T.);
#4443 = ORIENTED_EDGE('',*,*,#3013,.T.);
#4444 = ORIENTED_EDGE('',*,*,#4445,.F.);
#4445 = EDGE_CURVE('',#3636,#3006,#4446,.T.);
#4446 = LINE('',#4447,#4448);
#4447 = CARTESIAN_POINT('',(27.50000055,-19.00998286,0.));
#4448 = VECTOR('',#4449,1.);
#4449 = DIRECTION('',(0.,0.,1.));
#4450 = PLANE('',#4451);
#4451 = AXIS2_PLACEMENT_3D('',#4452,#4453,#4454);
#4452 = CARTESIAN_POINT('',(28.25000055,-18.75998286,0.));
#4453 = DIRECTION('',(0.316227766017,-0.948683298051,0.));
#4454 = DIRECTION('',(-0.948683298051,-0.316227766017,0.));
#4455 = ADVANCED_FACE('',(#4456),#4467,.T.);
#4456 = FACE_BOUND('',#4457,.T.);
#4457 = EDGE_LOOP('',(#4458,#4459,#4460,#4461));
#4458 = ORIENTED_EDGE('',*,*,#3635,.F.);
#4459 = ORIENTED_EDGE('',*,*,#4445,.T.);
#4460 = ORIENTED_EDGE('',*,*,#3005,.T.);
#4461 = ORIENTED_EDGE('',*,*,#4462,.F.);
#4462 = EDGE_CURVE('',#3628,#2998,#4463,.T.);
#4463 = LINE('',#4464,#4465);
#4464 = CARTESIAN_POINT('',(26.75000055,-18.75998286,0.));
#4465 = VECTOR('',#4466,1.);
#4466 = DIRECTION('',(0.,0.,1.));
#4467 = PLANE('',#4468);
#4468 = AXIS2_PLACEMENT_3D('',#4469,#4470,#4471);
#4469 = CARTESIAN_POINT('',(27.50000055,-19.00998286,0.));
#4470 = DIRECTION('',(-0.316227766017,-0.948683298051,0.));
#4471 = DIRECTION('',(-0.948683298051,0.316227766017,0.));
#4472 = ADVANCED_FACE('',(#4473),#4484,.T.);
#4473 = FACE_BOUND('',#4474,.T.);
#4474 = EDGE_LOOP('',(#4475,#4476,#4477,#4478));
#4475 = ORIENTED_EDGE('',*,*,#3627,.F.);
#4476 = ORIENTED_EDGE('',*,*,#4462,.T.);
#4477 = ORIENTED_EDGE('',*,*,#2997,.T.);
#4478 = ORIENTED_EDGE('',*,*,#4479,.F.);
#4479 = EDGE_CURVE('',#3620,#2990,#4480,.T.);
#4480 = LINE('',#4481,#4482);
#4481 = CARTESIAN_POINT('',(26.00000055,-19.00998286,0.));
#4482 = VECTOR('',#4483,1.);
#4483 = DIRECTION('',(0.,0.,1.));
#4484 = PLANE('',#4485);
#4485 = AXIS2_PLACEMENT_3D('',#4486,#4487,#4488);
#4486 = CARTESIAN_POINT('',(26.75000055,-18.75998286,0.));
#4487 = DIRECTION('',(0.316227766017,-0.948683298051,0.));
#4488 = DIRECTION('',(-0.948683298051,-0.316227766017,0.));
#4489 = ADVANCED_FACE('',(#4490),#4501,.T.);
#4490 = FACE_BOUND('',#4491,.T.);
#4491 = EDGE_LOOP('',(#4492,#4493,#4494,#4495));
#4492 = ORIENTED_EDGE('',*,*,#3619,.F.);
#4493 = ORIENTED_EDGE('',*,*,#4479,.T.);
#4494 = ORIENTED_EDGE('',*,*,#2989,.T.);
#4495 = ORIENTED_EDGE('',*,*,#4496,.F.);
#4496 = EDGE_CURVE('',#3612,#2982,#4497,.T.);
#4497 = LINE('',#4498,#4499);
#4498 = CARTESIAN_POINT('',(-25.99999945,-19.00998286,0.));
#4499 = VECTOR('',#4500,1.);
#4500 = DIRECTION('',(0.,0.,1.));
#4501 = PLANE('',#4502);
#4502 = AXIS2_PLACEMENT_3D('',#4503,#4504,#4505);
#4503 = CARTESIAN_POINT('',(26.00000055,-19.00998286,0.));
#4504 = DIRECTION('',(0.,-1.,0.));
#4505 = DIRECTION('',(-1.,0.,0.));
#4506 = ADVANCED_FACE('',(#4507),#4518,.T.);
#4507 = FACE_BOUND('',#4508,.T.);
#4508 = EDGE_LOOP('',(#4509,#4510,#4511,#4512));
#4509 = ORIENTED_EDGE('',*,*,#3611,.F.);
#4510 = ORIENTED_EDGE('',*,*,#4496,.T.);
#4511 = ORIENTED_EDGE('',*,*,#2981,.T.);
#4512 = ORIENTED_EDGE('',*,*,#4513,.F.);
#4513 = EDGE_CURVE('',#3604,#2974,#4514,.T.);
#4514 = LINE('',#4515,#4516);
#4515 = CARTESIAN_POINT('',(-26.74999945,-18.75998286,0.));
#4516 = VECTOR('',#4517,1.);
#4517 = DIRECTION('',(0.,0.,1.));
#4518 = PLANE('',#4519);
#4519 = AXIS2_PLACEMENT_3D('',#4520,#4521,#4522);
#4520 = CARTESIAN_POINT('',(-25.99999945,-19.00998286,0.));
#4521 = DIRECTION('',(-0.316227766017,-0.948683298051,0.));
#4522 = DIRECTION('',(-0.948683298051,0.316227766017,0.));
#4523 = ADVANCED_FACE('',(#4524),#4535,.T.);
#4524 = FACE_BOUND('',#4525,.T.);
#4525 = EDGE_LOOP('',(#4526,#4527,#4528,#4529));
#4526 = ORIENTED_EDGE('',*,*,#3603,.F.);
#4527 = ORIENTED_EDGE('',*,*,#4513,.T.);
#4528 = ORIENTED_EDGE('',*,*,#2973,.T.);
#4529 = ORIENTED_EDGE('',*,*,#4530,.F.);
#4530 = EDGE_CURVE('',#3596,#2966,#4531,.T.);
#4531 = LINE('',#4532,#4533);
#4532 = CARTESIAN_POINT('',(-27.49999945,-19.00998286,0.));
#4533 = VECTOR('',#4534,1.);
#4534 = DIRECTION('',(0.,0.,1.));
#4535 = PLANE('',#4536);
#4536 = AXIS2_PLACEMENT_3D('',#4537,#4538,#4539);
#4537 = CARTESIAN_POINT('',(-26.74999945,-18.75998286,0.));
#4538 = DIRECTION('',(0.316227766017,-0.948683298051,0.));
#4539 = DIRECTION('',(-0.948683298051,-0.316227766017,0.));
#4540 = ADVANCED_FACE('',(#4541),#4552,.T.);
#4541 = FACE_BOUND('',#4542,.T.);
#4542 = EDGE_LOOP('',(#4543,#4544,#4545,#4546));
#4543 = ORIENTED_EDGE('',*,*,#3595,.F.);
#4544 = ORIENTED_EDGE('',*,*,#4530,.T.);
#4545 = ORIENTED_EDGE('',*,*,#2965,.T.);
#4546 = ORIENTED_EDGE('',*,*,#4547,.F.);
#4547 = EDGE_CURVE('',#3588,#2958,#4548,.T.);
#4548 = LINE('',#4549,#4550);
#4549 = CARTESIAN_POINT('',(-28.24999945,-18.75998286,0.));
#4550 = VECTOR('',#4551,1.);
#4551 = DIRECTION('',(0.,0.,1.));
#4552 = PLANE('',#4553);
#4553 = AXIS2_PLACEMENT_3D('',#4554,#4555,#4556);
#4554 = CARTESIAN_POINT('',(-27.49999945,-19.00998286,0.));
#4555 = DIRECTION('',(-0.316227766017,-0.948683298051,0.));
#4556 = DIRECTION('',(-0.948683298051,0.316227766017,0.));
#4557 = ADVANCED_FACE('',(#4558),#4569,.T.);
#4558 = FACE_BOUND('',#4559,.T.);
#4559 = EDGE_LOOP('',(#4560,#4561,#4562,#4563));
#4560 = ORIENTED_EDGE('',*,*,#3587,.F.);
#4561 = ORIENTED_EDGE('',*,*,#4547,.T.);
#4562 = ORIENTED_EDGE('',*,*,#2957,.T.);
#4563 = ORIENTED_EDGE('',*,*,#4564,.F.);
#4564 = EDGE_CURVE('',#3580,#2950,#4565,.T.);
#4565 = LINE('',#4566,#4567);
#4566 = CARTESIAN_POINT('',(-28.99999945,-19.00998286,0.));
#4567 = VECTOR('',#4568,1.);
#4568 = DIRECTION('',(0.,0.,1.));
#4569 = PLANE('',#4570);
#4570 = AXIS2_PLACEMENT_3D('',#4571,#4572,#4573);
#4571 = CARTESIAN_POINT('',(-28.24999945,-18.75998286,0.));
#4572 = DIRECTION('',(0.316227766017,-0.948683298051,0.));
#4573 = DIRECTION('',(-0.948683298051,-0.316227766017,0.));
#4574 = ADVANCED_FACE('',(#4575),#4586,.T.);
#4575 = FACE_BOUND('',#4576,.T.);
#4576 = EDGE_LOOP('',(#4577,#4578,#4579,#4580));
#4577 = ORIENTED_EDGE('',*,*,#3579,.F.);
#4578 = ORIENTED_EDGE('',*,*,#4564,.T.);
#4579 = ORIENTED_EDGE('',*,*,#2949,.T.);
#4580 = ORIENTED_EDGE('',*,*,#4581,.F.);
#4581 = EDGE_CURVE('',#3572,#2942,#4582,.T.);
#4582 = LINE('',#4583,#4584);
#4583 = CARTESIAN_POINT('',(-29.74999945,-18.75998286,0.));
#4584 = VECTOR('',#4585,1.);
#4585 = DIRECTION('',(0.,0.,1.));
#4586 = PLANE('',#4587);
#4587 = AXIS2_PLACEMENT_3D('',#4588,#4589,#4590);
#4588 = CARTESIAN_POINT('',(-28.99999945,-19.00998286,0.));
#4589 = DIRECTION('',(-0.316227766017,-0.948683298051,0.));
#4590 = DIRECTION('',(-0.948683298051,0.316227766017,0.));
#4591 = ADVANCED_FACE('',(#4592),#4603,.T.);
#4592 = FACE_BOUND('',#4593,.T.);
#4593 = EDGE_LOOP('',(#4594,#4595,#4596,#4597));
#4594 = ORIENTED_EDGE('',*,*,#3571,.F.);
#4595 = ORIENTED_EDGE('',*,*,#4581,.T.);
#4596 = ORIENTED_EDGE('',*,*,#2941,.T.);
#4597 = ORIENTED_EDGE('',*,*,#4598,.F.);
#4598 = EDGE_CURVE('',#3564,#2934,#4599,.T.);
#4599 = LINE('',#4600,#4601);
#4600 = CARTESIAN_POINT('',(-30.49999945,-19.00998286,0.));
#4601 = VECTOR('',#4602,1.);
#4602 = DIRECTION('',(0.,0.,1.));
#4603 = PLANE('',#4604);
#4604 = AXIS2_PLACEMENT_3D('',#4605,#4606,#4607);
#4605 = CARTESIAN_POINT('',(-29.74999945,-18.75998286,0.));
#4606 = DIRECTION('',(0.316227766017,-0.948683298051,0.));
#4607 = DIRECTION('',(-0.948683298051,-0.316227766017,0.));
#4608 = ADVANCED_FACE('',(#4609),#4620,.T.);
#4609 = FACE_BOUND('',#4610,.T.);
#4610 = EDGE_LOOP('',(#4611,#4612,#4613,#4614));
#4611 = ORIENTED_EDGE('',*,*,#3563,.F.);
#4612 = ORIENTED_EDGE('',*,*,#4598,.T.);
#4613 = ORIENTED_EDGE('',*,*,#2933,.T.);
#4614 = ORIENTED_EDGE('',*,*,#4615,.F.);
#4615 = EDGE_CURVE('',#3556,#2926,#4616,.T.);
#4616 = LINE('',#4617,#4618);
#4617 = CARTESIAN_POINT('',(-31.24999945,-18.75998286,0.));
#4618 = VECTOR('',#4619,1.);
#4619 = DIRECTION('',(0.,0.,1.));
#4620 = PLANE('',#4621);
#4621 = AXIS2_PLACEMENT_3D('',#4622,#4623,#4624);
#4622 = CARTESIAN_POINT('',(-30.49999945,-19.00998286,0.));
#4623 = DIRECTION('',(-0.316227766017,-0.948683298051,0.));
#4624 = DIRECTION('',(-0.948683298051,0.316227766017,0.));
#4625 = ADVANCED_FACE('',(#4626),#4637,.T.);
#4626 = FACE_BOUND('',#4627,.T.);
#4627 = EDGE_LOOP('',(#4628,#4629,#4630,#4631));
#4628 = ORIENTED_EDGE('',*,*,#3555,.F.);
#4629 = ORIENTED_EDGE('',*,*,#4615,.T.);
#4630 = ORIENTED_EDGE('',*,*,#2925,.T.);
#4631 = ORIENTED_EDGE('',*,*,#4632,.F.);
#4632 = EDGE_CURVE('',#3548,#2918,#4633,.T.);
#4633 = LINE('',#4634,#4635);
#4634 = CARTESIAN_POINT('',(-31.99999945,-19.00998286,0.));
#4635 = VECTOR('',#4636,1.);
#4636 = DIRECTION('',(0.,0.,1.));
#4637 = PLANE('',#4638);
#4638 = AXIS2_PLACEMENT_3D('',#4639,#4640,#4641);
#4639 = CARTESIAN_POINT('',(-31.24999945,-18.75998286,0.));
#4640 = DIRECTION('',(0.316227766017,-0.948683298051,0.));
#4641 = DIRECTION('',(-0.948683298051,-0.316227766017,0.));
#4642 = ADVANCED_FACE('',(#4643),#4654,.T.);
#4643 = FACE_BOUND('',#4644,.T.);
#4644 = EDGE_LOOP('',(#4645,#4646,#4647,#4648));
#4645 = ORIENTED_EDGE('',*,*,#3547,.F.);
#4646 = ORIENTED_EDGE('',*,*,#4632,.T.);
#4647 = ORIENTED_EDGE('',*,*,#2917,.T.);
#4648 = ORIENTED_EDGE('',*,*,#4649,.F.);
#4649 = EDGE_CURVE('',#3540,#2910,#4650,.T.);
#4650 = LINE('',#4651,#4652);
#4651 = CARTESIAN_POINT('',(-32.74999945,-18.75998286,0.));
#4652 = VECTOR('',#4653,1.);
#4653 = DIRECTION('',(0.,0.,1.));
#4654 = PLANE('',#4655);
#4655 = AXIS2_PLACEMENT_3D('',#4656,#4657,#4658);
#4656 = CARTESIAN_POINT('',(-31.99999945,-19.00998286,0.));
#4657 = DIRECTION('',(-0.316227766017,-0.948683298051,0.));
#4658 = DIRECTION('',(-0.948683298051,0.316227766017,0.));
#4659 = ADVANCED_FACE('',(#4660),#4671,.T.);
#4660 = FACE_BOUND('',#4661,.T.);
#4661 = EDGE_LOOP('',(#4662,#4663,#4664,#4665));
#4662 = ORIENTED_EDGE('',*,*,#3539,.F.);
#4663 = ORIENTED_EDGE('',*,*,#4649,.T.);
#4664 = ORIENTED_EDGE('',*,*,#2909,.T.);
#4665 = ORIENTED_EDGE('',*,*,#4666,.F.);
#4666 = EDGE_CURVE('',#3532,#2902,#4667,.T.);
#4667 = LINE('',#4668,#4669);
#4668 = CARTESIAN_POINT('',(-33.49999945,-19.00998286,0.));
#4669 = VECTOR('',#4670,1.);
#4670 = DIRECTION('',(0.,0.,1.));
#4671 = PLANE('',#4672);
#4672 = AXIS2_PLACEMENT_3D('',#4673,#4674,#4675);
#4673 = CARTESIAN_POINT('',(-32.74999945,-18.75998286,0.));
#4674 = DIRECTION('',(0.316227766017,-0.948683298051,0.));
#4675 = DIRECTION('',(-0.948683298051,-0.316227766017,0.));
#4676 = ADVANCED_FACE('',(#4677),#4688,.T.);
#4677 = FACE_BOUND('',#4678,.T.);
#4678 = EDGE_LOOP('',(#4679,#4680,#4681,#4682));
#4679 = ORIENTED_EDGE('',*,*,#3531,.F.);
#4680 = ORIENTED_EDGE('',*,*,#4666,.T.);
#4681 = ORIENTED_EDGE('',*,*,#2901,.T.);
#4682 = ORIENTED_EDGE('',*,*,#4683,.F.);
#4683 = EDGE_CURVE('',#3523,#2893,#4684,.T.);
#4684 = LINE('',#4685,#4686);
#4685 = CARTESIAN_POINT('',(-39.49999945,-19.00998286,0.));
#4686 = VECTOR('',#4687,1.);
#4687 = DIRECTION('',(0.,0.,1.));
#4688 = PLANE('',#4689);
#4689 = AXIS2_PLACEMENT_3D('',#4690,#4691,#4692);
#4690 = CARTESIAN_POINT('',(-33.49999945,-19.00998286,0.));
#4691 = DIRECTION('',(0.,-1.,0.));
#4692 = DIRECTION('',(-1.,0.,0.));
#4693 = ADVANCED_FACE('',(#4694),#4705,.T.);
#4694 = FACE_BOUND('',#4695,.T.);
#4695 = EDGE_LOOP('',(#4696,#4702,#4703,#4704));
#4696 = ORIENTED_EDGE('',*,*,#4697,.F.);
#4697 = EDGE_CURVE('',#3515,#2885,#4698,.T.);
#4698 = LINE('',#4699,#4700);
#4699 = CARTESIAN_POINT('',(-43.99999945,-14.50998286,0.));
#4700 = VECTOR('',#4701,1.);
#4701 = DIRECTION('',(0.,0.,1.));
#4702 = ORIENTED_EDGE('',*,*,#3522,.T.);
#4703 = ORIENTED_EDGE('',*,*,#4683,.T.);
#4704 = ORIENTED_EDGE('',*,*,#2892,.T.);
#4705 = CYLINDRICAL_SURFACE('',#4706,4.5);
#4706 = AXIS2_PLACEMENT_3D('',#4707,#4708,#4709);
#4707 = CARTESIAN_POINT('',(-39.49999945,-14.50998286,0.));
#4708 = DIRECTION('',(0.,0.,-1.));
#4709 = DIRECTION('',(1.,0.,0.));
#4710 = ADVANCED_FACE('',(#4711),#4722,.T.);
#4711 = FACE_BOUND('',#4712,.T.);
#4712 = EDGE_LOOP('',(#4713,#4714,#4715,#4716));
#4713 = ORIENTED_EDGE('',*,*,#3514,.F.);
#4714 = ORIENTED_EDGE('',*,*,#4697,.T.);
#4715 = ORIENTED_EDGE('',*,*,#2884,.T.);
#4716 = ORIENTED_EDGE('',*,*,#4717,.F.);
#4717 = EDGE_CURVE('',#3506,#2876,#4718,.T.);
#4718 = LINE('',#4719,#4720);
#4719 = CARTESIAN_POINT('',(-43.99999945,-0.25998286,0.));
#4720 = VECTOR('',#4721,1.);
#4721 = DIRECTION('',(0.,0.,1.));
#4722 = PLANE('',#4723);
#4723 = AXIS2_PLACEMENT_3D('',#4724,#4725,#4726);
#4724 = CARTESIAN_POINT('',(-43.99999945,-14.50998286,0.));
#4725 = DIRECTION('',(-1.,0.,0.));
#4726 = DIRECTION('',(0.,1.,0.));
#4727 = ADVANCED_FACE('',(#4728),#4739,.T.);
#4728 = FACE_BOUND('',#4729,.T.);
#4729 = EDGE_LOOP('',(#4730,#4736,#4737,#4738));
#4730 = ORIENTED_EDGE('',*,*,#4731,.F.);
#4731 = EDGE_CURVE('',#3498,#2868,#4732,.T.);
#4732 = LINE('',#4733,#4734);
#4733 = CARTESIAN_POINT('',(-43.74999945,-9.98286E-03,0.));
#4734 = VECTOR('',#4735,1.);
#4735 = DIRECTION('',(0.,0.,1.));
#4736 = ORIENTED_EDGE('',*,*,#3505,.T.);
#4737 = ORIENTED_EDGE('',*,*,#4717,.T.);
#4738 = ORIENTED_EDGE('',*,*,#2875,.T.);
#4739 = CYLINDRICAL_SURFACE('',#4740,0.25);
#4740 = AXIS2_PLACEMENT_3D('',#4741,#4742,#4743);
#4741 = CARTESIAN_POINT('',(-43.74999945,-0.25998286,0.));
#4742 = DIRECTION('',(0.,0.,-1.));
#4743 = DIRECTION('',(1.,0.,0.));
#4744 = ADVANCED_FACE('',(#4745),#4756,.T.);
#4745 = FACE_BOUND('',#4746,.T.);
#4746 = EDGE_LOOP('',(#4747,#4748,#4749,#4750));
#4747 = ORIENTED_EDGE('',*,*,#3497,.F.);
#4748 = ORIENTED_EDGE('',*,*,#4731,.T.);
#4749 = ORIENTED_EDGE('',*,*,#2867,.T.);
#4750 = ORIENTED_EDGE('',*,*,#4751,.F.);
#4751 = EDGE_CURVE('',#3489,#2859,#4752,.T.);
#4752 = LINE('',#4753,#4754);
#4753 = CARTESIAN_POINT('',(-43.39999945,-9.98286E-03,0.));
#4754 = VECTOR('',#4755,1.);
#4755 = DIRECTION('',(0.,0.,1.));
#4756 = PLANE('',#4757);
#4757 = AXIS2_PLACEMENT_3D('',#4758,#4759,#4760);
#4758 = CARTESIAN_POINT('',(-43.74999945,-9.98286E-03,0.));
#4759 = DIRECTION('',(0.,1.,0.));
#4760 = DIRECTION('',(1.,0.,0.));
#4761 = ADVANCED_FACE('',(#4762),#4773,.T.);
#4762 = FACE_BOUND('',#4763,.T.);
#4763 = EDGE_LOOP('',(#4764,#4770,#4771,#4772));
#4764 = ORIENTED_EDGE('',*,*,#4765,.F.);
#4765 = EDGE_CURVE('',#3481,#2851,#4766,.T.);
#4766 = LINE('',#4767,#4768);
#4767 = CARTESIAN_POINT('',(-43.14999945,-0.25998286,0.));
#4768 = VECTOR('',#4769,1.);
#4769 = DIRECTION('',(0.,0.,1.));
#4770 = ORIENTED_EDGE('',*,*,#3488,.T.);
#4771 = ORIENTED_EDGE('',*,*,#4751,.T.);
#4772 = ORIENTED_EDGE('',*,*,#2858,.T.);
#4773 = CYLINDRICAL_SURFACE('',#4774,0.25);
#4774 = AXIS2_PLACEMENT_3D('',#4775,#4776,#4777);
#4775 = CARTESIAN_POINT('',(-43.39999945,-0.25998286,0.));
#4776 = DIRECTION('',(0.,0.,-1.));
#4777 = DIRECTION('',(1.,0.,0.));
#4778 = ADVANCED_FACE('',(#4779),#4790,.T.);
#4779 = FACE_BOUND('',#4780,.T.);
#4780 = EDGE_LOOP('',(#4781,#4782,#4783,#4784));
#4781 = ORIENTED_EDGE('',*,*,#3480,.F.);
#4782 = ORIENTED_EDGE('',*,*,#4765,.T.);
#4783 = ORIENTED_EDGE('',*,*,#2850,.T.);
#4784 = ORIENTED_EDGE('',*,*,#4785,.F.);
#4785 = EDGE_CURVE('',#3472,#2842,#4786,.T.);
#4786 = LINE('',#4787,#4788);
#4787 = CARTESIAN_POINT('',(-43.14999945,-0.85998286,0.));
#4788 = VECTOR('',#4789,1.);
#4789 = DIRECTION('',(0.,0.,1.));
#4790 = PLANE('',#4791);
#4791 = AXIS2_PLACEMENT_3D('',#4792,#4793,#4794);
#4792 = CARTESIAN_POINT('',(-43.14999945,-0.25998286,0.));
#4793 = DIRECTION('',(1.,0.,0.));
#4794 = DIRECTION('',(0.,-1.,0.));
#4795 = ADVANCED_FACE('',(#4796),#4807,.F.);
#4796 = FACE_BOUND('',#4797,.F.);
#4797 = EDGE_LOOP('',(#4798,#4799,#4800,#4806));
#4798 = ORIENTED_EDGE('',*,*,#4785,.F.);
#4799 = ORIENTED_EDGE('',*,*,#3471,.T.);
#4800 = ORIENTED_EDGE('',*,*,#4801,.T.);
#4801 = EDGE_CURVE('',#3464,#2834,#4802,.T.);
#4802 = LINE('',#4803,#4804);
#4803 = CARTESIAN_POINT('',(-42.89999945,-1.10998286,0.));
#4804 = VECTOR('',#4805,1.);
#4805 = DIRECTION('',(0.,0.,1.));
#4806 = ORIENTED_EDGE('',*,*,#2841,.T.);
#4807 = CYLINDRICAL_SURFACE('',#4808,0.25);
#4808 = AXIS2_PLACEMENT_3D('',#4809,#4810,#4811);
#4809 = CARTESIAN_POINT('',(-42.89999945,-0.85998286,0.));
#4810 = DIRECTION('',(0.,0.,-1.));
#4811 = DIRECTION('',(1.,0.,0.));
#4812 = ADVANCED_FACE('',(#4813),#4824,.T.);
#4813 = FACE_BOUND('',#4814,.T.);
#4814 = EDGE_LOOP('',(#4815,#4816,#4817,#4818));
#4815 = ORIENTED_EDGE('',*,*,#3463,.F.);
#4816 = ORIENTED_EDGE('',*,*,#4801,.T.);
#4817 = ORIENTED_EDGE('',*,*,#2833,.T.);
#4818 = ORIENTED_EDGE('',*,*,#4819,.F.);
#4819 = EDGE_CURVE('',#3455,#2825,#4820,.T.);
#4820 = LINE('',#4821,#4822);
#4821 = CARTESIAN_POINT('',(-42.29999945,-1.10998286,0.));
#4822 = VECTOR('',#4823,1.);
#4823 = DIRECTION('',(0.,0.,1.));
#4824 = PLANE('',#4825);
#4825 = AXIS2_PLACEMENT_3D('',#4826,#4827,#4828);
#4826 = CARTESIAN_POINT('',(-42.89999945,-1.10998286,0.));
#4827 = DIRECTION('',(0.,1.,0.));
#4828 = DIRECTION('',(1.,0.,0.));
#4829 = ADVANCED_FACE('',(#4830),#4841,.F.);
#4830 = FACE_BOUND('',#4831,.F.);
#4831 = EDGE_LOOP('',(#4832,#4833,#4834,#4840));
#4832 = ORIENTED_EDGE('',*,*,#4819,.F.);
#4833 = ORIENTED_EDGE('',*,*,#3454,.T.);
#4834 = ORIENTED_EDGE('',*,*,#4835,.T.);
#4835 = EDGE_CURVE('',#3447,#2817,#4836,.T.);
#4836 = LINE('',#4837,#4838);
#4837 = CARTESIAN_POINT('',(-42.04999945,-0.85998286,0.));
#4838 = VECTOR('',#4839,1.);
#4839 = DIRECTION('',(0.,0.,1.));
#4840 = ORIENTED_EDGE('',*,*,#2824,.T.);
#4841 = CYLINDRICAL_SURFACE('',#4842,0.25);
#4842 = AXIS2_PLACEMENT_3D('',#4843,#4844,#4845);
#4843 = CARTESIAN_POINT('',(-42.29999945,-0.85998286,0.));
#4844 = DIRECTION('',(0.,0.,-1.));
#4845 = DIRECTION('',(1.,0.,0.));
#4846 = ADVANCED_FACE('',(#4847),#4858,.T.);
#4847 = FACE_BOUND('',#4848,.T.);
#4848 = EDGE_LOOP('',(#4849,#4850,#4851,#4852));
#4849 = ORIENTED_EDGE('',*,*,#3446,.F.);
#4850 = ORIENTED_EDGE('',*,*,#4835,.T.);
#4851 = ORIENTED_EDGE('',*,*,#2816,.T.);
#4852 = ORIENTED_EDGE('',*,*,#4853,.F.);
#4853 = EDGE_CURVE('',#3438,#2808,#4854,.T.);
#4854 = LINE('',#4855,#4856);
#4855 = CARTESIAN_POINT('',(-42.04999945,-0.25998286,0.));
#4856 = VECTOR('',#4857,1.);
#4857 = DIRECTION('',(0.,0.,1.));
#4858 = PLANE('',#4859);
#4859 = AXIS2_PLACEMENT_3D('',#4860,#4861,#4862);
#4860 = CARTESIAN_POINT('',(-42.04999945,-0.85998286,0.));
#4861 = DIRECTION('',(-1.,0.,0.));
#4862 = DIRECTION('',(0.,1.,0.));
#4863 = ADVANCED_FACE('',(#4864),#4875,.T.);
#4864 = FACE_BOUND('',#4865,.T.);
#4865 = EDGE_LOOP('',(#4866,#4872,#4873,#4874));
#4866 = ORIENTED_EDGE('',*,*,#4867,.F.);
#4867 = EDGE_CURVE('',#3430,#2800,#4868,.T.);
#4868 = LINE('',#4869,#4870);
#4869 = CARTESIAN_POINT('',(-41.79999945,-9.98286E-03,0.));
#4870 = VECTOR('',#4871,1.);
#4871 = DIRECTION('',(0.,0.,1.));
#4872 = ORIENTED_EDGE('',*,*,#3437,.T.);
#4873 = ORIENTED_EDGE('',*,*,#4853,.T.);
#4874 = ORIENTED_EDGE('',*,*,#2807,.T.);
#4875 = CYLINDRICAL_SURFACE('',#4876,0.25);
#4876 = AXIS2_PLACEMENT_3D('',#4877,#4878,#4879);
#4877 = CARTESIAN_POINT('',(-41.79999945,-0.25998286,0.));
#4878 = DIRECTION('',(0.,0.,-1.));
#4879 = DIRECTION('',(1.,0.,0.));
#4880 = ADVANCED_FACE('',(#4881),#4892,.T.);
#4881 = FACE_BOUND('',#4882,.T.);
#4882 = EDGE_LOOP('',(#4883,#4884,#4885,#4886));
#4883 = ORIENTED_EDGE('',*,*,#3429,.F.);
#4884 = ORIENTED_EDGE('',*,*,#4867,.T.);
#4885 = ORIENTED_EDGE('',*,*,#2799,.T.);
#4886 = ORIENTED_EDGE('',*,*,#4887,.F.);
#4887 = EDGE_CURVE('',#3421,#2791,#4888,.T.);
#4888 = LINE('',#4889,#4890);
#4889 = CARTESIAN_POINT('',(-41.44999945,-9.98286E-03,0.));
#4890 = VECTOR('',#4891,1.);
#4891 = DIRECTION('',(0.,0.,1.));
#4892 = PLANE('',#4893);
#4893 = AXIS2_PLACEMENT_3D('',#4894,#4895,#4896);
#4894 = CARTESIAN_POINT('',(-41.79999945,-9.98286E-03,0.));
#4895 = DIRECTION('',(0.,1.,0.));
#4896 = DIRECTION('',(1.,0.,0.));
#4897 = ADVANCED_FACE('',(#4898),#4909,.T.);
#4898 = FACE_BOUND('',#4899,.T.);
#4899 = EDGE_LOOP('',(#4900,#4906,#4907,#4908));
#4900 = ORIENTED_EDGE('',*,*,#4901,.F.);
#4901 = EDGE_CURVE('',#3413,#2783,#4902,.T.);
#4902 = LINE('',#4903,#4904);
#4903 = CARTESIAN_POINT('',(-41.19999945,-0.25998286,0.));
#4904 = VECTOR('',#4905,1.);
#4905 = DIRECTION('',(0.,0.,1.));
#4906 = ORIENTED_EDGE('',*,*,#3420,.T.);
#4907 = ORIENTED_EDGE('',*,*,#4887,.T.);
#4908 = ORIENTED_EDGE('',*,*,#2790,.T.);
#4909 = CYLINDRICAL_SURFACE('',#4910,0.25);
#4910 = AXIS2_PLACEMENT_3D('',#4911,#4912,#4913);
#4911 = CARTESIAN_POINT('',(-41.44999945,-0.25998286,0.));
#4912 = DIRECTION('',(0.,0.,-1.));
#4913 = DIRECTION('',(1.,0.,0.));
#4914 = ADVANCED_FACE('',(#4915),#4926,.T.);
#4915 = FACE_BOUND('',#4916,.T.);
#4916 = EDGE_LOOP('',(#4917,#4918,#4919,#4920));
#4917 = ORIENTED_EDGE('',*,*,#3412,.F.);
#4918 = ORIENTED_EDGE('',*,*,#4901,.T.);
#4919 = ORIENTED_EDGE('',*,*,#2782,.T.);
#4920 = ORIENTED_EDGE('',*,*,#4921,.F.);
#4921 = EDGE_CURVE('',#3404,#2774,#4922,.T.);
#4922 = LINE('',#4923,#4924);
#4923 = CARTESIAN_POINT('',(-41.19999945,-0.80998286,0.));
#4924 = VECTOR('',#4925,1.);
#4925 = DIRECTION('',(0.,0.,1.));
#4926 = PLANE('',#4927);
#4927 = AXIS2_PLACEMENT_3D('',#4928,#4929,#4930);
#4928 = CARTESIAN_POINT('',(-41.19999945,-0.25998286,0.));
#4929 = DIRECTION('',(1.,0.,0.));
#4930 = DIRECTION('',(0.,-1.,0.));
#4931 = ADVANCED_FACE('',(#4932),#4943,.T.);
#4932 = FACE_BOUND('',#4933,.T.);
#4933 = EDGE_LOOP('',(#4934,#4940,#4941,#4942));
#4934 = ORIENTED_EDGE('',*,*,#4935,.F.);
#4935 = EDGE_CURVE('',#3396,#2766,#4936,.T.);
#4936 = LINE('',#4937,#4938);
#4937 = CARTESIAN_POINT('',(-42.09999944997,-2.117652541521,0.));
#4938 = VECTOR('',#4939,1.);
#4939 = DIRECTION('',(0.,0.,1.));
#4940 = ORIENTED_EDGE('',*,*,#3403,.T.);
#4941 = ORIENTED_EDGE('',*,*,#4921,.T.);
#4942 = ORIENTED_EDGE('',*,*,#2773,.T.);
#4943 = CYLINDRICAL_SURFACE('',#4944,1.4);
#4944 = AXIS2_PLACEMENT_3D('',#4945,#4946,#4947);
#4945 = CARTESIAN_POINT('',(-42.59999945,-0.80998286,0.));
#4946 = DIRECTION('',(0.,0.,-1.));
#4947 = DIRECTION('',(1.,0.,0.));
#4948 = ADVANCED_FACE('',(#4949),#4960,.T.);
#4949 = FACE_BOUND('',#4950,.T.);
#4950 = EDGE_LOOP('',(#4951,#4952,#4953,#4954));
#4951 = ORIENTED_EDGE('',*,*,#3395,.F.);
#4952 = ORIENTED_EDGE('',*,*,#4935,.T.);
#4953 = ORIENTED_EDGE('',*,*,#2765,.T.);
#4954 = ORIENTED_EDGE('',*,*,#4955,.F.);
#4955 = EDGE_CURVE('',#3388,#2758,#4956,.T.);
#4956 = LINE('',#4957,#4958);
#4957 = CARTESIAN_POINT('',(-42.09999945,-9.20998286,0.));
#4958 = VECTOR('',#4959,1.);
#4959 = DIRECTION('',(0.,0.,1.));
#4960 = PLANE('',#4961);
#4961 = AXIS2_PLACEMENT_3D('',#4962,#4963,#4964);
#4962 = CARTESIAN_POINT('',(-42.09999945,-2.11765254,0.));
#4963 = DIRECTION('',(1.,0.,0.));
#4964 = DIRECTION('',(0.,-1.,0.));
#4965 = ADVANCED_FACE('',(#4966),#4977,.T.);
#4966 = FACE_BOUND('',#4967,.T.);
#4967 = EDGE_LOOP('',(#4968,#4969,#4970,#4971));
#4968 = ORIENTED_EDGE('',*,*,#3387,.F.);
#4969 = ORIENTED_EDGE('',*,*,#4955,.T.);
#4970 = ORIENTED_EDGE('',*,*,#2757,.T.);
#4971 = ORIENTED_EDGE('',*,*,#4972,.F.);
#4972 = EDGE_CURVE('',#3380,#2750,#4973,.T.);
#4973 = LINE('',#4974,#4975);
#4974 = CARTESIAN_POINT('',(-39.79999945,-9.20998286,0.));
#4975 = VECTOR('',#4976,1.);
#4976 = DIRECTION('',(0.,0.,1.));
#4977 = PLANE('',#4978);
#4978 = AXIS2_PLACEMENT_3D('',#4979,#4980,#4981);
#4979 = CARTESIAN_POINT('',(-42.09999945,-9.20998286,0.));
#4980 = DIRECTION('',(0.,1.,0.));
#4981 = DIRECTION('',(1.,0.,0.));
#4982 = ADVANCED_FACE('',(#4983),#4994,.T.);
#4983 = FACE_BOUND('',#4984,.T.);
#4984 = EDGE_LOOP('',(#4985,#4986,#4987,#4988));
#4985 = ORIENTED_EDGE('',*,*,#3379,.F.);
#4986 = ORIENTED_EDGE('',*,*,#4972,.T.);
#4987 = ORIENTED_EDGE('',*,*,#2749,.T.);
#4988 = ORIENTED_EDGE('',*,*,#4989,.F.);
#4989 = EDGE_CURVE('',#3372,#2742,#4990,.T.);
#4990 = LINE('',#4991,#4992);
#4991 = CARTESIAN_POINT('',(-39.79999945,-10.20998286,0.));
#4992 = VECTOR('',#4993,1.);
#4993 = DIRECTION('',(0.,0.,1.));
#4994 = PLANE('',#4995);
#4995 = AXIS2_PLACEMENT_3D('',#4996,#4997,#4998);
#4996 = CARTESIAN_POINT('',(-39.79999945,-9.20998286,0.));
#4997 = DIRECTION('',(1.,0.,0.));
#4998 = DIRECTION('',(0.,-1.,0.));
#4999 = ADVANCED_FACE('',(#5000),#5011,.T.);
#5000 = FACE_BOUND('',#5001,.T.);
#5001 = EDGE_LOOP('',(#5002,#5003,#5004,#5005));
#5002 = ORIENTED_EDGE('',*,*,#3371,.F.);
#5003 = ORIENTED_EDGE('',*,*,#4989,.T.);
#5004 = ORIENTED_EDGE('',*,*,#2741,.T.);
#5005 = ORIENTED_EDGE('',*,*,#5006,.F.);
#5006 = EDGE_CURVE('',#3364,#2734,#5007,.T.);
#5007 = LINE('',#5008,#5009);
#5008 = CARTESIAN_POINT('',(-42.09999945,-10.20998286,0.));
#5009 = VECTOR('',#5010,1.);
#5010 = DIRECTION('',(0.,0.,1.));
#5011 = PLANE('',#5012);
#5012 = AXIS2_PLACEMENT_3D('',#5013,#5014,#5015);
#5013 = CARTESIAN_POINT('',(-39.79999945,-10.20998286,0.));
#5014 = DIRECTION('',(0.,-1.,0.));
#5015 = DIRECTION('',(-1.,0.,0.));
#5016 = ADVANCED_FACE('',(#5017),#5028,.T.);
#5017 = FACE_BOUND('',#5018,.T.);
#5018 = EDGE_LOOP('',(#5019,#5020,#5021,#5022));
#5019 = ORIENTED_EDGE('',*,*,#3363,.F.);
#5020 = ORIENTED_EDGE('',*,*,#5006,.T.);
#5021 = ORIENTED_EDGE('',*,*,#2733,.T.);
#5022 = ORIENTED_EDGE('',*,*,#5023,.F.);
#5023 = EDGE_CURVE('',#3356,#2726,#5024,.T.);
#5024 = LINE('',#5025,#5026);
#5025 = CARTESIAN_POINT('',(-42.09999945,-12.00998286,0.));
#5026 = VECTOR('',#5027,1.);
#5027 = DIRECTION('',(0.,0.,1.));
#5028 = PLANE('',#5029);
#5029 = AXIS2_PLACEMENT_3D('',#5030,#5031,#5032);
#5030 = CARTESIAN_POINT('',(-42.09999945,-10.20998286,0.));
#5031 = DIRECTION('',(1.,0.,0.));
#5032 = DIRECTION('',(0.,-1.,0.));
#5033 = ADVANCED_FACE('',(#5034),#5045,.F.);
#5034 = FACE_BOUND('',#5035,.F.);
#5035 = EDGE_LOOP('',(#5036,#5037,#5043,#5044));
#5036 = ORIENTED_EDGE('',*,*,#3355,.F.);
#5037 = ORIENTED_EDGE('',*,*,#5038,.T.);
#5038 = EDGE_CURVE('',#3347,#2717,#5039,.T.);
#5039 = LINE('',#5040,#5041);
#5040 = CARTESIAN_POINT('',(-40.07623902,-12.00998286,0.));
#5041 = VECTOR('',#5042,1.);
#5042 = DIRECTION('',(0.,0.,1.));
#5043 = ORIENTED_EDGE('',*,*,#2725,.T.);
#5044 = ORIENTED_EDGE('',*,*,#5023,.F.);
#5045 = PLANE('',#5046);
#5046 = AXIS2_PLACEMENT_3D('',#5047,#5048,#5049);
#5047 = CARTESIAN_POINT('',(-40.07623902,-12.00998286,0.));
#5048 = DIRECTION('',(0.,-1.,0.));
#5049 = DIRECTION('',(-1.,0.,0.));
#5050 = ADVANCED_FACE('',(#5051),#5062,.T.);
#5051 = FACE_BOUND('',#5052,.T.);
#5052 = EDGE_LOOP('',(#5053,#5059,#5060,#5061));
#5053 = ORIENTED_EDGE('',*,*,#5054,.F.);
#5054 = EDGE_CURVE('',#3339,#2709,#5055,.T.);
#5055 = LINE('',#5056,#5057);
#5056 = CARTESIAN_POINT('',(-39.90303393962,-12.30998286,0.));
#5057 = VECTOR('',#5058,1.);
#5058 = DIRECTION('',(0.,0.,1.));
#5059 = ORIENTED_EDGE('',*,*,#3346,.T.);
#5060 = ORIENTED_EDGE('',*,*,#5038,.T.);
#5061 = ORIENTED_EDGE('',*,*,#2716,.T.);
#5062 = CYLINDRICAL_SURFACE('',#5063,0.2);
#5063 = AXIS2_PLACEMENT_3D('',#5064,#5065,#5066);
#5064 = CARTESIAN_POINT('',(-40.07623902,-12.20998286,0.));
#5065 = DIRECTION('',(0.,0.,-1.));
#5066 = DIRECTION('',(1.,0.,0.));
#5067 = ADVANCED_FACE('',(#5068),#5079,.F.);
#5068 = FACE_BOUND('',#5069,.F.);
#5069 = EDGE_LOOP('',(#5070,#5071,#5077,#5078));
#5070 = ORIENTED_EDGE('',*,*,#3338,.F.);
#5071 = ORIENTED_EDGE('',*,*,#5072,.T.);
#5072 = EDGE_CURVE('',#3330,#2700,#5073,.T.);
#5073 = LINE('',#5074,#5075);
#5074 = CARTESIAN_POINT('',(-40.30717911962,-13.00998284,0.));
#5075 = VECTOR('',#5076,1.);
#5076 = DIRECTION('',(0.,0.,1.));
#5077 = ORIENTED_EDGE('',*,*,#2708,.T.);
#5078 = ORIENTED_EDGE('',*,*,#5054,.F.);
#5079 = PLANE('',#5080);
#5080 = AXIS2_PLACEMENT_3D('',#5081,#5082,#5083);
#5081 = CARTESIAN_POINT('',(-40.30717912,-13.00998284,0.));
#5082 = DIRECTION('',(-0.866025402116,0.50000000289,0.));
#5083 = DIRECTION('',(0.50000000289,0.866025402116,0.));
#5084 = ADVANCED_FACE('',(#5085),#5096,.T.);
#5085 = FACE_BOUND('',#5086,.T.);
#5086 = EDGE_LOOP('',(#5087,#5093,#5094,#5095));
#5087 = ORIENTED_EDGE('',*,*,#5088,.F.);
#5088 = EDGE_CURVE('',#3321,#2691,#5089,.T.);
#5089 = LINE('',#5090,#5091);
#5090 = CARTESIAN_POINT('',(-40.55461495209,-13.09569713597,0.));
#5091 = VECTOR('',#5092,1.);
#5092 = DIRECTION('',(0.,0.,1.));
#5093 = ORIENTED_EDGE('',*,*,#3329,.T.);
#5094 = ORIENTED_EDGE('',*,*,#5072,.T.);
#5095 = ORIENTED_EDGE('',*,*,#2699,.T.);
#5096 = CYLINDRICAL_SURFACE('',#5097,0.2);
#5097 = AXIS2_PLACEMENT_3D('',#5098,#5099,#5100);
#5098 = CARTESIAN_POINT('',(-40.4803842,-12.90998284,0.));
#5099 = DIRECTION('',(0.,0.,-1.));
#5100 = DIRECTION('',(1.,0.,0.));
#5101 = ADVANCED_FACE('',(#5102),#5113,.F.);
#5102 = FACE_BOUND('',#5103,.F.);
#5103 = EDGE_LOOP('',(#5104,#5105,#5106,#5112));
#5104 = ORIENTED_EDGE('',*,*,#5088,.F.);
#5105 = ORIENTED_EDGE('',*,*,#3320,.T.);
#5106 = ORIENTED_EDGE('',*,*,#5107,.T.);
#5107 = EDGE_CURVE('',#3312,#2682,#5108,.T.);
#5108 = LINE('',#5109,#5110);
#5109 = CARTESIAN_POINT('',(-39.81230746059,-14.38141143072,0.));
#5110 = VECTOR('',#5111,1.);
#5111 = DIRECTION('',(0.,0.,1.));
#5112 = ORIENTED_EDGE('',*,*,#2690,.T.);
#5113 = CYLINDRICAL_SURFACE('',#5114,1.2);
#5114 = AXIS2_PLACEMENT_3D('',#5115,#5116,#5117);
#5115 = CARTESIAN_POINT('',(-40.99999945,-14.20998286,0.));
#5116 = DIRECTION('',(0.,0.,-1.));
#5117 = DIRECTION('',(1.,0.,0.));
#5118 = ADVANCED_FACE('',(#5119),#5125,.T.);
#5119 = FACE_BOUND('',#5120,.T.);
#5120 = EDGE_LOOP('',(#5121,#5122,#5123,#5124));
#5121 = ORIENTED_EDGE('',*,*,#3295,.F.);
#5122 = ORIENTED_EDGE('',*,*,#3311,.T.);
#5123 = ORIENTED_EDGE('',*,*,#5107,.T.);
#5124 = ORIENTED_EDGE('',*,*,#2681,.T.);
#5125 = CYLINDRICAL_SURFACE('',#5126,0.2);
#5126 = AXIS2_PLACEMENT_3D('',#5127,#5128,#5129);
#5127 = CARTESIAN_POINT('',(-39.61435879,-14.40998286,0.));
#5128 = DIRECTION('',(0.,0.,-1.));
#5129 = DIRECTION('',(1.,0.,0.));
#5130 = ( GEOMETRIC_REPRESENTATION_CONTEXT(3) 
GLOBAL_UNCERTAINTY_ASSIGNED_CONTEXT((#5134)) 
GLOBAL_UNIT_ASSIGNED_CONTEXT((#5131,#5132,#5133)) REPRESENTATION_CONTEXT
('Context #1','3D Context with UNIT and UNCERTAINTY') );
#5131 = ( LENGTH_UNIT() NAMED_UNIT(*) SI_UNIT(.MILLI.,.METRE.) );
#5132 = ( NAMED_UNIT(*) PLANE_ANGLE_UNIT() SI_UNIT($,.RADIAN.) );
#5133 = ( NAMED_UNIT(*) SI_UNIT($,.STERADIAN.) SOLID_ANGLE_UNIT() );
#5134 = UNCERTAINTY_MEASURE_WITH_UNIT(LENGTH_MEASURE(1.E-07),#5131,
  'distance_accuracy_value','confusion accuracy');
#5135 = CONTEXT_DEPENDENT_SHAPE_REPRESENTATION(#5136,#5138);
#5136 = ( REPRESENTATION_RELATIONSHIP('','',#2592,#10) 
REPRESENTATION_RELATIONSHIP_WITH_TRANSFORMATION(#5137) 
SHAPE_REPRESENTATION_RELATIONSHIP() );
#5137 = ITEM_DEFINED_TRANSFORMATION('','',#11,#19);
#5138 = PRODUCT_DEFINITION_SHAPE('Placement','Placement of an item',
  #5139);
#5139 = NEXT_ASSEMBLY_USAGE_OCCURRENCE('2','enclosure_100mm_extrusion_2'
  ,'',#5,#2587,$);
#5140 = PRODUCT_RELATED_PRODUCT_CATEGORY('part',$,(#2589));
#5141 = MECHANICAL_DESIGN_GEOMETRIC_PRESENTATION_REPRESENTATION('',(
    #5142),#5130);
#5142 = STYLED_ITEM('color',(#5143),#2593);
#5143 = PRESENTATION_STYLE_ASSIGNMENT((#5144,#5150));
#5144 = SURFACE_STYLE_USAGE(.BOTH.,#5145);
#5145 = SURFACE_SIDE_STYLE('',(#5146));
#5146 = SURFACE_STYLE_FILL_AREA(#5147);
#5147 = FILL_AREA_STYLE('',(#5148));
#5148 = FILL_AREA_STYLE_COLOUR('',#5149);
#5149 = COLOUR_RGB('',0.447058818107,0.474509808674,0.501960817233);
#5150 = CURVE_STYLE('',#5151,POSITIVE_LENGTH_MEASURE(0.1),#5152);
#5151 = DRAUGHTING_PRE_DEFINED_CURVE_FONT('continuous');
#5152 = COLOUR_RGB('',9.803921802644E-02,9.803921802644E-02,
  9.803921802644E-02);
#5153 = MECHANICAL_DESIGN_GEOMETRIC_PRESENTATION_REPRESENTATION('',(
    #5154),#2574);
#5154 = STYLED_ITEM('color',(#5155),#37);
#5155 = PRESENTATION_STYLE_ASSIGNMENT((#5156,#5161));
#5156 = SURFACE_STYLE_USAGE(.BOTH.,#5157);
#5157 = SURFACE_SIDE_STYLE('',(#5158));
#5158 = SURFACE_STYLE_FILL_AREA(#5159);
#5159 = FILL_AREA_STYLE('',(#5160));
#5160 = FILL_AREA_STYLE_COLOUR('',#5149);
#5161 = CURVE_STYLE('',#5162,POSITIVE_LENGTH_MEASURE(0.1),#5152);
#5162 = DRAUGHTING_PRE_DEFINED_CURVE_FONT('continuous');
ENDSEC;
END-ISO-10303-21;
